time_s;ECG_mV
0.0000;-0.4512
0.0010;-0.4775
0.0020;-0.5039
0.0030;-0.5303
0.0040;-0.5537
0.0050;-0.5713
0.0060;-0.5859
0.0070;-0.5977
0.0080;-0.6006
0.0090;-0.6006
0.0100;-0.5977
0.0110;-0.5918
0.0120;-0.5859
0.0130;-0.5801
0.0140;-0.5742
0.0150;-0.5654
0.0160;-0.5596
0.0170;-0.5537
0.0180;-0.5420
0.0190;-0.5303
0.0200;-0.5156
0.0210;-0.4951
0.0220;-0.4746
0.0230;-0.4482
0.0240;-0.4248
0.0250;-0.4014
0.0260;-0.3779
0.0270;-0.3545
0.0280;-0.3311
0.0290;-0.3076
0.0300;-0.2871
0.0310;-0.2695
0.0320;-0.2549
0.0330;-0.2402
0.0340;-0.2285
0.0350;-0.2197
0.0360;-0.2109
0.0370;-0.2021
0.0380;-0.1963
0.0390;-0.1904
0.0400;-0.1846
0.0410;-0.1787
0.0420;-0.1729
0.0430;-0.1670
0.0440;-0.1611
0.0450;-0.1553
0.0460;-0.1523
0.0470;-0.1494
0.0480;-0.1465
0.0490;-0.1436
0.0500;-0.1436
0.0510;-0.1377
0.0520;-0.1318
0.0530;-0.1289
0.0540;-0.1260
0.0550;-0.1230
0.0560;-0.1201
0.0570;-0.1172
0.0580;-0.1143
0.0590;-0.1084
0.0600;-0.1025
0.0610;-0.0967
0.0620;-0.0937
0.0630;-0.0908
0.0640;-0.0879
0.0650;-0.0850
0.0660;-0.0820
0.0670;-0.0762
0.0680;-0.0762
0.0690;-0.0732
0.0700;-0.0732
0.0710;-0.0674
0.0720;-0.0645
0.0730;-0.0615
0.0740;-0.0586
0.0750;-0.0586
0.0760;-0.0557
0.0770;-0.0527
0.0780;-0.0498
0.0790;-0.0469
0.0800;-0.0439
0.0810;-0.0410
0.0820;-0.0381
0.0830;-0.0381
0.0840;-0.0352
0.0850;-0.0352
0.0860;-0.0293
0.0870;-0.0234
0.0880;-0.0234
0.0890;-0.0205
0.0900;-0.0205
0.0910;-0.0146
0.0920;-0.0117
0.0930;-0.0088
0.0940;-0.0059
0.0950;-0.0029
0.0960;-0.0029
0.0970;0.0000
0.0980;0.0029
0.0990;0.0088
0.1000;0.0088
0.1010;0.0117
0.1020;0.0146
0.1030;0.0205
0.1040;0.0205
0.1050;0.0234
0.1060;0.0264
0.1070;0.0322
0.1080;0.0322
0.1090;0.0352
0.1100;0.0381
0.1110;0.0410
0.1120;0.0439
0.1130;0.0469
0.1140;0.0498
0.1150;0.0557
0.1160;0.0586
0.1170;0.0645
0.1180;0.0674
0.1190;0.0703
0.1200;0.0762
0.1210;0.0791
0.1220;0.0820
0.1230;0.0879
0.1240;0.0908
0.1250;0.0967
0.1260;0.0967
0.1270;0.1025
0.1280;0.1055
0.1290;0.1055
0.1300;0.1113
0.1310;0.1143
0.1320;0.1172
0.1330;0.1230
0.1340;0.1289
0.1350;0.1348
0.1360;0.1377
0.1370;0.1377
0.1380;0.1406
0.1390;0.1465
0.1400;0.1494
0.1410;0.1523
0.1420;0.1553
0.1430;0.1582
0.1440;0.1641
0.1450;0.1641
0.1460;0.1699
0.1470;0.1729
0.1480;0.1758
0.1490;0.1816
0.1500;0.1846
0.1510;0.1875
0.1520;0.1904
0.1530;0.1963
0.1540;0.1992
0.1550;0.2080
0.1560;0.2109
0.1570;0.2168
0.1580;0.2227
0.1590;0.2256
0.1600;0.2285
0.1610;0.2314
0.1620;0.2373
0.1630;0.2402
0.1640;0.2432
0.1650;0.2461
0.1660;0.2520
0.1670;0.2549
0.1680;0.2549
0.1690;0.2549
0.1700;0.2607
0.1710;0.2666
0.1720;0.2695
0.1730;0.2725
0.1740;0.2754
0.1750;0.2754
0.1760;0.2754
0.1770;0.2754
0.1780;0.2754
0.1790;0.2754
0.1800;0.2725
0.1810;0.2695
0.1820;0.2666
0.1830;0.2666
0.1840;0.2637
0.1850;0.2578
0.1860;0.2520
0.1870;0.2490
0.1880;0.2432
0.1890;0.2373
0.1900;0.2344
0.1910;0.2285
0.1920;0.2256
0.1930;0.2197
0.1940;0.2168
0.1950;0.2109
0.1960;0.2051
0.1970;0.1992
0.1980;0.1904
0.1990;0.1846
0.2000;0.1787
0.2010;0.1729
0.2020;0.1641
0.2030;0.1523
0.2040;0.1406
0.2050;0.1318
0.2060;0.1201
0.2070;0.1113
0.2080;0.1025
0.2090;0.0908
0.2100;0.0820
0.2110;0.0703
0.2120;0.0586
0.2130;0.0469
0.2140;0.0352
0.2150;0.0234
0.2160;0.0117
0.2170;-0.0029
0.2180;-0.0146
0.2190;-0.0322
0.2200;-0.0469
0.2210;-0.0615
0.2220;-0.0732
0.2230;-0.0879
0.2240;-0.0996
0.2250;-0.1143
0.2260;-0.1289
0.2270;-0.1406
0.2280;-0.1523
0.2290;-0.1641
0.2300;-0.1758
0.2310;-0.1875
0.2320;-0.1963
0.2330;-0.2051
0.2340;-0.2168
0.2350;-0.2256
0.2360;-0.2344
0.2370;-0.2461
0.2380;-0.2578
0.2390;-0.2637
0.2400;-0.2725
0.2410;-0.2783
0.2420;-0.2842
0.2430;-0.2930
0.2440;-0.2959
0.2450;-0.3018
0.2460;-0.3076
0.2470;-0.3135
0.2480;-0.3193
0.2490;-0.3252
0.2500;-0.3281
0.2510;-0.3311
0.2520;-0.3311
0.2530;-0.3340
0.2540;-0.3340
0.2550;-0.3369
0.2560;-0.3369
0.2570;-0.3340
0.2580;-0.3340
0.2590;-0.3369
0.2600;-0.3369
0.2610;-0.3398
0.2620;-0.3398
0.2630;-0.3398
0.2640;-0.3428
0.2650;-0.3428
0.2660;-0.3428
0.2670;-0.3428
0.2680;-0.3398
0.2690;-0.3398
0.2700;-0.3340
0.2710;-0.3311
0.2720;-0.3311
0.2730;-0.3281
0.2740;-0.3281
0.2750;-0.3252
0.2760;-0.3223
0.2770;-0.3193
0.2780;-0.3193
0.2790;-0.3193
0.2800;-0.3164
0.2810;-0.3135
0.2820;-0.3105
0.2830;-0.3076
0.2840;-0.3047
0.2850;-0.3018
0.2860;-0.2988
0.2870;-0.2959
0.2880;-0.2930
0.2890;-0.2900
0.2900;-0.2871
0.2910;-0.2871
0.2920;-0.2812
0.2930;-0.2754
0.2940;-0.2725
0.2950;-0.2666
0.2960;-0.2666
0.2970;-0.2607
0.2980;-0.2578
0.2990;-0.2549
0.3000;-0.2549
0.3010;-0.2490
0.3020;-0.2490
0.3030;-0.2432
0.3040;-0.2402
0.3050;-0.2373
0.3060;-0.2344
0.3070;-0.2344
0.3080;-0.2285
0.3090;-0.2256
0.3100;-0.2227
0.3110;-0.2168
0.3120;-0.2139
0.3130;-0.2109
0.3140;-0.2109
0.3150;-0.2080
0.3160;-0.2021
0.3170;-0.1992
0.3180;-0.1963
0.3190;-0.1934
0.3200;-0.1875
0.3210;-0.1846
0.3220;-0.1846
0.3230;-0.1816
0.3240;-0.1816
0.3250;-0.1787
0.3260;-0.1787
0.3270;-0.1729
0.3280;-0.1729
0.3290;-0.1699
0.3300;-0.1699
0.3310;-0.1641
0.3320;-0.1611
0.3330;-0.1582
0.3340;-0.1553
0.3350;-0.1494
0.3360;-0.1494
0.3370;-0.1465
0.3380;-0.1436
0.3390;-0.1406
0.3400;-0.1406
0.3410;-0.1377
0.3420;-0.1348
0.3430;-0.1318
0.3440;-0.1318
0.3450;-0.1289
0.3460;-0.1289
0.3470;-0.1260
0.3480;-0.1230
0.3490;-0.1230
0.3500;-0.1201
0.3510;-0.1201
0.3520;-0.1172
0.3530;-0.1172
0.3540;-0.1172
0.3550;-0.1143
0.3560;-0.1113
0.3570;-0.1084
0.3580;-0.1055
0.3590;-0.1055
0.3600;-0.1025
0.3610;-0.1025
0.3620;-0.1025
0.3630;-0.0996
0.3640;-0.0996
0.3650;-0.0967
0.3660;-0.0937
0.3670;-0.0937
0.3680;-0.0937
0.3690;-0.0937
0.3700;-0.0908
0.3710;-0.0908
0.3720;-0.0850
0.3730;-0.0850
0.3740;-0.0850
0.3750;-0.0850
0.3760;-0.0820
0.3770;-0.0791
0.3780;-0.0762
0.3790;-0.0762
0.3800;-0.0732
0.3810;-0.0762
0.3820;-0.0762
0.3830;-0.0762
0.3840;-0.0732
0.3850;-0.0732
0.3860;-0.0703
0.3870;-0.0703
0.3880;-0.0703
0.3890;-0.0703
0.3900;-0.0703
0.3910;-0.0703
0.3920;-0.0703
0.3930;-0.0645
0.3940;-0.0615
0.3950;-0.0586
0.3960;-0.0557
0.3970;-0.0557
0.3980;-0.0557
0.3990;-0.0557
0.4000;-0.0557
0.4010;-0.0557
0.4020;-0.0557
0.4030;-0.0557
0.4040;-0.0527
0.4050;-0.0557
0.4060;-0.0527
0.4070;-0.0498
0.4080;-0.0498
0.4090;-0.0498
0.4100;-0.0469
0.4110;-0.0469
0.4120;-0.0469
0.4130;-0.0469
0.4140;-0.0469
0.4150;-0.0439
0.4160;-0.0469
0.4170;-0.0469
0.4180;-0.0469
0.4190;-0.0498
0.4200;-0.0469
0.4210;-0.0469
0.4220;-0.0469
0.4230;-0.0498
0.4240;-0.0498
0.4250;-0.0498
0.4260;-0.0527
0.4270;-0.0527
0.4280;-0.0527
0.4290;-0.0527
0.4300;-0.0527
0.4310;-0.0498
0.4320;-0.0498
0.4330;-0.0469
0.4340;-0.0469
0.4350;-0.0469
0.4360;-0.0469
0.4370;-0.0469
0.4380;-0.0469
0.4390;-0.0439
0.4400;-0.0439
0.4410;-0.0410
0.4420;-0.0381
0.4430;-0.0381
0.4440;-0.0381
0.4450;-0.0381
0.4460;-0.0381
0.4470;-0.0352
0.4480;-0.0352
0.4490;-0.0352
0.4500;-0.0322
0.4510;-0.0322
0.4520;-0.0352
0.4530;-0.0352
0.4540;-0.0352
0.4550;-0.0322
0.4560;-0.0352
0.4570;-0.0352
0.4580;-0.0322
0.4590;-0.0352
0.4600;-0.0322
0.4610;-0.0293
0.4620;-0.0293
0.4630;-0.0293
0.4640;-0.0293
0.4650;-0.0293
0.4660;-0.0264
0.4670;-0.0293
0.4680;-0.0293
0.4690;-0.0293
0.4700;-0.0264
0.4710;-0.0234
0.4720;-0.0205
0.4730;-0.0205
0.4740;-0.0176
0.4750;-0.0146
0.4760;-0.0146
0.4770;-0.0146
0.4780;-0.0146
0.4790;-0.0117
0.4800;-0.0117
0.4810;-0.0117
0.4820;-0.0117
0.4830;-0.0117
0.4840;-0.0146
0.4850;-0.0146
0.4860;-0.0146
0.4870;-0.0146
0.4880;-0.0146
0.4890;-0.0146
0.4900;-0.0146
0.4910;-0.0117
0.4920;-0.0117
0.4930;-0.0146
0.4940;-0.0146
0.4950;-0.0117
0.4960;-0.0117
0.4970;-0.0117
0.4980;-0.0117
0.4990;-0.0117
0.5000;-0.0117
0.5010;-0.0117
0.5020;-0.0146
0.5030;-0.0146
0.5040;-0.0146
0.5050;-0.0117
0.5060;-0.0117
0.5070;-0.0117
0.5080;-0.0146
0.5090;-0.0146
0.5100;-0.0117
0.5110;-0.0117
0.5120;-0.0146
0.5130;-0.0146
0.5140;-0.0146
0.5150;-0.0146
0.5160;-0.0117
0.5170;-0.0117
0.5180;-0.0117
0.5190;-0.0059
0.5200;-0.0059
0.5210;-0.0029
0.5220;-0.0029
0.5230;-0.0029
0.5240;-0.0029
0.5250;-0.0029
0.5260;-0.0029
0.5270;0.0000
0.5280;0.0000
0.5290;0.0000
0.5300;0.0000
0.5310;0.0000
0.5320;0.0000
0.5330;0.0000
0.5340;0.0000
0.5350;0.0000
0.5360;0.0000
0.5370;0.0029
0.5380;0.0029
0.5390;0.0029
0.5400;0.0059
0.5410;0.0059
0.5420;0.0059
0.5430;0.0059
0.5440;0.0029
0.5450;0.0029
0.5460;0.0059
0.5470;0.0059
0.5480;0.0059
0.5490;0.0029
0.5500;0.0059
0.5510;0.0029
0.5520;0.0059
0.5530;0.0059
0.5540;0.0059
0.5550;0.0088
0.5560;0.0088
0.5570;0.0088
0.5580;0.0088
0.5590;0.0088
0.5600;0.0088
0.5610;0.0088
0.5620;0.0088
0.5630;0.0088
0.5640;0.0088
0.5650;0.0088
0.5660;0.0088
0.5670;0.0059
0.5680;0.0088
0.5690;0.0059
0.5700;0.0088
0.5710;0.0088
0.5720;0.0088
0.5730;0.0088
0.5740;0.0088
0.5750;0.0088
0.5760;0.0117
0.5770;0.0088
0.5780;0.0088
0.5790;0.0059
0.5800;0.0059
0.5810;0.0088
0.5820;0.0117
0.5830;0.0088
0.5840;0.0088
0.5850;0.0088
0.5860;0.0059
0.5870;0.0059
0.5880;0.0059
0.5890;0.0029
0.5900;0.0029
0.5910;0.0029
0.5920;0.0029
0.5930;0.0029
0.5940;0.0059
0.5950;0.0059
0.5960;0.0029
0.5970;0.0029
0.5980;0.0029
0.5990;0.0059
0.6000;0.0029
0.6010;0.0059
0.6020;0.0059
0.6030;0.0059
0.6040;0.0088
0.6050;0.0117
0.6060;0.0146
0.6070;0.0176
0.6080;0.0205
0.6090;0.0264
0.6100;0.0322
0.6110;0.0352
0.6120;0.0410
0.6130;0.0439
0.6140;0.0498
0.6150;0.0557
0.6160;0.0586
0.6170;0.0645
0.6180;0.0674
0.6190;0.0703
0.6200;0.0791
0.6210;0.0850
0.6220;0.0908
0.6230;0.0908
0.6240;0.0908
0.6250;0.0879
0.6260;0.0879
0.6270;0.0850
0.6280;0.0820
0.6290;0.0791
0.6300;0.0762
0.6310;0.0732
0.6320;0.0703
0.6330;0.0732
0.6340;0.0762
0.6350;0.0820
0.6360;0.0879
0.6370;0.0908
0.6380;0.0996
0.6390;0.1143
0.6400;0.1289
0.6410;0.1436
0.6420;0.1582
0.6430;0.1670
0.6440;0.1758
0.6450;0.1904
0.6460;0.1992
0.6470;0.2080
0.6480;0.2139
0.6490;0.2227
0.6500;0.2285
0.6510;0.2285
0.6520;0.2285
0.6530;0.2285
0.6540;0.2256
0.6550;0.2227
0.6560;0.2168
0.6570;0.2139
0.6580;0.2080
0.6590;0.2051
0.6600;0.1963
0.6610;0.1875
0.6620;0.1816
0.6630;0.1758
0.6640;0.1670
0.6650;0.1611
0.6660;0.1523
0.6670;0.1436
0.6680;0.1377
0.6690;0.1289
0.6700;0.1143
0.6710;0.1025
0.6720;0.0908
0.6730;0.0791
0.6740;0.0703
0.6750;0.0645
0.6760;0.0557
0.6770;0.0498
0.6780;0.0410
0.6790;0.0293
0.6800;0.0176
0.6810;0.0029
0.6820;-0.0088
0.6830;-0.0205
0.6840;-0.0293
0.6850;-0.0322
0.6860;-0.0352
0.6870;-0.0381
0.6880;-0.0410
0.6890;-0.0469
0.6900;-0.0498
0.6910;-0.0557
0.6920;-0.0615
0.6930;-0.0674
0.6940;-0.0703
0.6950;-0.0703
0.6960;-0.0732
0.6970;-0.0820
0.6980;-0.0850
0.6990;-0.0879
0.7000;-0.0908
0.7010;-0.0937
0.7020;-0.0937
0.7030;-0.0967
0.7040;-0.0996
0.7050;-0.1025
0.7060;-0.1025
0.7070;-0.1025
0.7080;-0.1055
0.7090;-0.1084
0.7100;-0.1055
0.7110;-0.1055
0.7120;-0.1055
0.7130;-0.1084
0.7140;-0.1084
0.7150;-0.1084
0.7160;-0.1113
0.7170;-0.1143
0.7180;-0.1172
0.7190;-0.1172
0.7200;-0.1172
0.7210;-0.1172
0.7220;-0.1172
0.7230;-0.1172
0.7240;-0.1172
0.7250;-0.1143
0.7260;-0.1143
0.7270;-0.1143
0.7280;-0.1113
0.7290;-0.1084
0.7300;-0.1084
0.7310;-0.1084
0.7320;-0.1084
0.7330;-0.1084
0.7340;-0.1084
0.7350;-0.1084
0.7360;-0.1084
0.7370;-0.1055
0.7380;-0.1084
0.7390;-0.1084
0.7400;-0.1084
0.7410;-0.1055
0.7420;-0.1055
0.7430;-0.1055
0.7440;-0.1055
0.7450;-0.1055
0.7460;-0.1055
0.7470;-0.1025
0.7480;-0.1025
0.7490;-0.1055
0.7500;-0.1055
0.7510;-0.1084
0.7520;-0.1172
0.7530;-0.1260
0.7540;-0.1406
0.7550;-0.1523
0.7560;-0.1699
0.7570;-0.1846
0.7580;-0.1934
0.7590;-0.2109
0.7600;-0.2168
0.7610;-0.2197
0.7620;-0.2227
0.7630;-0.2227
0.7640;-0.2168
0.7650;-0.2139
0.7660;-0.2080
0.7670;-0.1934
0.7680;-0.1787
0.7690;-0.1582
0.7700;-0.1406
0.7710;-0.1172
0.7720;-0.0879
0.7730;-0.0527
0.7740;-0.0146
0.7750;0.0322
0.7760;0.0820
0.7770;0.1406
0.7780;0.2051
0.7790;0.2783
0.7800;0.3633
0.7810;0.4482
0.7820;0.5332
0.7830;0.6123
0.7840;0.6973
0.7850;0.7939
0.7860;0.8936
0.7870;0.9961
0.7880;1.1045
0.7890;1.2129
0.7900;1.3184
0.7910;1.4180
0.7920;1.4941
0.7930;1.4941
0.7940;1.4941
0.7950;1.4941
0.7960;1.4941
0.7970;1.4941
0.7980;1.4941
0.7990;1.4941
0.8000;1.4941
0.8010;1.4941
0.8020;1.4941
0.8030;1.4795
0.8040;1.3447
0.8050;1.2041
0.8060;1.0576
0.8070;0.8994
0.8080;0.7295
0.8090;0.5537
0.8100;0.3838
0.8110;0.2373
0.8120;0.1055
0.8130;-0.0088
0.8140;-0.1055
0.8150;-0.1904
0.8160;-0.2607
0.8170;-0.3135
0.8180;-0.3545
0.8190;-0.3838
0.8200;-0.4160
0.8210;-0.4453
0.8220;-0.4688
0.8230;-0.4951
0.8240;-0.5244
0.8250;-0.5508
0.8260;-0.5713
0.8270;-0.5889
0.8280;-0.6035
0.8290;-0.6094
0.8300;-0.6094
0.8310;-0.6064
0.8320;-0.6035
0.8330;-0.5977
0.8340;-0.5947
0.8350;-0.5918
0.8360;-0.5830
0.8370;-0.5771
0.8380;-0.5713
0.8390;-0.5596
0.8400;-0.5479
0.8410;-0.5361
0.8420;-0.5186
0.8430;-0.4951
0.8440;-0.4688
0.8450;-0.4482
0.8460;-0.4248
0.8470;-0.4043
0.8480;-0.3809
0.8490;-0.3574
0.8500;-0.3340
0.8510;-0.3164
0.8520;-0.2988
0.8530;-0.2842
0.8540;-0.2725
0.8550;-0.2607
0.8560;-0.2490
0.8570;-0.2432
0.8580;-0.2344
0.8590;-0.2285
0.8600;-0.2227
0.8610;-0.2139
0.8620;-0.2080
0.8630;-0.2021
0.8640;-0.1963
0.8650;-0.1904
0.8660;-0.1875
0.8670;-0.1816
0.8680;-0.1787
0.8690;-0.1699
0.8700;-0.1670
0.8710;-0.1641
0.8720;-0.1582
0.8730;-0.1523
0.8740;-0.1494
0.8750;-0.1465
0.8760;-0.1436
0.8770;-0.1436
0.8780;-0.1377
0.8790;-0.1348
0.8800;-0.1289
0.8810;-0.1230
0.8820;-0.1201
0.8830;-0.1172
0.8840;-0.1143
0.8850;-0.1084
0.8860;-0.1055
0.8870;-0.1055
0.8880;-0.0996
0.8890;-0.0967
0.8900;-0.0937
0.8910;-0.0908
0.8920;-0.0879
0.8930;-0.0850
0.8940;-0.0820
0.8950;-0.0762
0.8960;-0.0732
0.8970;-0.0703
0.8980;-0.0674
0.8990;-0.0645
0.9000;-0.0615
0.9010;-0.0557
0.9020;-0.0527
0.9030;-0.0469
0.9040;-0.0439
0.9050;-0.0381
0.9060;-0.0352
0.9070;-0.0293
0.9080;-0.0293
0.9090;-0.0264
0.9100;-0.0234
0.9110;-0.0205
0.9120;-0.0176
0.9130;-0.0146
0.9140;-0.0146
0.9150;-0.0117
0.9160;-0.0088
0.9170;-0.0059
0.9180;-0.0059
0.9190;-0.0029
0.9200;0.0000
0.9210;0.0000
0.9220;0.0029
0.9230;0.0029
0.9240;0.0059
0.9250;0.0088
0.9260;0.0117
0.9270;0.0117
0.9280;0.0176
0.9290;0.0176
0.9300;0.0205
0.9310;0.0234
0.9320;0.0264
0.9330;0.0293
0.9340;0.0352
0.9350;0.0410
0.9360;0.0439
0.9370;0.0469
0.9380;0.0498
0.9390;0.0557
0.9400;0.0586
0.9410;0.0615
0.9420;0.0674
0.9430;0.0703
0.9440;0.0732
0.9450;0.0791
0.9460;0.0791
0.9470;0.0820
0.9480;0.0879
0.9490;0.0908
0.9500;0.0967
0.9510;0.0996
0.9520;0.1055
0.9530;0.1084
0.9540;0.1143
0.9550;0.1172
0.9560;0.1230
0.9570;0.1289
0.9580;0.1348
0.9590;0.1377
0.9600;0.1436
0.9610;0.1465
0.9620;0.1523
0.9630;0.1553
0.9640;0.1582
0.9650;0.1611
0.9660;0.1641
0.9670;0.1699
0.9680;0.1758
0.9690;0.1787
0.9700;0.1846
0.9710;0.1875
0.9720;0.1934
0.9730;0.1963
0.9740;0.1992
0.9750;0.2051
0.9760;0.2080
0.9770;0.2139
0.9780;0.2197
0.9790;0.2227
0.9800;0.2285
0.9810;0.2314
0.9820;0.2314
0.9830;0.2344
0.9840;0.2402
0.9850;0.2432
0.9860;0.2461
0.9870;0.2461
0.9880;0.2490
0.9890;0.2490
0.9900;0.2549
0.9910;0.2578
0.9920;0.2578
0.9930;0.2578
0.9940;0.2607
0.9950;0.2607
0.9960;0.2607
0.9970;0.2607
0.9980;0.2607
0.9990;0.2607
1.0000;0.2578
1.0010;0.2578
1.0020;0.2549
1.0030;0.2549
1.0040;0.2490
1.0050;0.2461
1.0060;0.2432
1.0070;0.2432
1.0080;0.2402
1.0090;0.2373
1.0100;0.2344
1.0110;0.2314
1.0120;0.2314
1.0130;0.2256
1.0140;0.2227
1.0150;0.2197
1.0160;0.2139
1.0170;0.2109
1.0180;0.2051
1.0190;0.1963
1.0200;0.1904
1.0210;0.1846
1.0220;0.1816
1.0230;0.1758
1.0240;0.1641
1.0250;0.1582
1.0260;0.1465
1.0270;0.1348
1.0280;0.1230
1.0290;0.1113
1.0300;0.0996
1.0310;0.0879
1.0320;0.0732
1.0330;0.0586
1.0340;0.0469
1.0350;0.0322
1.0360;0.0176
1.0370;0.0000
1.0380;-0.0117
1.0390;-0.0264
1.0400;-0.0410
1.0410;-0.0527
1.0420;-0.0674
1.0430;-0.0820
1.0440;-0.0967
1.0450;-0.1084
1.0460;-0.1230
1.0470;-0.1348
1.0480;-0.1465
1.0490;-0.1611
1.0500;-0.1699
1.0510;-0.1816
1.0520;-0.1934
1.0530;-0.2021
1.0540;-0.2139
1.0550;-0.2256
1.0560;-0.2344
1.0570;-0.2402
1.0580;-0.2490
1.0590;-0.2607
1.0600;-0.2666
1.0610;-0.2754
1.0620;-0.2842
1.0630;-0.2871
1.0640;-0.2959
1.0650;-0.3018
1.0660;-0.3047
1.0670;-0.3105
1.0680;-0.3164
1.0690;-0.3223
1.0700;-0.3252
1.0710;-0.3311
1.0720;-0.3340
1.0730;-0.3398
1.0740;-0.3457
1.0750;-0.3457
1.0760;-0.3486
1.0770;-0.3486
1.0780;-0.3516
1.0790;-0.3516
1.0800;-0.3545
1.0810;-0.3545
1.0820;-0.3545
1.0830;-0.3545
1.0840;-0.3545
1.0850;-0.3545
1.0860;-0.3545
1.0870;-0.3516
1.0880;-0.3516
1.0890;-0.3486
1.0900;-0.3428
1.0910;-0.3428
1.0920;-0.3398
1.0930;-0.3398
1.0940;-0.3369
1.0950;-0.3369
1.0960;-0.3340
1.0970;-0.3311
1.0980;-0.3281
1.0990;-0.3252
1.1000;-0.3223
1.1010;-0.3193
1.1020;-0.3164
1.1030;-0.3164
1.1040;-0.3135
1.1050;-0.3105
1.1060;-0.3076
1.1070;-0.3047
1.1080;-0.3018
1.1090;-0.2959
1.1100;-0.2900
1.1110;-0.2842
1.1120;-0.2812
1.1130;-0.2783
1.1140;-0.2783
1.1150;-0.2725
1.1160;-0.2695
1.1170;-0.2637
1.1180;-0.2607
1.1190;-0.2607
1.1200;-0.2549
1.1210;-0.2490
1.1220;-0.2461
1.1230;-0.2402
1.1240;-0.2373
1.1250;-0.2344
1.1260;-0.2314
1.1270;-0.2314
1.1280;-0.2285
1.1290;-0.2256
1.1300;-0.2227
1.1310;-0.2197
1.1320;-0.2168
1.1330;-0.2139
1.1340;-0.2109
1.1350;-0.2080
1.1360;-0.2021
1.1370;-0.1992
1.1380;-0.1963
1.1390;-0.1934
1.1400;-0.1904
1.1410;-0.1904
1.1420;-0.1875
1.1430;-0.1846
1.1440;-0.1846
1.1450;-0.1787
1.1460;-0.1787
1.1470;-0.1758
1.1480;-0.1699
1.1490;-0.1670
1.1500;-0.1641
1.1510;-0.1611
1.1520;-0.1611
1.1530;-0.1582
1.1540;-0.1553
1.1550;-0.1523
1.1560;-0.1494
1.1570;-0.1465
1.1580;-0.1436
1.1590;-0.1436
1.1600;-0.1406
1.1610;-0.1406
1.1620;-0.1348
1.1630;-0.1318
1.1640;-0.1318
1.1650;-0.1289
1.1660;-0.1260
1.1670;-0.1230
1.1680;-0.1201
1.1690;-0.1172
1.1700;-0.1172
1.1710;-0.1143
1.1720;-0.1143
1.1730;-0.1143
1.1740;-0.1113
1.1750;-0.1113
1.1760;-0.1084
1.1770;-0.1055
1.1780;-0.1055
1.1790;-0.1025
1.1800;-0.0996
1.1810;-0.0996
1.1820;-0.0996
1.1830;-0.0967
1.1840;-0.0937
1.1850;-0.0908
1.1860;-0.0850
1.1870;-0.0820
1.1880;-0.0762
1.1890;-0.0762
1.1900;-0.0732
1.1910;-0.0703
1.1920;-0.0703
1.1930;-0.0703
1.1940;-0.0674
1.1950;-0.0674
1.1960;-0.0645
1.1970;-0.0645
1.1980;-0.0674
1.1990;-0.0645
1.2000;-0.0615
1.2010;-0.0586
1.2020;-0.0586
1.2030;-0.0557
1.2040;-0.0527
1.2050;-0.0527
1.2060;-0.0527
1.2070;-0.0527
1.2080;-0.0498
1.2090;-0.0498
1.2100;-0.0498
1.2110;-0.0498
1.2120;-0.0498
1.2130;-0.0498
1.2140;-0.0498
1.2150;-0.0498
1.2160;-0.0498
1.2170;-0.0469
1.2180;-0.0469
1.2190;-0.0469
1.2200;-0.0439
1.2210;-0.0439
1.2220;-0.0410
1.2230;-0.0381
1.2240;-0.0381
1.2250;-0.0322
1.2260;-0.0322
1.2270;-0.0293
1.2280;-0.0322
1.2290;-0.0322
1.2300;-0.0322
1.2310;-0.0322
1.2320;-0.0322
1.2330;-0.0352
1.2340;-0.0322
1.2350;-0.0322
1.2360;-0.0293
1.2370;-0.0352
1.2380;-0.0381
1.2390;-0.0381
1.2400;-0.0381
1.2410;-0.0381
1.2420;-0.0381
1.2430;-0.0381
1.2440;-0.0381
1.2450;-0.0381
1.2460;-0.0381
1.2470;-0.0381
1.2480;-0.0381
1.2490;-0.0410
1.2500;-0.0439
1.2510;-0.0410
1.2520;-0.0410
1.2530;-0.0410
1.2540;-0.0410
1.2550;-0.0410
1.2560;-0.0381
1.2570;-0.0381
1.2580;-0.0381
1.2590;-0.0381
1.2600;-0.0381
1.2610;-0.0381
1.2620;-0.0352
1.2630;-0.0352
1.2640;-0.0322
1.2650;-0.0322
1.2660;-0.0322
1.2670;-0.0322
1.2680;-0.0293
1.2690;-0.0322
1.2700;-0.0293
1.2710;-0.0322
1.2720;-0.0293
1.2730;-0.0293
1.2740;-0.0264
1.2750;-0.0234
1.2760;-0.0264
1.2770;-0.0264
1.2780;-0.0293
1.2790;-0.0293
1.2800;-0.0293
1.2810;-0.0293
1.2820;-0.0264
1.2830;-0.0293
1.2840;-0.0264
1.2850;-0.0264
1.2860;-0.0234
1.2870;-0.0234
1.2880;-0.0205
1.2890;-0.0234
1.2900;-0.0234
1.2910;-0.0234
1.2920;-0.0264
1.2930;-0.0264
1.2940;-0.0264
1.2950;-0.0264
1.2960;-0.0264
1.2970;-0.0264
1.2980;-0.0293
1.2990;-0.0264
1.3000;-0.0264
1.3010;-0.0264
1.3020;-0.0264
1.3030;-0.0234
1.3040;-0.0234
1.3050;-0.0234
1.3060;-0.0234
1.3070;-0.0234
1.3080;-0.0234
1.3090;-0.0234
1.3100;-0.0234
1.3110;-0.0205
1.3120;-0.0205
1.3130;-0.0176
1.3140;-0.0176
1.3150;-0.0146
1.3160;-0.0146
1.3170;-0.0146
1.3180;-0.0146
1.3190;-0.0146
1.3200;-0.0117
1.3210;-0.0117
1.3220;-0.0088
1.3230;-0.0059
1.3240;-0.0088
1.3250;-0.0088
1.3260;-0.0088
1.3270;-0.0059
1.3280;-0.0059
1.3290;-0.0059
1.3300;-0.0059
1.3310;-0.0029
1.3320;-0.0029
1.3330;-0.0029
1.3340;-0.0029
1.3350;-0.0029
1.3360;0.0000
1.3370;-0.0029
1.3380;-0.0029
1.3390;-0.0029
1.3400;-0.0029
1.3410;-0.0029
1.3420;-0.0029
1.3430;-0.0029
1.3440;0.0000
1.3450;-0.0029
1.3460;0.0000
1.3470;-0.0029
1.3480;-0.0029
1.3490;0.0000
1.3500;0.0000
1.3510;0.0000
1.3520;0.0000
1.3530;0.0000
1.3540;0.0000
1.3550;0.0000
1.3560;0.0029
1.3570;0.0029
1.3580;0.0029
1.3590;0.0059
1.3600;0.0059
1.3610;0.0088
1.3620;0.0088
1.3630;0.0088
1.3640;0.0088
1.3650;0.0088
1.3660;0.0059
1.3670;0.0059
1.3680;0.0088
1.3690;0.0088
1.3700;0.0117
1.3710;0.0088
1.3720;0.0088
1.3730;0.0117
1.3740;0.0088
1.3750;0.0088
1.3760;0.0088
1.3770;0.0088
1.3780;0.0088
1.3790;0.0059
1.3800;0.0088
1.3810;0.0059
1.3820;0.0059
1.3830;0.0059
1.3840;0.0059
1.3850;0.0029
1.3860;0.0029
1.3870;0.0059
1.3880;0.0059
1.3890;0.0059
1.3900;0.0088
1.3910;0.0088
1.3920;0.0088
1.3930;0.0117
1.3940;0.0117
1.3950;0.0117
1.3960;0.0117
1.3970;0.0117
1.3980;0.0117
1.3990;0.0117
1.4000;0.0088
1.4010;0.0117
1.4020;0.0146
1.4030;0.0146
1.4040;0.0146
1.4050;0.0176
1.4060;0.0176
1.4070;0.0176
1.4080;0.0176
1.4090;0.0205
1.4100;0.0205
1.4110;0.0205
1.4120;0.0205
1.4130;0.0205
1.4140;0.0205
1.4150;0.0205
1.4160;0.0205
1.4170;0.0234
1.4180;0.0205
1.4190;0.0205
1.4200;0.0205
1.4210;0.0205
1.4220;0.0205
1.4230;0.0205
1.4240;0.0234
1.4250;0.0234
1.4260;0.0234
1.4270;0.0234
1.4280;0.0264
1.4290;0.0264
1.4300;0.0293
1.4310;0.0293
1.4320;0.0322
1.4330;0.0352
1.4340;0.0381
1.4350;0.0439
1.4360;0.0498
1.4370;0.0557
1.4380;0.0645
1.4390;0.0703
1.4400;0.0732
1.4410;0.0791
1.4420;0.0820
1.4430;0.0908
1.4440;0.0967
1.4450;0.1025
1.4460;0.1084
1.4470;0.1143
1.4480;0.1143
1.4490;0.1172
1.4500;0.1143
1.4510;0.1143
1.4520;0.1113
1.4530;0.1055
1.4540;0.1025
1.4550;0.0967
1.4560;0.0937
1.4570;0.0937
1.4580;0.0967
1.4590;0.0996
1.4600;0.1025
1.4610;0.1084
1.4620;0.1143
1.4630;0.1230
1.4640;0.1318
1.4650;0.1494
1.4660;0.1641
1.4670;0.1758
1.4680;0.1846
1.4690;0.1963
1.4700;0.2109
1.4710;0.2197
1.4720;0.2285
1.4730;0.2344
1.4740;0.2373
1.4750;0.2402
1.4760;0.2373
1.4770;0.2373
1.4780;0.2402
1.4790;0.2373
1.4800;0.2344
1.4810;0.2285
1.4820;0.2227
1.4830;0.2168
1.4840;0.2080
1.4850;0.2021
1.4860;0.1963
1.4870;0.1875
1.4880;0.1816
1.4890;0.1758
1.4900;0.1670
1.4910;0.1611
1.4920;0.1523
1.4930;0.1436
1.4940;0.1318
1.4950;0.1201
1.4960;0.1113
1.4970;0.0967
1.4980;0.0879
1.4990;0.0820
1.5000;0.0732
1.5010;0.0645
1.5020;0.0557
1.5030;0.0439
1.5040;0.0322
1.5050;0.0205
1.5060;0.0117
1.5070;0.0000
1.5080;-0.0088
1.5090;-0.0205
1.5100;-0.0264
1.5110;-0.0322
1.5120;-0.0381
1.5130;-0.0381
1.5140;-0.0439
1.5150;-0.0469
1.5160;-0.0527
1.5170;-0.0557
1.5180;-0.0586
1.5190;-0.0615
1.5200;-0.0645
1.5210;-0.0674
1.5220;-0.0674
1.5230;-0.0703
1.5240;-0.0732
1.5250;-0.0762
1.5260;-0.0762
1.5270;-0.0791
1.5280;-0.0791
1.5290;-0.0820
1.5300;-0.0850
1.5310;-0.0879
1.5320;-0.0879
1.5330;-0.0879
1.5340;-0.0908
1.5350;-0.0908
1.5360;-0.0908
1.5370;-0.0908
1.5380;-0.0937
1.5390;-0.0967
1.5400;-0.0967
1.5410;-0.0967
1.5420;-0.0967
1.5430;-0.0996
1.5440;-0.0996
1.5450;-0.0996
1.5460;-0.0996
1.5470;-0.0996
1.5480;-0.0967
1.5490;-0.0967
1.5500;-0.0996
1.5510;-0.0996
1.5520;-0.1025
1.5530;-0.1055
1.5540;-0.1055
1.5550;-0.1055
1.5560;-0.1055
1.5570;-0.1025
1.5580;-0.1025
1.5590;-0.1055
1.5600;-0.1025
1.5610;-0.1055
1.5620;-0.1025
1.5630;-0.1055
1.5640;-0.1055
1.5650;-0.1055
1.5660;-0.1055
1.5670;-0.1055
1.5680;-0.1055
1.5690;-0.1084
1.5700;-0.1055
1.5710;-0.1084
1.5720;-0.1084
1.5730;-0.1084
1.5740;-0.1084
1.5750;-0.1084
1.5760;-0.1172
1.5770;-0.1260
1.5780;-0.1377
1.5790;-0.1523
1.5800;-0.1670
1.5810;-0.1846
1.5820;-0.1934
1.5830;-0.2021
1.5840;-0.2109
1.5850;-0.2139
1.5860;-0.2139
1.5870;-0.2139
1.5880;-0.2109
1.5890;-0.2051
1.5900;-0.1963
1.5910;-0.1846
1.5920;-0.1670
1.5930;-0.1494
1.5940;-0.1289
1.5950;-0.1055
1.5960;-0.0762
1.5970;-0.0439
1.5980;-0.0059
1.5990;0.0410
1.6000;0.0937
1.6010;0.1611
1.6020;0.2314
1.6030;0.3105
1.6040;0.4014
1.6050;0.4980
1.6060;0.5859
1.6070;0.6738
1.6080;0.7705
1.6090;0.8643
1.6100;0.9697
1.6110;1.0693
1.6120;1.1777
1.6130;1.2891
1.6140;1.3945
1.6150;1.4854
1.6160;1.4941
1.6170;1.4941
1.6180;1.4941
1.6190;1.4941
1.6200;1.4941
1.6210;1.4941
1.6220;1.4941
1.6230;1.4941
1.6240;1.4941
1.6250;1.4941
1.6260;1.4941
1.6270;1.4941
1.6280;1.4062
1.6290;1.2598
1.6300;1.1045
1.6310;0.9346
1.6320;0.7529
1.6330;0.5625
1.6340;0.3838
1.6350;0.2227
1.6360;0.0820
1.6370;-0.0439
1.6380;-0.1494
1.6390;-0.2344
1.6400;-0.3047
1.6410;-0.3604
1.6420;-0.4043
1.6430;-0.4453
1.6440;-0.4805
1.6450;-0.5127
1.6460;-0.5391
1.6470;-0.5625
1.6480;-0.5742
1.6490;-0.5859
1.6500;-0.5889
1.6510;-0.5918
1.6520;-0.5947
1.6530;-0.5947
1.6540;-0.5977
1.6550;-0.5947
1.6560;-0.5889
1.6570;-0.5859
1.6580;-0.5771
1.6590;-0.5713
1.6600;-0.5654
1.6610;-0.5537
1.6620;-0.5391
1.6630;-0.5186
1.6640;-0.4980
1.6650;-0.4775
1.6660;-0.4541
1.6670;-0.4336
1.6680;-0.4131
1.6690;-0.3926
1.6700;-0.3721
1.6710;-0.3545
1.6720;-0.3398
1.6730;-0.3223
1.6740;-0.3076
1.6750;-0.2959
1.6760;-0.2871
1.6770;-0.2783
1.6780;-0.2725
1.6790;-0.2637
1.6800;-0.2578
1.6810;-0.2549
1.6820;-0.2461
1.6830;-0.2432
1.6840;-0.2373
1.6850;-0.2314
1.6860;-0.2256
1.6870;-0.2197
1.6880;-0.2168
1.6890;-0.2168
1.6900;-0.2109
1.6910;-0.2080
1.6920;-0.1992
1.6930;-0.1934
1.6940;-0.1875
1.6950;-0.1816
1.6960;-0.1787
1.6970;-0.1758
1.6980;-0.1699
1.6990;-0.1670
1.7000;-0.1641
1.7010;-0.1582
1.7020;-0.1553
1.7030;-0.1494
1.7040;-0.1465
1.7050;-0.1436
1.7060;-0.1406
1.7070;-0.1377
1.7080;-0.1318
1.7090;-0.1289
1.7100;-0.1289
1.7110;-0.1260
1.7120;-0.1230
1.7130;-0.1172
1.7140;-0.1172
1.7150;-0.1143
1.7160;-0.1113
1.7170;-0.1084
1.7180;-0.1025
1.7190;-0.0996
1.7200;-0.0937
1.7210;-0.0937
1.7220;-0.0879
1.7230;-0.0850
1.7240;-0.0791
1.7250;-0.0732
1.7260;-0.0732
1.7270;-0.0674
1.7280;-0.0615
1.7290;-0.0586
1.7300;-0.0557
1.7310;-0.0527
1.7320;-0.0498
1.7330;-0.0469
1.7340;-0.0439
1.7350;-0.0381
1.7360;-0.0381
1.7370;-0.0352
1.7380;-0.0322
1.7390;-0.0322
1.7400;-0.0264
1.7410;-0.0234
1.7420;-0.0234
1.7430;-0.0205
1.7440;-0.0176
1.7450;-0.0146
1.7460;-0.0117
1.7470;-0.0117
1.7480;-0.0117
1.7490;-0.0088
1.7500;-0.0029
1.7510;0.0000
1.7520;0.0029
1.7530;0.0059
1.7540;0.0117
1.7550;0.0176
1.7560;0.0176
1.7570;0.0234
1.7580;0.0293
1.7590;0.0352
1.7600;0.0381
1.7610;0.0410
1.7620;0.0439
1.7630;0.0469
1.7640;0.0498
1.7650;0.0527
1.7660;0.0586
1.7670;0.0645
1.7680;0.0674
1.7690;0.0703
1.7700;0.0762
1.7710;0.0820
1.7720;0.0879
1.7730;0.0908
1.7740;0.0967
1.7750;0.0996
1.7760;0.1055
1.7770;0.1084
1.7780;0.1113
1.7790;0.1143
1.7800;0.1143
1.7810;0.1201
1.7820;0.1260
1.7830;0.1289
1.7840;0.1318
1.7850;0.1406
1.7860;0.1436
1.7870;0.1494
1.7880;0.1523
1.7890;0.1582
1.7900;0.1641
1.7910;0.1670
1.7920;0.1729
1.7930;0.1758
1.7940;0.1816
1.7950;0.1875
1.7960;0.1934
1.7970;0.1963
1.7980;0.1992
1.7990;0.2051
1.8000;0.2080
1.8010;0.2139
1.8020;0.2197
1.8030;0.2256
1.8040;0.2285
1.8050;0.2344
1.8060;0.2402
1.8070;0.2432
1.8080;0.2490
1.8090;0.2520
1.8100;0.2549
1.8110;0.2578
1.8120;0.2607
1.8130;0.2637
1.8140;0.2666
1.8150;0.2666
1.8160;0.2695
1.8170;0.2695
1.8180;0.2725
1.8190;0.2754
1.8200;0.2783
1.8210;0.2783
1.8220;0.2783
1.8230;0.2783
1.8240;0.2783
1.8250;0.2783
1.8260;0.2783
1.8270;0.2754
1.8280;0.2725
1.8290;0.2725
1.8300;0.2695
1.8310;0.2666
1.8320;0.2637
1.8330;0.2607
1.8340;0.2578
1.8350;0.2578
1.8360;0.2549
1.8370;0.2490
1.8380;0.2432
1.8390;0.2402
1.8400;0.2344
1.8410;0.2256
1.8420;0.2227
1.8430;0.2139
1.8440;0.2080
1.8450;0.1992
1.8460;0.1904
1.8470;0.1816
1.8480;0.1729
1.8490;0.1641
1.8500;0.1553
1.8510;0.1436
1.8520;0.1318
1.8530;0.1201
1.8540;0.1055
1.8550;0.0937
1.8560;0.0820
1.8570;0.0674
1.8580;0.0498
1.8590;0.0352
1.8600;0.0205
1.8610;0.0059
1.8620;-0.0059
1.8630;-0.0205
1.8640;-0.0352
1.8650;-0.0527
1.8660;-0.0645
1.8670;-0.0791
1.8680;-0.0937
1.8690;-0.1055
1.8700;-0.1172
1.8710;-0.1318
1.8720;-0.1436
1.8730;-0.1553
1.8740;-0.1699
1.8750;-0.1816
1.8760;-0.1963
1.8770;-0.2080
1.8780;-0.2168
1.8790;-0.2256
1.8800;-0.2373
1.8810;-0.2461
1.8820;-0.2578
1.8830;-0.2637
1.8840;-0.2754
1.8850;-0.2842
1.8860;-0.2900
1.8870;-0.2959
1.8880;-0.3047
1.8890;-0.3105
1.8900;-0.3193
1.8910;-0.3252
1.8920;-0.3311
1.8930;-0.3340
1.8940;-0.3398
1.8950;-0.3398
1.8960;-0.3457
1.8970;-0.3486
1.8980;-0.3545
1.8990;-0.3545
1.9000;-0.3574
1.9010;-0.3604
1.9020;-0.3604
1.9030;-0.3633
1.9040;-0.3633
1.9050;-0.3633
1.9060;-0.3633
1.9070;-0.3633
1.9080;-0.3633
1.9090;-0.3633
1.9100;-0.3604
1.9110;-0.3604
1.9120;-0.3574
1.9130;-0.3574
1.9140;-0.3574
1.9150;-0.3545
1.9160;-0.3545
1.9170;-0.3486
1.9180;-0.3486
1.9190;-0.3457
1.9200;-0.3428
1.9210;-0.3398
1.9220;-0.3369
1.9230;-0.3340
1.9240;-0.3311
1.9250;-0.3281
1.9260;-0.3252
1.9270;-0.3223
1.9280;-0.3193
1.9290;-0.3164
1.9300;-0.3135
1.9310;-0.3105
1.9320;-0.3047
1.9330;-0.3018
1.9340;-0.2988
1.9350;-0.2930
1.9360;-0.2900
1.9370;-0.2871
1.9380;-0.2842
1.9390;-0.2812
1.9400;-0.2754
1.9410;-0.2725
1.9420;-0.2695
1.9430;-0.2637
1.9440;-0.2607
1.9450;-0.2578
1.9460;-0.2549
1.9470;-0.2549
1.9480;-0.2490
1.9490;-0.2461
1.9500;-0.2432
1.9510;-0.2402
1.9520;-0.2373
1.9530;-0.2344
1.9540;-0.2314
1.9550;-0.2256
1.9560;-0.2227
1.9570;-0.2197
1.9580;-0.2168
1.9590;-0.2109
1.9600;-0.2080
1.9610;-0.2051
1.9620;-0.2021
1.9630;-0.1992
1.9640;-0.1934
1.9650;-0.1904
1.9660;-0.1875
1.9670;-0.1846
1.9680;-0.1816
1.9690;-0.1787
1.9700;-0.1758
1.9710;-0.1699
1.9720;-0.1699
1.9730;-0.1670
1.9740;-0.1670
1.9750;-0.1641
1.9760;-0.1611
1.9770;-0.1553
1.9780;-0.1523
1.9790;-0.1523
1.9800;-0.1436
1.9810;-0.1436
1.9820;-0.1406
1.9830;-0.1377
1.9840;-0.1348
1.9850;-0.1289
1.9860;-0.1260
1.9870;-0.1230
1.9880;-0.1172
1.9890;-0.1172
1.9900;-0.1143
1.9910;-0.1143
1.9920;-0.1113
1.9930;-0.1084
1.9940;-0.1084
1.9950;-0.1084
1.9960;-0.1084
1.9970;-0.1055
1.9980;-0.1025
1.9990;-0.1025
2.0000;-0.0967
2.0010;-0.0937
2.0020;-0.0937
2.0030;-0.0908
2.0040;-0.0908
2.0050;-0.0879
2.0060;-0.0908
2.0070;-0.0879
2.0080;-0.0879
2.0090;-0.0850
2.0100;-0.0850
2.0110;-0.0820
2.0120;-0.0820
2.0130;-0.0820
2.0140;-0.0820
2.0150;-0.0791
2.0160;-0.0791
2.0170;-0.0762
2.0180;-0.0762
2.0190;-0.0732
2.0200;-0.0732
2.0210;-0.0732
2.0220;-0.0703
2.0230;-0.0703
2.0240;-0.0703
2.0250;-0.0674
2.0260;-0.0674
2.0270;-0.0645
2.0280;-0.0615
2.0290;-0.0615
2.0300;-0.0615
2.0310;-0.0615
2.0320;-0.0615
2.0330;-0.0615
2.0340;-0.0615
2.0350;-0.0586
2.0360;-0.0586
2.0370;-0.0586
2.0380;-0.0586
2.0390;-0.0586
2.0400;-0.0586
2.0410;-0.0557
2.0420;-0.0557
2.0430;-0.0557
2.0440;-0.0557
2.0450;-0.0557
2.0460;-0.0557
2.0470;-0.0557
2.0480;-0.0557
2.0490;-0.0557
2.0500;-0.0557
2.0510;-0.0557
2.0520;-0.0527
2.0530;-0.0527
2.0540;-0.0498
2.0550;-0.0469
2.0560;-0.0469
2.0570;-0.0469
2.0580;-0.0469
2.0590;-0.0439
2.0600;-0.0439
2.0610;-0.0439
2.0620;-0.0410
2.0630;-0.0410
2.0640;-0.0410
2.0650;-0.0410
2.0660;-0.0381
2.0670;-0.0381
2.0680;-0.0352
2.0690;-0.0352
2.0700;-0.0352
2.0710;-0.0322
2.0720;-0.0322
2.0730;-0.0293
2.0740;-0.0322
2.0750;-0.0293
2.0760;-0.0293
2.0770;-0.0264
2.0780;-0.0264
2.0790;-0.0293
2.0800;-0.0293
2.0810;-0.0322
2.0820;-0.0352
2.0830;-0.0322
2.0840;-0.0293
2.0850;-0.0293
2.0860;-0.0293
2.0870;-0.0322
2.0880;-0.0322
2.0890;-0.0322
2.0900;-0.0293
2.0910;-0.0293
2.0920;-0.0293
2.0930;-0.0293
2.0940;-0.0293
2.0950;-0.0293
2.0960;-0.0322
2.0970;-0.0322
2.0980;-0.0293
2.0990;-0.0293
2.1000;-0.0293
2.1010;-0.0293
2.1020;-0.0293
2.1030;-0.0293
2.1040;-0.0293
2.1050;-0.0264
2.1060;-0.0234
2.1070;-0.0234
2.1080;-0.0234
2.1090;-0.0264
2.1100;-0.0234
2.1110;-0.0264
2.1120;-0.0234
2.1130;-0.0264
2.1140;-0.0264
2.1150;-0.0234
2.1160;-0.0234
2.1170;-0.0234
2.1180;-0.0234
2.1190;-0.0234
2.1200;-0.0234
2.1210;-0.0234
2.1220;-0.0205
2.1230;-0.0176
2.1240;-0.0176
2.1250;-0.0146
2.1260;-0.0146
2.1270;-0.0146
2.1280;-0.0146
2.1290;-0.0146
2.1300;-0.0146
2.1310;-0.0117
2.1320;-0.0146
2.1330;-0.0146
2.1340;-0.0146
2.1350;-0.0146
2.1360;-0.0146
2.1370;-0.0146
2.1380;-0.0146
2.1390;-0.0117
2.1400;-0.0117
2.1410;-0.0117
2.1420;-0.0117
2.1430;-0.0117
2.1440;-0.0117
2.1450;-0.0117
2.1460;-0.0117
2.1470;-0.0088
2.1480;-0.0088
2.1490;-0.0088
2.1500;-0.0059
2.1510;-0.0059
2.1520;-0.0059
2.1530;-0.0059
2.1540;-0.0059
2.1550;-0.0029
2.1560;-0.0029
2.1570;-0.0029
2.1580;-0.0029
2.1590;-0.0029
2.1600;-0.0029
2.1610;-0.0029
2.1620;-0.0029
2.1630;-0.0029
2.1640;-0.0029
2.1650;-0.0029
2.1660;-0.0029
2.1670;0.0000
2.1680;0.0000
2.1690;0.0000
2.1700;0.0000
2.1710;0.0029
2.1720;0.0029
2.1730;0.0029
2.1740;0.0029
2.1750;0.0029
2.1760;0.0029
2.1770;0.0029
2.1780;0.0059
2.1790;0.0059
2.1800;0.0088
2.1810;0.0088
2.1820;0.0088
2.1830;0.0088
2.1840;0.0088
2.1850;0.0088
2.1860;0.0088
2.1870;0.0117
2.1880;0.0117
2.1890;0.0117
2.1900;0.0117
2.1910;0.0117
2.1920;0.0117
2.1930;0.0146
2.1940;0.0117
2.1950;0.0146
2.1960;0.0117
2.1970;0.0088
2.1980;0.0088
2.1990;0.0088
2.2000;0.0088
2.2010;0.0088
2.2020;0.0088
2.2030;0.0117
2.2040;0.0117
2.2050;0.0146
2.2060;0.0117
2.2070;0.0146
2.2080;0.0176
2.2090;0.0176
2.2100;0.0176
2.2110;0.0205
2.2120;0.0176
2.2130;0.0176
2.2140;0.0176
2.2150;0.0205
2.2160;0.0176
2.2170;0.0205
2.2180;0.0205
2.2190;0.0205
2.2200;0.0205
2.2210;0.0205
2.2220;0.0205
2.2230;0.0234
2.2240;0.0205
2.2250;0.0234
2.2260;0.0205
2.2270;0.0205
2.2280;0.0205
2.2290;0.0205
2.2300;0.0205
2.2310;0.0205
2.2320;0.0205
2.2330;0.0205
2.2340;0.0205
2.2350;0.0205
2.2360;0.0205
2.2370;0.0205
2.2380;0.0205
2.2390;0.0205
2.2400;0.0205
2.2410;0.0205
2.2420;0.0205
2.2430;0.0234
2.2440;0.0234
2.2450;0.0264
2.2460;0.0264
2.2470;0.0264
2.2480;0.0264
2.2490;0.0264
2.2500;0.0293
2.2510;0.0293
2.2520;0.0322
2.2530;0.0352
2.2540;0.0410
2.2550;0.0469
2.2560;0.0527
2.2570;0.0586
2.2580;0.0674
2.2590;0.0703
2.2600;0.0762
2.2610;0.0820
2.2620;0.0879
2.2630;0.0937
2.2640;0.0996
2.2650;0.1055
2.2660;0.1113
2.2670;0.1143
2.2680;0.1172
2.2690;0.1201
2.2700;0.1201
2.2710;0.1172
2.2720;0.1143
2.2730;0.1143
2.2740;0.1084
2.2750;0.1055
2.2760;0.1025
2.2770;0.1025
2.2780;0.1025
2.2790;0.1055
2.2800;0.1113
2.2810;0.1143
2.2820;0.1201
2.2830;0.1318
2.2840;0.1406
2.2850;0.1553
2.2860;0.1641
2.2870;0.1758
2.2880;0.1846
2.2890;0.1934
2.2900;0.2080
2.2910;0.2197
2.2920;0.2256
2.2930;0.2314
2.2940;0.2344
2.2950;0.2344
2.2960;0.2314
2.2970;0.2344
2.2980;0.2314
2.2990;0.2285
2.3000;0.2256
2.3010;0.2227
2.3020;0.2139
2.3030;0.2080
2.3040;0.1992
2.3050;0.1934
2.3060;0.1875
2.3070;0.1816
2.3080;0.1758
2.3090;0.1670
2.3100;0.1611
2.3110;0.1523
2.3120;0.1436
2.3130;0.1348
2.3140;0.1230
2.3150;0.1113
2.3160;0.1025
2.3170;0.0937
2.3180;0.0879
2.3190;0.0791
2.3200;0.0703
2.3210;0.0615
2.3220;0.0527
2.3230;0.0381
2.3240;0.0264
2.3250;0.0117
2.3260;0.0029
2.3270;-0.0059
2.3280;-0.0146
2.3290;-0.0234
2.3300;-0.0293
2.3310;-0.0322
2.3320;-0.0381
2.3330;-0.0439
2.3340;-0.0469
2.3350;-0.0527
2.3360;-0.0586
2.3370;-0.0615
2.3380;-0.0674
2.3390;-0.0703
2.3400;-0.0732
2.3410;-0.0762
2.3420;-0.0791
2.3430;-0.0820
2.3440;-0.0850
2.3450;-0.0850
2.3460;-0.0879
2.3470;-0.0908
2.3480;-0.0937
2.3490;-0.0937
2.3500;-0.0967
2.3510;-0.0967
2.3520;-0.0967
2.3530;-0.0996
2.3540;-0.0996
2.3550;-0.0996
2.3560;-0.1025
2.3570;-0.1055
2.3580;-0.1055
2.3590;-0.1055
2.3600;-0.1084
2.3610;-0.1084
2.3620;-0.1084
2.3630;-0.1084
2.3640;-0.1113
2.3650;-0.1084
2.3660;-0.1084
2.3670;-0.1055
2.3680;-0.1055
2.3690;-0.1084
2.3700;-0.1084
2.3710;-0.1084
2.3720;-0.1084
2.3730;-0.1084
2.3740;-0.1055
2.3750;-0.1055
2.3760;-0.1055
2.3770;-0.1055
2.3780;-0.1055
2.3790;-0.1055
2.3800;-0.1055
2.3810;-0.1055
2.3820;-0.1055
2.3830;-0.1055
2.3840;-0.1025
2.3850;-0.0996
2.3860;-0.0996
2.3870;-0.0967
2.3880;-0.0967
2.3890;-0.0937
2.3900;-0.0908
2.3910;-0.0908
2.3920;-0.0937
2.3930;-0.0937
2.3940;-0.0937
2.3950;-0.0967
2.3960;-0.1084
2.3970;-0.1172
2.3980;-0.1318
2.3990;-0.1436
2.4000;-0.1582
2.4010;-0.1758
2.4020;-0.1846
2.4030;-0.1934
2.4040;-0.1992
2.4050;-0.2021
2.4060;-0.2080
2.4070;-0.2080
2.4080;-0.2080
2.4090;-0.2021
2.4100;-0.1934
2.4110;-0.1816
2.4120;-0.1641
2.4130;-0.1436
2.4140;-0.1230
2.4150;-0.0967
2.4160;-0.0674
2.4170;-0.0293
2.4180;0.0146
2.4190;0.0645
2.4200;0.1260
2.4210;0.1963
2.4220;0.2783
2.4230;0.3662
2.4240;0.4629
2.4250;0.5537
2.4260;0.6416
2.4270;0.7295
2.4280;0.8262
2.4290;0.9258
2.4300;1.0283
2.4310;1.1367
2.4320;1.2451
2.4330;1.3535
2.4340;1.4531
2.4350;1.4941
2.4360;1.4941
2.4370;1.4941
2.4380;1.4941
2.4390;1.4941
2.4400;1.4941
2.4410;1.4941
2.4420;1.4941
2.4430;1.4941
2.4440;1.4941
2.4450;1.4941
2.4460;1.4941
2.4470;1.4736
2.4480;1.3213
2.4490;1.1719
2.4500;1.0078
2.4510;0.8320
2.4520;0.6445
2.4530;0.4629
2.4540;0.2930
2.4550;0.1465
2.4560;0.0146
2.4570;-0.0967
2.4580;-0.1904
2.4590;-0.2637
2.4600;-0.3252
2.4610;-0.3721
2.4620;-0.4131
2.4630;-0.4482
2.4640;-0.4863
2.4650;-0.5127
2.4660;-0.5361
2.4670;-0.5479
2.4680;-0.5566
2.4690;-0.5596
2.4700;-0.5625
2.4710;-0.5654
2.4720;-0.5684
2.4730;-0.5684
2.4740;-0.5684
2.4750;-0.5625
2.4760;-0.5596
2.4770;-0.5537
2.4780;-0.5449
2.4790;-0.5391
2.4800;-0.5273
2.4810;-0.5127
2.4820;-0.4951
2.4830;-0.4775
2.4840;-0.4570
2.4850;-0.4336
2.4860;-0.4131
2.4870;-0.3926
2.4880;-0.3721
2.4890;-0.3545
2.4900;-0.3369
2.4910;-0.3193
2.4920;-0.3047
2.4930;-0.2900
2.4940;-0.2783
2.4950;-0.2695
2.4960;-0.2607
2.4970;-0.2520
2.4980;-0.2461
2.4990;-0.2402
2.5000;-0.2344
2.5010;-0.2314
2.5020;-0.2227
2.5030;-0.2168
2.5040;-0.2109
2.5050;-0.2051
2.5060;-0.1992
2.5070;-0.1934
2.5080;-0.1904
2.5090;-0.1875
2.5100;-0.1875
2.5110;-0.1846
2.5120;-0.1787
2.5130;-0.1787
2.5140;-0.1729
2.5150;-0.1670
2.5160;-0.1670
2.5170;-0.1611
2.5180;-0.1553
2.5190;-0.1523
2.5200;-0.1465
2.5210;-0.1436
2.5220;-0.1436
2.5230;-0.1377
2.5240;-0.1348
2.5250;-0.1318
2.5260;-0.1289
2.5270;-0.1260
2.5280;-0.1230
2.5290;-0.1201
2.5300;-0.1143
2.5310;-0.1113
2.5320;-0.1055
2.5330;-0.1025
2.5340;-0.0996
2.5350;-0.0937
2.5360;-0.0908
2.5370;-0.0879
2.5380;-0.0850
2.5390;-0.0791
2.5400;-0.0762
2.5410;-0.0732
2.5420;-0.0703
2.5430;-0.0703
2.5440;-0.0674
2.5450;-0.0615
2.5460;-0.0586
2.5470;-0.0557
2.5480;-0.0557
2.5490;-0.0527
2.5500;-0.0498
2.5510;-0.0498
2.5520;-0.0439
2.5530;-0.0439
2.5540;-0.0410
2.5550;-0.0352
2.5560;-0.0293
2.5570;-0.0264
2.5580;-0.0264
2.5590;-0.0264
2.5600;-0.0234
2.5610;-0.0176
2.5620;-0.0146
2.5630;-0.0117
2.5640;-0.0088
2.5650;-0.0059
2.5660;-0.0029
2.5670;0.0000
2.5680;0.0029
2.5690;0.0059
2.5700;0.0088
2.5710;0.0088
2.5720;0.0117
2.5730;0.0117
2.5740;0.0176
2.5750;0.0205
2.5760;0.0234
2.5770;0.0264
2.5780;0.0293
2.5790;0.0352
2.5800;0.0381
2.5810;0.0410
2.5820;0.0439
2.5830;0.0439
2.5840;0.0469
2.5850;0.0557
2.5860;0.0586
2.5870;0.0645
2.5880;0.0674
2.5890;0.0703
2.5900;0.0732
2.5910;0.0791
2.5920;0.0820
2.5930;0.0879
2.5940;0.0908
2.5950;0.0967
2.5960;0.1055
2.5970;0.1084
2.5980;0.1113
2.5990;0.1172
2.6000;0.1201
2.6010;0.1230
2.6020;0.1289
2.6030;0.1318
2.6040;0.1348
2.6050;0.1406
2.6060;0.1436
2.6070;0.1494
2.6080;0.1523
2.6090;0.1611
2.6100;0.1641
2.6110;0.1670
2.6120;0.1758
2.6130;0.1787
2.6140;0.1846
2.6150;0.1875
2.6160;0.1934
2.6170;0.1963
2.6180;0.2021
2.6190;0.2080
2.6200;0.2139
2.6210;0.2197
2.6220;0.2227
2.6230;0.2285
2.6240;0.2285
2.6250;0.2314
2.6260;0.2344
2.6270;0.2373
2.6280;0.2373
2.6290;0.2432
2.6300;0.2461
2.6310;0.2432
2.6320;0.2461
2.6330;0.2490
2.6340;0.2520
2.6350;0.2549
2.6360;0.2578
2.6370;0.2578
2.6380;0.2578
2.6390;0.2578
2.6400;0.2607
2.6410;0.2578
2.6420;0.2607
2.6430;0.2607
2.6440;0.2578
2.6450;0.2607
2.6460;0.2607
2.6470;0.2607
2.6480;0.2607
2.6490;0.2578
2.6500;0.2549
2.6510;0.2520
2.6520;0.2520
2.6530;0.2490
2.6540;0.2432
2.6550;0.2402
2.6560;0.2344
2.6570;0.2314
2.6580;0.2285
2.6590;0.2227
2.6600;0.2168
2.6610;0.2080
2.6620;0.2051
2.6630;0.1992
2.6640;0.1904
2.6650;0.1846
2.6660;0.1758
2.6670;0.1641
2.6680;0.1553
2.6690;0.1436
2.6700;0.1348
2.6710;0.1230
2.6720;0.1143
2.6730;0.1025
2.6740;0.0908
2.6750;0.0791
2.6760;0.0645
2.6770;0.0527
2.6780;0.0381
2.6790;0.0205
2.6800;0.0088
2.6810;-0.0059
2.6820;-0.0176
2.6830;-0.0322
2.6840;-0.0498
2.6850;-0.0615
2.6860;-0.0762
2.6870;-0.0937
2.6880;-0.1055
2.6890;-0.1172
2.6900;-0.1318
2.6910;-0.1436
2.6920;-0.1553
2.6930;-0.1699
2.6940;-0.1846
2.6950;-0.1934
2.6960;-0.2080
2.6970;-0.2168
2.6980;-0.2285
2.6990;-0.2373
2.7000;-0.2461
2.7010;-0.2549
2.7020;-0.2666
2.7030;-0.2754
2.7040;-0.2842
2.7050;-0.2871
2.7060;-0.2959
2.7070;-0.3018
2.7080;-0.3076
2.7090;-0.3164
2.7100;-0.3252
2.7110;-0.3311
2.7120;-0.3340
2.7130;-0.3398
2.7140;-0.3428
2.7150;-0.3457
2.7160;-0.3486
2.7170;-0.3516
2.7180;-0.3545
2.7190;-0.3574
2.7200;-0.3604
2.7210;-0.3604
2.7220;-0.3604
2.7230;-0.3604
2.7240;-0.3633
2.7250;-0.3633
2.7260;-0.3604
2.7270;-0.3604
2.7280;-0.3604
2.7290;-0.3604
2.7300;-0.3604
2.7310;-0.3574
2.7320;-0.3574
2.7330;-0.3574
2.7340;-0.3574
2.7350;-0.3545
2.7360;-0.3545
2.7370;-0.3545
2.7380;-0.3545
2.7390;-0.3486
2.7400;-0.3457
2.7410;-0.3428
2.7420;-0.3369
2.7430;-0.3340
2.7440;-0.3311
2.7450;-0.3281
2.7460;-0.3252
2.7470;-0.3252
2.7480;-0.3193
2.7490;-0.3193
2.7500;-0.3164
2.7510;-0.3105
2.7520;-0.3076
2.7530;-0.3076
2.7540;-0.3047
2.7550;-0.3018
2.7560;-0.2988
2.7570;-0.2959
2.7580;-0.2900
2.7590;-0.2871
2.7600;-0.2842
2.7610;-0.2842
2.7620;-0.2783
2.7630;-0.2754
2.7640;-0.2725
2.7650;-0.2695
2.7660;-0.2637
2.7670;-0.2607
2.7680;-0.2607
2.7690;-0.2578
2.7700;-0.2520
2.7710;-0.2520
2.7720;-0.2461
2.7730;-0.2432
2.7740;-0.2402
2.7750;-0.2344
2.7760;-0.2314
2.7770;-0.2256
2.7780;-0.2227
2.7790;-0.2168
2.7800;-0.2109
2.7810;-0.2080
2.7820;-0.2021
2.7830;-0.1992
2.7840;-0.1992
2.7850;-0.1934
2.7860;-0.1934
2.7870;-0.1875
2.7880;-0.1875
2.7890;-0.1846
2.7900;-0.1816
2.7910;-0.1787
2.7920;-0.1787
2.7930;-0.1729
2.7940;-0.1729
2.7950;-0.1699
2.7960;-0.1670
2.7970;-0.1641
2.7980;-0.1611
2.7990;-0.1582
2.8000;-0.1553
2.8010;-0.1523
2.8020;-0.1465
2.8030;-0.1436
2.8040;-0.1406
2.8050;-0.1377
2.8060;-0.1348
2.8070;-0.1318
2.8080;-0.1318
2.8090;-0.1318
2.8100;-0.1289
2.8110;-0.1260
2.8120;-0.1230
2.8130;-0.1230
2.8140;-0.1201
2.8150;-0.1143
2.8160;-0.1143
2.8170;-0.1084
2.8180;-0.1084
2.8190;-0.1055
2.8200;-0.1055
2.8210;-0.1055
2.8220;-0.1025
2.8230;-0.0996
2.8240;-0.0996
2.8250;-0.0996
2.8260;-0.0996
2.8270;-0.0967
2.8280;-0.0967
2.8290;-0.0967
2.8300;-0.0937
2.8310;-0.0967
2.8320;-0.0937
2.8330;-0.0937
2.8340;-0.0908
2.8350;-0.0908
2.8360;-0.0879
2.8370;-0.0879
2.8380;-0.0850
2.8390;-0.0850
2.8400;-0.0850
2.8410;-0.0850
2.8420;-0.0879
2.8430;-0.0850
2.8440;-0.0850
2.8450;-0.0820
2.8460;-0.0820
2.8470;-0.0791
2.8480;-0.0762
2.8490;-0.0762
2.8500;-0.0732
2.8510;-0.0732
2.8520;-0.0703
2.8530;-0.0674
2.8540;-0.0645
2.8550;-0.0615
2.8560;-0.0586
2.8570;-0.0586
2.8580;-0.0586
2.8590;-0.0586
2.8600;-0.0586
2.8610;-0.0586
2.8620;-0.0586
2.8630;-0.0557
2.8640;-0.0557
2.8650;-0.0557
2.8660;-0.0527
2.8670;-0.0527
2.8680;-0.0498
2.8690;-0.0498
2.8700;-0.0469
2.8710;-0.0469
2.8720;-0.0469
2.8730;-0.0469
2.8740;-0.0469
2.8750;-0.0439
2.8760;-0.0439
2.8770;-0.0439
2.8780;-0.0439
2.8790;-0.0439
2.8800;-0.0439
2.8810;-0.0439
2.8820;-0.0439
2.8830;-0.0439
2.8840;-0.0439
2.8850;-0.0439
2.8860;-0.0439
2.8870;-0.0410
2.8880;-0.0410
2.8890;-0.0410
2.8900;-0.0439
2.8910;-0.0439
2.8920;-0.0439
2.8930;-0.0439
2.8940;-0.0410
2.8950;-0.0410
2.8960;-0.0410
2.8970;-0.0410
2.8980;-0.0410
2.8990;-0.0381
2.9000;-0.0381
2.9010;-0.0381
2.9020;-0.0410
2.9030;-0.0410
2.9040;-0.0410
2.9050;-0.0381
2.9060;-0.0410
2.9070;-0.0410
2.9080;-0.0381
2.9090;-0.0410
2.9100;-0.0381
2.9110;-0.0410
2.9120;-0.0410
2.9130;-0.0410
2.9140;-0.0381
2.9150;-0.0381
2.9160;-0.0381
2.9170;-0.0352
2.9180;-0.0352
2.9190;-0.0381
2.9200;-0.0352
2.9210;-0.0322
2.9220;-0.0322
2.9230;-0.0293
2.9240;-0.0293
2.9250;-0.0293
2.9260;-0.0264
2.9270;-0.0234
2.9280;-0.0234
2.9290;-0.0234
2.9300;-0.0205
2.9310;-0.0205
2.9320;-0.0205
2.9330;-0.0205
2.9340;-0.0205
2.9350;-0.0234
2.9360;-0.0234
2.9370;-0.0234
2.9380;-0.0205
2.9390;-0.0205
2.9400;-0.0176
2.9410;-0.0205
2.9420;-0.0205
2.9430;-0.0176
2.9440;-0.0205
2.9450;-0.0205
2.9460;-0.0176
2.9470;-0.0205
2.9480;-0.0205
2.9490;-0.0205
2.9500;-0.0205
2.9510;-0.0205
2.9520;-0.0205
2.9530;-0.0205
2.9540;-0.0205
2.9550;-0.0176
2.9560;-0.0176
2.9570;-0.0146
2.9580;-0.0146
2.9590;-0.0146
2.9600;-0.0146
2.9610;-0.0146
2.9620;-0.0146
2.9630;-0.0146
2.9640;-0.0176
2.9650;-0.0146
2.9660;-0.0146
2.9670;-0.0117
2.9680;-0.0117
2.9690;-0.0117
2.9700;-0.0117
2.9710;-0.0117
2.9720;-0.0117
2.9730;-0.0088
2.9740;-0.0059
2.9750;-0.0059
2.9760;-0.0029
2.9770;-0.0029
2.9780;-0.0059
2.9790;-0.0029
2.9800;-0.0029
2.9810;-0.0029
2.9820;-0.0029
2.9830;-0.0029
2.9840;0.0000
2.9850;0.0000
2.9860;0.0000
2.9870;0.0000
2.9880;0.0000
2.9890;0.0000
2.9900;0.0000
2.9910;0.0000
2.9920;0.0000
2.9930;-0.0029
2.9940;-0.0029
2.9950;-0.0059
2.9960;-0.0029
2.9970;-0.0029
2.9980;-0.0029
2.9990;-0.0029
3.0000;-0.0029
3.0010;-0.0029
3.0020;0.0000
3.0030;0.0000
3.0040;0.0029
3.0050;0.0029
3.0060;0.0029
3.0070;0.0000
3.0080;0.0000
3.0090;0.0000
3.0100;-0.0029
3.0110;-0.0029
3.0120;0.0000
3.0130;0.0000
3.0140;0.0000
3.0150;0.0029
3.0160;0.0029
3.0170;0.0029
3.0180;0.0029
3.0190;0.0029
3.0200;0.0059
3.0210;0.0059
3.0220;0.0059
3.0230;0.0059
3.0240;0.0059
3.0250;0.0088
3.0260;0.0088
3.0270;0.0088
3.0280;0.0088
3.0290;0.0088
3.0300;0.0088
3.0310;0.0117
3.0320;0.0088
3.0330;0.0088
3.0340;0.0088
3.0350;0.0117
3.0360;0.0117
3.0370;0.0117
3.0380;0.0088
3.0390;0.0088
3.0400;0.0117
3.0410;0.0088
3.0420;0.0088
3.0430;0.0088
3.0440;0.0059
3.0450;0.0059
3.0460;0.0059
3.0470;0.0059
3.0480;0.0059
3.0490;0.0029
3.0500;0.0029
3.0510;0.0029
3.0520;0.0029
3.0530;0.0029
3.0540;0.0029
3.0550;0.0059
3.0560;0.0059
3.0570;0.0059
3.0580;0.0029
3.0590;0.0029
3.0600;0.0029
3.0610;0.0029
3.0620;0.0029
3.0630;0.0029
3.0640;0.0059
3.0650;0.0088
3.0660;0.0059
3.0670;0.0088
3.0680;0.0117
3.0690;0.0117
3.0700;0.0117
3.0710;0.0117
3.0720;0.0146
3.0730;0.0176
3.0740;0.0205
3.0750;0.0264
3.0760;0.0322
3.0770;0.0352
3.0780;0.0410
3.0790;0.0469
3.0800;0.0557
3.0810;0.0586
3.0820;0.0645
3.0830;0.0703
3.0840;0.0791
3.0850;0.0879
3.0860;0.0879
3.0870;0.0908
3.0880;0.0967
3.0890;0.0967
3.0900;0.0967
3.0910;0.0937
3.0920;0.0937
3.0930;0.0937
3.0940;0.0879
3.0950;0.0879
3.0960;0.0879
3.0970;0.0850
3.0980;0.0850
3.0990;0.0879
3.1000;0.0908
3.1010;0.0967
3.1020;0.1025
3.1030;0.1055
3.1040;0.1201
3.1050;0.1377
3.1060;0.1494
3.1070;0.1641
3.1080;0.1758
3.1090;0.1904
3.1100;0.2021
3.1110;0.2168
3.1120;0.2285
3.1130;0.2373
3.1140;0.2402
3.1150;0.2402
3.1160;0.2402
3.1170;0.2432
3.1180;0.2432
3.1190;0.2344
3.1200;0.2314
3.1210;0.2227
3.1220;0.2168
3.1230;0.2080
3.1240;0.2051
3.1250;0.1963
3.1260;0.1904
3.1270;0.1846
3.1280;0.1816
3.1290;0.1729
3.1300;0.1641
3.1310;0.1553
3.1320;0.1465
3.1330;0.1348
3.1340;0.1260
3.1350;0.1172
3.1360;0.1084
3.1370;0.0996
3.1380;0.0908
3.1390;0.0850
3.1400;0.0791
3.1410;0.0703
3.1420;0.0615
3.1430;0.0498
3.1440;0.0381
3.1450;0.0234
3.1460;0.0117
3.1470;0.0000
3.1480;-0.0117
3.1490;-0.0205
3.1500;-0.0234
3.1510;-0.0322
3.1520;-0.0381
3.1530;-0.0410
3.1540;-0.0439
3.1550;-0.0498
3.1560;-0.0527
3.1570;-0.0557
3.1580;-0.0586
3.1590;-0.0645
3.1600;-0.0674
3.1610;-0.0703
3.1620;-0.0732
3.1630;-0.0762
3.1640;-0.0791
3.1650;-0.0820
3.1660;-0.0820
3.1670;-0.0850
3.1680;-0.0879
3.1690;-0.0908
3.1700;-0.0908
3.1710;-0.0937
3.1720;-0.0937
3.1730;-0.0967
3.1740;-0.0967
3.1750;-0.0967
3.1760;-0.0996
3.1770;-0.1025
3.1780;-0.1055
3.1790;-0.1055
3.1800;-0.1055
3.1810;-0.1084
3.1820;-0.1084
3.1830;-0.1055
3.1840;-0.1084
3.1850;-0.1084
3.1860;-0.1055
3.1870;-0.1084
3.1880;-0.1084
3.1890;-0.1084
3.1900;-0.1084
3.1910;-0.1084
3.1920;-0.1084
3.1930;-0.1055
3.1940;-0.1055
3.1950;-0.1055
3.1960;-0.1055
3.1970;-0.1055
3.1980;-0.1055
3.1990;-0.1055
3.2000;-0.1025
3.2010;-0.1025
3.2020;-0.1025
3.2030;-0.1025
3.2040;-0.1025
3.2050;-0.1025
3.2060;-0.1025
3.2070;-0.1025
3.2080;-0.0996
3.2090;-0.0996
3.2100;-0.0996
3.2110;-0.0996
3.2120;-0.0967
3.2130;-0.1025
3.2140;-0.0996
3.2150;-0.0996
3.2160;-0.1055
3.2170;-0.1113
3.2180;-0.1201
3.2190;-0.1377
3.2200;-0.1523
3.2210;-0.1729
3.2220;-0.1875
3.2230;-0.1992
3.2240;-0.2109
3.2250;-0.2139
3.2260;-0.2197
3.2270;-0.2197
3.2280;-0.2197
3.2290;-0.2168
3.2300;-0.2139
3.2310;-0.2021
3.2320;-0.1875
3.2330;-0.1699
3.2340;-0.1494
3.2350;-0.1289
3.2360;-0.1055
3.2370;-0.0732
3.2380;-0.0410
3.2390;0.0029
3.2400;0.0527
3.2410;0.1143
3.2420;0.1787
3.2430;0.2578
3.2440;0.3457
3.2450;0.4365
3.2460;0.5244
3.2470;0.6064
3.2480;0.6914
3.2490;0.7852
3.2500;0.8848
3.2510;0.9814
3.2520;1.0840
3.2530;1.1836
3.2540;1.2891
3.2550;1.3857
3.2560;1.4795
3.2570;1.4941
3.2580;1.4941
3.2590;1.4941
3.2600;1.4941
3.2610;1.4941
3.2620;1.4941
3.2630;1.4941
3.2640;1.4941
3.2650;1.4941
3.2660;1.4941
3.2670;1.4941
3.2680;1.3711
3.2690;1.2305
3.2700;1.0869
3.2710;0.9287
3.2720;0.7559
3.2730;0.5801
3.2740;0.4072
3.2750;0.2520
3.2760;0.1143
3.2770;-0.0088
3.2780;-0.1172
3.2790;-0.2051
3.2800;-0.2725
3.2810;-0.3252
3.2820;-0.3691
3.2830;-0.4043
3.2840;-0.4424
3.2850;-0.4717
3.2860;-0.5010
3.2870;-0.5244
3.2880;-0.5508
3.2890;-0.5684
3.2900;-0.5771
3.2910;-0.5830
3.2920;-0.5830
3.2930;-0.5830
3.2940;-0.5830
3.2950;-0.5830
3.2960;-0.5801
3.2970;-0.5742
3.2980;-0.5684
3.2990;-0.5625
3.3000;-0.5566
3.3010;-0.5479
3.3020;-0.5420
3.3030;-0.5303
3.3040;-0.5127
3.3050;-0.4863
3.3060;-0.4629
3.3070;-0.4365
3.3080;-0.4160
3.3090;-0.3955
3.3100;-0.3721
3.3110;-0.3486
3.3120;-0.3281
3.3130;-0.3105
3.3140;-0.2930
3.3150;-0.2842
3.3160;-0.2725
3.3170;-0.2607
3.3180;-0.2490
3.3190;-0.2402
3.3200;-0.2314
3.3210;-0.2256
3.3220;-0.2197
3.3230;-0.2139
3.3240;-0.2109
3.3250;-0.2051
3.3260;-0.1992
3.3270;-0.1963
3.3280;-0.1904
3.3290;-0.1875
3.3300;-0.1816
3.3310;-0.1758
3.3320;-0.1699
3.3330;-0.1670
3.3340;-0.1611
3.3350;-0.1582
3.3360;-0.1523
3.3370;-0.1494
3.3380;-0.1436
3.3390;-0.1436
3.3400;-0.1406
3.3410;-0.1406
3.3420;-0.1377
3.3430;-0.1318
3.3440;-0.1289
3.3450;-0.1260
3.3460;-0.1230
3.3470;-0.1172
3.3480;-0.1143
3.3490;-0.1143
3.3500;-0.1113
3.3510;-0.1084
3.3520;-0.1055
3.3530;-0.0996
3.3540;-0.0967
3.3550;-0.0908
3.3560;-0.0908
3.3570;-0.0850
3.3580;-0.0820
3.3590;-0.0791
3.3600;-0.0791
3.3610;-0.0762
3.3620;-0.0732
3.3630;-0.0674
3.3640;-0.0645
3.3650;-0.0615
3.3660;-0.0586
3.3670;-0.0586
3.3680;-0.0557
3.3690;-0.0498
3.3700;-0.0439
3.3710;-0.0410
3.3720;-0.0381
3.3730;-0.0352
3.3740;-0.0322
3.3750;-0.0293
3.3760;-0.0264
3.3770;-0.0234
3.3780;-0.0205
3.3790;-0.0205
3.3800;-0.0146
3.3810;-0.0146
3.3820;-0.0146
3.3830;-0.0117
3.3840;-0.0059
3.3850;0.0000
3.3860;0.0000
3.3870;0.0029
3.3880;0.0059
3.3890;0.0088
3.3900;0.0117
3.3910;0.0176
3.3920;0.0176
3.3930;0.0205
3.3940;0.0234
3.3950;0.0264
3.3960;0.0322
3.3970;0.0352
3.3980;0.0381
3.3990;0.0410
3.4000;0.0439
3.4010;0.0498
3.4020;0.0527
3.4030;0.0557
3.4040;0.0615
3.4050;0.0645
3.4060;0.0703
3.4070;0.0703
3.4080;0.0732
3.4090;0.0791
3.4100;0.0820
3.4110;0.0820
3.4120;0.0879
3.4130;0.0908
3.4140;0.0937
3.4150;0.1025
3.4160;0.1055
3.4170;0.1055
3.4180;0.1084
3.4190;0.1143
3.4200;0.1201
3.4210;0.1230
3.4220;0.1289
3.4230;0.1318
3.4240;0.1377
3.4250;0.1406
3.4260;0.1494
3.4270;0.1582
3.4280;0.1611
3.4290;0.1641
3.4300;0.1699
3.4310;0.1758
3.4320;0.1816
3.4330;0.1846
3.4340;0.1875
3.4350;0.1904
3.4360;0.1904
3.4370;0.1963
3.4380;0.1992
3.4390;0.2021
3.4400;0.2080
3.4410;0.2109
3.4420;0.2139
3.4430;0.2227
3.4440;0.2227
3.4450;0.2285
3.4460;0.2314
3.4470;0.2344
3.4480;0.2402
3.4490;0.2432
3.4500;0.2432
3.4510;0.2461
3.4520;0.2520
3.4530;0.2490
3.4540;0.2520
3.4550;0.2520
3.4560;0.2549
3.4570;0.2578
3.4580;0.2578
3.4590;0.2578
3.4600;0.2607
3.4610;0.2607
3.4620;0.2607
3.4630;0.2578
3.4640;0.2490
3.4650;0.2549
3.4660;0.2520
3.4670;0.2520
3.4680;0.2490
3.4690;0.2520
3.4700;0.2520
3.4710;0.2490
3.4720;0.2490
3.4730;0.2461
3.4740;0.2432
3.4750;0.2432
3.4760;0.2373
3.4770;0.2344
3.4780;0.2314
3.4790;0.2285
3.4800;0.2227
3.4810;0.2197
3.4820;0.2109
3.4830;0.2051
3.4840;0.1963
3.4850;0.1904
3.4860;0.1846
3.4870;0.1758
3.4880;0.1670
3.4890;0.1582
3.4900;0.1494
3.4910;0.1406
3.4920;0.1318
3.4930;0.1201
3.4940;0.1113
3.4950;0.0996
3.4960;0.0850
3.4970;0.0703
3.4980;0.0586
3.4990;0.0439
3.5000;0.0322
3.5010;0.0176
3.5020;0.0000
3.5030;-0.0117
3.5040;-0.0264
3.5050;-0.0410
3.5060;-0.0527
3.5070;-0.0645
3.5080;-0.0820
3.5090;-0.0937
3.5100;-0.1025
3.5110;-0.1143
3.5120;-0.1230
3.5130;-0.1377
3.5140;-0.1494
3.5150;-0.1611
3.5160;-0.1699
3.5170;-0.1816
3.5180;-0.1992
3.5190;-0.2109
3.5200;-0.2227
3.5210;-0.2344
3.5220;-0.2402
3.5230;-0.2490
3.5240;-0.2578
3.5250;-0.2607
3.5260;-0.2695
3.5270;-0.2725
3.5280;-0.2754
3.5290;-0.2871
3.5300;-0.2930
3.5310;-0.3018
3.5320;-0.3105
3.5330;-0.3164
3.5340;-0.3193
3.5350;-0.3193
3.5360;-0.3252
3.5370;-0.3252
3.5380;-0.3311
3.5390;-0.3340
3.5400;-0.3340
3.5410;-0.3398
3.5420;-0.3369
3.5430;-0.3369
3.5440;-0.3398
3.5450;-0.3398
3.5460;-0.3428
3.5470;-0.3428
3.5480;-0.3398
3.5490;-0.3398
3.5500;-0.3369
3.5510;-0.3369
3.5520;-0.3340
3.5530;-0.3311
3.5540;-0.3281
3.5550;-0.3252
3.5560;-0.3252
3.5570;-0.3223
3.5580;-0.3193
3.5590;-0.3193
3.5600;-0.3164
3.5610;-0.3164
3.5620;-0.3135
3.5630;-0.3135
3.5640;-0.3135
3.5650;-0.3076
3.5660;-0.3047
3.5670;-0.3047
3.5680;-0.3018
3.5690;-0.2959
3.5700;-0.2900
3.5710;-0.2842
3.5720;-0.2871
3.5730;-0.2842
3.5740;-0.2812
3.5750;-0.2783
3.5760;-0.2725
3.5770;-0.2695
3.5780;-0.2666
3.5790;-0.2607
3.5800;-0.2607
3.5810;-0.2549
3.5820;-0.2520
3.5830;-0.2461
3.5840;-0.2432
3.5850;-0.2402
3.5860;-0.2373
3.5870;-0.2344
3.5880;-0.2344
3.5890;-0.2285
3.5900;-0.2256
3.5910;-0.2256
3.5920;-0.2227
3.5930;-0.2197
3.5940;-0.2139
3.5950;-0.2109
3.5960;-0.2051
3.5970;-0.2021
3.5980;-0.1992
3.5990;-0.1992
3.6000;-0.1934
3.6010;-0.1904
3.6020;-0.1875
3.6030;-0.1846
3.6040;-0.1787
3.6050;-0.1729
3.6060;-0.1699
3.6070;-0.1699
3.6080;-0.1670
3.6090;-0.1641
3.6100;-0.1611
3.6110;-0.1553
3.6120;-0.1523
3.6130;-0.1553
3.6140;-0.1523
3.6150;-0.1523
3.6160;-0.1494
3.6170;-0.1436
3.6180;-0.1436
3.6190;-0.1406
3.6200;-0.1348
3.6210;-0.1318
3.6220;-0.1318
3.6230;-0.1260
3.6240;-0.1230
3.6250;-0.1201
3.6260;-0.1201
3.6270;-0.1201
3.6280;-0.1201
3.6290;-0.1172
3.6300;-0.1172
3.6310;-0.1143
3.6320;-0.1084
3.6330;-0.1055
3.6340;-0.1025
3.6350;-0.1025
3.6360;-0.0967
3.6370;-0.0967
3.6380;-0.0967
3.6390;-0.0937
3.6400;-0.0879
3.6410;-0.0879
3.6420;-0.0908
3.6430;-0.0908
3.6440;-0.0908
3.6450;-0.0908
3.6460;-0.0908
3.6470;-0.0908
3.6480;-0.0908
3.6490;-0.0879
3.6500;-0.0879
3.6510;-0.0850
3.6520;-0.0850
3.6530;-0.0820
3.6540;-0.0820
3.6550;-0.0791
3.6560;-0.0791
3.6570;-0.0791
3.6580;-0.0791
3.6590;-0.0732
3.6600;-0.0732
3.6610;-0.0732
3.6620;-0.0703
3.6630;-0.0703
3.6640;-0.0674
3.6650;-0.0674
3.6660;-0.0674
3.6670;-0.0615
3.6680;-0.0674
3.6690;-0.0645
3.6700;-0.0615
3.6710;-0.0586
3.6720;-0.0586
3.6730;-0.0527
3.6740;-0.0498
3.6750;-0.0498
3.6760;-0.0469
3.6770;-0.0469
3.6780;-0.0439
3.6790;-0.0439
3.6800;-0.0439
3.6810;-0.0439
3.6820;-0.0469
3.6830;-0.0498
3.6840;-0.0498
3.6850;-0.0469
3.6860;-0.0469
3.6870;-0.0498
3.6880;-0.0469
3.6890;-0.0498
3.6900;-0.0498
3.6910;-0.0469
3.6920;-0.0469
3.6930;-0.0469
3.6940;-0.0469
3.6950;-0.0410
3.6960;-0.0381
3.6970;-0.0381
3.6980;-0.0381
3.6990;-0.0352
3.7000;-0.0322
3.7010;-0.0293
3.7020;-0.0293
3.7030;-0.0322
3.7040;-0.0293
3.7050;-0.0264
3.7060;-0.0264
3.7070;-0.0234
3.7080;-0.0234
3.7090;-0.0205
3.7100;-0.0205
3.7110;-0.0205
3.7120;-0.0205
3.7130;-0.0205
3.7140;-0.0234
3.7150;-0.0234
3.7160;-0.0234
3.7170;-0.0234
3.7180;-0.0234
3.7190;-0.0234
3.7200;-0.0264
3.7210;-0.0264
3.7220;-0.0264
3.7230;-0.0264
3.7240;-0.0293
3.7250;-0.0293
3.7260;-0.0264
3.7270;-0.0264
3.7280;-0.0264
3.7290;-0.0264
3.7300;-0.0264
3.7310;-0.0293
3.7320;-0.0293
3.7330;-0.0293
3.7340;-0.0264
3.7350;-0.0264
3.7360;-0.0293
3.7370;-0.0264
3.7380;-0.0234
3.7390;-0.0234
3.7400;-0.0234
3.7410;-0.0234
3.7420;-0.0234
3.7430;-0.0234
3.7440;-0.0234
3.7450;-0.0234
3.7460;-0.0205
3.7470;-0.0205
3.7480;-0.0205
3.7490;-0.0176
3.7500;-0.0146
3.7510;-0.0146
3.7520;-0.0117
3.7530;-0.0117
3.7540;-0.0176
3.7550;-0.0146
3.7560;-0.0146
3.7570;-0.0146
3.7580;-0.0117
3.7590;-0.0146
3.7600;-0.0117
3.7610;-0.0117
3.7620;-0.0117
3.7630;-0.0117
3.7640;-0.0117
3.7650;-0.0088
3.7660;-0.0088
3.7670;-0.0117
3.7680;-0.0059
3.7690;-0.0059
3.7700;-0.0029
3.7710;-0.0029
3.7720;-0.0059
3.7730;-0.0059
3.7740;-0.0088
3.7750;-0.0059
3.7760;-0.0117
3.7770;-0.0117
3.7780;-0.0088
3.7790;-0.0088
3.7800;-0.0059
3.7810;-0.0059
3.7820;-0.0029
3.7830;-0.0029
3.7840;-0.0059
3.7850;-0.0029
3.7860;-0.0029
3.7870;0.0000
3.7880;-0.0029
3.7890;-0.0029
3.7900;-0.0029
3.7910;0.0000
3.7920;0.0000
3.7930;0.0000
3.7940;0.0000
3.7950;0.0029
3.7960;0.0029
3.7970;0.0029
3.7980;0.0029
3.7990;0.0029
3.8000;0.0029
3.8010;0.0000
3.8020;-0.0029
3.8030;0.0000
3.8040;0.0000
3.8050;0.0029
3.8060;0.0029
3.8070;0.0029
3.8080;0.0059
3.8090;0.0059
3.8100;0.0088
3.8110;0.0059
3.8120;0.0029
3.8130;0.0029
3.8140;0.0029
3.8150;0.0029
3.8160;0.0029
3.8170;0.0029
3.8180;0.0029
3.8190;0.0000
3.8200;0.0029
3.8210;0.0029
3.8220;0.0029
3.8230;0.0029
3.8240;0.0059
3.8250;0.0088
3.8260;0.0088
3.8270;0.0088
3.8280;0.0088
3.8290;0.0117
3.8300;0.0146
3.8310;0.0176
3.8320;0.0176
3.8330;0.0176
3.8340;0.0176
3.8350;0.0205
3.8360;0.0205
3.8370;0.0234
3.8380;0.0234
3.8390;0.0234
3.8400;0.0234
3.8410;0.0264
3.8420;0.0264
3.8430;0.0322
3.8440;0.0352
3.8450;0.0410
3.8460;0.0439
3.8470;0.0498
3.8480;0.0557
3.8490;0.0615
3.8500;0.0674
3.8510;0.0732
3.8520;0.0762
3.8530;0.0850
3.8540;0.0908
3.8550;0.0996
3.8560;0.1025
3.8570;0.1025
3.8580;0.1055
3.8590;0.1084
3.8600;0.1084
3.8610;0.1055
3.8620;0.1055
3.8630;0.1025
3.8640;0.0967
3.8650;0.0937
3.8660;0.0908
3.8670;0.0908
3.8680;0.0937
3.8690;0.0967
3.8700;0.0996
3.8710;0.1055
3.8720;0.1143
3.8730;0.1230
3.8740;0.1377
3.8750;0.1523
3.8760;0.1641
3.8770;0.1758
3.8780;0.1846
3.8790;0.1934
3.8800;0.2080
3.8810;0.2197
3.8820;0.2285
3.8830;0.2373
3.8840;0.2402
3.8850;0.2432
3.8860;0.2402
3.8870;0.2402
3.8880;0.2373
3.8890;0.2314
3.8900;0.2285
3.8910;0.2256
3.8920;0.2197
3.8930;0.2139
3.8940;0.2080
3.8950;0.2080
3.8960;0.2021
3.8970;0.1963
3.8980;0.1934
3.8990;0.1904
3.9000;0.1846
3.9010;0.1758
3.9020;0.1670
3.9030;0.1582
3.9040;0.1465
3.9050;0.1377
3.9060;0.1260
3.9070;0.1172
3.9080;0.1055
3.9090;0.0908
3.9100;0.0850
3.9110;0.0732
3.9120;0.0645
3.9130;0.0498
3.9140;0.0410
3.9150;0.0322
3.9160;0.0205
3.9170;0.0059
3.9180;0.0000
3.9190;-0.0059
3.9200;-0.0117
3.9210;-0.0176
3.9220;-0.0234
3.9230;-0.0264
3.9240;-0.0322
3.9250;-0.0381
3.9260;-0.0439
3.9270;-0.0469
3.9280;-0.0527
3.9290;-0.0586
3.9300;-0.0615
3.9310;-0.0674
3.9320;-0.0703
3.9330;-0.0762
3.9340;-0.0791
3.9350;-0.0791
3.9360;-0.0820
3.9370;-0.0850
3.9380;-0.0850
3.9390;-0.0879
3.9400;-0.0908
3.9410;-0.0908
3.9420;-0.0937
3.9430;-0.0967
3.9440;-0.0967
3.9450;-0.0996
3.9460;-0.1025
3.9470;-0.1025
3.9480;-0.0996
3.9490;-0.0996
3.9500;-0.0996
3.9510;-0.0996
3.9520;-0.0996
3.9530;-0.0996
3.9540;-0.1025
3.9550;-0.1025
3.9560;-0.0996
3.9570;-0.0967
3.9580;-0.0996
3.9590;-0.0996
3.9600;-0.0996
3.9610;-0.0996
3.9620;-0.0996
3.9630;-0.0996
3.9640;-0.1025
3.9650;-0.1025
3.9660;-0.1025
3.9670;-0.1055
3.9680;-0.1055
3.9690;-0.1055
3.9700;-0.1055
3.9710;-0.1025
3.9720;-0.1025
3.9730;-0.0996
3.9740;-0.0967
3.9750;-0.0967
3.9760;-0.0967
3.9770;-0.0937
3.9780;-0.0908
3.9790;-0.0879
3.9800;-0.0879
3.9810;-0.0908
3.9820;-0.0937
3.9830;-0.0937
3.9840;-0.0937
3.9850;-0.0937
3.9860;-0.0967
3.9870;-0.0996
3.9880;-0.1113
3.9890;-0.1230
3.9900;-0.1406
3.9910;-0.1611
3.9920;-0.1758
3.9930;-0.1904
3.9940;-0.2021
3.9950;-0.2109
3.9960;-0.2168
3.9970;-0.2227
3.9980;-0.2197
3.9990;-0.2168
4.0000;-0.2109
4.0010;-0.2021
4.0020;-0.1875
4.0030;-0.1670
4.0040;-0.1436
4.0050;-0.1172
4.0060;-0.0937
4.0070;-0.0586
4.0080;-0.0234
4.0090;0.0117
4.0100;0.0586
4.0110;0.1055
4.0120;0.1641
4.0130;0.2256
4.0140;0.2930
4.0150;0.3721
4.0160;0.4541
4.0170;0.5332
4.0180;0.6094
4.0190;0.6914
4.0200;0.7793
4.0210;0.8789
4.0220;0.9814
4.0230;1.0869
4.0240;1.1895
4.0250;1.2979
4.0260;1.3945
4.0270;1.4824
4.0280;1.4941
4.0290;1.4941
4.0300;1.4941
4.0310;1.4941
4.0320;1.4941
4.0330;1.4941
4.0340;1.4941
4.0350;1.4941
4.0360;1.4941
4.0370;1.4941
4.0380;1.4561
4.0390;1.3418
4.0400;1.2129
4.0410;1.0723
4.0420;0.9199
4.0430;0.7500
4.0440;0.5801
4.0450;0.4189
4.0460;0.2695
4.0470;0.1406
4.0480;0.0293
4.0490;-0.0645
4.0500;-0.1465
4.0510;-0.2168
4.0520;-0.2783
4.0530;-0.3193
4.0540;-0.3545
4.0550;-0.3838
4.0560;-0.4131
4.0570;-0.4395
4.0580;-0.4688
4.0590;-0.4951
4.0600;-0.5215
4.0610;-0.5449
4.0620;-0.5654
4.0630;-0.5830
4.0640;-0.5947
4.0650;-0.6035
4.0660;-0.6064
4.0670;-0.6035
4.0680;-0.6006
4.0690;-0.5947
4.0700;-0.5889
4.0710;-0.5859
4.0720;-0.5771
4.0730;-0.5684
4.0740;-0.5625
4.0750;-0.5508
4.0760;-0.5391
4.0770;-0.5244
4.0780;-0.5068
4.0790;-0.4863
4.0800;-0.4600
4.0810;-0.4336
4.0820;-0.4102
4.0830;-0.3867
4.0840;-0.3662
4.0850;-0.3428
4.0860;-0.3252
4.0870;-0.3018
4.0880;-0.2842
4.0890;-0.2695
4.0900;-0.2549
4.0910;-0.2432
4.0920;-0.2314
4.0930;-0.2227
4.0940;-0.2168
4.0950;-0.2109
4.0960;-0.2021
4.0970;-0.1963
4.0980;-0.1875
4.0990;-0.1816
4.1000;-0.1758
4.1010;-0.1729
4.1020;-0.1670
4.1030;-0.1611
4.1040;-0.1582
4.1050;-0.1553
4.1060;-0.1523
4.1070;-0.1465
4.1080;-0.1436
4.1090;-0.1406
4.1100;-0.1318
4.1110;-0.1318
4.1120;-0.1289
4.1130;-0.1230
4.1140;-0.1172
4.1150;-0.1172
4.1160;-0.1143
4.1170;-0.1084
4.1180;-0.1025
4.1190;-0.0996
4.1200;-0.0967
4.1210;-0.0937
4.1220;-0.0908
4.1230;-0.0850
4.1240;-0.0820
4.1250;-0.0791
4.1260;-0.0762
4.1270;-0.0732
4.1280;-0.0645
4.1290;-0.0615
4.1300;-0.0615
4.1310;-0.0586
4.1320;-0.0557
4.1330;-0.0527
4.1340;-0.0498
4.1350;-0.0469
4.1360;-0.0469
4.1370;-0.0469
4.1380;-0.0439
4.1390;-0.0439
4.1400;-0.0410
4.1410;-0.0352
4.1420;-0.0352
4.1430;-0.0322
4.1440;-0.0293
4.1450;-0.0264
4.1460;-0.0234
4.1470;-0.0205
4.1480;-0.0176
4.1490;-0.0146
4.1500;-0.0117
4.1510;-0.0117
4.1520;-0.0059
4.1530;0.0000
4.1540;0.0000
4.1550;0.0059
4.1560;0.0088
4.1570;0.0088
4.1580;0.0176
4.1590;0.0205
4.1600;0.0234
4.1610;0.0234
4.1620;0.0293
4.1630;0.0352
4.1640;0.0352
4.1650;0.0410
4.1660;0.0439
4.1670;0.0498
4.1680;0.0498
4.1690;0.0527
4.1700;0.0586
4.1710;0.0586
4.1720;0.0615
4.1730;0.0645
4.1740;0.0674
4.1750;0.0732
4.1760;0.0791
4.1770;0.0820
4.1780;0.0850
4.1790;0.0850
4.1800;0.0908
4.1810;0.0879
4.1820;0.0937
4.1830;0.0937
4.1840;0.0996
4.1850;0.1025
4.1860;0.1084
4.1870;0.1143
4.1880;0.1172
4.1890;0.1201
4.1900;0.1289
4.1910;0.1318
4.1920;0.1348
4.1930;0.1377
4.1940;0.1406
4.1950;0.1465
4.1960;0.1494
4.1970;0.1553
4.1980;0.1582
4.1990;0.1611
4.2000;0.1670
4.2010;0.1729
4.2020;0.1758
4.2030;0.1816
4.2040;0.1846
4.2050;0.1904
4.2060;0.1963
4.2070;0.1992
4.2080;0.2080
4.2090;0.2109
4.2100;0.2168
4.2110;0.2227
4.2120;0.2285
4.2130;0.2285
4.2140;0.2314
4.2150;0.2344
4.2160;0.2373
4.2170;0.2373
4.2180;0.2432
4.2190;0.2432
4.2200;0.2490
4.2210;0.2520
4.2220;0.2520
4.2230;0.2520
4.2240;0.2549
4.2250;0.2578
4.2260;0.2578
4.2270;0.2607
4.2280;0.2607
4.2290;0.2607
4.2300;0.2607
4.2310;0.2607
4.2320;0.2578
4.2330;0.2607
4.2340;0.2607
4.2350;0.2637
4.2360;0.2607
4.2370;0.2578
4.2380;0.2578
4.2390;0.2520
4.2400;0.2520
4.2410;0.2520
4.2420;0.2520
4.2430;0.2490
4.2440;0.2461
4.2450;0.2432
4.2460;0.2373
4.2470;0.2344
4.2480;0.2285
4.2490;0.2227
4.2500;0.2197
4.2510;0.2168
4.2520;0.2109
4.2530;0.2051
4.2540;0.1963
4.2550;0.1904
4.2560;0.1816
4.2570;0.1729
4.2580;0.1641
4.2590;0.1582
4.2600;0.1494
4.2610;0.1436
4.2620;0.1348
4.2630;0.1230
4.2640;0.1084
4.2650;0.0967
4.2660;0.0850
4.2670;0.0703
4.2680;0.0557
4.2690;0.0439
4.2700;0.0293
4.2710;0.0176
4.2720;0.0029
4.2730;-0.0088
4.2740;-0.0234
4.2750;-0.0381
4.2760;-0.0527
4.2770;-0.0674
4.2780;-0.0850
4.2790;-0.0967
4.2800;-0.1113
4.2810;-0.1230
4.2820;-0.1377
4.2830;-0.1494
4.2840;-0.1582
4.2850;-0.1670
4.2860;-0.1816
4.2870;-0.1875
4.2880;-0.1992
4.2890;-0.2109
4.2900;-0.2197
4.2910;-0.2314
4.2920;-0.2402
4.2930;-0.2461
4.2940;-0.2549
4.2950;-0.2607
4.2960;-0.2695
4.2970;-0.2754
4.2980;-0.2842
4.2990;-0.2900
4.3000;-0.2959
4.3010;-0.3047
4.3020;-0.3076
4.3030;-0.3135
4.3040;-0.3193
4.3050;-0.3223
4.3060;-0.3252
4.3070;-0.3311
4.3080;-0.3311
4.3090;-0.3369
4.3100;-0.3369
4.3110;-0.3340
4.3120;-0.3340
4.3130;-0.3340
4.3140;-0.3369
4.3150;-0.3369
4.3160;-0.3369
4.3170;-0.3369
4.3180;-0.3398
4.3190;-0.3398
4.3200;-0.3398
4.3210;-0.3369
4.3220;-0.3369
4.3230;-0.3340
4.3240;-0.3311
4.3250;-0.3281
4.3260;-0.3252
4.3270;-0.3252
4.3280;-0.3223
4.3290;-0.3193
4.3300;-0.3193
4.3310;-0.3193
4.3320;-0.3164
4.3330;-0.3135
4.3340;-0.3076
4.3350;-0.3047
4.3360;-0.2988
4.3370;-0.2959
4.3380;-0.2959
4.3390;-0.2930
4.3400;-0.2871
4.3410;-0.2842
4.3420;-0.2842
4.3430;-0.2812
4.3440;-0.2783
4.3450;-0.2783
4.3460;-0.2754
4.3470;-0.2725
4.3480;-0.2695
4.3490;-0.2666
4.3500;-0.2637
4.3510;-0.2607
4.3520;-0.2578
4.3530;-0.2520
4.3540;-0.2490
4.3550;-0.2461
4.3560;-0.2432
4.3570;-0.2373
4.3580;-0.2344
4.3590;-0.2314
4.3600;-0.2285
4.3610;-0.2256
4.3620;-0.2227
4.3630;-0.2197
4.3640;-0.2168
4.3650;-0.2139
4.3660;-0.2109
4.3670;-0.2080
4.3680;-0.2051
4.3690;-0.2021
4.3700;-0.1992
4.3710;-0.1934
4.3720;-0.1875
4.3730;-0.1846
4.3740;-0.1846
4.3750;-0.1787
4.3760;-0.1758
4.3770;-0.1729
4.3780;-0.1699
4.3790;-0.1670
4.3800;-0.1641
4.3810;-0.1611
4.3820;-0.1611
4.3830;-0.1611
4.3840;-0.1582
4.3850;-0.1553
4.3860;-0.1553
4.3870;-0.1553
4.3880;-0.1553
4.3890;-0.1523
4.3900;-0.1436
4.3910;-0.1377
4.3920;-0.1289
4.3930;-0.1230
4.3940;-0.1230
4.3950;-0.1172
4.3960;-0.1172
4.3970;-0.1172
4.3980;-0.1172
4.3990;-0.1172
4.4000;-0.1143
4.4010;-0.1143
4.4020;-0.1143
4.4030;-0.1143
4.4040;-0.1143
4.4050;-0.1113
4.4060;-0.1084
4.4070;-0.1055
4.4080;-0.1055
4.4090;-0.1025
4.4100;-0.0996
4.4110;-0.0996
4.4120;-0.0967
4.4130;-0.0967
4.4140;-0.0967
4.4150;-0.0937
4.4160;-0.0967
4.4170;-0.0937
4.4180;-0.0937
4.4190;-0.0908
4.4200;-0.0879
4.4210;-0.0879
4.4220;-0.0850
4.4230;-0.0820
4.4240;-0.0820
4.4250;-0.0791
4.4260;-0.0762
4.4270;-0.0732
4.4280;-0.0732
4.4290;-0.0703
4.4300;-0.0703
4.4310;-0.0674
4.4320;-0.0645
4.4330;-0.0615
4.4340;-0.0615
4.4350;-0.0586
4.4360;-0.0586
4.4370;-0.0586
4.4380;-0.0557
4.4390;-0.0586
4.4400;-0.0557
4.4410;-0.0557
4.4420;-0.0557
4.4430;-0.0586
4.4440;-0.0586
4.4450;-0.0557
4.4460;-0.0527
4.4470;-0.0527
4.4480;-0.0498
4.4490;-0.0469
4.4500;-0.0469
4.4510;-0.0498
4.4520;-0.0498
4.4530;-0.0498
4.4540;-0.0498
4.4550;-0.0469
4.4560;-0.0469
4.4570;-0.0439
4.4580;-0.0439
4.4590;-0.0469
4.4600;-0.0439
4.4610;-0.0410
4.4620;-0.0410
4.4630;-0.0381
4.4640;-0.0410
4.4650;-0.0410
4.4660;-0.0410
4.4670;-0.0381
4.4680;-0.0381
4.4690;-0.0381
4.4700;-0.0352
4.4710;-0.0352
4.4720;-0.0322
4.4730;-0.0322
4.4740;-0.0352
4.4750;-0.0322
4.4760;-0.0322
4.4770;-0.0322
4.4780;-0.0352
4.4790;-0.0352
4.4800;-0.0352
4.4810;-0.0381
4.4820;-0.0381
4.4830;-0.0381
4.4840;-0.0381
4.4850;-0.0352
4.4860;-0.0352
4.4870;-0.0352
4.4880;-0.0352
4.4890;-0.0352
4.4900;-0.0352
4.4910;-0.0352
4.4920;-0.0322
4.4930;-0.0322
4.4940;-0.0293
4.4950;-0.0264
4.4960;-0.0264
4.4970;-0.0264
4.4980;-0.0264
4.4990;-0.0293
4.5000;-0.0293
4.5010;-0.0293
4.5020;-0.0293
4.5030;-0.0293
4.5040;-0.0322
4.5050;-0.0293
4.5060;-0.0264
4.5070;-0.0264
4.5080;-0.0264
4.5090;-0.0293
4.5100;-0.0293
4.5110;-0.0293
4.5120;-0.0264
4.5130;-0.0264
4.5140;-0.0234
4.5150;-0.0234
4.5160;-0.0234
4.5170;-0.0234
4.5180;-0.0205
4.5190;-0.0205
4.5200;-0.0205
4.5210;-0.0205
4.5220;-0.0205
4.5230;-0.0205
4.5240;-0.0205
4.5250;-0.0205
4.5260;-0.0205
4.5270;-0.0205
4.5280;-0.0205
4.5290;-0.0234
4.5300;-0.0205
4.5310;-0.0205
4.5320;-0.0205
4.5330;-0.0205
4.5340;-0.0205
4.5350;-0.0176
4.5360;-0.0176
4.5370;-0.0205
4.5380;-0.0176
4.5390;-0.0176
4.5400;-0.0117
4.5410;-0.0117
4.5420;-0.0117
4.5430;-0.0117
4.5440;-0.0117
4.5450;-0.0117
4.5460;-0.0117
4.5470;-0.0117
4.5480;-0.0117
4.5490;-0.0146
4.5500;-0.0117
4.5510;-0.0117
4.5520;-0.0117
4.5530;-0.0117
4.5540;-0.0117
4.5550;-0.0117
4.5560;-0.0117
4.5570;-0.0117
4.5580;-0.0088
4.5590;-0.0088
4.5600;-0.0088
4.5610;-0.0059
4.5620;-0.0059
4.5630;-0.0059
4.5640;-0.0059
4.5650;-0.0059
4.5660;-0.0117
4.5670;-0.0117
4.5680;-0.0117
4.5690;-0.0088
4.5700;-0.0059
4.5710;-0.0059
4.5720;-0.0059
4.5730;-0.0029
4.5740;0.0000
4.5750;0.0029
4.5760;0.0029
4.5770;0.0059
4.5780;0.0088
4.5790;0.0146
4.5800;0.0205
4.5810;0.0264
4.5820;0.0322
4.5830;0.0410
4.5840;0.0469
4.5850;0.0557
4.5860;0.0586
4.5870;0.0645
4.5880;0.0674
4.5890;0.0703
4.5900;0.0732
4.5910;0.0762
4.5920;0.0762
4.5930;0.0762
4.5940;0.0732
4.5950;0.0732
4.5960;0.0703
4.5970;0.0703
4.5980;0.0703
4.5990;0.0703
4.6000;0.0732
4.6010;0.0762
4.6020;0.0820
4.6030;0.0879
4.6040;0.0937
4.6050;0.1084
4.6060;0.1260
4.6070;0.1406
4.6080;0.1553
4.6090;0.1670
4.6100;0.1846
4.6110;0.1963
4.6120;0.2080
4.6130;0.2197
4.6140;0.2227
4.6150;0.2285
4.6160;0.2256
4.6170;0.2256
4.6180;0.2285
4.6190;0.2285
4.6200;0.2227
4.6210;0.2197
4.6220;0.2139
4.6230;0.2080
4.6240;0.2051
4.6250;0.2051
4.6260;0.1963
4.6270;0.1934
4.6280;0.1904
4.6290;0.1846
4.6300;0.1787
4.6310;0.1729
4.6320;0.1641
4.6330;0.1582
4.6340;0.1494
4.6350;0.1406
4.6360;0.1289
4.6370;0.1172
4.6380;0.1055
4.6390;0.0937
4.6400;0.0820
4.6410;0.0732
4.6420;0.0615
4.6430;0.0498
4.6440;0.0381
4.6450;0.0293
4.6460;0.0205
4.6470;0.0088
4.6480;-0.0029
4.6490;-0.0146
4.6500;-0.0205
4.6510;-0.0264
4.6520;-0.0322
4.6530;-0.0381
4.6540;-0.0439
4.6550;-0.0469
4.6560;-0.0527
4.6570;-0.0586
4.6580;-0.0645
4.6590;-0.0674
4.6600;-0.0732
4.6610;-0.0791
4.6620;-0.0820
4.6630;-0.0850
4.6640;-0.0908
4.6650;-0.0937
4.6660;-0.0967
4.6670;-0.0967
4.6680;-0.0996
4.6690;-0.1025
4.6700;-0.0996
4.6710;-0.1025
4.6720;-0.1055
4.6730;-0.1055
4.6740;-0.1025
4.6750;-0.0996
4.6760;-0.1025
4.6770;-0.1025
4.6780;-0.0996
4.6790;-0.0996
4.6800;-0.0996
4.6810;-0.1025
4.6820;-0.1025
4.6830;-0.1025
4.6840;-0.0996
4.6850;-0.1025
4.6860;-0.1055
4.6870;-0.1055
4.6880;-0.1084
4.6890;-0.1084
4.6900;-0.1084
4.6910;-0.1084
4.6920;-0.1084
4.6930;-0.1113
4.6940;-0.1172
4.6950;-0.1143
4.6960;-0.1143
4.6970;-0.1113
4.6980;-0.1113
4.6990;-0.1113
4.7000;-0.1084
4.7010;-0.1084
4.7020;-0.1084
4.7030;-0.1113
4.7040;-0.1084
4.7050;-0.1084
4.7060;-0.1084
4.7070;-0.1055
4.7080;-0.1055
4.7090;-0.1055
4.7100;-0.1025
4.7110;-0.0996
4.7120;-0.0996
4.7130;-0.0996
4.7140;-0.0996
4.7150;-0.0967
4.7160;-0.0967
4.7170;-0.0996
4.7180;-0.1025
4.7190;-0.1055
4.7200;-0.1172
4.7210;-0.1318
4.7220;-0.1436
4.7230;-0.1670
4.7240;-0.1846
4.7250;-0.1963
4.7260;-0.2109
4.7270;-0.2168
4.7280;-0.2227
4.7290;-0.2227
4.7300;-0.2197
4.7310;-0.2168
4.7320;-0.2109
4.7330;-0.2051
4.7340;-0.1934
4.7350;-0.1729
4.7360;-0.1523
4.7370;-0.1289
4.7380;-0.1055
4.7390;-0.0762
4.7400;-0.0439
4.7410;-0.0059
4.7420;0.0381
4.7430;0.0908
4.7440;0.1465
4.7450;0.2080
4.7460;0.2725
4.7470;0.3516
4.7480;0.4424
4.7490;0.5244
4.7500;0.6035
4.7510;0.6885
4.7520;0.7764
4.7530;0.8789
4.7540;0.9814
4.7550;1.0840
4.7560;1.1924
4.7570;1.2979
4.7580;1.3975
4.7590;1.4824
4.7600;1.4941
4.7610;1.4941
4.7620;1.4941
4.7630;1.4941
4.7640;1.4941
4.7650;1.4941
4.7660;1.4941
4.7670;1.4941
4.7680;1.4941
4.7690;1.4941
4.7700;1.4941
4.7710;1.3887
4.7720;1.2568
4.7730;1.1133
4.7740;0.9639
4.7750;0.7998
4.7760;0.6211
4.7770;0.4512
4.7780;0.2959
4.7790;0.1582
4.7800;0.0352
4.7810;-0.0703
4.7820;-0.1582
4.7830;-0.2314
4.7840;-0.2900
4.7850;-0.3311
4.7860;-0.3662
4.7870;-0.3955
4.7880;-0.4248
4.7890;-0.4512
4.7900;-0.4746
4.7910;-0.5039
4.7920;-0.5273
4.7930;-0.5508
4.7940;-0.5684
4.7950;-0.5801
4.7960;-0.5859
4.7970;-0.5918
4.7980;-0.5918
4.7990;-0.5918
4.8000;-0.5918
4.8010;-0.5889
4.8020;-0.5830
4.8030;-0.5771
4.8040;-0.5684
4.8050;-0.5625
4.8060;-0.5566
4.8070;-0.5449
4.8080;-0.5332
4.8090;-0.5186
4.8100;-0.4980
4.8110;-0.4746
4.8120;-0.4512
4.8130;-0.4307
4.8140;-0.4043
4.8150;-0.3838
4.8160;-0.3604
4.8170;-0.3428
4.8180;-0.3252
4.8190;-0.3047
4.8200;-0.2900
4.8210;-0.2783
4.8220;-0.2637
4.8230;-0.2549
4.8240;-0.2432
4.8250;-0.2344
4.8260;-0.2285
4.8270;-0.2227
4.8280;-0.2139
4.8290;-0.2109
4.8300;-0.2021
4.8310;-0.1992
4.8320;-0.1934
4.8330;-0.1875
4.8340;-0.1816
4.8350;-0.1787
4.8360;-0.1758
4.8370;-0.1699
4.8380;-0.1641
4.8390;-0.1582
4.8400;-0.1553
4.8410;-0.1523
4.8420;-0.1494
4.8430;-0.1436
4.8440;-0.1406
4.8450;-0.1377
4.8460;-0.1318
4.8470;-0.1289
4.8480;-0.1230
4.8490;-0.1172
4.8500;-0.1113
4.8510;-0.1084
4.8520;-0.1055
4.8530;-0.1025
4.8540;-0.0996
4.8550;-0.0937
4.8560;-0.0937
4.8570;-0.0908
4.8580;-0.0879
4.8590;-0.0850
4.8600;-0.0850
4.8610;-0.0820
4.8620;-0.0791
4.8630;-0.0762
4.8640;-0.0732
4.8650;-0.0732
4.8660;-0.0674
4.8670;-0.0645
4.8680;-0.0615
4.8690;-0.0586
4.8700;-0.0557
4.8710;-0.0527
4.8720;-0.0498
4.8730;-0.0469
4.8740;-0.0439
4.8750;-0.0381
4.8760;-0.0381
4.8770;-0.0293
4.8780;-0.0264
4.8790;-0.0234
4.8800;-0.0205
4.8810;-0.0205
4.8820;-0.0176
4.8830;-0.0146
4.8840;-0.0146
4.8850;-0.0117
4.8860;-0.0117
4.8870;-0.0059
4.8880;-0.0029
4.8890;-0.0029
4.8900;0.0000
4.8910;0.0059
4.8920;0.0088
4.8930;0.0088
4.8940;0.0117
4.8950;0.0146
4.8960;0.0176
4.8970;0.0176
4.8980;0.0176
4.8990;0.0205
4.9000;0.0234
4.9010;0.0293
4.9020;0.0352
4.9030;0.0410
4.9040;0.0439
4.9050;0.0498
4.9060;0.0557
4.9070;0.0557
4.9080;0.0586
4.9090;0.0645
4.9100;0.0674
4.9110;0.0703
4.9120;0.0732
4.9130;0.0791
4.9140;0.0850
4.9150;0.0908
4.9160;0.0937
4.9170;0.0967
4.9180;0.1025
4.9190;0.1055
4.9200;0.1113
4.9210;0.1143
4.9220;0.1172
4.9230;0.1201
4.9240;0.1230
4.9250;0.1289
4.9260;0.1318
4.9270;0.1348
4.9280;0.1406
4.9290;0.1436
4.9300;0.1494
4.9310;0.1553
4.9320;0.1611
4.9330;0.1670
4.9340;0.1729
4.9350;0.1787
4.9360;0.1846
4.9370;0.1875
4.9380;0.1934
4.9390;0.1963
4.9400;0.2051
4.9410;0.2080
4.9420;0.2139
4.9430;0.2168
4.9440;0.2197
4.9450;0.2227
4.9460;0.2256
4.9470;0.2314
4.9480;0.2314
4.9490;0.2314
4.9500;0.2373
4.9510;0.2402
4.9520;0.2432
4.9530;0.2461
4.9540;0.2490
4.9550;0.2549
4.9560;0.2549
4.9570;0.2578
4.9580;0.2578
4.9590;0.2578
4.9600;0.2607
4.9610;0.2607
4.9620;0.2607
4.9630;0.2637
4.9640;0.2666
4.9650;0.2666
4.9660;0.2666
4.9670;0.2666
4.9680;0.2666
4.9690;0.2607
4.9700;0.2578
4.9710;0.2578
4.9720;0.2549
4.9730;0.2549
4.9740;0.2520
4.9750;0.2461
4.9760;0.2432
4.9770;0.2402
4.9780;0.2344
4.9790;0.2314
4.9800;0.2285
4.9810;0.2227
4.9820;0.2197
4.9830;0.2139
4.9840;0.2080
4.9850;0.2021
4.9860;0.1963
4.9870;0.1875
4.9880;0.1787
4.9890;0.1670
4.9900;0.1582
4.9910;0.1436
4.9920;0.1377
4.9930;0.1260
4.9940;0.1143
4.9950;0.1055
4.9960;0.0908
4.9970;0.0820
4.9980;0.0703
4.9990;0.0557
5.0000;0.0410
5.0010;0.0293
5.0020;0.0146
5.0030;0.0029
5.0040;-0.0088
5.0050;-0.0205
5.0060;-0.0322
5.0070;-0.0469
5.0080;-0.0615
5.0090;-0.0762
5.0100;-0.0908
5.0110;-0.1025
5.0120;-0.1172
5.0130;-0.1318
5.0140;-0.1406
5.0150;-0.1523
5.0160;-0.1641
5.0170;-0.1758
5.0180;-0.1875
5.0190;-0.1963
5.0200;-0.2080
5.0210;-0.2197
5.0220;-0.2285
5.0230;-0.2373
5.0240;-0.2461
5.0250;-0.2549
5.0260;-0.2637
5.0270;-0.2725
5.0280;-0.2812
5.0290;-0.2871
5.0300;-0.2930
5.0310;-0.2959
5.0320;-0.3018
5.0330;-0.3047
5.0340;-0.3105
5.0350;-0.3105
5.0360;-0.3164
5.0370;-0.3164
5.0380;-0.3193
5.0390;-0.3193
5.0400;-0.3193
5.0410;-0.3223
5.0420;-0.3252
5.0430;-0.3252
5.0440;-0.3252
5.0450;-0.3281
5.0460;-0.3281
5.0470;-0.3311
5.0480;-0.3281
5.0490;-0.3281
5.0500;-0.3281
5.0510;-0.3311
5.0520;-0.3281
5.0530;-0.3281
5.0540;-0.3281
5.0550;-0.3281
5.0560;-0.3281
5.0570;-0.3281
5.0580;-0.3252
5.0590;-0.3223
5.0600;-0.3193
5.0610;-0.3164
5.0620;-0.3164
5.0630;-0.3105
5.0640;-0.3076
5.0650;-0.3047
5.0660;-0.2988
5.0670;-0.2959
5.0680;-0.2930
5.0690;-0.2900
5.0700;-0.2871
5.0710;-0.2871
5.0720;-0.2842
5.0730;-0.2812
5.0740;-0.2783
5.0750;-0.2754
5.0760;-0.2725
5.0770;-0.2695
5.0780;-0.2637
5.0790;-0.2607
5.0800;-0.2578
5.0810;-0.2549
5.0820;-0.2490
5.0830;-0.2461
5.0840;-0.2432
5.0850;-0.2373
5.0860;-0.2344
5.0870;-0.2314
5.0880;-0.2285
5.0890;-0.2256
5.0900;-0.2197
5.0910;-0.2139
5.0920;-0.2109
5.0930;-0.2109
5.0940;-0.2109
5.0950;-0.2051
5.0960;-0.2021
5.0970;-0.1992
5.0980;-0.1934
5.0990;-0.1934
5.1000;-0.1904
5.1010;-0.1875
5.1020;-0.1846
5.1030;-0.1787
5.1040;-0.1758
5.1050;-0.1699
5.1060;-0.1699
5.1070;-0.1699
5.1080;-0.1670
5.1090;-0.1670
5.1100;-0.1641
5.1110;-0.1641
5.1120;-0.1611
5.1130;-0.1611
5.1140;-0.1553
5.1150;-0.1523
5.1160;-0.1494
5.1170;-0.1436
5.1180;-0.1436
5.1190;-0.1406
5.1200;-0.1377
5.1210;-0.1377
5.1220;-0.1348
5.1230;-0.1318
5.1240;-0.1318
5.1250;-0.1289
5.1260;-0.1230
5.1270;-0.1201
5.1280;-0.1172
5.1290;-0.1172
5.1300;-0.1143
5.1310;-0.1113
5.1320;-0.1084
5.1330;-0.1055
5.1340;-0.1025
5.1350;-0.0996
5.1360;-0.0996
5.1370;-0.0967
5.1380;-0.0996
5.1390;-0.0967
5.1400;-0.0937
5.1410;-0.0937
5.1420;-0.0937
5.1430;-0.0908
5.1440;-0.0879
5.1450;-0.0879
5.1460;-0.0879
5.1470;-0.0850
5.1480;-0.0850
5.1490;-0.0850
5.1500;-0.0850
5.1510;-0.0820
5.1520;-0.0762
5.1530;-0.0762
5.1540;-0.0732
5.1550;-0.0732
5.1560;-0.0732
5.1570;-0.0703
5.1580;-0.0703
5.1590;-0.0674
5.1600;-0.0674
5.1610;-0.0674
5.1620;-0.0674
5.1630;-0.0645
5.1640;-0.0615
5.1650;-0.0586
5.1660;-0.0615
5.1670;-0.0615
5.1680;-0.0615
5.1690;-0.0615
5.1700;-0.0615
5.1710;-0.0586
5.1720;-0.0586
5.1730;-0.0586
5.1740;-0.0586
5.1750;-0.0527
5.1760;-0.0527
5.1770;-0.0498
5.1780;-0.0498
5.1790;-0.0527
5.1800;-0.0498
5.1810;-0.0469
5.1820;-0.0469
5.1830;-0.0469
5.1840;-0.0469
5.1850;-0.0469
5.1860;-0.0469
5.1870;-0.0498
5.1880;-0.0469
5.1890;-0.0469
5.1900;-0.0469
5.1910;-0.0469
5.1920;-0.0469
5.1930;-0.0469
5.1940;-0.0469
5.1950;-0.0469
5.1960;-0.0469
5.1970;-0.0439
5.1980;-0.0439
5.1990;-0.0439
5.2000;-0.0381
5.2010;-0.0381
5.2020;-0.0352
5.2030;-0.0352
5.2040;-0.0352
5.2050;-0.0381
5.2060;-0.0352
5.2070;-0.0352
5.2080;-0.0352
5.2090;-0.0352
5.2100;-0.0352
5.2110;-0.0352
5.2120;-0.0381
5.2130;-0.0352
5.2140;-0.0381
5.2150;-0.0381
5.2160;-0.0381
5.2170;-0.0381
5.2180;-0.0381
5.2190;-0.0381
5.2200;-0.0381
5.2210;-0.0381
5.2220;-0.0381
5.2230;-0.0381
5.2240;-0.0381
5.2250;-0.0381
5.2260;-0.0381
5.2270;-0.0352
5.2280;-0.0381
5.2290;-0.0381
5.2300;-0.0352
5.2310;-0.0352
5.2320;-0.0381
5.2330;-0.0381
5.2340;-0.0352
5.2350;-0.0352
5.2360;-0.0352
5.2370;-0.0322
5.2380;-0.0322
5.2390;-0.0322
5.2400;-0.0293
5.2410;-0.0293
5.2420;-0.0293
5.2430;-0.0293
5.2440;-0.0293
5.2450;-0.0264
5.2460;-0.0264
5.2470;-0.0264
5.2480;-0.0234
5.2490;-0.0234
5.2500;-0.0234
5.2510;-0.0205
5.2520;-0.0205
5.2530;-0.0234
5.2540;-0.0205
5.2550;-0.0234
5.2560;-0.0264
5.2570;-0.0234
5.2580;-0.0234
5.2590;-0.0205
5.2600;-0.0234
5.2610;-0.0234
5.2620;-0.0234
5.2630;-0.0234
5.2640;-0.0234
5.2650;-0.0264
5.2660;-0.0293
5.2670;-0.0293
5.2680;-0.0293
5.2690;-0.0293
5.2700;-0.0293
5.2710;-0.0293
5.2720;-0.0293
5.2730;-0.0293
5.2740;-0.0293
5.2750;-0.0234
5.2760;-0.0234
5.2770;-0.0234
5.2780;-0.0234
5.2790;-0.0234
5.2800;-0.0205
5.2810;-0.0205
5.2820;-0.0234
5.2830;-0.0205
5.2840;-0.0234
5.2850;-0.0234
5.2860;-0.0234
5.2870;-0.0234
5.2880;-0.0205
5.2890;-0.0205
5.2900;-0.0205
5.2910;-0.0205
5.2920;-0.0205
5.2930;-0.0205
5.2940;-0.0205
5.2950;-0.0205
5.2960;-0.0205
5.2970;-0.0176
5.2980;-0.0176
5.2990;-0.0146
5.3000;-0.0146
5.3010;-0.0117
5.3020;-0.0117
5.3030;-0.0117
5.3040;-0.0117
5.3050;-0.0117
5.3060;-0.0117
5.3070;-0.0088
5.3080;-0.0088
5.3090;-0.0059
5.3100;-0.0059
5.3110;-0.0059
5.3120;-0.0059
5.3130;-0.0059
5.3140;-0.0029
5.3150;-0.0029
5.3160;-0.0029
5.3170;-0.0029
5.3180;-0.0059
5.3190;-0.0059
5.3200;-0.0059
5.3210;-0.0059
5.3220;-0.0059
5.3230;-0.0029
5.3240;-0.0029
5.3250;0.0000
5.3260;0.0000
5.3270;0.0000
5.3280;0.0000
5.3290;0.0000
5.3300;0.0000
5.3310;-0.0029
5.3320;0.0000
5.3330;0.0000
5.3340;0.0000
5.3350;0.0000
5.3360;-0.0029
5.3370;-0.0029
5.3380;-0.0059
5.3390;-0.0059
5.3400;-0.0059
5.3410;-0.0059
5.3420;-0.0088
5.3430;-0.0088
5.3440;-0.0059
5.3450;-0.0059
5.3460;-0.0088
5.3470;-0.0059
5.3480;-0.0059
5.3490;-0.0059
5.3500;-0.0059
5.3510;-0.0029
5.3520;-0.0029
5.3530;-0.0029
5.3540;-0.0029
5.3550;-0.0029
5.3560;-0.0029
5.3570;-0.0059
5.3580;-0.0029
5.3590;-0.0029
5.3600;0.0000
5.3610;0.0029
5.3620;0.0088
5.3630;0.0146
5.3640;0.0205
5.3650;0.0264
5.3660;0.0352
5.3670;0.0410
5.3680;0.0469
5.3690;0.0498
5.3700;0.0586
5.3710;0.0645
5.3720;0.0703
5.3730;0.0762
5.3740;0.0820
5.3750;0.0850
5.3760;0.0879
5.3770;0.0908
5.3780;0.0908
5.3790;0.0908
5.3800;0.0879
5.3810;0.0850
5.3820;0.0850
5.3830;0.0820
5.3840;0.0762
5.3850;0.0762
5.3860;0.0791
5.3870;0.0820
5.3880;0.0879
5.3890;0.0908
5.3900;0.0967
5.3910;0.1025
5.3920;0.1143
5.3930;0.1289
5.3940;0.1436
5.3950;0.1582
5.3960;0.1670
5.3970;0.1758
5.3980;0.1846
5.3990;0.1963
5.4000;0.2080
5.4010;0.2139
5.4020;0.2197
5.4030;0.2227
5.4040;0.2227
5.4050;0.2256
5.4060;0.2227
5.4070;0.2227
5.4080;0.2197
5.4090;0.2109
5.4100;0.2080
5.4110;0.2021
5.4120;0.1963
5.4130;0.1875
5.4140;0.1816
5.4150;0.1758
5.4160;0.1729
5.4170;0.1699
5.4180;0.1641
5.4190;0.1553
5.4200;0.1494
5.4210;0.1377
5.4220;0.1289
5.4230;0.1143
5.4240;0.1025
5.4250;0.0937
5.4260;0.0820
5.4270;0.0732
5.4280;0.0674
5.4290;0.0615
5.4300;0.0557
5.4310;0.0469
5.4320;0.0352
5.4330;0.0234
5.4340;0.0088
5.4350;0.0000
5.4360;-0.0117
5.4370;-0.0234
5.4380;-0.0352
5.4390;-0.0439
5.4400;-0.0469
5.4410;-0.0527
5.4420;-0.0527
5.4430;-0.0557
5.4440;-0.0586
5.4450;-0.0615
5.4460;-0.0645
5.4470;-0.0674
5.4480;-0.0732
5.4490;-0.0762
5.4500;-0.0791
5.4510;-0.0820
5.4520;-0.0850
5.4530;-0.0908
5.4540;-0.0937
5.4550;-0.0937
5.4560;-0.0996
5.4570;-0.0996
5.4580;-0.1025
5.4590;-0.1055
5.4600;-0.1084
5.4610;-0.1084
5.4620;-0.1143
5.4630;-0.1143
5.4640;-0.1172
5.4650;-0.1172
5.4660;-0.1172
5.4670;-0.1172
5.4680;-0.1172
5.4690;-0.1172
5.4700;-0.1172
5.4710;-0.1172
5.4720;-0.1172
5.4730;-0.1172
5.4740;-0.1172
5.4750;-0.1143
5.4760;-0.1172
5.4770;-0.1143
5.4780;-0.1143
5.4790;-0.1143
5.4800;-0.1113
5.4810;-0.1113
5.4820;-0.1113
5.4830;-0.1113
5.4840;-0.1143
5.4850;-0.1113
5.4860;-0.1113
5.4870;-0.1113
5.4880;-0.1113
5.4890;-0.1113
5.4900;-0.1084
5.4910;-0.1055
5.4920;-0.1055
5.4930;-0.1055
5.4940;-0.1025
5.4950;-0.0996
5.4960;-0.0996
5.4970;-0.0967
5.4980;-0.0967
5.4990;-0.0967
5.5000;-0.0967
5.5010;-0.0967
5.5020;-0.0967
5.5030;-0.0967
5.5040;-0.0996
5.5050;-0.1025
5.5060;-0.1084
5.5070;-0.1172
5.5080;-0.1318
5.5090;-0.1494
5.5100;-0.1641
5.5110;-0.1758
5.5120;-0.1846
5.5130;-0.1934
5.5140;-0.2021
5.5150;-0.2021
5.5160;-0.2021
5.5170;-0.2021
5.5180;-0.2021
5.5190;-0.1992
5.5200;-0.1875
5.5210;-0.1699
5.5220;-0.1494
5.5230;-0.1260
5.5240;-0.1055
5.5250;-0.0732
5.5260;-0.0410
5.5270;-0.0029
5.5280;0.0381
5.5290;0.0879
5.5300;0.1436
5.5310;0.2080
5.5320;0.2812
5.5330;0.3633
5.5340;0.4541
5.5350;0.5420
5.5360;0.6270
5.5370;0.7148
5.5380;0.8086
5.5390;0.9082
5.5400;1.0107
5.5410;1.1133
5.5420;1.2188
5.5430;1.3301
5.5440;1.4297
5.5450;1.4941
5.5460;1.4941
5.5470;1.4941
5.5480;1.4941
5.5490;1.4941
5.5500;1.4941
5.5510;1.4941
5.5520;1.4941
5.5530;1.4941
5.5540;1.4941
5.5550;1.4941
5.5560;1.4941
5.5570;1.4326
5.5580;1.2891
5.5590;1.1367
5.5600;0.9814
5.5610;0.8145
5.5620;0.6357
5.5630;0.4570
5.5640;0.2900
5.5650;0.1406
5.5660;0.0059
5.5670;-0.1055
5.5680;-0.1992
5.5690;-0.2725
5.5700;-0.3281
5.5710;-0.3750
5.5720;-0.4131
5.5730;-0.4453
5.5740;-0.4775
5.5750;-0.5068
5.5760;-0.5303
5.5770;-0.5537
5.5780;-0.5713
5.5790;-0.5859
5.5800;-0.5977
5.5810;-0.6006
5.5820;-0.5977
5.5830;-0.5977
5.5840;-0.5977
5.5850;-0.5947
5.5860;-0.5918
5.5870;-0.5830
5.5880;-0.5771
5.5890;-0.5684
5.5900;-0.5625
5.5910;-0.5537
5.5920;-0.5449
5.5930;-0.5273
5.5940;-0.5068
5.5950;-0.4834
5.5960;-0.4600
5.5970;-0.4395
5.5980;-0.4189
5.5990;-0.3955
5.6000;-0.3750
5.6010;-0.3545
5.6020;-0.3369
5.6030;-0.3193
5.6040;-0.3047
5.6050;-0.2900
5.6060;-0.2812
5.6070;-0.2695
5.6080;-0.2578
5.6090;-0.2490
5.6100;-0.2402
5.6110;-0.2373
5.6120;-0.2314
5.6130;-0.2256
5.6140;-0.2197
5.6150;-0.2139
5.6160;-0.2109
5.6170;-0.2051
5.6180;-0.1992
5.6190;-0.1934
5.6200;-0.1904
5.6210;-0.1875
5.6220;-0.1816
5.6230;-0.1787
5.6240;-0.1758
5.6250;-0.1699
5.6260;-0.1641
5.6270;-0.1611
5.6280;-0.1582
5.6290;-0.1553
5.6300;-0.1523
5.6310;-0.1523
5.6320;-0.1465
5.6330;-0.1436
5.6340;-0.1406
5.6350;-0.1348
5.6360;-0.1318
5.6370;-0.1289
5.6380;-0.1230
5.6390;-0.1230
5.6400;-0.1201
5.6410;-0.1172
5.6420;-0.1143
5.6430;-0.1084
5.6440;-0.1055
5.6450;-0.1025
5.6460;-0.0996
5.6470;-0.0967
5.6480;-0.0937
5.6490;-0.0908
5.6500;-0.0850
5.6510;-0.0791
5.6520;-0.0732
5.6530;-0.0732
5.6540;-0.0703
5.6550;-0.0674
5.6560;-0.0615
5.6570;-0.0586
5.6580;-0.0557
5.6590;-0.0527
5.6600;-0.0498
5.6610;-0.0498
5.6620;-0.0469
5.6630;-0.0469
5.6640;-0.0439
5.6650;-0.0381
5.6660;-0.0352
5.6670;-0.0322
5.6680;-0.0293
5.6690;-0.0264
5.6700;-0.0234
5.6710;-0.0205
5.6720;-0.0176
5.6730;-0.0117
5.6740;-0.0117
5.6750;-0.0088
5.6760;-0.0059
5.6770;-0.0029
5.6780;0.0000
5.6790;0.0059
5.6800;0.0088
5.6810;0.0088
5.6820;0.0117
5.6830;0.0146
5.6840;0.0176
5.6850;0.0205
5.6860;0.0234
5.6870;0.0264
5.6880;0.0322
5.6890;0.0322
5.6900;0.0381
5.6910;0.0439
5.6920;0.0498
5.6930;0.0498
5.6940;0.0557
5.6950;0.0615
5.6960;0.0645
5.6970;0.0674
5.6980;0.0732
5.6990;0.0762
5.7000;0.0820
5.7010;0.0850
5.7020;0.0908
5.7030;0.0937
5.7040;0.0967
5.7050;0.1025
5.7060;0.1025
5.7070;0.1113
5.7080;0.1143
5.7090;0.1172
5.7100;0.1230
5.7110;0.1260
5.7120;0.1289
5.7130;0.1348
5.7140;0.1406
5.7150;0.1436
5.7160;0.1494
5.7170;0.1523
5.7180;0.1582
5.7190;0.1611
5.7200;0.1670
5.7210;0.1699
5.7220;0.1758
5.7230;0.1787
5.7240;0.1816
5.7250;0.1846
5.7260;0.1904
5.7270;0.1934
5.7280;0.1963
5.7290;0.2021
5.7300;0.2051
5.7310;0.2080
5.7320;0.2109
5.7330;0.2168
5.7340;0.2197
5.7350;0.2227
5.7360;0.2285
5.7370;0.2314
5.7380;0.2373
5.7390;0.2373
5.7400;0.2402
5.7410;0.2461
5.7420;0.2490
5.7430;0.2520
5.7440;0.2549
5.7450;0.2578
5.7460;0.2607
5.7470;0.2607
5.7480;0.2607
5.7490;0.2607
5.7500;0.2607
5.7510;0.2607
5.7520;0.2578
5.7530;0.2578
5.7540;0.2549
5.7550;0.2549
5.7560;0.2549
5.7570;0.2520
5.7580;0.2520
5.7590;0.2490
5.7600;0.2461
5.7610;0.2432
5.7620;0.2402
5.7630;0.2402
5.7640;0.2373
5.7650;0.2314
5.7660;0.2314
5.7670;0.2285
5.7680;0.2227
5.7690;0.2197
5.7700;0.2168
5.7710;0.2080
5.7720;0.2051
5.7730;0.1934
5.7740;0.1875
5.7750;0.1816
5.7760;0.1758
5.7770;0.1670
5.7780;0.1582
5.7790;0.1494
5.7800;0.1377
5.7810;0.1289
5.7820;0.1172
5.7830;0.1055
5.7840;0.0937
5.7850;0.0791
5.7860;0.0674
5.7870;0.0498
5.7880;0.0381
5.7890;0.0205
5.7900;0.0088
5.7910;-0.0059
5.7920;-0.0176
5.7930;-0.0352
5.7940;-0.0498
5.7950;-0.0645
5.7960;-0.0791
5.7970;-0.0937
5.7980;-0.1055
5.7990;-0.1230
5.8000;-0.1348
5.8010;-0.1494
5.8020;-0.1611
5.8030;-0.1729
5.8040;-0.1846
5.8050;-0.1963
5.8060;-0.2080
5.8070;-0.2197
5.8080;-0.2314
5.8090;-0.2432
5.8100;-0.2520
5.8110;-0.2607
5.8120;-0.2725
5.8130;-0.2783
5.8140;-0.2842
5.8150;-0.2900
5.8160;-0.2988
5.8170;-0.3076
5.8180;-0.3135
5.8190;-0.3193
5.8200;-0.3252
5.8210;-0.3281
5.8220;-0.3311
5.8230;-0.3340
5.8240;-0.3398
5.8250;-0.3398
5.8260;-0.3486
5.8270;-0.3486
5.8280;-0.3486
5.8290;-0.3516
5.8300;-0.3545
5.8310;-0.3516
5.8320;-0.3516
5.8330;-0.3516
5.8340;-0.3516
5.8350;-0.3516
5.8360;-0.3516
5.8370;-0.3516
5.8380;-0.3486
5.8390;-0.3457
5.8400;-0.3486
5.8410;-0.3457
5.8420;-0.3457
5.8430;-0.3428
5.8440;-0.3398
5.8450;-0.3398
5.8460;-0.3369
5.8470;-0.3340
5.8480;-0.3311
5.8490;-0.3281
5.8500;-0.3252
5.8510;-0.3252
5.8520;-0.3223
5.8530;-0.3193
5.8540;-0.3164
5.8550;-0.3135
5.8560;-0.3105
5.8570;-0.3047
5.8580;-0.3018
5.8590;-0.2988
5.8600;-0.2959
5.8610;-0.2930
5.8620;-0.2871
5.8630;-0.2812
5.8640;-0.2783
5.8650;-0.2754
5.8660;-0.2725
5.8670;-0.2666
5.8680;-0.2637
5.8690;-0.2607
5.8700;-0.2578
5.8710;-0.2549
5.8720;-0.2520
5.8730;-0.2490
5.8740;-0.2461
5.8750;-0.2432
5.8760;-0.2402
5.8770;-0.2373
5.8780;-0.2373
5.8790;-0.2314
5.8800;-0.2285
5.8810;-0.2256
5.8820;-0.2256
5.8830;-0.2197
5.8840;-0.2139
5.8850;-0.2109
5.8860;-0.2080
5.8870;-0.2021
5.8880;-0.1992
5.8890;-0.1963
5.8900;-0.1904
5.8910;-0.1875
5.8920;-0.1846
5.8930;-0.1816
5.8940;-0.1816
5.8950;-0.1787
5.8960;-0.1758
5.8970;-0.1758
5.8980;-0.1729
5.8990;-0.1699
5.9000;-0.1641
5.9010;-0.1611
5.9020;-0.1582
5.9030;-0.1553
5.9040;-0.1523
5.9050;-0.1494
5.9060;-0.1465
5.9070;-0.1436
5.9080;-0.1406
5.9090;-0.1377
5.9100;-0.1318
5.9110;-0.1289
5.9120;-0.1289
5.9130;-0.1260
5.9140;-0.1260
5.9150;-0.1201
5.9160;-0.1201
5.9170;-0.1172
5.9180;-0.1143
5.9190;-0.1143
5.9200;-0.1113
5.9210;-0.1113
5.9220;-0.1084
5.9230;-0.1055
5.9240;-0.1055
5.9250;-0.0996
5.9260;-0.0967
5.9270;-0.0967
5.9280;-0.0937
5.9290;-0.0937
5.9300;-0.0908
5.9310;-0.0908
5.9320;-0.0908
5.9330;-0.0879
5.9340;-0.0879
5.9350;-0.0850
5.9360;-0.0850
5.9370;-0.0850
5.9380;-0.0820
5.9390;-0.0850
5.9400;-0.0820
5.9410;-0.0820
5.9420;-0.0820
5.9430;-0.0820
5.9440;-0.0820
5.9450;-0.0791
5.9460;-0.0762
5.9470;-0.0762
5.9480;-0.0762
5.9490;-0.0732
5.9500;-0.0732
5.9510;-0.0703
5.9520;-0.0674
5.9530;-0.0674
5.9540;-0.0674
5.9550;-0.0674
5.9560;-0.0674
5.9570;-0.0674
5.9580;-0.0674
5.9590;-0.0674
5.9600;-0.0645
5.9610;-0.0615
5.9620;-0.0615
5.9630;-0.0586
5.9640;-0.0586
5.9650;-0.0586
5.9660;-0.0586
5.9670;-0.0586
5.9680;-0.0586
5.9690;-0.0586
5.9700;-0.0557
5.9710;-0.0557
5.9720;-0.0527
5.9730;-0.0498
5.9740;-0.0498
5.9750;-0.0469
5.9760;-0.0469
5.9770;-0.0469
5.9780;-0.0469
5.9790;-0.0469
5.9800;-0.0469
5.9810;-0.0469
5.9820;-0.0439
5.9830;-0.0439
5.9840;-0.0439
5.9850;-0.0410
5.9860;-0.0410
5.9870;-0.0410
5.9880;-0.0381
5.9890;-0.0410
5.9900;-0.0410
5.9910;-0.0410
5.9920;-0.0410
5.9930;-0.0439
5.9940;-0.0439
5.9950;-0.0439
5.9960;-0.0469
5.9970;-0.0469
5.9980;-0.0469
5.9990;-0.0498
6.0000;-0.0469
6.0010;-0.0469
6.0020;-0.0469
6.0030;-0.0469
6.0040;-0.0439
6.0050;-0.0410
6.0060;-0.0410
6.0070;-0.0439
6.0080;-0.0410
6.0090;-0.0410
6.0100;-0.0381
6.0110;-0.0381
6.0120;-0.0352
6.0130;-0.0322
6.0140;-0.0352
6.0150;-0.0352
6.0160;-0.0322
6.0170;-0.0322
6.0180;-0.0322
6.0190;-0.0322
6.0200;-0.0293
6.0210;-0.0322
6.0220;-0.0322
6.0230;-0.0322
6.0240;-0.0322
6.0250;-0.0293
6.0260;-0.0293
6.0270;-0.0293
6.0280;-0.0293
6.0290;-0.0293
6.0300;-0.0293
6.0310;-0.0264
6.0320;-0.0264
6.0330;-0.0264
6.0340;-0.0264
6.0350;-0.0264
6.0360;-0.0264
6.0370;-0.0264
6.0380;-0.0264
6.0390;-0.0264
6.0400;-0.0264
6.0410;-0.0264
6.0420;-0.0264
6.0430;-0.0264
6.0440;-0.0264
6.0450;-0.0264
6.0460;-0.0264
6.0470;-0.0264
6.0480;-0.0264
6.0490;-0.0234
6.0500;-0.0234
6.0510;-0.0205
6.0520;-0.0205
6.0530;-0.0205
6.0540;-0.0176
6.0550;-0.0146
6.0560;-0.0176
6.0570;-0.0146
6.0580;-0.0176
6.0590;-0.0176
6.0600;-0.0176
6.0610;-0.0146
6.0620;-0.0176
6.0630;-0.0176
6.0640;-0.0176
6.0650;-0.0176
6.0660;-0.0205
6.0670;-0.0176
6.0680;-0.0146
6.0690;-0.0117
6.0700;-0.0117
6.0710;-0.0146
6.0720;-0.0146
6.0730;-0.0146
6.0740;-0.0146
6.0750;-0.0117
6.0760;-0.0117
6.0770;-0.0117
6.0780;-0.0117
6.0790;-0.0117
6.0800;-0.0088
6.0810;-0.0088
6.0820;-0.0088
6.0830;-0.0117
6.0840;-0.0088
6.0850;-0.0059
6.0860;-0.0059
6.0870;-0.0088
6.0880;-0.0059
6.0890;-0.0059
6.0900;-0.0088
6.0910;-0.0059
6.0920;-0.0059
6.0930;-0.0059
6.0940;-0.0059
6.0950;-0.0029
6.0960;-0.0029
6.0970;-0.0029
6.0980;0.0000
6.0990;-0.0029
6.1000;-0.0029
6.1010;-0.0029
6.1020;0.0000
6.1030;0.0000
6.1040;-0.0029
6.1050;-0.0029
6.1060;-0.0029
6.1070;-0.0029
6.1080;-0.0029
6.1090;-0.0029
6.1100;0.0000
6.1110;-0.0029
6.1120;0.0000
6.1130;0.0000
6.1140;0.0000
6.1150;0.0029
6.1160;0.0029
6.1170;0.0029
6.1180;0.0059
6.1190;0.0059
6.1200;0.0059
6.1210;0.0059
6.1220;0.0059
6.1230;0.0059
6.1240;0.0059
6.1250;0.0059
6.1260;0.0059
6.1270;0.0059
6.1280;0.0059
6.1290;0.0059
6.1300;0.0029
6.1310;0.0059
6.1320;0.0029
6.1330;0.0029
6.1340;0.0059
6.1350;0.0059
6.1360;0.0029
6.1370;0.0059
6.1380;0.0059
6.1390;0.0059
6.1400;0.0088
6.1410;0.0088
6.1420;0.0088
6.1430;0.0088
6.1440;0.0088
6.1450;0.0088
6.1460;0.0088
6.1470;0.0117
6.1480;0.0117
6.1490;0.0117
6.1500;0.0117
6.1510;0.0117
6.1520;0.0117
6.1530;0.0088
6.1540;0.0088
6.1550;0.0146
6.1560;0.0176
6.1570;0.0205
6.1580;0.0234
6.1590;0.0293
6.1600;0.0352
6.1610;0.0410
6.1620;0.0439
6.1630;0.0498
6.1640;0.0557
6.1650;0.0615
6.1660;0.0674
6.1670;0.0732
6.1680;0.0820
6.1690;0.0850
6.1700;0.0908
6.1710;0.0937
6.1720;0.0996
6.1730;0.1025
6.1740;0.1025
6.1750;0.1025
6.1760;0.0996
6.1770;0.0967
6.1780;0.0908
6.1790;0.0879
6.1800;0.0850
6.1810;0.0820
6.1820;0.0850
6.1830;0.0879
6.1840;0.0879
6.1850;0.0937
6.1860;0.1025
6.1870;0.1113
6.1880;0.1230
6.1890;0.1406
6.1900;0.1523
6.1910;0.1641
6.1920;0.1729
6.1930;0.1846
6.1940;0.1992
6.1950;0.2080
6.1960;0.2168
6.1970;0.2256
6.1980;0.2285
6.1990;0.2285
6.2000;0.2285
6.2010;0.2285
6.2020;0.2285
6.2030;0.2256
6.2040;0.2227
6.2050;0.2197
6.2060;0.2080
6.2070;0.2051
6.2080;0.1963
6.2090;0.1875
6.2100;0.1816
6.2110;0.1758
6.2120;0.1699
6.2130;0.1611
6.2140;0.1523
6.2150;0.1436
6.2160;0.1348
6.2170;0.1289
6.2180;0.1172
6.2190;0.1113
6.2200;0.0996
6.2210;0.0879
6.2220;0.0791
6.2230;0.0703
6.2240;0.0645
6.2250;0.0557
6.2260;0.0469
6.2270;0.0352
6.2280;0.0205
6.2290;0.0088
6.2300;0.0000
6.2310;-0.0117
6.2320;-0.0234
6.2330;-0.0322
6.2340;-0.0381
6.2350;-0.0439
6.2360;-0.0469
6.2370;-0.0498
6.2380;-0.0527
6.2390;-0.0586
6.2400;-0.0615
6.2410;-0.0674
6.2420;-0.0703
6.2430;-0.0732
6.2440;-0.0762
6.2450;-0.0791
6.2460;-0.0820
6.2470;-0.0850
6.2480;-0.0908
6.2490;-0.0937
6.2500;-0.0967
6.2510;-0.0996
6.2520;-0.1025
6.2530;-0.1025
6.2540;-0.1055
6.2550;-0.1055
6.2560;-0.1084
6.2570;-0.1084
6.2580;-0.1084
6.2590;-0.1084
6.2600;-0.1084
6.2610;-0.1113
6.2620;-0.1113
6.2630;-0.1143
6.2640;-0.1143
6.2650;-0.1143
6.2660;-0.1143
6.2670;-0.1113
6.2680;-0.1143
6.2690;-0.1143
6.2700;-0.1143
6.2710;-0.1143
6.2720;-0.1113
6.2730;-0.1113
6.2740;-0.1113
6.2750;-0.1084
6.2760;-0.1113
6.2770;-0.1143
6.2780;-0.1113
6.2790;-0.1113
6.2800;-0.1084
6.2810;-0.1084
6.2820;-0.1084
6.2830;-0.1084
6.2840;-0.1084
6.2850;-0.1084
6.2860;-0.1084
6.2870;-0.1055
6.2880;-0.1055
6.2890;-0.1055
6.2900;-0.1025
6.2910;-0.0996
6.2920;-0.0967
6.2930;-0.0996
6.2940;-0.1025
6.2950;-0.0996
6.2960;-0.0996
6.2970;-0.0996
6.2980;-0.0996
6.2990;-0.1025
6.3000;-0.1055
6.3010;-0.1084
6.3020;-0.1172
6.3030;-0.1289
6.3040;-0.1436
6.3050;-0.1611
6.3060;-0.1787
6.3070;-0.1904
6.3080;-0.2021
6.3090;-0.2109
6.3100;-0.2139
6.3110;-0.2197
6.3120;-0.2227
6.3130;-0.2256
6.3140;-0.2256
6.3150;-0.2197
6.3160;-0.2109
6.3170;-0.1963
6.3180;-0.1816
6.3190;-0.1611
6.3200;-0.1377
6.3210;-0.1143
6.3220;-0.0820
6.3230;-0.0469
6.3240;-0.0029
6.3250;0.0469
6.3260;0.1055
6.3270;0.1758
6.3280;0.2520
6.3290;0.3398
6.3300;0.4336
6.3310;0.5273
6.3320;0.6182
6.3330;0.7090
6.3340;0.8027
6.3350;0.8994
6.3360;1.0020
6.3370;1.1074
6.3380;1.2158
6.3390;1.3213
6.3400;1.4268
6.3410;1.4941
6.3420;1.4941
6.3430;1.4941
6.3440;1.4941
6.3450;1.4941
6.3460;1.4941
6.3470;1.4941
6.3480;1.4941
6.3490;1.4941
6.3500;1.4941
6.3510;1.4941
6.3520;1.4941
6.3530;1.4619
6.3540;1.3213
6.3550;1.1719
6.3560;1.0107
6.3570;0.8379
6.3580;0.6533
6.3590;0.4688
6.3600;0.2988
6.3610;0.1436
6.3620;0.0117
6.3630;-0.1025
6.3640;-0.1992
6.3650;-0.2812
6.3660;-0.3428
6.3670;-0.3896
6.3680;-0.4307
6.3690;-0.4717
6.3700;-0.5098
6.3710;-0.5391
6.3720;-0.5596
6.3730;-0.5684
6.3740;-0.5713
6.3750;-0.5713
6.3760;-0.5742
6.3770;-0.5830
6.3780;-0.5830
6.3790;-0.5859
6.3800;-0.5830
6.3810;-0.5801
6.3820;-0.5771
6.3830;-0.5713
6.3840;-0.5654
6.3850;-0.5596
6.3860;-0.5449
6.3870;-0.5332
6.3880;-0.5156
6.3890;-0.4951
6.3900;-0.4746
6.3910;-0.4570
6.3920;-0.4336
6.3930;-0.4131
6.3940;-0.3955
6.3950;-0.3750
6.3960;-0.3604
6.3970;-0.3457
6.3980;-0.3311
6.3990;-0.3193
6.4000;-0.3076
6.4010;-0.3018
6.4020;-0.2930
6.4030;-0.2871
6.4040;-0.2842
6.4050;-0.2783
6.4060;-0.2725
6.4070;-0.2666
6.4080;-0.2607
6.4090;-0.2549
6.4100;-0.2461
6.4110;-0.2432
6.4120;-0.2373
6.4130;-0.2344
6.4140;-0.2314
6.4150;-0.2256
6.4160;-0.2227
6.4170;-0.2168
6.4180;-0.2139
6.4190;-0.2109
6.4200;-0.2051
6.4210;-0.1992
6.4220;-0.1963
6.4230;-0.1934
6.4240;-0.1904
6.4250;-0.1875
6.4260;-0.1846
6.4270;-0.1787
6.4280;-0.1758
6.4290;-0.1699
6.4300;-0.1670
6.4310;-0.1641
6.4320;-0.1553
6.4330;-0.1553
6.4340;-0.1523
6.4350;-0.1465
6.4360;-0.1436
6.4370;-0.1406
6.4380;-0.1377
6.4390;-0.1348
6.4400;-0.1318
6.4410;-0.1289
6.4420;-0.1260
6.4430;-0.1201
6.4440;-0.1172
6.4450;-0.1113
6.4460;-0.1084
6.4470;-0.1055
6.4480;-0.1055
6.4490;-0.1055
6.4500;-0.0996
6.4510;-0.0967
6.4520;-0.0937
6.4530;-0.0908
6.4540;-0.0879
6.4550;-0.0820
6.4560;-0.0791
6.4570;-0.0762
6.4580;-0.0762
6.4590;-0.0732
6.4600;-0.0703
6.4610;-0.0703
6.4620;-0.0674
6.4630;-0.0615
6.4640;-0.0615
6.4650;-0.0586
6.4660;-0.0557
6.4670;-0.0527
6.4680;-0.0469
6.4690;-0.0469
6.4700;-0.0439
6.4710;-0.0410
6.4720;-0.0381
6.4730;-0.0352
6.4740;-0.0352
6.4750;-0.0293
6.4760;-0.0293
6.4770;-0.0234
6.4780;-0.0234
6.4790;-0.0176
6.4800;-0.0117
6.4810;-0.0117
6.4820;-0.0088
6.4830;-0.0029
6.4840;-0.0029
6.4850;0.0000
6.4860;0.0029
6.4870;0.0088
6.4880;0.0117
6.4890;0.0146
6.4900;0.0205
6.4910;0.0205
6.4920;0.0264
6.4930;0.0322
6.4940;0.0352
6.4950;0.0410
6.4960;0.0410
6.4970;0.0439
6.4980;0.0469
6.4990;0.0527
6.5000;0.0557
6.5010;0.0645
6.5020;0.0674
6.5030;0.0703
6.5040;0.0732
6.5050;0.0791
6.5060;0.0820
6.5070;0.0879
6.5080;0.0908
6.5090;0.0967
6.5100;0.0996
6.5110;0.1025
6.5120;0.1084
6.5130;0.1143
6.5140;0.1172
6.5150;0.1230
6.5160;0.1289
6.5170;0.1348
6.5180;0.1377
6.5190;0.1436
6.5200;0.1494
6.5210;0.1553
6.5220;0.1611
6.5230;0.1670
6.5240;0.1729
6.5250;0.1758
6.5260;0.1816
6.5270;0.1875
6.5280;0.1904
6.5290;0.1963
6.5300;0.1992
6.5310;0.1992
6.5320;0.2051
6.5330;0.2080
6.5340;0.2109
6.5350;0.2197
6.5360;0.2227
6.5370;0.2256
6.5380;0.2285
6.5390;0.2314
6.5400;0.2344
6.5410;0.2402
6.5420;0.2402
6.5430;0.2402
6.5440;0.2432
6.5450;0.2432
6.5460;0.2402
6.5470;0.2432
6.5480;0.2432
6.5490;0.2432
6.5500;0.2432
6.5510;0.2432
6.5520;0.2432
6.5530;0.2432
6.5540;0.2402
6.5550;0.2373
6.5560;0.2344
6.5570;0.2314
6.5580;0.2285
6.5590;0.2227
6.5600;0.2197
6.5610;0.2168
6.5620;0.2109
6.5630;0.2080
6.5640;0.2021
6.5650;0.1963
6.5660;0.1904
6.5670;0.1875
6.5680;0.1816
6.5690;0.1729
6.5700;0.1670
6.5710;0.1611
6.5720;0.1523
6.5730;0.1436
6.5740;0.1318
6.5750;0.1260
6.5760;0.1143
6.5770;0.1025
6.5780;0.0937
6.5790;0.0850
6.5800;0.0732
6.5810;0.0586
6.5820;0.0439
6.5830;0.0293
6.5840;0.0146
6.5850;0.0029
6.5860;-0.0117
6.5870;-0.0264
6.5880;-0.0439
6.5890;-0.0586
6.5900;-0.0732
6.5910;-0.0879
6.5920;-0.0996
6.5930;-0.1143
6.5940;-0.1260
6.5950;-0.1406
6.5960;-0.1523
6.5970;-0.1670
6.5980;-0.1787
6.5990;-0.1904
6.6000;-0.2021
6.6010;-0.2139
6.6020;-0.2285
6.6030;-0.2402
6.6040;-0.2520
6.6050;-0.2607
6.6060;-0.2725
6.6070;-0.2842
6.6080;-0.2930
6.6090;-0.3018
6.6100;-0.3105
6.6110;-0.3193
6.6120;-0.3281
6.6130;-0.3340
6.6140;-0.3398
6.6150;-0.3457
6.6160;-0.3516
6.6170;-0.3545
6.6180;-0.3604
6.6190;-0.3633
6.6200;-0.3662
6.6210;-0.3691
6.6220;-0.3691
6.6230;-0.3721
6.6240;-0.3750
6.6250;-0.3779
6.6260;-0.3809
6.6270;-0.3809
6.6280;-0.3809
6.6290;-0.3809
6.6300;-0.3809
6.6310;-0.3838
6.6320;-0.3809
6.6330;-0.3779
6.6340;-0.3779
6.6350;-0.3750
6.6360;-0.3750
6.6370;-0.3750
6.6380;-0.3750
6.6390;-0.3750
6.6400;-0.3721
6.6410;-0.3721
6.6420;-0.3721
6.6430;-0.3662
6.6440;-0.3662
6.6450;-0.3604
6.6460;-0.3604
6.6470;-0.3574
6.6480;-0.3545
6.6490;-0.3516
6.6500;-0.3516
6.6510;-0.3486
6.6520;-0.3457
6.6530;-0.3398
6.6540;-0.3398
6.6550;-0.3369
6.6560;-0.3311
6.6570;-0.3281
6.6580;-0.3252
6.6590;-0.3193
6.6600;-0.3135
6.6610;-0.3105
6.6620;-0.3076
6.6630;-0.3047
6.6640;-0.3018
6.6650;-0.2988
6.6660;-0.2930
6.6670;-0.2871
6.6680;-0.2842
6.6690;-0.2812
6.6700;-0.2783
6.6710;-0.2754
6.6720;-0.2725
6.6730;-0.2725
6.6740;-0.2695
6.6750;-0.2637
6.6760;-0.2607
6.6770;-0.2549
6.6780;-0.2461
6.6790;-0.2402
6.6800;-0.2373
6.6810;-0.2344
6.6820;-0.2314
6.6830;-0.2285
6.6840;-0.2256
6.6850;-0.2227
6.6860;-0.2197
6.6870;-0.2168
6.6880;-0.2168
6.6890;-0.2168
6.6900;-0.2139
6.6910;-0.2109
6.6920;-0.2080
6.6930;-0.2021
6.6940;-0.1992
6.6950;-0.1934
6.6960;-0.1875
6.6970;-0.1846
6.6980;-0.1816
6.6990;-0.1787
6.7000;-0.1787
6.7010;-0.1787
6.7020;-0.1729
6.7030;-0.1699
6.7040;-0.1670
6.7050;-0.1670
6.7060;-0.1641
6.7070;-0.1641
6.7080;-0.1611
6.7090;-0.1611
6.7100;-0.1553
6.7110;-0.1553
6.7120;-0.1523
6.7130;-0.1494
6.7140;-0.1465
6.7150;-0.1436
6.7160;-0.1406
6.7170;-0.1406
6.7180;-0.1377
6.7190;-0.1377
6.7200;-0.1318
6.7210;-0.1289
6.7220;-0.1260
6.7230;-0.1230
6.7240;-0.1230
6.7250;-0.1172
6.7260;-0.1172
6.7270;-0.1172
6.7280;-0.1143
6.7290;-0.1143
6.7300;-0.1113
6.7310;-0.1113
6.7320;-0.1113
6.7330;-0.1113
6.7340;-0.1084
6.7350;-0.1055
6.7360;-0.1025
6.7370;-0.1025
6.7380;-0.0996
6.7390;-0.0996
6.7400;-0.0996
6.7410;-0.0967
6.7420;-0.0937
6.7430;-0.0937
6.7440;-0.0937
6.7450;-0.0908
6.7460;-0.0908
6.7470;-0.0879
6.7480;-0.0879
6.7490;-0.0879
6.7500;-0.0879
6.7510;-0.0850
6.7520;-0.0850
6.7530;-0.0850
6.7540;-0.0850
6.7550;-0.0820
6.7560;-0.0820
6.7570;-0.0791
6.7580;-0.0791
6.7590;-0.0762
6.7600;-0.0732
6.7610;-0.0732
6.7620;-0.0732
6.7630;-0.0732
6.7640;-0.0732
6.7650;-0.0732
6.7660;-0.0732
6.7670;-0.0703
6.7680;-0.0703
6.7690;-0.0703
6.7700;-0.0674
6.7710;-0.0674
6.7720;-0.0674
6.7730;-0.0674
6.7740;-0.0674
6.7750;-0.0703
6.7760;-0.0703
6.7770;-0.0732
6.7780;-0.0732
6.7790;-0.0732
6.7800;-0.0732
6.7810;-0.0703
6.7820;-0.0703
6.7830;-0.0732
6.7840;-0.0703
6.7850;-0.0674
6.7860;-0.0674
6.7870;-0.0645
6.7880;-0.0615
6.7890;-0.0615
6.7900;-0.0615
6.7910;-0.0615
6.7920;-0.0615
6.7930;-0.0586
6.7940;-0.0615
6.7950;-0.0586
6.7960;-0.0615
6.7970;-0.0586
6.7980;-0.0586
6.7990;-0.0586
6.8000;-0.0557
6.8010;-0.0557
6.8020;-0.0527
6.8030;-0.0557
6.8040;-0.0586
6.8050;-0.0557
6.8060;-0.0586
6.8070;-0.0586
6.8080;-0.0557
6.8090;-0.0557
6.8100;-0.0527
6.8110;-0.0527
6.8120;-0.0527
6.8130;-0.0527
6.8140;-0.0527
6.8150;-0.0498
6.8160;-0.0527
6.8170;-0.0527
6.8180;-0.0498
6.8190;-0.0498
6.8200;-0.0498
6.8210;-0.0469
6.8220;-0.0439
6.8230;-0.0439
6.8240;-0.0439
6.8250;-0.0410
6.8260;-0.0410
6.8270;-0.0410
6.8280;-0.0381
6.8290;-0.0381
6.8300;-0.0352
6.8310;-0.0352
6.8320;-0.0352
6.8330;-0.0352
6.8340;-0.0352
6.8350;-0.0352
6.8360;-0.0352
6.8370;-0.0322
6.8380;-0.0352
6.8390;-0.0352
6.8400;-0.0352
6.8410;-0.0381
6.8420;-0.0352
6.8430;-0.0352
6.8440;-0.0352
6.8450;-0.0322
6.8460;-0.0322
6.8470;-0.0293
6.8480;-0.0293
6.8490;-0.0293
6.8500;-0.0293
6.8510;-0.0293
6.8520;-0.0293
6.8530;-0.0293
6.8540;-0.0264
6.8550;-0.0234
6.8560;-0.0234
6.8570;-0.0234
6.8580;-0.0234
6.8590;-0.0264
6.8600;-0.0234
6.8610;-0.0264
6.8620;-0.0264
6.8630;-0.0264
6.8640;-0.0264
6.8650;-0.0234
6.8660;-0.0234
6.8670;-0.0234
6.8680;-0.0205
6.8690;-0.0176
6.8700;-0.0146
6.8710;-0.0146
6.8720;-0.0146
6.8730;-0.0146
6.8740;-0.0146
6.8750;-0.0146
6.8760;-0.0117
6.8770;-0.0117
6.8780;-0.0117
6.8790;-0.0117
6.8800;-0.0088
6.8810;-0.0117
6.8820;-0.0088
6.8830;-0.0088
6.8840;-0.0117
6.8850;-0.0117
6.8860;-0.0117
6.8870;-0.0117
6.8880;-0.0117
6.8890;-0.0117
6.8900;-0.0146
6.8910;-0.0146
6.8920;-0.0117
6.8930;-0.0117
6.8940;-0.0088
6.8950;-0.0059
6.8960;-0.0029
6.8970;0.0000
6.8980;0.0000
6.8990;0.0000
6.9000;0.0000
6.9010;0.0000
6.9020;0.0000
6.9030;0.0000
6.9040;-0.0029
6.9050;-0.0029
6.9060;-0.0029
6.9070;-0.0029
6.9080;-0.0029
6.9090;-0.0029
6.9100;-0.0029
6.9110;-0.0029
6.9120;0.0000
6.9130;0.0000
6.9140;0.0000
6.9150;0.0029
6.9160;0.0029
6.9170;0.0000
6.9180;0.0029
6.9190;0.0029
6.9200;0.0029
6.9210;0.0029
6.9220;0.0029
6.9230;0.0029
6.9240;0.0029
6.9250;0.0029
6.9260;0.0000
6.9270;0.0000
6.9280;0.0000
6.9290;0.0029
6.9300;0.0059
6.9310;0.0059
6.9320;0.0059
6.9330;0.0059
6.9340;0.0029
6.9350;0.0029
6.9360;0.0059
6.9370;0.0059
6.9380;0.0088
6.9390;0.0088
6.9400;0.0088
6.9410;0.0088
6.9420;0.0088
6.9430;0.0088
6.9440;0.0117
6.9450;0.0117
6.9460;0.0146
6.9470;0.0146
6.9480;0.0146
6.9490;0.0146
6.9500;0.0117
6.9510;0.0146
6.9520;0.0176
6.9530;0.0176
6.9540;0.0176
6.9550;0.0176
6.9560;0.0146
6.9570;0.0117
6.9580;0.0117
6.9590;0.0117
6.9600;0.0117
6.9610;0.0117
6.9620;0.0117
6.9630;0.0117
6.9640;0.0088
6.9650;0.0088
6.9660;0.0088
6.9670;0.0088
6.9680;0.0117
6.9690;0.0146
6.9700;0.0176
6.9710;0.0205
6.9720;0.0205
6.9730;0.0205
6.9740;0.0205
6.9750;0.0205
6.9760;0.0146
6.9770;0.0146
6.9780;0.0176
6.9790;0.0176
6.9800;0.0176
6.9810;0.0176
6.9820;0.0176
6.9830;0.0205
6.9840;0.0205
6.9850;0.0234
6.9860;0.0234
6.9870;0.0264
6.9880;0.0264
6.9890;0.0293
6.9900;0.0352
6.9910;0.0381
6.9920;0.0410
6.9930;0.0469
6.9940;0.0557
6.9950;0.0586
6.9960;0.0645
6.9970;0.0674
6.9980;0.0732
6.9990;0.0791
7.0000;0.0879
7.0010;0.0908
7.0020;0.0967
7.0030;0.1025
7.0040;0.1055
7.0050;0.1084
7.0060;0.1113
7.0070;0.1113
7.0080;0.1113
7.0090;0.1055
7.0100;0.1025
7.0110;0.0996
7.0120;0.0967
7.0130;0.0967
7.0140;0.0937
7.0150;0.0967
7.0160;0.0996
7.0170;0.1055
7.0180;0.1113
7.0190;0.1143
7.0200;0.1260
7.0210;0.1348
7.0220;0.1436
7.0230;0.1582
7.0240;0.1670
7.0250;0.1787
7.0260;0.1875
7.0270;0.1992
7.0280;0.2109
7.0290;0.2197
7.0300;0.2285
7.0310;0.2314
7.0320;0.2314
7.0330;0.2344
7.0340;0.2373
7.0350;0.2402
7.0360;0.2373
7.0370;0.2344
7.0380;0.2314
7.0390;0.2256
7.0400;0.2227
7.0410;0.2168
7.0420;0.2109
7.0430;0.2021
7.0440;0.1963
7.0450;0.1934
7.0460;0.1875
7.0470;0.1787
7.0480;0.1729
7.0490;0.1611
7.0500;0.1523
7.0510;0.1406
7.0520;0.1318
7.0530;0.1201
7.0540;0.1084
7.0550;0.1025
7.0560;0.0937
7.0570;0.0879
7.0580;0.0820
7.0590;0.0703
7.0600;0.0586
7.0610;0.0439
7.0620;0.0322
7.0630;0.0205
7.0640;0.0117
7.0650;0.0029
7.0660;-0.0029
7.0670;-0.0117
7.0680;-0.0117
7.0690;-0.0146
7.0700;-0.0176
7.0710;-0.0234
7.0720;-0.0264
7.0730;-0.0322
7.0740;-0.0381
7.0750;-0.0410
7.0760;-0.0469
7.0770;-0.0498
7.0780;-0.0498
7.0790;-0.0557
7.0800;-0.0586
7.0810;-0.0615
7.0820;-0.0674
7.0830;-0.0703
7.0840;-0.0703
7.0850;-0.0703
7.0860;-0.0703
7.0870;-0.0732
7.0880;-0.0732
7.0890;-0.0732
7.0900;-0.0732
7.0910;-0.0732
7.0920;-0.0732
7.0930;-0.0762
7.0940;-0.0791
7.0950;-0.0820
7.0960;-0.0850
7.0970;-0.0879
7.0980;-0.0879
7.0990;-0.0879
7.1000;-0.0850
7.1010;-0.0820
7.1020;-0.0850
7.1030;-0.0820
7.1040;-0.0820
7.1050;-0.0820
7.1060;-0.0820
7.1070;-0.0820
7.1080;-0.0850
7.1090;-0.0850
7.1100;-0.0850
7.1110;-0.0850
7.1120;-0.0850
7.1130;-0.0850
7.1140;-0.0850
7.1150;-0.0850
7.1160;-0.0850
7.1170;-0.0820
7.1180;-0.0791
7.1190;-0.0791
7.1200;-0.0791
7.1210;-0.0762
7.1220;-0.0791
7.1230;-0.0820
7.1240;-0.0850
7.1250;-0.0820
7.1260;-0.0791
7.1270;-0.0820
7.1280;-0.0820
7.1290;-0.0850
7.1300;-0.0820
7.1310;-0.0850
7.1320;-0.0850
7.1330;-0.0850
7.1340;-0.0879
7.1350;-0.0908
7.1360;-0.0967
7.1370;-0.1084
7.1380;-0.1230
7.1390;-0.1406
7.1400;-0.1553
7.1410;-0.1670
7.1420;-0.1816
7.1430;-0.1904
7.1440;-0.1963
7.1450;-0.1992
7.1460;-0.1992
7.1470;-0.2021
7.1480;-0.1992
7.1490;-0.1934
7.1500;-0.1846
7.1510;-0.1670
7.1520;-0.1523
7.1530;-0.1348
7.1540;-0.1143
7.1550;-0.0850
7.1560;-0.0527
7.1570;-0.0146
7.1580;0.0322
7.1590;0.0820
7.1600;0.1465
7.1610;0.2197
7.1620;0.3018
7.1630;0.3926
7.1640;0.4834
7.1650;0.5713
7.1660;0.6562
7.1670;0.7500
7.1680;0.8467
7.1690;0.9492
7.1700;1.0518
7.1710;1.1602
7.1720;1.2656
7.1730;1.3740
7.1740;1.4736
7.1750;1.4941
7.1760;1.4941
7.1770;1.4941
7.1780;1.4941
7.1790;1.4941
7.1800;1.4941
7.1810;1.4941
7.1820;1.4941
7.1830;1.4941
7.1840;1.4941
7.1850;1.4941
7.1860;1.4941
7.1870;1.3857
7.1880;1.2451
7.1890;1.0986
7.1900;0.9346
7.1910;0.7588
7.1920;0.5771
7.1930;0.4102
7.1940;0.2549
7.1950;0.1201
7.1960;-0.0029
7.1970;-0.1055
7.1980;-0.1846
7.1990;-0.2490
7.2000;-0.3018
7.2010;-0.3428
7.2020;-0.3838
7.2030;-0.4219
7.2040;-0.4512
7.2050;-0.4805
7.2060;-0.5068
7.2070;-0.5303
7.2080;-0.5479
7.2090;-0.5625
7.2100;-0.5654
7.2110;-0.5684
7.2120;-0.5654
7.2130;-0.5654
7.2140;-0.5625
7.2150;-0.5596
7.2160;-0.5537
7.2170;-0.5479
7.2180;-0.5449
7.2190;-0.5361
7.2200;-0.5244
7.2210;-0.5127
7.2220;-0.4951
7.2230;-0.4746
7.2240;-0.4512
7.2250;-0.4277
7.2260;-0.4043
7.2270;-0.3838
7.2280;-0.3633
7.2290;-0.3457
7.2300;-0.3252
7.2310;-0.3076
7.2320;-0.2930
7.2330;-0.2754
7.2340;-0.2607
7.2350;-0.2490
7.2360;-0.2402
7.2370;-0.2314
7.2380;-0.2227
7.2390;-0.2168
7.2400;-0.2109
7.2410;-0.2051
7.2420;-0.1992
7.2430;-0.1963
7.2440;-0.1904
7.2450;-0.1846
7.2460;-0.1846
7.2470;-0.1816
7.2480;-0.1758
7.2490;-0.1729
7.2500;-0.1670
7.2510;-0.1641
7.2520;-0.1582
7.2530;-0.1553
7.2540;-0.1523
7.2550;-0.1465
7.2560;-0.1436
7.2570;-0.1436
7.2580;-0.1377
7.2590;-0.1377
7.2600;-0.1318
7.2610;-0.1289
7.2620;-0.1230
7.2630;-0.1201
7.2640;-0.1172
7.2650;-0.1084
7.2660;-0.1055
7.2670;-0.0996
7.2680;-0.0937
7.2690;-0.0908
7.2700;-0.0850
7.2710;-0.0820
7.2720;-0.0820
7.2730;-0.0762
7.2740;-0.0732
7.2750;-0.0703
7.2760;-0.0674
7.2770;-0.0615
7.2780;-0.0586
7.2790;-0.0557
7.2800;-0.0527
7.2810;-0.0527
7.2820;-0.0527
7.2830;-0.0469
7.2840;-0.0439
7.2850;-0.0410
7.2860;-0.0410
7.2870;-0.0381
7.2880;-0.0352
7.2890;-0.0293
7.2900;-0.0234
7.2910;-0.0205
7.2920;-0.0146
7.2930;-0.0117
7.2940;-0.0117
7.2950;-0.0117
7.2960;-0.0088
7.2970;-0.0059
7.2980;-0.0029
7.2990;0.0000
7.3000;0.0029
7.3010;0.0029
7.3020;0.0088
7.3030;0.0117
7.3040;0.0146
7.3050;0.0176
7.3060;0.0205
7.3070;0.0205
7.3080;0.0234
7.3090;0.0264
7.3100;0.0293
7.3110;0.0322
7.3120;0.0352
7.3130;0.0352
7.3140;0.0381
7.3150;0.0439
7.3160;0.0439
7.3170;0.0469
7.3180;0.0469
7.3190;0.0498
7.3200;0.0527
7.3210;0.0557
7.3220;0.0586
7.3230;0.0615
7.3240;0.0645
7.3250;0.0703
7.3260;0.0732
7.3270;0.0762
7.3280;0.0820
7.3290;0.0879
7.3300;0.0908
7.3310;0.0967
7.3320;0.0996
7.3330;0.1025
7.3340;0.1113
7.3350;0.1172
7.3360;0.1201
7.3370;0.1230
7.3380;0.1289
7.3390;0.1318
7.3400;0.1377
7.3410;0.1406
7.3420;0.1436
7.3430;0.1465
7.3440;0.1494
7.3450;0.1553
7.3460;0.1582
7.3470;0.1641
7.3480;0.1670
7.3490;0.1729
7.3500;0.1787
7.3510;0.1846
7.3520;0.1875
7.3530;0.1904
7.3540;0.1963
7.3550;0.1992
7.3560;0.2051
7.3570;0.2080
7.3580;0.2080
7.3590;0.2139
7.3600;0.2197
7.3610;0.2256
7.3620;0.2285
7.3630;0.2314
7.3640;0.2373
7.3650;0.2432
7.3660;0.2432
7.3670;0.2461
7.3680;0.2490
7.3690;0.2520
7.3700;0.2520
7.3710;0.2520
7.3720;0.2520
7.3730;0.2549
7.3740;0.2549
7.3750;0.2578
7.3760;0.2578
7.3770;0.2607
7.3780;0.2607
7.3790;0.2637
7.3800;0.2637
7.3810;0.2666
7.3820;0.2666
7.3830;0.2666
7.3840;0.2666
7.3850;0.2666
7.3860;0.2666
7.3870;0.2666
7.3880;0.2637
7.3890;0.2607
7.3900;0.2578
7.3910;0.2549
7.3920;0.2490
7.3930;0.2461
7.3940;0.2402
7.3950;0.2344
7.3960;0.2314
7.3970;0.2285
7.3980;0.2227
7.3990;0.2197
7.4000;0.2139
7.4010;0.2080
7.4020;0.2080
7.4030;0.2021
7.4040;0.1963
7.4050;0.1846
7.4060;0.1758
7.4070;0.1670
7.4080;0.1582
7.4090;0.1494
7.4100;0.1406
7.4110;0.1318
7.4120;0.1201
7.4130;0.1084
7.4140;0.0937
7.4150;0.0820
7.4160;0.0703
7.4170;0.0557
7.4180;0.0439
7.4190;0.0293
7.4200;0.0205
7.4210;0.0059
7.4220;-0.0059
7.4230;-0.0205
7.4240;-0.0352
7.4250;-0.0498
7.4260;-0.0615
7.4270;-0.0762
7.4280;-0.0879
7.4290;-0.0996
7.4300;-0.1143
7.4310;-0.1289
7.4320;-0.1406
7.4330;-0.1523
7.4340;-0.1670
7.4350;-0.1758
7.4360;-0.1875
7.4370;-0.1992
7.4380;-0.2080
7.4390;-0.2197
7.4400;-0.2285
7.4410;-0.2373
7.4420;-0.2461
7.4430;-0.2578
7.4440;-0.2637
7.4450;-0.2725
7.4460;-0.2783
7.4470;-0.2842
7.4480;-0.2900
7.4490;-0.2959
7.4500;-0.2988
7.4510;-0.3018
7.4520;-0.3047
7.4530;-0.3076
7.4540;-0.3105
7.4550;-0.3135
7.4560;-0.3193
7.4570;-0.3252
7.4580;-0.3281
7.4590;-0.3281
7.4600;-0.3281
7.4610;-0.3311
7.4620;-0.3340
7.4630;-0.3340
7.4640;-0.3340
7.4650;-0.3311
7.4660;-0.3311
7.4670;-0.3311
7.4680;-0.3311
7.4690;-0.3311
7.4700;-0.3311
7.4710;-0.3311
7.4720;-0.3281
7.4730;-0.3252
7.4740;-0.3252
7.4750;-0.3223
7.4760;-0.3193
7.4770;-0.3193
7.4780;-0.3164
7.4790;-0.3164
7.4800;-0.3164
7.4810;-0.3164
7.4820;-0.3105
7.4830;-0.3105
7.4840;-0.3076
7.4850;-0.3047
7.4860;-0.3018
7.4870;-0.2988
7.4880;-0.2959
7.4890;-0.2930
7.4900;-0.2871
7.4910;-0.2842
7.4920;-0.2842
7.4930;-0.2842
7.4940;-0.2812
7.4950;-0.2783
7.4960;-0.2754
7.4970;-0.2725
7.4980;-0.2695
7.4990;-0.2637
7.5000;-0.2578
7.5010;-0.2549
7.5020;-0.2461
7.5030;-0.2432
7.5040;-0.2402
7.5050;-0.2344
7.5060;-0.2314
7.5070;-0.2256
7.5080;-0.2227
7.5090;-0.2197
7.5100;-0.2168
7.5110;-0.2139
7.5120;-0.2109
7.5130;-0.2109
7.5140;-0.2080
7.5150;-0.2021
7.5160;-0.2021
7.5170;-0.2021
7.5180;-0.1992
7.5190;-0.1934
7.5200;-0.1904
7.5210;-0.1904
7.5220;-0.1846
7.5230;-0.1787
7.5240;-0.1758
7.5250;-0.1699
7.5260;-0.1699
7.5270;-0.1670
7.5280;-0.1641
7.5290;-0.1611
7.5300;-0.1582
7.5310;-0.1553
7.5320;-0.1494
7.5330;-0.1465
7.5340;-0.1465
7.5350;-0.1436
7.5360;-0.1436
7.5370;-0.1406
7.5380;-0.1348
7.5390;-0.1318
7.5400;-0.1289
7.5410;-0.1289
7.5420;-0.1260
7.5430;-0.1230
7.5440;-0.1201
7.5450;-0.1172
7.5460;-0.1172
7.5470;-0.1143
7.5480;-0.1113
7.5490;-0.1084
7.5500;-0.1025
7.5510;-0.0996
7.5520;-0.0996
7.5530;-0.0996
7.5540;-0.0996
7.5550;-0.0967
7.5560;-0.0937
7.5570;-0.0937
7.5580;-0.0937
7.5590;-0.0937
7.5600;-0.0937
7.5610;-0.0937
7.5620;-0.0937
7.5630;-0.0908
7.5640;-0.0908
7.5650;-0.0879
7.5660;-0.0850
7.5670;-0.0820
7.5680;-0.0791
7.5690;-0.0732
7.5700;-0.0732
7.5710;-0.0703
7.5720;-0.0674
7.5730;-0.0674
7.5740;-0.0703
7.5750;-0.0703
7.5760;-0.0703
7.5770;-0.0674
7.5780;-0.0674
7.5790;-0.0615
7.5800;-0.0586
7.5810;-0.0586
7.5820;-0.0527
7.5830;-0.0557
7.5840;-0.0557
7.5850;-0.0557
7.5860;-0.0586
7.5870;-0.0586
7.5880;-0.0586
7.5890;-0.0586
7.5900;-0.0527
7.5910;-0.0527
7.5920;-0.0527
7.5930;-0.0527
7.5940;-0.0527
7.5950;-0.0557
7.5960;-0.0557
7.5970;-0.0586
7.5980;-0.0586
7.5990;-0.0586
7.6000;-0.0557
7.6010;-0.0527
7.6020;-0.0498
7.6030;-0.0469
7.6040;-0.0439
7.6050;-0.0439
7.6060;-0.0410
7.6070;-0.0410
7.6080;-0.0410
7.6090;-0.0381
7.6100;-0.0381
7.6110;-0.0381
7.6120;-0.0352
7.6130;-0.0352
7.6140;-0.0322
7.6150;-0.0293
7.6160;-0.0322
7.6170;-0.0293
7.6180;-0.0322
7.6190;-0.0322
7.6200;-0.0293
7.6210;-0.0293
7.6220;-0.0293
7.6230;-0.0293
7.6240;-0.0293
7.6250;-0.0264
7.6260;-0.0264
7.6270;-0.0264
7.6280;-0.0264
7.6290;-0.0264
7.6300;-0.0234
7.6310;-0.0234
7.6320;-0.0234
7.6330;-0.0234
7.6340;-0.0234
7.6350;-0.0234
7.6360;-0.0234
7.6370;-0.0234
7.6380;-0.0234
7.6390;-0.0234
7.6400;-0.0205
7.6410;-0.0205
7.6420;-0.0234
7.6430;-0.0205
7.6440;-0.0205
7.6450;-0.0234
7.6460;-0.0264
7.6470;-0.0264
7.6480;-0.0264
7.6490;-0.0234
7.6500;-0.0205
7.6510;-0.0205
7.6520;-0.0205
7.6530;-0.0205
7.6540;-0.0176
7.6550;-0.0146
7.6560;-0.0146
7.6570;-0.0117
7.6580;-0.0117
7.6590;-0.0088
7.6600;-0.0088
7.6610;-0.0117
7.6620;-0.0117
7.6630;-0.0117
7.6640;-0.0117
7.6650;-0.0117
7.6660;-0.0088
7.6670;-0.0088
7.6680;-0.0059
7.6690;-0.0059
7.6700;-0.0029
7.6710;-0.0029
7.6720;-0.0059
7.6730;-0.0059
7.6740;-0.0059
7.6750;-0.0029
7.6760;-0.0029
7.6770;-0.0029
7.6780;0.0000
7.6790;0.0000
7.6800;0.0000
7.6810;0.0000
7.6820;0.0000
7.6830;0.0029
7.6840;0.0000
7.6850;0.0000
7.6860;0.0000
7.6870;0.0000
7.6880;0.0029
7.6890;0.0029
7.6900;0.0059
7.6910;0.0029
7.6920;0.0029
7.6930;0.0029
7.6940;0.0029
7.6950;0.0059
7.6960;0.0088
7.6970;0.0059
7.6980;0.0059
7.6990;0.0059
7.7000;0.0088
7.7010;0.0059
7.7020;0.0059
7.7030;0.0088
7.7040;0.0059
7.7050;0.0059
7.7060;0.0088
7.7070;0.0088
7.7080;0.0117
7.7090;0.0117
7.7100;0.0088
7.7110;0.0088
7.7120;0.0088
7.7130;0.0088
7.7140;0.0088
7.7150;0.0117
7.7160;0.0117
7.7170;0.0117
7.7180;0.0117
7.7190;0.0117
7.7200;0.0117
7.7210;0.0117
7.7220;0.0088
7.7230;0.0088
7.7240;0.0088
7.7250;0.0088
7.7260;0.0117
7.7270;0.0146
7.7280;0.0176
7.7290;0.0176
7.7300;0.0205
7.7310;0.0205
7.7320;0.0234
7.7330;0.0205
7.7340;0.0176
7.7350;0.0176
7.7360;0.0176
7.7370;0.0176
7.7380;0.0205
7.7390;0.0234
7.7400;0.0264
7.7410;0.0264
7.7420;0.0264
7.7430;0.0264
7.7440;0.0264
7.7450;0.0264
7.7460;0.0264
7.7470;0.0264
7.7480;0.0264
7.7490;0.0264
7.7500;0.0264
7.7510;0.0264
7.7520;0.0234
7.7530;0.0234
7.7540;0.0205
7.7550;0.0234
7.7560;0.0205
7.7570;0.0205
7.7580;0.0234
7.7590;0.0205
7.7600;0.0234
7.7610;0.0264
7.7620;0.0264
7.7630;0.0264
7.7640;0.0264
7.7650;0.0293
7.7660;0.0322
7.7670;0.0322
7.7680;0.0322
7.7690;0.0322
7.7700;0.0352
7.7710;0.0352
7.7720;0.0322
7.7730;0.0293
7.7740;0.0322
7.7750;0.0322
7.7760;0.0322
7.7770;0.0322
7.7780;0.0322
7.7790;0.0322
7.7800;0.0352
7.7810;0.0352
7.7820;0.0352
7.7830;0.0381
7.7840;0.0381
7.7850;0.0410
7.7860;0.0410
7.7870;0.0410
7.7880;0.0439
7.7890;0.0439
7.7900;0.0498
7.7910;0.0527
7.7920;0.0586
7.7930;0.0645
7.7940;0.0674
7.7950;0.0732
7.7960;0.0791
7.7970;0.0820
7.7980;0.0879
7.7990;0.0908
7.8000;0.0967
7.8010;0.0996
7.8020;0.1084
7.8030;0.1143
7.8040;0.1172
7.8050;0.1201
7.8060;0.1230
7.8070;0.1230
7.8080;0.1201
7.8090;0.1172
7.8100;0.1172
7.8110;0.1143
7.8120;0.1113
7.8130;0.1084
7.8140;0.1055
7.8150;0.1055
7.8160;0.1113
7.8170;0.1143
7.8180;0.1201
7.8190;0.1260
7.8200;0.1348
7.8210;0.1436
7.8220;0.1553
7.8230;0.1670
7.8240;0.1816
7.8250;0.1934
7.8260;0.2021
7.8270;0.2139
7.8280;0.2256
7.8290;0.2344
7.8300;0.2432
7.8310;0.2490
7.8320;0.2520
7.8330;0.2549
7.8340;0.2549
7.8350;0.2549
7.8360;0.2520
7.8370;0.2461
7.8380;0.2432
7.8390;0.2373
7.8400;0.2344
7.8410;0.2285
7.8420;0.2197
7.8430;0.2109
7.8440;0.2080
7.8450;0.2021
7.8460;0.1963
7.8470;0.1875
7.8480;0.1816
7.8490;0.1729
7.8500;0.1641
7.8510;0.1553
7.8520;0.1465
7.8530;0.1348
7.8540;0.1230
7.8550;0.1143
7.8560;0.1055
7.8570;0.0967
7.8580;0.0879
7.8590;0.0791
7.8600;0.0703
7.8610;0.0557
7.8620;0.0410
7.8630;0.0264
7.8640;0.0176
7.8650;0.0059
7.8660;0.0000
7.8670;-0.0059
7.8680;-0.0088
7.8690;-0.0117
7.8700;-0.0117
7.8710;-0.0205
7.8720;-0.0264
7.8730;-0.0322
7.8740;-0.0352
7.8750;-0.0410
7.8760;-0.0469
7.8770;-0.0498
7.8780;-0.0498
7.8790;-0.0557
7.8800;-0.0586
7.8810;-0.0615
7.8820;-0.0615
7.8830;-0.0615
7.8840;-0.0645
7.8850;-0.0645
7.8860;-0.0674
7.8870;-0.0703
7.8880;-0.0732
7.8890;-0.0732
7.8900;-0.0762
7.8910;-0.0791
7.8920;-0.0791
7.8930;-0.0762
7.8940;-0.0762
7.8950;-0.0791
7.8960;-0.0820
7.8970;-0.0820
7.8980;-0.0850
7.8990;-0.0850
7.9000;-0.0850
7.9010;-0.0850
7.9020;-0.0850
7.9030;-0.0850
7.9040;-0.0850
7.9050;-0.0850
7.9060;-0.0850
7.9070;-0.0820
7.9080;-0.0820
7.9090;-0.0820
7.9100;-0.0820
7.9110;-0.0850
7.9120;-0.0879
7.9130;-0.0850
7.9140;-0.0850
7.9150;-0.0850
7.9160;-0.0850
7.9170;-0.0850
7.9180;-0.0850
7.9190;-0.0820
7.9200;-0.0820
7.9210;-0.0820
7.9220;-0.0791
7.9230;-0.0762
7.9240;-0.0762
7.9250;-0.0762
7.9260;-0.0762
7.9270;-0.0762
7.9280;-0.0732
7.9290;-0.0732
7.9300;-0.0732
7.9310;-0.0732
7.9320;-0.0732
7.9330;-0.0732
7.9340;-0.0762
7.9350;-0.0791
7.9360;-0.0879
7.9370;-0.0996
7.9380;-0.1143
7.9390;-0.1289
7.9400;-0.1436
7.9410;-0.1553
7.9420;-0.1670
7.9430;-0.1787
7.9440;-0.1875
7.9450;-0.1875
7.9460;-0.1904
7.9470;-0.1875
7.9480;-0.1846
7.9490;-0.1846
7.9500;-0.1729
7.9510;-0.1611
7.9520;-0.1436
7.9530;-0.1289
7.9540;-0.1084
7.9550;-0.0820
7.9560;-0.0527
7.9570;-0.0146
7.9580;0.0264
7.9590;0.0762
7.9600;0.1289
7.9610;0.1963
7.9620;0.2725
7.9630;0.3604
7.9640;0.4482
7.9650;0.5332
7.9660;0.6123
7.9670;0.6973
7.9680;0.7910
7.9690;0.8906
7.9700;0.9932
7.9710;1.0986
7.9720;1.1982
7.9730;1.3037
7.9740;1.4004
7.9750;1.4883
7.9760;1.4941
7.9770;1.4941
7.9780;1.4941
7.9790;1.4941
7.9800;1.4941
7.9810;1.4941
7.9820;1.4941
7.9830;1.4941
7.9840;1.4941
7.9850;1.4941
7.9860;1.4912
7.9870;1.3594
7.9880;1.2188
7.9890;1.0723
7.9900;0.9199
7.9910;0.7529
7.9920;0.5801
7.9930;0.4189
7.9940;0.2695
7.9950;0.1348
7.9960;0.0146
7.9970;-0.0879
7.9980;-0.1758
7.9990;-0.2461
8.0000;-0.2988
8.0010;-0.3398
8.0020;-0.3779
8.0030;-0.4160
8.0040;-0.4482
8.0050;-0.4805
8.0060;-0.5098
8.0070;-0.5361
8.0080;-0.5596
8.0090;-0.5771
8.0100;-0.5918
8.0110;-0.5977
8.0120;-0.6006
8.0130;-0.5977
8.0140;-0.5918
8.0150;-0.5889
8.0160;-0.5830
8.0170;-0.5742
8.0180;-0.5684
8.0190;-0.5625
8.0200;-0.5537
8.0210;-0.5420
8.0220;-0.5303
8.0230;-0.5186
8.0240;-0.5010
8.0250;-0.4775
8.0260;-0.4570
8.0270;-0.4336
8.0280;-0.4072
8.0290;-0.3867
8.0300;-0.3633
8.0310;-0.3398
8.0320;-0.3223
8.0330;-0.3047
8.0340;-0.2871
8.0350;-0.2725
8.0360;-0.2578
8.0370;-0.2461
8.0380;-0.2373
8.0390;-0.2314
8.0400;-0.2256
8.0410;-0.2168
8.0420;-0.2109
8.0430;-0.2080
8.0440;-0.2021
8.0450;-0.1992
8.0460;-0.1934
8.0470;-0.1904
8.0480;-0.1846
8.0490;-0.1787
8.0500;-0.1758
8.0510;-0.1699
8.0520;-0.1670
8.0530;-0.1611
8.0540;-0.1553
8.0550;-0.1465
8.0560;-0.1436
8.0570;-0.1436
8.0580;-0.1377
8.0590;-0.1348
8.0600;-0.1289
8.0610;-0.1289
8.0620;-0.1230
8.0630;-0.1201
8.0640;-0.1172
8.0650;-0.1143
8.0660;-0.1084
8.0670;-0.1055
8.0680;-0.0996
8.0690;-0.0967
8.0700;-0.0908
8.0710;-0.0879
8.0720;-0.0850
8.0730;-0.0850
8.0740;-0.0820
8.0750;-0.0762
8.0760;-0.0762
8.0770;-0.0732
8.0780;-0.0732
8.0790;-0.0703
8.0800;-0.0645
8.0810;-0.0586
8.0820;-0.0557
8.0830;-0.0527
8.0840;-0.0498
8.0850;-0.0469
8.0860;-0.0439
8.0870;-0.0410
8.0880;-0.0381
8.0890;-0.0352
8.0900;-0.0352
8.0910;-0.0293
8.0920;-0.0293
8.0930;-0.0264
8.0940;-0.0234
8.0950;-0.0205
8.0960;-0.0146
8.0970;-0.0117
8.0980;-0.0117
8.0990;-0.0059
8.1000;-0.0029
8.1010;0.0000
8.1020;0.0029
8.1030;0.0059
8.1040;0.0088
8.1050;0.0117
8.1060;0.0117
8.1070;0.0146
8.1080;0.0176
8.1090;0.0176
8.1100;0.0205
8.1110;0.0205
8.1120;0.0264
8.1130;0.0293
8.1140;0.0322
8.1150;0.0352
8.1160;0.0381
8.1170;0.0410
8.1180;0.0439
8.1190;0.0469
8.1200;0.0498
8.1210;0.0498
8.1220;0.0527
8.1230;0.0557
8.1240;0.0586
8.1250;0.0615
8.1260;0.0645
8.1270;0.0674
8.1280;0.0703
8.1290;0.0762
8.1300;0.0820
8.1310;0.0879
8.1320;0.0937
8.1330;0.0967
8.1340;0.1025
8.1350;0.1055
8.1360;0.1143
8.1370;0.1172
8.1380;0.1172
8.1390;0.1201
8.1400;0.1260
8.1410;0.1289
8.1420;0.1348
8.1430;0.1377
8.1440;0.1406
8.1450;0.1436
8.1460;0.1494
8.1470;0.1523
8.1480;0.1582
8.1490;0.1611
8.1500;0.1641
8.1510;0.1699
8.1520;0.1729
8.1530;0.1787
8.1540;0.1816
8.1550;0.1846
8.1560;0.1904
8.1570;0.1963
8.1580;0.1992
8.1590;0.2021
8.1600;0.2080
8.1610;0.2139
8.1620;0.2168
8.1630;0.2197
8.1640;0.2227
8.1650;0.2285
8.1660;0.2285
8.1670;0.2314
8.1680;0.2314
8.1690;0.2373
8.1700;0.2402
8.1710;0.2432
8.1720;0.2461
8.1730;0.2490
8.1740;0.2490
8.1750;0.2520
8.1760;0.2520
8.1770;0.2520
8.1780;0.2549
8.1790;0.2549
8.1800;0.2578
8.1810;0.2578
8.1820;0.2578
8.1830;0.2578
8.1840;0.2549
8.1850;0.2549
8.1860;0.2520
8.1870;0.2520
8.1880;0.2461
8.1890;0.2461
8.1900;0.2461
8.1910;0.2432
8.1920;0.2373
8.1930;0.2314
8.1940;0.2314
8.1950;0.2285
8.1960;0.2256
8.1970;0.2227
8.1980;0.2227
8.1990;0.2168
8.2000;0.2139
8.2010;0.2080
8.2020;0.2021
8.2030;0.1934
8.2040;0.1875
8.2050;0.1816
8.2060;0.1729
8.2070;0.1641
8.2080;0.1523
8.2090;0.1436
8.2100;0.1318
8.2110;0.1201
8.2120;0.1084
8.2130;0.0937
8.2140;0.0820
8.2150;0.0703
8.2160;0.0586
8.2170;0.0469
8.2180;0.0352
8.2190;0.0205
8.2200;0.0088
8.2210;-0.0029
8.2220;-0.0176
8.2230;-0.0293
8.2240;-0.0439
8.2250;-0.0557
8.2260;-0.0732
8.2270;-0.0879
8.2280;-0.0996
8.2290;-0.1084
8.2300;-0.1201
8.2310;-0.1318
8.2320;-0.1436
8.2330;-0.1553
8.2340;-0.1670
8.2350;-0.1787
8.2360;-0.1904
8.2370;-0.2021
8.2380;-0.2109
8.2390;-0.2197
8.2400;-0.2285
8.2410;-0.2402
8.2420;-0.2520
8.2430;-0.2607
8.2440;-0.2695
8.2450;-0.2754
8.2460;-0.2812
8.2470;-0.2871
8.2480;-0.2930
8.2490;-0.2959
8.2500;-0.3018
8.2510;-0.3047
8.2520;-0.3105
8.2530;-0.3164
8.2540;-0.3193
8.2550;-0.3223
8.2560;-0.3252
8.2570;-0.3281
8.2580;-0.3311
8.2590;-0.3281
8.2600;-0.3281
8.2610;-0.3311
8.2620;-0.3340
8.2630;-0.3340
8.2640;-0.3340
8.2650;-0.3340
8.2660;-0.3340
8.2670;-0.3311
8.2680;-0.3311
8.2690;-0.3311
8.2700;-0.3281
8.2710;-0.3281
8.2720;-0.3281
8.2730;-0.3252
8.2740;-0.3252
8.2750;-0.3223
8.2760;-0.3223
8.2770;-0.3193
8.2780;-0.3164
8.2790;-0.3164
8.2800;-0.3164
8.2810;-0.3135
8.2820;-0.3076
8.2830;-0.3047
8.2840;-0.3018
8.2850;-0.3018
8.2860;-0.2988
8.2870;-0.2959
8.2880;-0.2900
8.2890;-0.2900
8.2900;-0.2871
8.2910;-0.2871
8.2920;-0.2842
8.2930;-0.2812
8.2940;-0.2754
8.2950;-0.2725
8.2960;-0.2725
8.2970;-0.2695
8.2980;-0.2637
8.2990;-0.2607
8.3000;-0.2578
8.3010;-0.2520
8.3020;-0.2461
8.3030;-0.2461
8.3040;-0.2432
8.3050;-0.2402
8.3060;-0.2373
8.3070;-0.2314
8.3080;-0.2285
8.3090;-0.2227
8.3100;-0.2168
8.3110;-0.2139
8.3120;-0.2109
8.3130;-0.2080
8.3140;-0.2051
8.3150;-0.1992
8.3160;-0.1992
8.3170;-0.1934
8.3180;-0.1904
8.3190;-0.1875
8.3200;-0.1846
8.3210;-0.1816
8.3220;-0.1787
8.3230;-0.1758
8.3240;-0.1758
8.3250;-0.1729
8.3260;-0.1699
8.3270;-0.1670
8.3280;-0.1670
8.3290;-0.1611
8.3300;-0.1582
8.3310;-0.1582
8.3320;-0.1553
8.3330;-0.1523
8.3340;-0.1523
8.3350;-0.1494
8.3360;-0.1465
8.3370;-0.1436
8.3380;-0.1436
8.3390;-0.1406
8.3400;-0.1377
8.3410;-0.1377
8.3420;-0.1348
8.3430;-0.1318
8.3440;-0.1318
8.3450;-0.1289
8.3460;-0.1260
8.3470;-0.1260
8.3480;-0.1260
8.3490;-0.1260
8.3500;-0.1230
8.3510;-0.1201
8.3520;-0.1201
8.3530;-0.1172
8.3540;-0.1172
8.3550;-0.1172
8.3560;-0.1143
8.3570;-0.1143
8.3580;-0.1084
8.3590;-0.1084
8.3600;-0.1084
8.3610;-0.1055
8.3620;-0.1055
8.3630;-0.1025
8.3640;-0.0996
8.3650;-0.0967
8.3660;-0.0967
8.3670;-0.0937
8.3680;-0.0908
8.3690;-0.0908
8.3700;-0.0879
8.3710;-0.0879
8.3720;-0.0850
8.3730;-0.0850
8.3740;-0.0850
8.3750;-0.0820
8.3760;-0.0820
8.3770;-0.0791
8.3780;-0.0791
8.3790;-0.0762
8.3800;-0.0762
8.3810;-0.0762
8.3820;-0.0762
8.3830;-0.0732
8.3840;-0.0732
8.3850;-0.0732
8.3860;-0.0732
8.3870;-0.0703
8.3880;-0.0732
8.3890;-0.0732
8.3900;-0.0674
8.3910;-0.0645
8.3920;-0.0645
8.3930;-0.0615
8.3940;-0.0586
8.3950;-0.0557
8.3960;-0.0557
8.3970;-0.0527
8.3980;-0.0557
8.3990;-0.0527
8.4000;-0.0527
8.4010;-0.0557
8.4020;-0.0527
8.4030;-0.0498
8.4040;-0.0498
8.4050;-0.0498
8.4060;-0.0498
8.4070;-0.0527
8.4080;-0.0527
8.4090;-0.0527
8.4100;-0.0527
8.4110;-0.0527
8.4120;-0.0527
8.4130;-0.0527
8.4140;-0.0498
8.4150;-0.0527
8.4160;-0.0527
8.4170;-0.0527
8.4180;-0.0498
8.4190;-0.0498
8.4200;-0.0498
8.4210;-0.0498
8.4220;-0.0498
8.4230;-0.0498
8.4240;-0.0498
8.4250;-0.0498
8.4260;-0.0527
8.4270;-0.0527
8.4280;-0.0498
8.4290;-0.0498
8.4300;-0.0469
8.4310;-0.0469
8.4320;-0.0439
8.4330;-0.0439
8.4340;-0.0439
8.4350;-0.0439
8.4360;-0.0439
8.4370;-0.0410
8.4380;-0.0439
8.4390;-0.0439
8.4400;-0.0439
8.4410;-0.0439
8.4420;-0.0439
8.4430;-0.0469
8.4440;-0.0469
8.4450;-0.0469
8.4460;-0.0469
8.4470;-0.0469
8.4480;-0.0469
8.4490;-0.0469
8.4500;-0.0469
8.4510;-0.0469
8.4520;-0.0439
8.4530;-0.0439
8.4540;-0.0410
8.4550;-0.0381
8.4560;-0.0381
8.4570;-0.0410
8.4580;-0.0410
8.4590;-0.0410
8.4600;-0.0381
8.4610;-0.0381
8.4620;-0.0410
8.4630;-0.0439
8.4640;-0.0439
8.4650;-0.0439
8.4660;-0.0439
8.4670;-0.0439
8.4680;-0.0439
8.4690;-0.0439
8.4700;-0.0410
8.4710;-0.0381
8.4720;-0.0381
8.4730;-0.0381
8.4740;-0.0381
8.4750;-0.0381
8.4760;-0.0410
8.4770;-0.0410
8.4780;-0.0439
8.4790;-0.0439
8.4800;-0.0410
8.4810;-0.0381
8.4820;-0.0352
8.4830;-0.0352
8.4840;-0.0352
8.4850;-0.0322
8.4860;-0.0322
8.4870;-0.0322
8.4880;-0.0352
8.4890;-0.0322
8.4900;-0.0293
8.4910;-0.0322
8.4920;-0.0322
8.4930;-0.0322
8.4940;-0.0322
8.4950;-0.0352
8.4960;-0.0381
8.4970;-0.0381
8.4980;-0.0352
8.4990;-0.0352
8.5000;-0.0352
8.5010;-0.0352
8.5020;-0.0352
8.5030;-0.0352
8.5040;-0.0352
8.5050;-0.0352
8.5060;-0.0352
8.5070;-0.0352
8.5080;-0.0322
8.5090;-0.0322
8.5100;-0.0322
8.5110;-0.0293
8.5120;-0.0322
8.5130;-0.0322
8.5140;-0.0322
8.5150;-0.0322
8.5160;-0.0352
8.5170;-0.0352
8.5180;-0.0381
8.5190;-0.0352
8.5200;-0.0352
8.5210;-0.0322
8.5220;-0.0293
8.5230;-0.0293
8.5240;-0.0264
8.5250;-0.0234
8.5260;-0.0234
8.5270;-0.0234
8.5280;-0.0205
8.5290;-0.0205
8.5300;-0.0176
8.5310;-0.0146
8.5320;-0.0117
8.5330;-0.0117
8.5340;-0.0088
8.5350;-0.0117
8.5360;-0.0117
8.5370;-0.0117
8.5380;-0.0117
8.5390;-0.0117
8.5400;-0.0146
8.5410;-0.0146
8.5420;-0.0146
8.5430;-0.0146
8.5440;-0.0146
8.5450;-0.0146
8.5460;-0.0146
8.5470;-0.0146
8.5480;-0.0117
8.5490;-0.0146
8.5500;-0.0117
8.5510;-0.0117
8.5520;-0.0117
8.5530;-0.0117
8.5540;-0.0117
8.5550;-0.0117
8.5560;-0.0117
8.5570;-0.0117
8.5580;-0.0117
8.5590;-0.0117
8.5600;-0.0117
8.5610;-0.0117
8.5620;-0.0146
8.5630;-0.0146
8.5640;-0.0176
8.5650;-0.0146
8.5660;-0.0146
8.5670;-0.0146
8.5680;-0.0117
8.5690;-0.0117
8.5700;-0.0117
8.5710;-0.0117
8.5720;-0.0059
8.5730;-0.0029
8.5740;0.0000
8.5750;0.0029
8.5760;0.0088
8.5770;0.0117
8.5780;0.0176
8.5790;0.0264
8.5800;0.0352
8.5810;0.0410
8.5820;0.0439
8.5830;0.0527
8.5840;0.0557
8.5850;0.0615
8.5860;0.0645
8.5870;0.0703
8.5880;0.0732
8.5890;0.0791
8.5900;0.0791
8.5910;0.0791
8.5920;0.0791
8.5930;0.0762
8.5940;0.0732
8.5950;0.0703
8.5960;0.0674
8.5970;0.0645
8.5980;0.0586
8.5990;0.0586
8.6000;0.0615
8.6010;0.0645
8.6020;0.0703
8.6030;0.0791
8.6040;0.0879
8.6050;0.1025
8.6060;0.1172
8.6070;0.1318
8.6080;0.1436
8.6090;0.1523
8.6100;0.1641
8.6110;0.1787
8.6120;0.1875
8.6130;0.1963
8.6140;0.2051
8.6150;0.2080
8.6160;0.2080
8.6170;0.2109
8.6180;0.2109
8.6190;0.2109
8.6200;0.2080
8.6210;0.2051
8.6220;0.2021
8.6230;0.1963
8.6240;0.1963
8.6250;0.1904
8.6260;0.1846
8.6270;0.1787
8.6280;0.1729
8.6290;0.1641
8.6300;0.1611
8.6310;0.1523
8.6320;0.1436
8.6330;0.1318
8.6340;0.1230
8.6350;0.1143
8.6360;0.1055
8.6370;0.0937
8.6380;0.0879
8.6390;0.0791
8.6400;0.0674
8.6410;0.0557
8.6420;0.0439
8.6430;0.0352
8.6440;0.0205
8.6450;0.0088
8.6460;-0.0029
8.6470;-0.0117
8.6480;-0.0234
8.6490;-0.0352
8.6500;-0.0469
8.6510;-0.0498
8.6520;-0.0527
8.6530;-0.0586
8.6540;-0.0615
8.6550;-0.0674
8.6560;-0.0732
8.6570;-0.0762
8.6580;-0.0850
8.6590;-0.0879
8.6600;-0.0937
8.6610;-0.0967
8.6620;-0.0996
8.6630;-0.1025
8.6640;-0.1055
8.6650;-0.1055
8.6660;-0.1084
8.6670;-0.1084
8.6680;-0.1113
8.6690;-0.1143
8.6700;-0.1143
8.6710;-0.1172
8.6720;-0.1201
8.6730;-0.1230
8.6740;-0.1230
8.6750;-0.1230
8.6760;-0.1260
8.6770;-0.1289
8.6780;-0.1289
8.6790;-0.1318
8.6800;-0.1348
8.6810;-0.1348
8.6820;-0.1348
8.6830;-0.1318
8.6840;-0.1318
8.6850;-0.1318
8.6860;-0.1318
8.6870;-0.1318
8.6880;-0.1318
8.6890;-0.1318
8.6900;-0.1348
8.6910;-0.1348
8.6920;-0.1348
8.6930;-0.1318
8.6940;-0.1348
8.6950;-0.1348
8.6960;-0.1348
8.6970;-0.1348
8.6980;-0.1318
8.6990;-0.1318
8.7000;-0.1289
8.7010;-0.1289
8.7020;-0.1289
8.7030;-0.1318
8.7040;-0.1318
8.7050;-0.1318
8.7060;-0.1318
8.7070;-0.1289
8.7080;-0.1289
8.7090;-0.1260
8.7100;-0.1260
8.7110;-0.1230
8.7120;-0.1230
8.7130;-0.1230
8.7140;-0.1230
8.7150;-0.1230
8.7160;-0.1230
8.7170;-0.1230
8.7180;-0.1260
8.7190;-0.1348
8.7200;-0.1436
8.7210;-0.1582
8.7220;-0.1729
8.7230;-0.1875
8.7240;-0.1992
8.7250;-0.2109
8.7260;-0.2227
8.7270;-0.2314
8.7280;-0.2344
8.7290;-0.2344
8.7300;-0.2344
8.7310;-0.2314
8.7320;-0.2285
8.7330;-0.2227
8.7340;-0.2109
8.7350;-0.1934
8.7360;-0.1758
8.7370;-0.1553
8.7380;-0.1318
8.7390;-0.1025
8.7400;-0.0703
8.7410;-0.0352
8.7420;0.0146
8.7430;0.0674
8.7440;0.1289
8.7450;0.1963
8.7460;0.2754
8.7470;0.3662
8.7480;0.4541
8.7490;0.5361
8.7500;0.6182
8.7510;0.7090
8.7520;0.8057
8.7530;0.9053
8.7540;1.0049
8.7550;1.1074
8.7560;1.2100
8.7570;1.3096
8.7580;1.4062
8.7590;1.4883
8.7600;1.4941
8.7610;1.4941
8.7620;1.4941
8.7630;1.4941
8.7640;1.4941
8.7650;1.4941
8.7660;1.4941
8.7670;1.4941
8.7680;1.4941
8.7690;1.4941
8.7700;1.4092
8.7710;1.2773
8.7720;1.1338
8.7730;0.9873
8.7740;0.8291
8.7750;0.6592
8.7760;0.4834
8.7770;0.3223
8.7780;0.1787
8.7790;0.0469
8.7800;-0.0645
8.7810;-0.1670
8.7820;-0.2432
8.7830;-0.3047
8.7840;-0.3545
8.7850;-0.3896
8.7860;-0.4248
8.7870;-0.4600
8.7880;-0.4893
8.7890;-0.5156
8.7900;-0.5420
8.7910;-0.5654
8.7920;-0.5859
8.7930;-0.6035
8.7940;-0.6152
8.7950;-0.6182
8.7960;-0.6182
8.7970;-0.6152
8.7980;-0.6094
8.7990;-0.6094
8.8000;-0.6064
8.8010;-0.6006
8.8020;-0.5889
8.8030;-0.5830
8.8040;-0.5742
8.8050;-0.5625
8.8060;-0.5508
8.8070;-0.5361
8.8080;-0.5127
8.8090;-0.4893
8.8100;-0.4658
8.8110;-0.4424
8.8120;-0.4219
8.8130;-0.3984
8.8140;-0.3750
8.8150;-0.3516
8.8160;-0.3311
8.8170;-0.3135
8.8180;-0.2988
8.8190;-0.2842
8.8200;-0.2695
8.8210;-0.2607
8.8220;-0.2490
8.8230;-0.2402
8.8240;-0.2344
8.8250;-0.2256
8.8260;-0.2227
8.8270;-0.2168
8.8280;-0.2080
8.8290;-0.2021
8.8300;-0.1963
8.8310;-0.1904
8.8320;-0.1875
8.8330;-0.1846
8.8340;-0.1787
8.8350;-0.1758
8.8360;-0.1699
8.8370;-0.1670
8.8380;-0.1641
8.8390;-0.1582
8.8400;-0.1523
8.8410;-0.1465
8.8420;-0.1436
8.8430;-0.1406
8.8440;-0.1377
8.8450;-0.1348
8.8460;-0.1318
8.8470;-0.1318
8.8480;-0.1260
8.8490;-0.1201
8.8500;-0.1172
8.8510;-0.1113
8.8520;-0.1084
8.8530;-0.1055
8.8540;-0.0996
8.8550;-0.0937
8.8560;-0.0908
8.8570;-0.0908
8.8580;-0.0879
8.8590;-0.0850
8.8600;-0.0820
8.8610;-0.0791
8.8620;-0.0762
8.8630;-0.0732
8.8640;-0.0674
8.8650;-0.0645
8.8660;-0.0586
8.8670;-0.0557
8.8680;-0.0498
8.8690;-0.0469
8.8700;-0.0469
8.8710;-0.0439
8.8720;-0.0410
8.8730;-0.0381
8.8740;-0.0381
8.8750;-0.0322
8.8760;-0.0293
8.8770;-0.0264
8.8780;-0.0234
8.8790;-0.0234
8.8800;-0.0176
8.8810;-0.0146
8.8820;-0.0146
8.8830;-0.0117
8.8840;-0.0117
8.8850;-0.0088
8.8860;-0.0029
8.8870;0.0000
8.8880;0.0029
8.8890;0.0029
8.8900;0.0059
8.8910;0.0059
8.8920;0.0088
8.8930;0.0088
8.8940;0.0117
8.8950;0.0176
8.8960;0.0205
8.8970;0.0234
8.8980;0.0234
8.8990;0.0264
8.9000;0.0322
8.9010;0.0352
8.9020;0.0381
8.9030;0.0381
8.9040;0.0439
8.9050;0.0469
8.9060;0.0527
8.9070;0.0557
8.9080;0.0615
8.9090;0.0645
8.9100;0.0703
8.9110;0.0703
8.9120;0.0762
8.9130;0.0791
8.9140;0.0820
8.9150;0.0879
8.9160;0.0908
8.9170;0.0937
8.9180;0.0967
8.9190;0.1025
8.9200;0.1055
8.9210;0.1113
8.9220;0.1143
8.9230;0.1172
8.9240;0.1201
8.9250;0.1260
8.9260;0.1289
8.9270;0.1348
8.9280;0.1377
8.9290;0.1406
8.9300;0.1465
8.9310;0.1494
8.9320;0.1553
8.9330;0.1582
8.9340;0.1641
8.9350;0.1729
8.9360;0.1758
8.9370;0.1816
8.9380;0.1846
8.9390;0.1904
8.9400;0.1934
8.9410;0.1963
8.9420;0.1992
8.9430;0.2021
8.9440;0.2051
8.9450;0.2109
8.9460;0.2139
8.9470;0.2197
8.9480;0.2227
8.9490;0.2285
8.9500;0.2314
8.9510;0.2344
8.9520;0.2402
8.9530;0.2432
8.9540;0.2461
8.9550;0.2461
8.9560;0.2490
8.9570;0.2520
8.9580;0.2520
8.9590;0.2520
8.9600;0.2520
8.9610;0.2520
8.9620;0.2549
8.9630;0.2549
8.9640;0.2549
8.9650;0.2549
8.9660;0.2549
8.9670;0.2520
8.9680;0.2490
8.9690;0.2461
8.9700;0.2461
8.9710;0.2461
8.9720;0.2461
8.9730;0.2432
8.9740;0.2432
8.9750;0.2402
8.9760;0.2402
8.9770;0.2373
8.9780;0.2344
8.9790;0.2314
8.9800;0.2285
8.9810;0.2227
8.9820;0.2197
8.9830;0.2168
8.9840;0.2109
8.9850;0.2051
8.9860;0.1963
8.9870;0.1934
8.9880;0.1846
8.9890;0.1787
8.9900;0.1699
8.9910;0.1611
8.9920;0.1523
8.9930;0.1436
8.9940;0.1318
8.9950;0.1201
8.9960;0.1055
8.9970;0.0937
8.9980;0.0791
8.9990;0.0615
9.0000;0.0469
9.0010;0.0381
9.0020;0.0234
9.0030;0.0088
9.0040;-0.0059
9.0050;-0.0176
9.0060;-0.0352
9.0070;-0.0469
9.0080;-0.0615
9.0090;-0.0762
9.0100;-0.0937
9.0110;-0.1084
9.0120;-0.1260
9.0130;-0.1406
9.0140;-0.1553
9.0150;-0.1670
9.0160;-0.1787
9.0170;-0.1875
9.0180;-0.1963
9.0190;-0.2080
9.0200;-0.2197
9.0210;-0.2314
9.0220;-0.2402
9.0230;-0.2490
9.0240;-0.2607
9.0250;-0.2666
9.0260;-0.2754
9.0270;-0.2842
9.0280;-0.2930
9.0290;-0.3018
9.0300;-0.3076
9.0310;-0.3135
9.0320;-0.3193
9.0330;-0.3252
9.0340;-0.3311
9.0350;-0.3340
9.0360;-0.3398
9.0370;-0.3457
9.0380;-0.3516
9.0390;-0.3545
9.0400;-0.3545
9.0410;-0.3574
9.0420;-0.3574
9.0430;-0.3604
9.0440;-0.3633
9.0450;-0.3633
9.0460;-0.3662
9.0470;-0.3662
9.0480;-0.3662
9.0490;-0.3662
9.0500;-0.3662
9.0510;-0.3662
9.0520;-0.3633
9.0530;-0.3633
9.0540;-0.3633
9.0550;-0.3662
9.0560;-0.3662
9.0570;-0.3633
9.0580;-0.3633
9.0590;-0.3604
9.0600;-0.3545
9.0610;-0.3545
9.0620;-0.3486
9.0630;-0.3457
9.0640;-0.3457
9.0650;-0.3398
9.0660;-0.3369
9.0670;-0.3340
9.0680;-0.3311
9.0690;-0.3281
9.0700;-0.3252
9.0710;-0.3223
9.0720;-0.3193
9.0730;-0.3193
9.0740;-0.3193
9.0750;-0.3164
9.0760;-0.3105
9.0770;-0.3076
9.0780;-0.3047
9.0790;-0.2988
9.0800;-0.2959
9.0810;-0.2930
9.0820;-0.2871
9.0830;-0.2812
9.0840;-0.2754
9.0850;-0.2725
9.0860;-0.2666
9.0870;-0.2637
9.0880;-0.2607
9.0890;-0.2578
9.0900;-0.2549
9.0910;-0.2549
9.0920;-0.2520
9.0930;-0.2490
9.0940;-0.2461
9.0950;-0.2432
9.0960;-0.2373
9.0970;-0.2344
9.0980;-0.2314
9.0990;-0.2285
9.1000;-0.2256
9.1010;-0.2197
9.1020;-0.2168
9.1030;-0.2139
9.1040;-0.2109
9.1050;-0.2080
9.1060;-0.2051
9.1070;-0.2021
9.1080;-0.1992
9.1090;-0.1992
9.1100;-0.1963
9.1110;-0.1934
9.1120;-0.1875
9.1130;-0.1875
9.1140;-0.1846
9.1150;-0.1816
9.1160;-0.1787
9.1170;-0.1729
9.1180;-0.1699
9.1190;-0.1670
9.1200;-0.1641
9.1210;-0.1611
9.1220;-0.1553
9.1230;-0.1523
9.1240;-0.1523
9.1250;-0.1494
9.1260;-0.1494
9.1270;-0.1494
9.1280;-0.1465
9.1290;-0.1436
9.1300;-0.1436
9.1310;-0.1406
9.1320;-0.1377
9.1330;-0.1348
9.1340;-0.1318
9.1350;-0.1318
9.1360;-0.1289
9.1370;-0.1260
9.1380;-0.1230
9.1390;-0.1201
9.1400;-0.1172
9.1410;-0.1172
9.1420;-0.1172
9.1430;-0.1172
9.1440;-0.1143
9.1450;-0.1143
9.1460;-0.1143
9.1470;-0.1113
9.1480;-0.1084
9.1490;-0.1084
9.1500;-0.1084
9.1510;-0.1084
9.1520;-0.1055
9.1530;-0.1055
9.1540;-0.1025
9.1550;-0.1025
9.1560;-0.0996
9.1570;-0.0996
9.1580;-0.0996
9.1590;-0.0967
9.1600;-0.0967
9.1610;-0.0937
9.1620;-0.0937
9.1630;-0.0908
9.1640;-0.0908
9.1650;-0.0879
9.1660;-0.0850
9.1670;-0.0850
9.1680;-0.0820
9.1690;-0.0820
9.1700;-0.0791
9.1710;-0.0762
9.1720;-0.0732
9.1730;-0.0732
9.1740;-0.0732
9.1750;-0.0732
9.1760;-0.0732
9.1770;-0.0732
9.1780;-0.0732
9.1790;-0.0762
9.1800;-0.0732
9.1810;-0.0762
9.1820;-0.0732
9.1830;-0.0732
9.1840;-0.0703
9.1850;-0.0674
9.1860;-0.0674
9.1870;-0.0674
9.1880;-0.0674
9.1890;-0.0674
9.1900;-0.0674
9.1910;-0.0674
9.1920;-0.0674
9.1930;-0.0674
9.1940;-0.0674
9.1950;-0.0674
9.1960;-0.0615
9.1970;-0.0615
9.1980;-0.0615
9.1990;-0.0586
9.2000;-0.0615
9.2010;-0.0615
9.2020;-0.0615
9.2030;-0.0615
9.2040;-0.0615
9.2050;-0.0586
9.2060;-0.0586
9.2070;-0.0586
9.2080;-0.0586
9.2090;-0.0557
9.2100;-0.0527
9.2110;-0.0527
9.2120;-0.0557
9.2130;-0.0557
9.2140;-0.0557
9.2150;-0.0557
9.2160;-0.0586
9.2170;-0.0586
9.2180;-0.0586
9.2190;-0.0557
9.2200;-0.0557
9.2210;-0.0557
9.2220;-0.0557
9.2230;-0.0586
9.2240;-0.0586
9.2250;-0.0586
9.2260;-0.0586
9.2270;-0.0586
9.2280;-0.0557
9.2290;-0.0557
9.2300;-0.0527
9.2310;-0.0527
9.2320;-0.0557
9.2330;-0.0557
9.2340;-0.0586
9.2350;-0.0527
9.2360;-0.0527
9.2370;-0.0527
9.2380;-0.0498
9.2390;-0.0469
9.2400;-0.0469
9.2410;-0.0469
9.2420;-0.0469
9.2430;-0.0439
9.2440;-0.0439
9.2450;-0.0439
9.2460;-0.0439
9.2470;-0.0439
9.2480;-0.0439
9.2490;-0.0410
9.2500;-0.0410
9.2510;-0.0381
9.2520;-0.0381
9.2530;-0.0381
9.2540;-0.0410
9.2550;-0.0410
9.2560;-0.0410
9.2570;-0.0381
9.2580;-0.0381
9.2590;-0.0352
9.2600;-0.0322
9.2610;-0.0293
9.2620;-0.0293
9.2630;-0.0293
9.2640;-0.0293
9.2650;-0.0293
9.2660;-0.0322
9.2670;-0.0293
9.2680;-0.0322
9.2690;-0.0322
9.2700;-0.0293
9.2710;-0.0264
9.2720;-0.0264
9.2730;-0.0234
9.2740;-0.0234
9.2750;-0.0234
9.2760;-0.0205
9.2770;-0.0205
9.2780;-0.0176
9.2790;-0.0205
9.2800;-0.0205
9.2810;-0.0176
9.2820;-0.0205
9.2830;-0.0205
9.2840;-0.0205
9.2850;-0.0176
9.2860;-0.0176
9.2870;-0.0146
9.2880;-0.0146
9.2890;-0.0176
9.2900;-0.0146
9.2910;-0.0146
9.2920;-0.0117
9.2930;-0.0117
9.2940;-0.0117
9.2950;-0.0117
9.2960;-0.0146
9.2970;-0.0146
9.2980;-0.0117
9.2990;-0.0146
9.3000;-0.0146
9.3010;-0.0146
9.3020;-0.0146
9.3030;-0.0146
9.3040;-0.0117
9.3050;-0.0117
9.3060;-0.0117
9.3070;-0.0117
9.3080;-0.0117
9.3090;-0.0117
9.3100;-0.0088
9.3110;-0.0088
9.3120;-0.0088
9.3130;-0.0059
9.3140;-0.0059
9.3150;-0.0059
9.3160;-0.0059
9.3170;-0.0059
9.3180;-0.0059
9.3190;-0.0029
9.3200;-0.0029
9.3210;-0.0029
9.3220;-0.0029
9.3230;-0.0029
9.3240;-0.0029
9.3250;-0.0029
9.3260;-0.0029
9.3270;-0.0029
9.3280;-0.0029
9.3290;-0.0029
9.3300;-0.0029
9.3310;-0.0029
9.3320;-0.0029
9.3330;-0.0029
9.3340;0.0000
9.3350;0.0000
9.3360;0.0029
9.3370;0.0000
9.3380;0.0029
9.3390;0.0029
9.3400;0.0000
9.3410;0.0000
9.3420;0.0000
9.3430;0.0029
9.3440;0.0000
9.3450;0.0029
9.3460;0.0029
9.3470;0.0029
9.3480;0.0029
9.3490;0.0000
9.3500;0.0000
9.3510;0.0000
9.3520;0.0000
9.3530;0.0000
9.3540;0.0000
9.3550;0.0059
9.3560;0.0059
9.3570;0.0059
9.3580;0.0059
9.3590;0.0088
9.3600;0.0088
9.3610;0.0117
9.3620;0.0117
9.3630;0.0176
9.3640;0.0205
9.3650;0.0234
9.3660;0.0293
9.3670;0.0322
9.3680;0.0410
9.3690;0.0469
9.3700;0.0557
9.3710;0.0615
9.3720;0.0703
9.3730;0.0762
9.3740;0.0820
9.3750;0.0879
9.3760;0.0908
9.3770;0.0937
9.3780;0.0996
9.3790;0.1055
9.3800;0.1055
9.3810;0.1025
9.3820;0.0996
9.3830;0.0967
9.3840;0.0937
9.3850;0.0937
9.3860;0.0908
9.3870;0.0908
9.3880;0.0908
9.3890;0.0908
9.3900;0.0937
9.3910;0.0967
9.3920;0.1025
9.3930;0.1113
9.3940;0.1201
9.3950;0.1348
9.3960;0.1465
9.3970;0.1582
9.3980;0.1699
9.3990;0.1816
9.4000;0.1904
9.4010;0.2021
9.4020;0.2139
9.4030;0.2227
9.4040;0.2285
9.4050;0.2314
9.4060;0.2344
9.4070;0.2373
9.4080;0.2373
9.4090;0.2373
9.4100;0.2314
9.4110;0.2285
9.4120;0.2227
9.4130;0.2197
9.4140;0.2139
9.4150;0.2080
9.4160;0.1992
9.4170;0.1934
9.4180;0.1875
9.4190;0.1816
9.4200;0.1758
9.4210;0.1641
9.4220;0.1582
9.4230;0.1494
9.4240;0.1377
9.4250;0.1289
9.4260;0.1143
9.4270;0.1025
9.4280;0.0937
9.4290;0.0850
9.4300;0.0762
9.4310;0.0674
9.4320;0.0586
9.4330;0.0498
9.4340;0.0381
9.4350;0.0234
9.4360;0.0117
9.4370;0.0000
9.4380;-0.0117
9.4390;-0.0234
9.4400;-0.0293
9.4410;-0.0381
9.4420;-0.0439
9.4430;-0.0469
9.4440;-0.0498
9.4450;-0.0498
9.4460;-0.0527
9.4470;-0.0557
9.4480;-0.0615
9.4490;-0.0645
9.4500;-0.0674
9.4510;-0.0732
9.4520;-0.0732
9.4530;-0.0732
9.4540;-0.0791
9.4550;-0.0850
9.4560;-0.0850
9.4570;-0.0879
9.4580;-0.0879
9.4590;-0.0908
9.4600;-0.0908
9.4610;-0.0967
9.4620;-0.0967
9.4630;-0.0967
9.4640;-0.0967
9.4650;-0.0996
9.4660;-0.0996
9.4670;-0.0996
9.4680;-0.1025
9.4690;-0.1025
9.4700;-0.0996
9.4710;-0.0996
9.4720;-0.0996
9.4730;-0.0996
9.4740;-0.0996
9.4750;-0.0996
9.4760;-0.0996
9.4770;-0.0996
9.4780;-0.0967
9.4790;-0.0937
9.4800;-0.0937
9.4810;-0.0937
9.4820;-0.0937
9.4830;-0.0937
9.4840;-0.0937
9.4850;-0.0937
9.4860;-0.0967
9.4870;-0.0937
9.4880;-0.0937
9.4890;-0.0937
9.4900;-0.0937
9.4910;-0.0908
9.4920;-0.0908
9.4930;-0.0908
9.4940;-0.0908
9.4950;-0.0879
9.4960;-0.0850
9.4970;-0.0850
9.4980;-0.0850
9.4990;-0.0820
9.5000;-0.0850
9.5010;-0.0850
9.5020;-0.0850
9.5030;-0.0850
9.5040;-0.0850
9.5050;-0.0879
9.5060;-0.0908
9.5070;-0.0937
9.5080;-0.0996
9.5090;-0.1113
9.5100;-0.1230
9.5110;-0.1377
9.5120;-0.1523
9.5130;-0.1641
9.5140;-0.1729
9.5150;-0.1816
9.5160;-0.1875
9.5170;-0.1904
9.5180;-0.1904
9.5190;-0.1875
9.5200;-0.1846
9.5210;-0.1758
9.5220;-0.1670
9.5230;-0.1523
9.5240;-0.1377
9.5250;-0.1201
9.5260;-0.1025
9.5270;-0.0820
9.5280;-0.0527
9.5290;-0.0176
9.5300;0.0264
9.5310;0.0791
9.5320;0.1406
9.5330;0.2109
9.5340;0.2900
9.5350;0.3838
9.5360;0.4775
9.5370;0.5713
9.5380;0.6592
9.5390;0.7529
9.5400;0.8467
9.5410;0.9463
9.5420;1.0459
9.5430;1.1484
9.5440;1.2539
9.5450;1.3564
9.5460;1.4531
9.5470;1.4941
9.5480;1.4941
9.5490;1.4941
9.5500;1.4941
9.5510;1.4941
9.5520;1.4941
9.5530;1.4941
9.5540;1.4941
9.5550;1.4941
9.5560;1.4941
9.5570;1.4941
9.5580;1.4941
9.5590;1.4268
9.5600;1.2861
9.5610;1.1338
9.5620;0.9756
9.5630;0.8027
9.5640;0.6182
9.5650;0.4424
9.5660;0.2783
9.5670;0.1348
9.5680;0.0059
9.5690;-0.1055
9.5700;-0.1992
9.5710;-0.2754
9.5720;-0.3340
9.5730;-0.3838
9.5740;-0.4277
9.5750;-0.4688
9.5760;-0.5068
9.5770;-0.5332
9.5780;-0.5537
9.5790;-0.5625
9.5800;-0.5654
9.5810;-0.5654
9.5820;-0.5684
9.5830;-0.5713
9.5840;-0.5713
9.5850;-0.5684
9.5860;-0.5654
9.5870;-0.5625
9.5880;-0.5596
9.5890;-0.5537
9.5900;-0.5420
9.5910;-0.5332
9.5920;-0.5244
9.5930;-0.5098
9.5940;-0.4922
9.5950;-0.4746
9.5960;-0.4570
9.5970;-0.4365
9.5980;-0.4131
9.5990;-0.3926
9.6000;-0.3750
9.6010;-0.3545
9.6020;-0.3369
9.6030;-0.3193
9.6040;-0.3047
9.6050;-0.2930
9.6060;-0.2842
9.6070;-0.2754
9.6080;-0.2695
9.6090;-0.2607
9.6100;-0.2578
9.6110;-0.2520
9.6120;-0.2461
9.6130;-0.2402
9.6140;-0.2344
9.6150;-0.2256
9.6160;-0.2227
9.6170;-0.2168
9.6180;-0.2109
9.6190;-0.2080
9.6200;-0.2021
9.6210;-0.1963
9.6220;-0.1904
9.6230;-0.1875
9.6240;-0.1846
9.6250;-0.1787
9.6260;-0.1787
9.6270;-0.1729
9.6280;-0.1670
9.6290;-0.1611
9.6300;-0.1523
9.6310;-0.1465
9.6320;-0.1436
9.6330;-0.1377
9.6340;-0.1348
9.6350;-0.1318
9.6360;-0.1260
9.6370;-0.1201
9.6380;-0.1172
9.6390;-0.1143
9.6400;-0.1084
9.6410;-0.1055
9.6420;-0.1025
9.6430;-0.0996
9.6440;-0.0967
9.6450;-0.0967
9.6460;-0.0908
9.6470;-0.0908
9.6480;-0.0850
9.6490;-0.0820
9.6500;-0.0762
9.6510;-0.0762
9.6520;-0.0732
9.6530;-0.0703
9.6540;-0.0674
9.6550;-0.0645
9.6560;-0.0645
9.6570;-0.0615
9.6580;-0.0586
9.6590;-0.0557
9.6600;-0.0527
9.6610;-0.0498
9.6620;-0.0469
9.6630;-0.0439
9.6640;-0.0410
9.6650;-0.0381
9.6660;-0.0381
9.6670;-0.0352
9.6680;-0.0322
9.6690;-0.0293
9.6700;-0.0234
9.6710;-0.0176
9.6720;-0.0117
9.6730;-0.0088
9.6740;-0.0029
9.6750;0.0000
9.6760;0.0000
9.6770;0.0059
9.6780;0.0088
9.6790;0.0117
9.6800;0.0176
9.6810;0.0205
9.6820;0.0205
9.6830;0.0205
9.6840;0.0234
9.6850;0.0234
9.6860;0.0234
9.6870;0.0264
9.6880;0.0322
9.6890;0.0293
9.6900;0.0352
9.6910;0.0352
9.6920;0.0410
9.6930;0.0439
9.6940;0.0469
9.6950;0.0498
9.6960;0.0557
9.6970;0.0586
9.6980;0.0645
9.6990;0.0703
9.7000;0.0762
9.7010;0.0791
9.7020;0.0850
9.7030;0.0879
9.7040;0.0908
9.7050;0.0967
9.7060;0.1025
9.7070;0.1055
9.7080;0.1084
9.7090;0.1143
9.7100;0.1172
9.7110;0.1201
9.7120;0.1260
9.7130;0.1289
9.7140;0.1318
9.7150;0.1348
9.7160;0.1377
9.7170;0.1406
9.7180;0.1465
9.7190;0.1494
9.7200;0.1523
9.7210;0.1582
9.7220;0.1641
9.7230;0.1699
9.7240;0.1729
9.7250;0.1758
9.7260;0.1846
9.7270;0.1875
9.7280;0.1904
9.7290;0.1934
9.7300;0.1963
9.7310;0.1963
9.7320;0.1992
9.7330;0.2051
9.7340;0.2109
9.7350;0.2168
9.7360;0.2197
9.7370;0.2256
9.7380;0.2314
9.7390;0.2344
9.7400;0.2373
9.7410;0.2432
9.7420;0.2461
9.7430;0.2461
9.7440;0.2520
9.7450;0.2578
9.7460;0.2578
9.7470;0.2607
9.7480;0.2666
9.7490;0.2666
9.7500;0.2695
9.7510;0.2666
9.7520;0.2666
9.7530;0.2607
9.7540;0.2607
9.7550;0.2607
9.7560;0.2578
9.7570;0.2607
9.7580;0.2607
9.7590;0.2578
9.7600;0.2549
9.7610;0.2520
9.7620;0.2490
9.7630;0.2461
9.7640;0.2402
9.7650;0.2373
9.7660;0.2344
9.7670;0.2314
9.7680;0.2314
9.7690;0.2285
9.7700;0.2227
9.7710;0.2168
9.7720;0.2139
9.7730;0.2109
9.7740;0.2051
9.7750;0.1992
9.7760;0.1963
9.7770;0.1875
9.7780;0.1816
9.7790;0.1729
9.7800;0.1641
9.7810;0.1523
9.7820;0.1436
9.7830;0.1318
9.7840;0.1201
9.7850;0.1084
9.7860;0.0967
9.7870;0.0820
9.7880;0.0703
9.7890;0.0557
9.7900;0.0439
9.7910;0.0322
9.7920;0.0205
9.7930;0.0059
9.7940;-0.0059
9.7950;-0.0205
9.7960;-0.0322
9.7970;-0.0439
9.7980;-0.0586
9.7990;-0.0732
9.8000;-0.0850
9.8010;-0.0967
9.8020;-0.1084
9.8030;-0.1201
9.8040;-0.1377
9.8050;-0.1465
9.8060;-0.1582
9.8070;-0.1670
9.8080;-0.1787
9.8090;-0.1875
9.8100;-0.1934
9.8110;-0.2021
9.8120;-0.2109
9.8130;-0.2197
9.8140;-0.2285
9.8150;-0.2373
9.8160;-0.2461
9.8170;-0.2549
9.8180;-0.2607
9.8190;-0.2725
9.8200;-0.2783
9.8210;-0.2871
9.8220;-0.2900
9.8230;-0.2959
9.8240;-0.3018
9.8250;-0.3047
9.8260;-0.3105
9.8270;-0.3164
9.8280;-0.3193
9.8290;-0.3193
9.8300;-0.3223
9.8310;-0.3223
9.8320;-0.3223
9.8330;-0.3223
9.8340;-0.3223
9.8350;-0.3252
9.8360;-0.3252
9.8370;-0.3252
9.8380;-0.3252
9.8390;-0.3252
9.8400;-0.3252
9.8410;-0.3252
9.8420;-0.3223
9.8430;-0.3164
9.8440;-0.3135
9.8450;-0.3105
9.8460;-0.3076
9.8470;-0.3047
9.8480;-0.3047
9.8490;-0.3018
9.8500;-0.2988
9.8510;-0.2959
9.8520;-0.2930
9.8530;-0.2900
9.8540;-0.2900
9.8550;-0.2871
9.8560;-0.2871
9.8570;-0.2842
9.8580;-0.2783
9.8590;-0.2754
9.8600;-0.2754
9.8610;-0.2725
9.8620;-0.2666
9.8630;-0.2637
9.8640;-0.2607
9.8650;-0.2578
9.8660;-0.2578
9.8670;-0.2549
9.8680;-0.2549
9.8690;-0.2520
9.8700;-0.2490
9.8710;-0.2461
9.8720;-0.2432
9.8730;-0.2373
9.8740;-0.2344
9.8750;-0.2314
9.8760;-0.2285
9.8770;-0.2256
9.8780;-0.2168
9.8790;-0.2139
9.8800;-0.2109
9.8810;-0.2021
9.8820;-0.1992
9.8830;-0.1963
9.8840;-0.1934
9.8850;-0.1875
9.8860;-0.1846
9.8870;-0.1787
9.8880;-0.1699
9.8890;-0.1670
9.8900;-0.1641
9.8910;-0.1641
9.8920;-0.1611
9.8930;-0.1582
9.8940;-0.1553
9.8950;-0.1523
9.8960;-0.1494
9.8970;-0.1465
9.8980;-0.1436
9.8990;-0.1436
9.9000;-0.1406
9.9010;-0.1377
9.9020;-0.1377
9.9030;-0.1318
9.9040;-0.1289
9.9050;-0.1230
9.9060;-0.1230
9.9070;-0.1172
9.9080;-0.1143
9.9090;-0.1113
9.9100;-0.1113
9.9110;-0.1084
9.9120;-0.1084
9.9130;-0.1055
9.9140;-0.1055
9.9150;-0.1055
9.9160;-0.1055
9.9170;-0.1025
9.9180;-0.1025
9.9190;-0.0996
9.9200;-0.0967
9.9210;-0.0937
9.9220;-0.0908
9.9230;-0.0879
9.9240;-0.0850
9.9250;-0.0791
9.9260;-0.0762
9.9270;-0.0732
9.9280;-0.0703
9.9290;-0.0703
9.9300;-0.0674
9.9310;-0.0674
9.9320;-0.0674
9.9330;-0.0674
9.9340;-0.0645
9.9350;-0.0674
9.9360;-0.0674
9.9370;-0.0674
9.9380;-0.0703
9.9390;-0.0732
9.9400;-0.0703
9.9410;-0.0674
9.9420;-0.0615
9.9430;-0.0586
9.9440;-0.0557
9.9450;-0.0527
9.9460;-0.0498
9.9470;-0.0469
9.9480;-0.0469
9.9490;-0.0469
9.9500;-0.0439
9.9510;-0.0439
9.9520;-0.0410
9.9530;-0.0410
9.9540;-0.0381
9.9550;-0.0381
9.9560;-0.0352
9.9570;-0.0352
9.9580;-0.0352
9.9590;-0.0352
9.9600;-0.0352
9.9610;-0.0352
9.9620;-0.0352
9.9630;-0.0352
9.9640;-0.0352
9.9650;-0.0352
9.9660;-0.0322
9.9670;-0.0293
9.9680;-0.0264
9.9690;-0.0264
9.9700;-0.0264
9.9710;-0.0264
9.9720;-0.0264
9.9730;-0.0264
9.9740;-0.0264
9.9750;-0.0264
9.9760;-0.0264
9.9770;-0.0234
9.9780;-0.0264
9.9790;-0.0264
9.9800;-0.0293
9.9810;-0.0293
9.9820;-0.0293
9.9830;-0.0264
9.9840;-0.0264
9.9850;-0.0264
9.9860;-0.0234
9.9870;-0.0234
9.9880;-0.0234
9.9890;-0.0234
9.9900;-0.0264
9.9910;-0.0264
9.9920;-0.0293
9.9930;-0.0264
9.9940;-0.0234
9.9950;-0.0205
9.9960;-0.0205
9.9970;-0.0176
9.9980;-0.0205
9.9990;-0.0205
10.0000;-0.0205
10.0010;-0.0176
10.0020;-0.0146
10.0030;-0.0146
10.0040;-0.0146
10.0050;-0.0117
10.0060;-0.0088
10.0070;-0.0117
10.0080;-0.0088
10.0090;-0.0117
10.0100;-0.0088
10.0110;-0.0059
10.0120;-0.0059
10.0130;-0.0059
10.0140;-0.0059
10.0150;-0.0059
10.0160;-0.0059
10.0170;-0.0059
10.0180;-0.0029
10.0190;-0.0059
10.0200;-0.0059
10.0210;-0.0059
10.0220;-0.0059
10.0230;-0.0029
10.0240;-0.0029
10.0250;-0.0059
10.0260;-0.0059
10.0270;-0.0059
10.0280;-0.0059
10.0290;-0.0059
10.0300;-0.0059
10.0310;-0.0059
10.0320;-0.0088
10.0330;-0.0088
10.0340;-0.0088
10.0350;-0.0059
10.0360;-0.0059
10.0370;-0.0059
10.0380;-0.0059
10.0390;-0.0029
10.0400;0.0000
10.0410;0.0000
10.0420;0.0000
10.0430;0.0029
10.0440;0.0000
10.0450;0.0029
10.0460;0.0000
10.0470;0.0000
10.0480;0.0029
10.0490;0.0029
10.0500;0.0029
10.0510;0.0029
10.0520;0.0029
10.0530;0.0029
10.0540;0.0029
10.0550;0.0059
10.0560;0.0088
10.0570;0.0088
10.0580;0.0088
10.0590;0.0088
10.0600;0.0088
10.0610;0.0088
10.0620;0.0088
10.0630;0.0117
10.0640;0.0117
10.0650;0.0117
10.0660;0.0146
10.0670;0.0176
10.0680;0.0176
10.0690;0.0176
10.0700;0.0176
10.0710;0.0176
10.0720;0.0176
10.0730;0.0176
10.0740;0.0176
10.0750;0.0176
10.0760;0.0146
10.0770;0.0146
10.0780;0.0146
10.0790;0.0117
10.0800;0.0146
10.0810;0.0176
10.0820;0.0205
10.0830;0.0234
10.0840;0.0234
10.0850;0.0264
10.0860;0.0234
10.0870;0.0234
10.0880;0.0264
10.0890;0.0264
10.0900;0.0234
10.0910;0.0234
10.0920;0.0264
10.0930;0.0264
10.0940;0.0293
10.0950;0.0322
10.0960;0.0293
10.0970;0.0293
10.0980;0.0293
10.0990;0.0234
10.1000;0.0234
10.1010;0.0234
10.1020;0.0234
10.1030;0.0234
10.1040;0.0234
10.1050;0.0264
10.1060;0.0264
10.1070;0.0234
10.1080;0.0264
10.1090;0.0293
10.1100;0.0322
10.1110;0.0293
10.1120;0.0293
10.1130;0.0293
10.1140;0.0293
10.1150;0.0293
10.1160;0.0322
10.1170;0.0352
10.1180;0.0381
10.1190;0.0381
10.1200;0.0381
10.1210;0.0381
10.1220;0.0410
10.1230;0.0410
10.1240;0.0439
10.1250;0.0469
10.1260;0.0498
10.1270;0.0557
10.1280;0.0615
10.1290;0.0703
10.1300;0.0732
10.1310;0.0850
10.1320;0.0908
10.1330;0.0967
10.1340;0.1025
10.1350;0.1055
10.1360;0.1113
10.1370;0.1143
10.1380;0.1172
10.1390;0.1172
10.1400;0.1172
10.1410;0.1143
10.1420;0.1143
10.1430;0.1143
10.1440;0.1113
10.1450;0.1055
10.1460;0.1025
10.1470;0.1025
10.1480;0.1025
10.1490;0.1084
10.1500;0.1143
10.1510;0.1143
10.1520;0.1201
10.1530;0.1260
10.1540;0.1377
10.1550;0.1523
10.1560;0.1641
10.1570;0.1787
10.1580;0.1875
10.1590;0.1992
10.1600;0.2139
10.1610;0.2285
10.1620;0.2402
10.1630;0.2490
10.1640;0.2549
10.1650;0.2578
10.1660;0.2607
10.1670;0.2607
10.1680;0.2607
10.1690;0.2607
10.1700;0.2607
10.1710;0.2578
10.1720;0.2520
10.1730;0.2461
10.1740;0.2402
10.1750;0.2314
10.1760;0.2256
10.1770;0.2197
10.1780;0.2139
10.1790;0.2080
10.1800;0.2051
10.1810;0.1992
10.1820;0.1904
10.1830;0.1816
10.1840;0.1729
10.1850;0.1611
10.1860;0.1494
10.1870;0.1406
10.1880;0.1289
10.1890;0.1143
10.1900;0.1025
10.1910;0.0908
10.1920;0.0820
10.1930;0.0703
10.1940;0.0586
10.1950;0.0469
10.1960;0.0352
10.1970;0.0234
10.1980;0.0088
10.1990;0.0029
10.2000;0.0000
10.2010;-0.0059
10.2020;-0.0088
10.2030;-0.0146
10.2040;-0.0176
10.2050;-0.0234
10.2060;-0.0264
10.2070;-0.0293
10.2080;-0.0352
10.2090;-0.0410
10.2100;-0.0469
10.2110;-0.0498
10.2120;-0.0527
10.2130;-0.0586
10.2140;-0.0615
10.2150;-0.0615
10.2160;-0.0645
10.2170;-0.0674
10.2180;-0.0703
10.2190;-0.0703
10.2200;-0.0732
10.2210;-0.0762
10.2220;-0.0791
10.2230;-0.0791
10.2240;-0.0820
10.2250;-0.0820
10.2260;-0.0820
10.2270;-0.0850
10.2280;-0.0850
10.2290;-0.0850
10.2300;-0.0850
10.2310;-0.0850
10.2320;-0.0850
10.2330;-0.0791
10.2340;-0.0762
10.2350;-0.0732
10.2360;-0.0732
10.2370;-0.0732
10.2380;-0.0732
10.2390;-0.0732
10.2400;-0.0762
10.2410;-0.0762
10.2420;-0.0732
10.2430;-0.0732
10.2440;-0.0762
10.2450;-0.0762
10.2460;-0.0762
10.2470;-0.0791
10.2480;-0.0791
10.2490;-0.0791
10.2500;-0.0762
10.2510;-0.0762
10.2520;-0.0791
10.2530;-0.0791
10.2540;-0.0762
10.2550;-0.0732
10.2560;-0.0732
10.2570;-0.0732
10.2580;-0.0732
10.2590;-0.0732
10.2600;-0.0732
10.2610;-0.0732
10.2620;-0.0732
10.2630;-0.0732
10.2640;-0.0732
10.2650;-0.0732
10.2660;-0.0732
10.2670;-0.0762
10.2680;-0.0791
10.2690;-0.0879
10.2700;-0.0996
10.2710;-0.1143
10.2720;-0.1318
10.2730;-0.1494
10.2740;-0.1670
10.2750;-0.1787
10.2760;-0.1875
10.2770;-0.1934
10.2780;-0.1963
10.2790;-0.1934
10.2800;-0.1904
10.2810;-0.1875
10.2820;-0.1816
10.2830;-0.1699
10.2840;-0.1494
10.2850;-0.1289
10.2860;-0.1055
10.2870;-0.0850
10.2880;-0.0557
10.2890;-0.0234
10.2900;0.0117
10.2910;0.0557
10.2920;0.1025
10.2930;0.1582
10.2940;0.2197
10.2950;0.2900
10.2960;0.3721
10.2970;0.4600
10.2980;0.5361
10.2990;0.6094
10.3000;0.6973
10.3010;0.7910
10.3020;0.8906
10.3030;0.9932
10.3040;1.0957
10.3050;1.1982
10.3060;1.2979
10.3070;1.3945
10.3080;1.4795
10.3090;1.4941
10.3100;1.4941
10.3110;1.4941
10.3120;1.4941
10.3130;1.4941
10.3140;1.4941
10.3150;1.4941
10.3160;1.4941
10.3170;1.4941
10.3180;1.4941
10.3190;1.4326
10.3200;1.3096
10.3210;1.1748
10.3220;1.0342
10.3230;0.8848
10.3240;0.7207
10.3250;0.5508
10.3260;0.3867
10.3270;0.2432
10.3280;0.1143
10.3290;-0.0029
10.3300;-0.0996
10.3310;-0.1846
10.3320;-0.2490
10.3330;-0.3018
10.3340;-0.3398
10.3350;-0.3721
10.3360;-0.4043
10.3370;-0.4365
10.3380;-0.4600
10.3390;-0.4893
10.3400;-0.5127
10.3410;-0.5361
10.3420;-0.5566
10.3430;-0.5742
10.3440;-0.5830
10.3450;-0.5889
10.3460;-0.5859
10.3470;-0.5830
10.3480;-0.5801
10.3490;-0.5771
10.3500;-0.5713
10.3510;-0.5654
10.3520;-0.5625
10.3530;-0.5537
10.3540;-0.5479
10.3550;-0.5361
10.3560;-0.5273
10.3570;-0.5098
10.3580;-0.4922
10.3590;-0.4688
10.3600;-0.4453
10.3610;-0.4189
10.3620;-0.3955
10.3630;-0.3721
10.3640;-0.3457
10.3650;-0.3252
10.3660;-0.3047
10.3670;-0.2871
10.3680;-0.2695
10.3690;-0.2607
10.3700;-0.2490
10.3710;-0.2402
10.3720;-0.2285
10.3730;-0.2197
10.3740;-0.2109
10.3750;-0.2080
10.3760;-0.2021
10.3770;-0.1992
10.3780;-0.1934
10.3790;-0.1846
10.3800;-0.1787
10.3810;-0.1699
10.3820;-0.1670
10.3830;-0.1641
10.3840;-0.1611
10.3850;-0.1582
10.3860;-0.1553
10.3870;-0.1523
10.3880;-0.1494
10.3890;-0.1436
10.3900;-0.1377
10.3910;-0.1318
10.3920;-0.1260
10.3930;-0.1201
10.3940;-0.1143
10.3950;-0.1113
10.3960;-0.1055
10.3970;-0.1025
10.3980;-0.0996
10.3990;-0.0967
10.4000;-0.0937
10.4010;-0.0879
10.4020;-0.0850
10.4030;-0.0820
10.4040;-0.0762
10.4050;-0.0732
10.4060;-0.0703
10.4070;-0.0674
10.4080;-0.0645
10.4090;-0.0615
10.4100;-0.0586
10.4110;-0.0586
10.4120;-0.0615
10.4130;-0.0615
10.4140;-0.0615
10.4150;-0.0586
10.4160;-0.0557
10.4170;-0.0498
10.4180;-0.0498
10.4190;-0.0469
10.4200;-0.0410
10.4210;-0.0381
10.4220;-0.0381
10.4230;-0.0352
10.4240;-0.0322
10.4250;-0.0264
10.4260;-0.0234
10.4270;-0.0234
10.4280;-0.0205
10.4290;-0.0146
10.4300;-0.0146
10.4310;-0.0117
10.4320;-0.0117
10.4330;-0.0088
10.4340;-0.0117
10.4350;-0.0088
10.4360;-0.0059
10.4370;-0.0029
10.4380;-0.0059
10.4390;-0.0029
10.4400;0.0029
10.4410;0.0088
10.4420;0.0146
10.4430;0.0176
10.4440;0.0205
10.4450;0.0205
10.4460;0.0234
10.4470;0.0322
10.4480;0.0352
10.4490;0.0381
10.4500;0.0439
10.4510;0.0439
10.4520;0.0439
10.4530;0.0439
10.4540;0.0439
10.4550;0.0439
10.4560;0.0439
10.4570;0.0439
10.4580;0.0439
10.4590;0.0469
10.4600;0.0498
10.4610;0.0557
10.4620;0.0645
10.4630;0.0674
10.4640;0.0703
10.4650;0.0791
10.4660;0.0820
10.4670;0.0879
10.4680;0.0908
10.4690;0.0937
10.4700;0.0967
10.4710;0.0996
10.4720;0.1055
10.4730;0.1143
10.4740;0.1172
10.4750;0.1201
10.4760;0.1260
10.4770;0.1318
10.4780;0.1377
10.4790;0.1406
10.4800;0.1465
10.4810;0.1494
10.4820;0.1494
10.4830;0.1523
10.4840;0.1582
10.4850;0.1641
10.4860;0.1670
10.4870;0.1729
10.4880;0.1758
10.4890;0.1816
10.4900;0.1875
10.4910;0.1963
10.4920;0.2051
10.4930;0.2080
10.4940;0.2139
10.4950;0.2197
10.4960;0.2227
10.4970;0.2227
10.4980;0.2285
10.4990;0.2344
10.5000;0.2402
10.5010;0.2432
10.5020;0.2432
10.5030;0.2432
10.5040;0.2373
10.5050;0.2373
10.5060;0.2373
10.5070;0.2432
10.5080;0.2461
10.5090;0.2461
10.5100;0.2490
10.5110;0.2490
10.5120;0.2461
10.5130;0.2461
10.5140;0.2432
10.5150;0.2432
10.5160;0.2402
10.5170;0.2373
10.5180;0.2373
10.5190;0.2373
10.5200;0.2402
10.5210;0.2402
10.5220;0.2373
10.5230;0.2344
10.5240;0.2344
10.5250;0.2373
10.5260;0.2373
10.5270;0.2373
10.5280;0.2344
10.5290;0.2285
10.5300;0.2227
10.5310;0.2139
10.5320;0.2109
10.5330;0.2021
10.5340;0.1934
10.5350;0.1846
10.5360;0.1816
10.5370;0.1758
10.5380;0.1729
10.5390;0.1641
10.5400;0.1582
10.5410;0.1494
10.5420;0.1436
10.5430;0.1348
10.5440;0.1230
10.5450;0.1113
10.5460;0.0996
10.5470;0.0879
10.5480;0.0732
10.5490;0.0615
10.5500;0.0439
10.5510;0.0293
10.5520;0.0176
10.5530;0.0029
10.5540;-0.0059
10.5550;-0.0146
10.5560;-0.0293
10.5570;-0.0439
10.5580;-0.0586
10.5590;-0.0732
10.5600;-0.0820
10.5610;-0.0908
10.5620;-0.0996
10.5630;-0.1113
10.5640;-0.1230
10.5650;-0.1377
10.5660;-0.1494
10.5670;-0.1611
10.5680;-0.1670
10.5690;-0.1787
10.5700;-0.1875
10.5710;-0.1992
10.5720;-0.2080
10.5730;-0.2168
10.5740;-0.2256
10.5750;-0.2344
10.5760;-0.2432
10.5770;-0.2520
10.5780;-0.2578
10.5790;-0.2637
10.5800;-0.2725
10.5810;-0.2783
10.5820;-0.2842
10.5830;-0.2900
10.5840;-0.2959
10.5850;-0.2959
10.5860;-0.3018
10.5870;-0.3047
10.5880;-0.3105
10.5890;-0.3135
10.5900;-0.3164
10.5910;-0.3193
10.5920;-0.3193
10.5930;-0.3193
10.5940;-0.3223
10.5950;-0.3252
10.5960;-0.3281
10.5970;-0.3281
10.5980;-0.3281
10.5990;-0.3252
10.6000;-0.3223
10.6010;-0.3193
10.6020;-0.3223
10.6030;-0.3193
10.6040;-0.3164
10.6050;-0.3164
10.6060;-0.3135
10.6070;-0.3076
10.6080;-0.3047
10.6090;-0.3047
10.6100;-0.3047
10.6110;-0.3018
10.6120;-0.2988
10.6130;-0.2959
10.6140;-0.2930
10.6150;-0.2900
10.6160;-0.2871
10.6170;-0.2842
10.6180;-0.2842
10.6190;-0.2812
10.6200;-0.2812
10.6210;-0.2783
10.6220;-0.2783
10.6230;-0.2783
10.6240;-0.2725
10.6250;-0.2695
10.6260;-0.2666
10.6270;-0.2607
10.6280;-0.2607
10.6290;-0.2549
10.6300;-0.2520
10.6310;-0.2490
10.6320;-0.2461
10.6330;-0.2402
10.6340;-0.2373
10.6350;-0.2344
10.6360;-0.2344
10.6370;-0.2314
10.6380;-0.2256
10.6390;-0.2168
10.6400;-0.2139
10.6410;-0.2109
10.6420;-0.2109
10.6430;-0.2080
10.6440;-0.2021
10.6450;-0.1963
10.6460;-0.1934
10.6470;-0.1904
10.6480;-0.1875
10.6490;-0.1846
10.6500;-0.1816
10.6510;-0.1787
10.6520;-0.1787
10.6530;-0.1758
10.6540;-0.1729
10.6550;-0.1670
10.6560;-0.1670
10.6570;-0.1641
10.6580;-0.1611
10.6590;-0.1582
10.6600;-0.1553
10.6610;-0.1553
10.6620;-0.1523
10.6630;-0.1465
10.6640;-0.1436
10.6650;-0.1436
10.6660;-0.1406
10.6670;-0.1377
10.6680;-0.1377
10.6690;-0.1318
10.6700;-0.1318
10.6710;-0.1318
10.6720;-0.1318
10.6730;-0.1230
10.6740;-0.1230
10.6750;-0.1201
10.6760;-0.1201
10.6770;-0.1172
10.6780;-0.1143
10.6790;-0.1113
10.6800;-0.1055
10.6810;-0.1025
10.6820;-0.0996
10.6830;-0.0967
10.6840;-0.0937
10.6850;-0.0908
10.6860;-0.0908
10.6870;-0.0908
10.6880;-0.0879
10.6890;-0.0879
10.6900;-0.0850
10.6910;-0.0850
10.6920;-0.0850
10.6930;-0.0850
10.6940;-0.0820
10.6950;-0.0791
10.6960;-0.0762
10.6970;-0.0732
10.6980;-0.0732
10.6990;-0.0762
10.7000;-0.0732
10.7010;-0.0732
10.7020;-0.0732
10.7030;-0.0703
10.7040;-0.0674
10.7050;-0.0674
10.7060;-0.0674
10.7070;-0.0645
10.7080;-0.0615
10.7090;-0.0557
10.7100;-0.0498
10.7110;-0.0498
10.7120;-0.0498
10.7130;-0.0527
10.7140;-0.0498
10.7150;-0.0498
10.7160;-0.0469
10.7170;-0.0469
10.7180;-0.0469
10.7190;-0.0439
10.7200;-0.0469
10.7210;-0.0469
10.7220;-0.0469
10.7230;-0.0439
10.7240;-0.0469
10.7250;-0.0469
10.7260;-0.0469
10.7270;-0.0439
10.7280;-0.0410
10.7290;-0.0410
10.7300;-0.0381
10.7310;-0.0381
10.7320;-0.0410
10.7330;-0.0439
10.7340;-0.0469
10.7350;-0.0439
10.7360;-0.0439
10.7370;-0.0381
10.7380;-0.0410
10.7390;-0.0410
10.7400;-0.0381
10.7410;-0.0381
10.7420;-0.0352
10.7430;-0.0352
10.7440;-0.0352
10.7450;-0.0381
10.7460;-0.0381
10.7470;-0.0381
10.7480;-0.0410
10.7490;-0.0410
10.7500;-0.0410
10.7510;-0.0439
10.7520;-0.0410
10.7530;-0.0381
10.7540;-0.0381
10.7550;-0.0381
10.7560;-0.0352
10.7570;-0.0352
10.7580;-0.0352
10.7590;-0.0352
10.7600;-0.0381
10.7610;-0.0381
10.7620;-0.0352
10.7630;-0.0381
10.7640;-0.0381
10.7650;-0.0381
10.7660;-0.0381
10.7670;-0.0381
10.7680;-0.0381
10.7690;-0.0381
10.7700;-0.0381
10.7710;-0.0381
10.7720;-0.0381
10.7730;-0.0352
10.7740;-0.0381
10.7750;-0.0352
10.7760;-0.0352
10.7770;-0.0322
10.7780;-0.0322
10.7790;-0.0322
10.7800;-0.0293
10.7810;-0.0264
10.7820;-0.0264
10.7830;-0.0264
10.7840;-0.0264
10.7850;-0.0293
10.7860;-0.0293
10.7870;-0.0293
10.7880;-0.0293
10.7890;-0.0322
10.7900;-0.0322
10.7910;-0.0352
10.7920;-0.0381
10.7930;-0.0381
10.7940;-0.0410
10.7950;-0.0410
10.7960;-0.0410
10.7970;-0.0381
10.7980;-0.0381
10.7990;-0.0381
10.8000;-0.0381
10.8010;-0.0410
10.8020;-0.0410
10.8030;-0.0381
10.8040;-0.0381
10.8050;-0.0381
10.8060;-0.0381
10.8070;-0.0410
10.8080;-0.0410
10.8090;-0.0410
10.8100;-0.0381
10.8110;-0.0381
10.8120;-0.0381
10.8130;-0.0381
10.8140;-0.0381
10.8150;-0.0381
10.8160;-0.0381
10.8170;-0.0381
10.8180;-0.0352
10.8190;-0.0381
10.8200;-0.0352
10.8210;-0.0381
10.8220;-0.0381
10.8230;-0.0381
10.8240;-0.0352
10.8250;-0.0352
10.8260;-0.0352
10.8270;-0.0322
10.8280;-0.0322
10.8290;-0.0322
10.8300;-0.0293
10.8310;-0.0293
10.8320;-0.0264
10.8330;-0.0264
10.8340;-0.0234
10.8350;-0.0234
10.8360;-0.0264
10.8370;-0.0264
10.8380;-0.0264
10.8390;-0.0264
10.8400;-0.0264
10.8410;-0.0264
10.8420;-0.0293
10.8430;-0.0264
10.8440;-0.0234
10.8450;-0.0205
10.8460;-0.0205
10.8470;-0.0205
10.8480;-0.0205
10.8490;-0.0234
10.8500;-0.0234
10.8510;-0.0205
10.8520;-0.0176
10.8530;-0.0146
10.8540;-0.0146
10.8550;-0.0146
10.8560;-0.0146
10.8570;-0.0146
10.8580;-0.0146
10.8590;-0.0205
10.8600;-0.0205
10.8610;-0.0205
10.8620;-0.0205
10.8630;-0.0205
10.8640;-0.0205
10.8650;-0.0205
10.8660;-0.0176
10.8670;-0.0176
10.8680;-0.0176
10.8690;-0.0176
10.8700;-0.0146
10.8710;-0.0146
10.8720;-0.0176
10.8730;-0.0205
10.8740;-0.0234
10.8750;-0.0234
10.8760;-0.0234
10.8770;-0.0234
10.8780;-0.0234
10.8790;-0.0234
10.8800;-0.0176
10.8810;-0.0117
10.8820;-0.0117
10.8830;-0.0088
10.8840;-0.0059
10.8850;-0.0029
10.8860;0.0000
10.8870;0.0059
10.8880;0.0117
10.8890;0.0205
10.8900;0.0293
10.8910;0.0352
10.8920;0.0439
10.8930;0.0498
10.8940;0.0557
10.8950;0.0615
10.8960;0.0645
10.8970;0.0645
10.8980;0.0645
10.8990;0.0615
10.9000;0.0586
10.9010;0.0557
10.9020;0.0527
10.9030;0.0469
10.9040;0.0439
10.9050;0.0410
10.9060;0.0381
10.9070;0.0410
10.9080;0.0439
10.9090;0.0557
10.9100;0.0645
10.9110;0.0762
10.9120;0.0879
10.9130;0.1055
10.9140;0.1201
10.9150;0.1377
10.9160;0.1494
10.9170;0.1641
10.9180;0.1758
10.9190;0.1846
10.9200;0.1934
10.9210;0.1992
10.9220;0.1992
10.9230;0.1992
10.9240;0.1992
10.9250;0.2021
10.9260;0.2021
10.9270;0.1963
10.9280;0.1904
10.9290;0.1816
10.9300;0.1758
10.9310;0.1670
10.9320;0.1611
10.9330;0.1523
10.9340;0.1436
10.9350;0.1406
10.9360;0.1318
10.9370;0.1260
10.9380;0.1143
10.9390;0.1025
10.9400;0.0908
10.9410;0.0820
10.9420;0.0703
10.9430;0.0557
10.9440;0.0469
10.9450;0.0381
10.9460;0.0264
10.9470;0.0176
10.9480;0.0059
10.9490;0.0000
10.9500;-0.0117
10.9510;-0.0234
10.9520;-0.0352
10.9530;-0.0469
10.9540;-0.0586
10.9550;-0.0703
10.9560;-0.0791
10.9570;-0.0850
10.9580;-0.0908
10.9590;-0.0937
10.9600;-0.0967
10.9610;-0.1025
10.9620;-0.1055
10.9630;-0.1084
10.9640;-0.1172
10.9650;-0.1230
10.9660;-0.1289
10.9670;-0.1318
10.9680;-0.1348
10.9690;-0.1406
10.9700;-0.1465
10.9710;-0.1523
10.9720;-0.1523
10.9730;-0.1553
10.9740;-0.1553
10.9750;-0.1553
10.9760;-0.1553
10.9770;-0.1553
10.9780;-0.1553
10.9790;-0.1582
10.9800;-0.1582
10.9810;-0.1611
10.9820;-0.1611
10.9830;-0.1611
10.9840;-0.1641
10.9850;-0.1611
10.9860;-0.1611
10.9870;-0.1641
10.9880;-0.1641
10.9890;-0.1641
10.9900;-0.1641
10.9910;-0.1641
10.9920;-0.1611
10.9930;-0.1611
10.9940;-0.1611
10.9950;-0.1582
10.9960;-0.1611
10.9970;-0.1582
10.9980;-0.1611
10.9990;-0.1611
11.0000;-0.1611
11.0010;-0.1611
11.0020;-0.1611
11.0030;-0.1611
11.0040;-0.1611
11.0050;-0.1641
11.0060;-0.1641
11.0070;-0.1611
11.0080;-0.1641
11.0090;-0.1611
11.0100;-0.1611
11.0110;-0.1641
11.0120;-0.1641
11.0130;-0.1611
11.0140;-0.1611
11.0150;-0.1611
11.0160;-0.1611
11.0170;-0.1641
11.0180;-0.1641
11.0190;-0.1641
11.0200;-0.1641
11.0210;-0.1641
11.0220;-0.1611
11.0230;-0.1582
11.0240;-0.1611
11.0250;-0.1670
11.0260;-0.1758
11.0270;-0.1875
11.0280;-0.1963
11.0290;-0.2080
11.0300;-0.2227
11.0310;-0.2314
11.0320;-0.2373
11.0330;-0.2432
11.0340;-0.2461
11.0350;-0.2461
11.0360;-0.2490
11.0370;-0.2461
11.0380;-0.2402
11.0390;-0.2314
11.0400;-0.2197
11.0410;-0.2080
11.0420;-0.1934
11.0430;-0.1758
11.0440;-0.1553
11.0450;-0.1289
11.0460;-0.0996
11.0470;-0.0645
11.0480;-0.0205
11.0490;0.0293
11.0500;0.0908
11.0510;0.1611
11.0520;0.2432
11.0530;0.3311
11.0540;0.4160
11.0550;0.4951
11.0560;0.5713
11.0570;0.6533
11.0580;0.7412
11.0590;0.8320
11.0600;0.9229
11.0610;1.0166
11.0620;1.1104
11.0630;1.2012
11.0640;1.2891
11.0650;1.3740
11.0660;1.4502
11.0670;1.4941
11.0680;1.4941
11.0690;1.4941
11.0700;1.4941
11.0710;1.4941
11.0720;1.4941
11.0730;1.4854
11.0740;1.4033
11.0750;1.3125
11.0760;1.2041
11.0770;1.0781
11.0780;0.9404
11.0790;0.8027
11.0800;0.6475
11.0810;0.4775
11.0820;0.3076
11.0830;0.1523
11.0840;0.0176
11.0850;-0.1055
11.0860;-0.2139
11.0870;-0.3018
11.0880;-0.3750
11.0890;-0.4307
11.0900;-0.4746
11.0910;-0.5127
11.0920;-0.5479
11.0930;-0.5801
11.0940;-0.6094
11.0950;-0.6357
11.0960;-0.6592
11.0970;-0.6797
11.0980;-0.7002
11.0990;-0.7148
11.1000;-0.7266
11.1010;-0.7295
11.1020;-0.7266
11.1030;-0.7266
11.1040;-0.7207
11.1050;-0.7148
11.1060;-0.7061
11.1070;-0.7002
11.1080;-0.6855
11.1090;-0.6738
11.1100;-0.6592
11.1110;-0.6475
11.1120;-0.6299
11.1130;-0.6123
11.1140;-0.5889
11.1150;-0.5625
11.1160;-0.5391
11.1170;-0.5156
11.1180;-0.4893
11.1190;-0.4658
11.1200;-0.4395
11.1210;-0.4160
11.1220;-0.3955
11.1230;-0.3809
11.1240;-0.3662
11.1250;-0.3516
11.1260;-0.3369
11.1270;-0.3281
11.1280;-0.3193
11.1290;-0.3105
11.1300;-0.3018
11.1310;-0.2959
11.1320;-0.2871
11.1330;-0.2812
11.1340;-0.2783
11.1350;-0.2725
11.1360;-0.2666
11.1370;-0.2607
11.1380;-0.2578
11.1390;-0.2549
11.1400;-0.2490
11.1410;-0.2461
11.1420;-0.2402
11.1430;-0.2373
11.1440;-0.2344
11.1450;-0.2314
11.1460;-0.2285
11.1470;-0.2256
11.1480;-0.2227
11.1490;-0.2168
11.1500;-0.2139
11.1510;-0.2109
11.1520;-0.2109
11.1530;-0.2080
11.1540;-0.2080
11.1550;-0.2051
11.1560;-0.2021
11.1570;-0.1992
11.1580;-0.1963
11.1590;-0.1934
11.1600;-0.1934
11.1610;-0.1904
11.1620;-0.1875
11.1630;-0.1846
11.1640;-0.1787
11.1650;-0.1787
11.1660;-0.1729
11.1670;-0.1699
11.1680;-0.1670
11.1690;-0.1611
11.1700;-0.1611
11.1710;-0.1582
11.1720;-0.1553
11.1730;-0.1523
11.1740;-0.1494
11.1750;-0.1465
11.1760;-0.1436
11.1770;-0.1436
11.1780;-0.1406
11.1790;-0.1377
11.1800;-0.1377
11.1810;-0.1406
11.1820;-0.1377
11.1830;-0.1348
11.1840;-0.1318
11.1850;-0.1318
11.1860;-0.1289
11.1870;-0.1230
11.1880;-0.1201
11.1890;-0.1172
11.1900;-0.1172
11.1910;-0.1143
11.1920;-0.1113
11.1930;-0.1084
11.1940;-0.1084
11.1950;-0.1055
11.1960;-0.1025
11.1970;-0.0996
11.1980;-0.0967
11.1990;-0.0967
11.2000;-0.0967
11.2010;-0.0937
11.2020;-0.0908
11.2030;-0.0850
11.2040;-0.0820
11.2050;-0.0762
11.2060;-0.0732
11.2070;-0.0703
11.2080;-0.0674
11.2090;-0.0645
11.2100;-0.0615
11.2110;-0.0586
11.2120;-0.0586
11.2130;-0.0527
11.2140;-0.0498
11.2150;-0.0469
11.2160;-0.0439
11.2170;-0.0439
11.2180;-0.0439
11.2190;-0.0381
11.2200;-0.0381
11.2210;-0.0322
11.2220;-0.0264
11.2230;-0.0234
11.2240;-0.0205
11.2250;-0.0146
11.2260;-0.0117
11.2270;-0.0059
11.2280;-0.0029
11.2290;-0.0029
11.2300;0.0029
11.2310;0.0059
11.2320;0.0117
11.2330;0.0117
11.2340;0.0176
11.2350;0.0205
11.2360;0.0264
11.2370;0.0293
11.2380;0.0322
11.2390;0.0352
11.2400;0.0410
11.2410;0.0439
11.2420;0.0439
11.2430;0.0527
11.2440;0.0557
11.2450;0.0615
11.2460;0.0674
11.2470;0.0674
11.2480;0.0703
11.2490;0.0762
11.2500;0.0791
11.2510;0.0820
11.2520;0.0850
11.2530;0.0879
11.2540;0.0908
11.2550;0.0967
11.2560;0.1025
11.2570;0.1055
11.2580;0.1113
11.2590;0.1143
11.2600;0.1143
11.2610;0.1172
11.2620;0.1143
11.2630;0.1172
11.2640;0.1172
11.2650;0.1172
11.2660;0.1172
11.2670;0.1172
11.2680;0.1172
11.2690;0.1172
11.2700;0.1172
11.2710;0.1143
11.2720;0.1143
11.2730;0.1143
11.2740;0.1113
11.2750;0.1084
11.2760;0.1055
11.2770;0.1025
11.2780;0.1025
11.2790;0.0967
11.2800;0.0967
11.2810;0.0937
11.2820;0.0908
11.2830;0.0908
11.2840;0.0850
11.2850;0.0820
11.2860;0.0791
11.2870;0.0732
11.2880;0.0674
11.2890;0.0586
11.2900;0.0557
11.2910;0.0498
11.2920;0.0439
11.2930;0.0352
11.2940;0.0264
11.2950;0.0205
11.2960;0.0117
11.2970;0.0000
11.2980;-0.0059
11.2990;-0.0176
11.3000;-0.0264
11.3010;-0.0352
11.3020;-0.0469
11.3030;-0.0586
11.3040;-0.0703
11.3050;-0.0820
11.3060;-0.0967
11.3070;-0.1113
11.3080;-0.1260
11.3090;-0.1377
11.3100;-0.1523
11.3110;-0.1670
11.3120;-0.1816
11.3130;-0.1934
11.3140;-0.2080
11.3150;-0.2168
11.3160;-0.2314
11.3170;-0.2432
11.3180;-0.2578
11.3190;-0.2695
11.3200;-0.2783
11.3210;-0.2871
11.3220;-0.2988
11.3230;-0.3076
11.3240;-0.3164
11.3250;-0.3281
11.3260;-0.3398
11.3270;-0.3486
11.3280;-0.3604
11.3290;-0.3721
11.3300;-0.3779
11.3310;-0.3867
11.3320;-0.3926
11.3330;-0.3955
11.3340;-0.3984
11.3350;-0.4072
11.3360;-0.4131
11.3370;-0.4219
11.3380;-0.4277
11.3390;-0.4336
11.3400;-0.4365
11.3410;-0.4424
11.3420;-0.4482
11.3430;-0.4482
11.3440;-0.4482
11.3450;-0.4512
11.3460;-0.4541
11.3470;-0.4570
11.3480;-0.4570
11.3490;-0.4570
11.3500;-0.4600
11.3510;-0.4600
11.3520;-0.4570
11.3530;-0.4570
11.3540;-0.4570
11.3550;-0.4570
11.3560;-0.4570
11.3570;-0.4570
11.3580;-0.4570
11.3590;-0.4570
11.3600;-0.4570
11.3610;-0.4570
11.3620;-0.4570
11.3630;-0.4570
11.3640;-0.4541
11.3650;-0.4541
11.3660;-0.4541
11.3670;-0.4512
11.3680;-0.4482
11.3690;-0.4453
11.3700;-0.4424
11.3710;-0.4424
11.3720;-0.4424
11.3730;-0.4365
11.3740;-0.4336
11.3750;-0.4307
11.3760;-0.4307
11.3770;-0.4248
11.3780;-0.4219
11.3790;-0.4189
11.3800;-0.4160
11.3810;-0.4131
11.3820;-0.4102
11.3830;-0.4072
11.3840;-0.4014
11.3850;-0.3984
11.3860;-0.3926
11.3870;-0.3896
11.3880;-0.3867
11.3890;-0.3838
11.3900;-0.3809
11.3910;-0.3779
11.3920;-0.3779
11.3930;-0.3779
11.3940;-0.3750
11.3950;-0.3721
11.3960;-0.3662
11.3970;-0.3633
11.3980;-0.3574
11.3990;-0.3574
11.4000;-0.3545
11.4010;-0.3516
11.4020;-0.3457
11.4030;-0.3398
11.4040;-0.3369
11.4050;-0.3340
11.4060;-0.3340
11.4070;-0.3311
11.4080;-0.3311
11.4090;-0.3252
11.4100;-0.3223
11.4110;-0.3193
11.4120;-0.3164
11.4130;-0.3105
11.4140;-0.3105
11.4150;-0.3076
11.4160;-0.3047
11.4170;-0.3018
11.4180;-0.2988
11.4190;-0.2959
11.4200;-0.2930
11.4210;-0.2930
11.4220;-0.2900
11.4230;-0.2871
11.4240;-0.2871
11.4250;-0.2842
11.4260;-0.2842
11.4270;-0.2842
11.4280;-0.2812
11.4290;-0.2812
11.4300;-0.2812
11.4310;-0.2812
11.4320;-0.2783
11.4330;-0.2754
11.4340;-0.2725
11.4350;-0.2695
11.4360;-0.2695
11.4370;-0.2695
11.4380;-0.2695
11.4390;-0.2637
11.4400;-0.2637
11.4410;-0.2607
11.4420;-0.2607
11.4430;-0.2578
11.4440;-0.2578
11.4450;-0.2549
11.4460;-0.2549
11.4470;-0.2549
11.4480;-0.2549
11.4490;-0.2520
11.4500;-0.2461
11.4510;-0.2461
11.4520;-0.2461
11.4530;-0.2432
11.4540;-0.2402
11.4550;-0.2402
11.4560;-0.2373
11.4570;-0.2344
11.4580;-0.2344
11.4590;-0.2344
11.4600;-0.2314
11.4610;-0.2285
11.4620;-0.2285
11.4630;-0.2256
11.4640;-0.2256
11.4650;-0.2256
11.4660;-0.2256
11.4670;-0.2227
11.4680;-0.2227
11.4690;-0.2197
11.4700;-0.2168
11.4710;-0.2168
11.4720;-0.2139
11.4730;-0.2139
11.4740;-0.2139
11.4750;-0.2139
11.4760;-0.2139
11.4770;-0.2139
11.4780;-0.2139
11.4790;-0.2109
11.4800;-0.2109
11.4810;-0.2109
11.4820;-0.2109
11.4830;-0.2109
11.4840;-0.2109
11.4850;-0.2109
11.4860;-0.2109
11.4870;-0.2080
11.4880;-0.2080
11.4890;-0.2080
11.4900;-0.2080
11.4910;-0.2080
11.4920;-0.2080
11.4930;-0.2051
11.4940;-0.2051
11.4950;-0.2051
11.4960;-0.2021
11.4970;-0.1992
11.4980;-0.1992
11.4990;-0.1992
11.5000;-0.1963
11.5010;-0.1963
11.5020;-0.1934
11.5030;-0.1934
11.5040;-0.1934
11.5050;-0.1904
11.5060;-0.1904
11.5070;-0.1904
11.5080;-0.1904
11.5090;-0.1904
11.5100;-0.1904
11.5110;-0.1904
11.5120;-0.1904
11.5130;-0.1875
11.5140;-0.1875
11.5150;-0.1875
11.5160;-0.1875
11.5170;-0.1875
11.5180;-0.1875
11.5190;-0.1875
11.5200;-0.1904
11.5210;-0.1875
11.5220;-0.1875
11.5230;-0.1875
11.5240;-0.1846
11.5250;-0.1846
11.5260;-0.1816
11.5270;-0.1816
11.5280;-0.1787
11.5290;-0.1787
11.5300;-0.1787
11.5310;-0.1787
11.5320;-0.1787
11.5330;-0.1758
11.5340;-0.1758
11.5350;-0.1758
11.5360;-0.1758
11.5370;-0.1729
11.5380;-0.1699
11.5390;-0.1699
11.5400;-0.1670
11.5410;-0.1670
11.5420;-0.1670
11.5430;-0.1670
11.5440;-0.1670
11.5450;-0.1670
11.5460;-0.1699
11.5470;-0.1699
11.5480;-0.1729
11.5490;-0.1729
11.5500;-0.1758
11.5510;-0.1758
11.5520;-0.1758
11.5530;-0.1787
11.5540;-0.1816
11.5550;-0.1758
11.5560;-0.1758
11.5570;-0.1729
11.5580;-0.1729
11.5590;-0.1729
11.5600;-0.1699
11.5610;-0.1699
11.5620;-0.1670
11.5630;-0.1670
11.5640;-0.1670
11.5650;-0.1670
11.5660;-0.1670
11.5670;-0.1670
11.5680;-0.1641
11.5690;-0.1641
11.5700;-0.1641
11.5710;-0.1641
11.5720;-0.1641
11.5730;-0.1641
11.5740;-0.1641
11.5750;-0.1611
11.5760;-0.1611
11.5770;-0.1611
11.5780;-0.1611
11.5790;-0.1641
11.5800;-0.1641
11.5810;-0.1641
11.5820;-0.1641
11.5830;-0.1641
11.5840;-0.1611
11.5850;-0.1611
11.5860;-0.1582
11.5870;-0.1553
11.5880;-0.1523
11.5890;-0.1523
11.5900;-0.1494
11.5910;-0.1465
11.5920;-0.1436
11.5930;-0.1406
11.5940;-0.1406
11.5950;-0.1377
11.5960;-0.1318
11.5970;-0.1289
11.5980;-0.1230
11.5990;-0.1172
11.6000;-0.1113
11.6010;-0.1055
11.6020;-0.0967
11.6030;-0.0937
11.6040;-0.0879
11.6050;-0.0820
11.6060;-0.0820
11.6070;-0.0791
11.6080;-0.0762
11.6090;-0.0762
11.6100;-0.0762
11.6110;-0.0762
11.6120;-0.0791
11.6130;-0.0820
11.6140;-0.0850
11.6150;-0.0850
11.6160;-0.0820
11.6170;-0.0762
11.6180;-0.0703
11.6190;-0.0645
11.6200;-0.0527
11.6210;-0.0439
11.6220;-0.0264
11.6230;-0.0059
11.6240;0.0088
11.6250;0.0234
11.6260;0.0381
11.6270;0.0557
11.6280;0.0703
11.6290;0.0850
11.6300;0.0908
11.6310;0.0967
11.6320;0.0967
11.6330;0.0967
11.6340;0.0967
11.6350;0.0967
11.6360;0.0937
11.6370;0.0879
11.6380;0.0820
11.6390;0.0762
11.6400;0.0703
11.6410;0.0674
11.6420;0.0645
11.6430;0.0615
11.6440;0.0557
11.6450;0.0557
11.6460;0.0498
11.6470;0.0439
11.6480;0.0410
11.6490;0.0322
11.6500;0.0234
11.6510;0.0176
11.6520;0.0059
11.6530;-0.0029
11.6540;-0.0117
11.6550;-0.0205
11.6560;-0.0322
11.6570;-0.0439
11.6580;-0.0557
11.6590;-0.0674
11.6600;-0.0762
11.6610;-0.0908
11.6620;-0.1025
11.6630;-0.1143
11.6640;-0.1260
11.6650;-0.1377
11.6660;-0.1465
11.6670;-0.1523
11.6680;-0.1582
11.6690;-0.1641
11.6700;-0.1699
11.6710;-0.1758
11.6720;-0.1816
11.6730;-0.1875
11.6740;-0.1904
11.6750;-0.1963
11.6760;-0.2021
11.6770;-0.2051
11.6780;-0.2080
11.6790;-0.2109
11.6800;-0.2139
11.6810;-0.2168
11.6820;-0.2227
11.6830;-0.2256
11.6840;-0.2285
11.6850;-0.2314
11.6860;-0.2314
11.6870;-0.2314
11.6880;-0.2344
11.6890;-0.2344
11.6900;-0.2344
11.6910;-0.2344
11.6920;-0.2373
11.6930;-0.2402
11.6940;-0.2402
11.6950;-0.2402
11.6960;-0.2432
11.6970;-0.2432
11.6980;-0.2402
11.6990;-0.2402
11.7000;-0.2402
11.7010;-0.2402
11.7020;-0.2402
11.7030;-0.2373
11.7040;-0.2373
11.7050;-0.2402
11.7060;-0.2432
11.7070;-0.2402
11.7080;-0.2402
11.7090;-0.2373
11.7100;-0.2373
11.7110;-0.2344
11.7120;-0.2344
11.7130;-0.2344
11.7140;-0.2344
11.7150;-0.2344
11.7160;-0.2344
11.7170;-0.2344
11.7180;-0.2344
11.7190;-0.2344
11.7200;-0.2314
11.7210;-0.2314
11.7220;-0.2314
11.7230;-0.2285
11.7240;-0.2256
11.7250;-0.2256
11.7260;-0.2256
11.7270;-0.2256
11.7280;-0.2227
11.7290;-0.2197
11.7300;-0.2168
11.7310;-0.2168
11.7320;-0.2168
11.7330;-0.2168
11.7340;-0.2168
11.7350;-0.2197
11.7360;-0.2227
11.7370;-0.2285
11.7380;-0.2373
11.7390;-0.2490
11.7400;-0.2637
11.7410;-0.2783
11.7420;-0.2900
11.7430;-0.2988
11.7440;-0.3076
11.7450;-0.3164
11.7460;-0.3164
11.7470;-0.3164
11.7480;-0.3164
11.7490;-0.3105
11.7500;-0.3018
11.7510;-0.2930
11.7520;-0.2812
11.7530;-0.2666
11.7540;-0.2461
11.7550;-0.2256
11.7560;-0.1992
11.7570;-0.1699
11.7580;-0.1318
11.7590;-0.0879
11.7600;-0.0381
11.7610;0.0234
11.7620;0.0908
11.7630;0.1670
11.7640;0.2549
11.7650;0.3457
11.7660;0.4307
11.7670;0.5127
11.7680;0.5977
11.7690;0.6914
11.7700;0.7881
11.7710;0.8877
11.7720;0.9902
11.7730;1.0928
11.7740;1.1924
11.7750;1.2891
11.7760;1.3799
11.7770;1.4648
11.7780;1.4941
11.7790;1.4941
11.7800;1.4941
11.7810;1.4941
11.7820;1.4941
11.7830;1.4941
11.7840;1.4941
11.7850;1.4941
11.7860;1.4473
11.7870;1.3477
11.7880;1.2275
11.7890;1.0957
11.7900;0.9580
11.7910;0.8115
11.7920;0.6504
11.7930;0.4775
11.7940;0.3076
11.7950;0.1582
11.7960;0.0234
11.7970;-0.0967
11.7980;-0.1992
11.7990;-0.2842
11.8000;-0.3516
11.8010;-0.4043
11.8020;-0.4482
11.8030;-0.4834
11.8040;-0.5215
11.8050;-0.5537
11.8060;-0.5830
11.8070;-0.6064
11.8080;-0.6328
11.8090;-0.6504
11.8100;-0.6650
11.8110;-0.6738
11.8120;-0.6768
11.8130;-0.6709
11.8140;-0.6709
11.8150;-0.6650
11.8160;-0.6592
11.8170;-0.6533
11.8180;-0.6475
11.8190;-0.6416
11.8200;-0.6328
11.8210;-0.6240
11.8220;-0.6123
11.8230;-0.5977
11.8240;-0.5801
11.8250;-0.5596
11.8260;-0.5361
11.8270;-0.5098
11.8280;-0.4893
11.8290;-0.4658
11.8300;-0.4395
11.8310;-0.4160
11.8320;-0.3984
11.8330;-0.3779
11.8340;-0.3604
11.8350;-0.3457
11.8360;-0.3311
11.8370;-0.3193
11.8380;-0.3076
11.8390;-0.2959
11.8400;-0.2871
11.8410;-0.2783
11.8420;-0.2725
11.8430;-0.2695
11.8440;-0.2637
11.8450;-0.2578
11.8460;-0.2520
11.8470;-0.2490
11.8480;-0.2461
11.8490;-0.2402
11.8500;-0.2344
11.8510;-0.2256
11.8520;-0.2197
11.8530;-0.2139
11.8540;-0.2080
11.8550;-0.2021
11.8560;-0.1963
11.8570;-0.1934
11.8580;-0.1904
11.8590;-0.1875
11.8600;-0.1846
11.8610;-0.1816
11.8620;-0.1758
11.8630;-0.1699
11.8640;-0.1641
11.8650;-0.1611
11.8660;-0.1553
11.8670;-0.1494
11.8680;-0.1436
11.8690;-0.1377
11.8700;-0.1318
11.8710;-0.1289
11.8720;-0.1260
11.8730;-0.1201
11.8740;-0.1172
11.8750;-0.1143
11.8760;-0.1113
11.8770;-0.1084
11.8780;-0.1025
11.8790;-0.0996
11.8800;-0.0937
11.8810;-0.0908
11.8820;-0.0850
11.8830;-0.0762
11.8840;-0.0732
11.8850;-0.0674
11.8860;-0.0615
11.8870;-0.0615
11.8880;-0.0557
11.8890;-0.0527
11.8900;-0.0498
11.8910;-0.0469
11.8920;-0.0439
11.8930;-0.0381
11.8940;-0.0381
11.8950;-0.0322
11.8960;-0.0322
11.8970;-0.0293
11.8980;-0.0264
11.8990;-0.0234
11.9000;-0.0205
11.9010;-0.0176
11.9020;-0.0117
11.9030;-0.0059
11.9040;0.0000
11.9050;0.0029
11.9060;0.0059
11.9070;0.0117
11.9080;0.0176
11.9090;0.0234
11.9100;0.0293
11.9110;0.0352
11.9120;0.0381
11.9130;0.0439
11.9140;0.0469
11.9150;0.0498
11.9160;0.0527
11.9170;0.0557
11.9180;0.0586
11.9190;0.0645
11.9200;0.0703
11.9210;0.0703
11.9220;0.0762
11.9230;0.0820
11.9240;0.0850
11.9250;0.0908
11.9260;0.0937
11.9270;0.0937
11.9280;0.1025
11.9290;0.1055
11.9300;0.1113
11.9310;0.1172
11.9320;0.1230
11.9330;0.1230
11.9340;0.1289
11.9350;0.1289
11.9360;0.1348
11.9370;0.1406
11.9380;0.1465
11.9390;0.1494
11.9400;0.1553
11.9410;0.1611
11.9420;0.1641
11.9430;0.1699
11.9440;0.1729
11.9450;0.1787
11.9460;0.1846
11.9470;0.1875
11.9480;0.1963
11.9490;0.2021
11.9500;0.2051
11.9510;0.2080
11.9520;0.2168
11.9530;0.2197
11.9540;0.2256
11.9550;0.2314
11.9560;0.2402
11.9570;0.2461
11.9580;0.2520
11.9590;0.2578
11.9600;0.2607
11.9610;0.2666
11.9620;0.2695
11.9630;0.2754
11.9640;0.2783
11.9650;0.2812
11.9660;0.2842
11.9670;0.2871
11.9680;0.2900
11.9690;0.2930
11.9700;0.2959
11.9710;0.3018
11.9720;0.3018
11.9730;0.3018
11.9740;0.3047
11.9750;0.3047
11.9760;0.3047
11.9770;0.3047
11.9780;0.3076
11.9790;0.3105
11.9800;0.3135
11.9810;0.3164
11.9820;0.3164
11.9830;0.3164
11.9840;0.3164
11.9850;0.3135
11.9860;0.3135
11.9870;0.3105
11.9880;0.3076
11.9890;0.3076
11.9900;0.3018
11.9910;0.3018
11.9920;0.2959
11.9930;0.2930
11.9940;0.2900
11.9950;0.2900
11.9960;0.2842
11.9970;0.2812
11.9980;0.2783
11.9990;0.2725
12.0000;0.2666
12.0010;0.2607
12.0020;0.2520
12.0030;0.2461
12.0040;0.2402
12.0050;0.2314
12.0060;0.2227
12.0070;0.2109
12.0080;0.1992
12.0090;0.1904
12.0100;0.1787
12.0110;0.1670
12.0120;0.1523
12.0130;0.1436
12.0140;0.1289
12.0150;0.1172
12.0160;0.1025
12.0170;0.0879
12.0180;0.0732
12.0190;0.0615
12.0200;0.0469
12.0210;0.0293
12.0220;0.0146
12.0230;0.0000
12.0240;-0.0146
12.0250;-0.0264
12.0260;-0.0410
12.0270;-0.0527
12.0280;-0.0703
12.0290;-0.0820
12.0300;-0.0967
12.0310;-0.1113
12.0320;-0.1230
12.0330;-0.1377
12.0340;-0.1465
12.0350;-0.1553
12.0360;-0.1670
12.0370;-0.1787
12.0380;-0.1904
12.0390;-0.2021
12.0400;-0.2109
12.0410;-0.2256
12.0420;-0.2373
12.0430;-0.2461
12.0440;-0.2578
12.0450;-0.2666
12.0460;-0.2754
12.0470;-0.2842
12.0480;-0.2930
12.0490;-0.2988
12.0500;-0.3047
12.0510;-0.3105
12.0520;-0.3164
12.0530;-0.3164
12.0540;-0.3193
12.0550;-0.3223
12.0560;-0.3281
12.0570;-0.3311
12.0580;-0.3340
12.0590;-0.3369
12.0600;-0.3369
12.0610;-0.3369
12.0620;-0.3369
12.0630;-0.3369
12.0640;-0.3398
12.0650;-0.3428
12.0660;-0.3457
12.0670;-0.3457
12.0680;-0.3486
12.0690;-0.3457
12.0700;-0.3486
12.0710;-0.3486
12.0720;-0.3486
12.0730;-0.3516
12.0740;-0.3545
12.0750;-0.3574
12.0760;-0.3574
12.0770;-0.3604
12.0780;-0.3633
12.0790;-0.3633
12.0800;-0.3662
12.0810;-0.3662
12.0820;-0.3691
12.0830;-0.3721
12.0840;-0.3721
12.0850;-0.3750
12.0860;-0.3750
12.0870;-0.3779
12.0880;-0.3779
12.0890;-0.3779
12.0900;-0.3809
12.0910;-0.3867
12.0920;-0.3896
12.0930;-0.3955
12.0940;-0.3984
12.0950;-0.3984
12.0960;-0.4014
12.0970;-0.4043
12.0980;-0.4043
12.0990;-0.4072
12.1000;-0.4102
12.1010;-0.4102
12.1020;-0.4102
12.1030;-0.4072
12.1040;-0.4072
12.1050;-0.4043
12.1060;-0.4014
12.1070;-0.4014
12.1080;-0.4014
12.1090;-0.3984
12.1100;-0.3955
12.1110;-0.3926
12.1120;-0.3867
12.1130;-0.3867
12.1140;-0.3809
12.1150;-0.3750
12.1160;-0.3721
12.1170;-0.3691
12.1180;-0.3662
12.1190;-0.3662
12.1200;-0.3604
12.1210;-0.3574
12.1220;-0.3545
12.1230;-0.3516
12.1240;-0.3486
12.1250;-0.3428
12.1260;-0.3428
12.1270;-0.3369
12.1280;-0.3340
12.1290;-0.3311
12.1300;-0.3281
12.1310;-0.3252
12.1320;-0.3193
12.1330;-0.3164
12.1340;-0.3105
12.1350;-0.3047
12.1360;-0.3018
12.1370;-0.2988
12.1380;-0.2930
12.1390;-0.2930
12.1400;-0.2900
12.1410;-0.2871
12.1420;-0.2842
12.1430;-0.2812
12.1440;-0.2725
12.1450;-0.2695
12.1460;-0.2637
12.1470;-0.2607
12.1480;-0.2549
12.1490;-0.2461
12.1500;-0.2432
12.1510;-0.2373
12.1520;-0.2344
12.1530;-0.2314
12.1540;-0.2256
12.1550;-0.2197
12.1560;-0.2168
12.1570;-0.2139
12.1580;-0.2139
12.1590;-0.2109
12.1600;-0.2080
12.1610;-0.2021
12.1620;-0.2021
12.1630;-0.1963
12.1640;-0.1904
12.1650;-0.1875
12.1660;-0.1846
12.1670;-0.1816
12.1680;-0.1787
12.1690;-0.1729
12.1700;-0.1699
12.1710;-0.1670
12.1720;-0.1582
12.1730;-0.1553
12.1740;-0.1523
12.1750;-0.1494
12.1760;-0.1465
12.1770;-0.1406
12.1780;-0.1377
12.1790;-0.1348
12.1800;-0.1318
12.1810;-0.1260
12.1820;-0.1201
12.1830;-0.1172
12.1840;-0.1143
12.1850;-0.1084
12.1860;-0.1084
12.1870;-0.1025
12.1880;-0.0967
12.1890;-0.0908
12.1900;-0.0850
12.1910;-0.0791
12.1920;-0.0732
12.1930;-0.0703
12.1940;-0.0645
12.1950;-0.0586
12.1960;-0.0586
12.1970;-0.0527
12.1980;-0.0469
12.1990;-0.0469
12.2000;-0.0410
12.2010;-0.0352
12.2020;-0.0293
12.2030;-0.0234
12.2040;-0.0205
12.2050;-0.0146
12.2060;-0.0117
12.2070;-0.0059
12.2080;0.0000
12.2090;0.0029
12.2100;0.0059
12.2110;0.0088
12.2120;0.0088
12.2130;0.0146
12.2140;0.0176
12.2150;0.0205
12.2160;0.0264
12.2170;0.0293
12.2180;0.0322
12.2190;0.0352
12.2200;0.0381
12.2210;0.0381
12.2220;0.0410
12.2230;0.0439
12.2240;0.0439
12.2250;0.0469
12.2260;0.0469
12.2270;0.0527
12.2280;0.0557
12.2290;0.0557
12.2300;0.0586
12.2310;0.0615
12.2320;0.0645
12.2330;0.0674
12.2340;0.0674
12.2350;0.0703
12.2360;0.0703
12.2370;0.0703
12.2380;0.0732
12.2390;0.0791
12.2400;0.0791
12.2410;0.0791
12.2420;0.0791
12.2430;0.0820
12.2440;0.0820
12.2450;0.0850
12.2460;0.0879
12.2470;0.0908
12.2480;0.0908
12.2490;0.0908
12.2500;0.0908
12.2510;0.0908
12.2520;0.0908
12.2530;0.0908
12.2540;0.0937
12.2550;0.0967
12.2560;0.0967
12.2570;0.0967
12.2580;0.0967
12.2590;0.0967
12.2600;0.0996
12.2610;0.1025
12.2620;0.1055
12.2630;0.1055
12.2640;0.1055
12.2650;0.1084
12.2660;0.1113
12.2670;0.1113
12.2680;0.1143
12.2690;0.1143
12.2700;0.1172
12.2710;0.1172
12.2720;0.1201
12.2730;0.1260
12.2740;0.1260
12.2750;0.1289
12.2760;0.1289
12.2770;0.1289
12.2780;0.1318
12.2790;0.1318
12.2800;0.1348
12.2810;0.1348
12.2820;0.1348
12.2830;0.1348
12.2840;0.1348
12.2850;0.1348
12.2860;0.1348
12.2870;0.1348
12.2880;0.1348
12.2890;0.1348
12.2900;0.1348
12.2910;0.1348
12.2920;0.1348
12.2930;0.1377
12.2940;0.1406
12.2950;0.1406
12.2960;0.1406
12.2970;0.1406
12.2980;0.1406
12.2990;0.1406
12.3000;0.1436
12.3010;0.1436
12.3020;0.1436
12.3030;0.1436
12.3040;0.1436
12.3050;0.1436
12.3060;0.1436
12.3070;0.1465
12.3080;0.1494
12.3090;0.1494
12.3100;0.1494
12.3110;0.1523
12.3120;0.1523
12.3130;0.1553
12.3140;0.1523
12.3150;0.1523
12.3160;0.1523
12.3170;0.1523
12.3180;0.1523
12.3190;0.1523
12.3200;0.1523
12.3210;0.1494
12.3220;0.1494
12.3230;0.1494
12.3240;0.1494
12.3250;0.1465
12.3260;0.1465
12.3270;0.1494
12.3280;0.1494
12.3290;0.1494
12.3300;0.1523
12.3310;0.1523
12.3320;0.1523
12.3330;0.1523
12.3340;0.1553
12.3350;0.1553
12.3360;0.1523
12.3370;0.1523
12.3380;0.1553
12.3390;0.1553
12.3400;0.1553
12.3410;0.1553
12.3420;0.1582
12.3430;0.1582
12.3440;0.1611
12.3450;0.1611
12.3460;0.1611
12.3470;0.1582
12.3480;0.1582
12.3490;0.1582
12.3500;0.1582
12.3510;0.1611
12.3520;0.1641
12.3530;0.1641
12.3540;0.1641
12.3550;0.1670
12.3560;0.1641
12.3570;0.1641
12.3580;0.1641
12.3590;0.1611
12.3600;0.1611
12.3610;0.1582
12.3620;0.1553
12.3630;0.1523
12.3640;0.1523
12.3650;0.1523
12.3660;0.1523
12.3670;0.1553
12.3680;0.1553
12.3690;0.1582
12.3700;0.1582
12.3710;0.1582
12.3720;0.1582
12.3730;0.1582
12.3740;0.1582
12.3750;0.1553
12.3760;0.1582
12.3770;0.1553
12.3780;0.1553
12.3790;0.1553
12.3800;0.1523
12.3810;0.1523
12.3820;0.1523
12.3830;0.1553
12.3840;0.1582
12.3850;0.1641
12.3860;0.1699
12.3870;0.1758
12.3880;0.1816
12.3890;0.1875
12.3900;0.1963
12.3910;0.1992
12.3920;0.2080
12.3930;0.2109
12.3940;0.2168
12.3950;0.2227
12.3960;0.2256
12.3970;0.2314
12.3980;0.2344
12.3990;0.2373
12.4000;0.2402
12.4010;0.2402
12.4020;0.2402
12.4030;0.2402
12.4040;0.2373
12.4050;0.2314
12.4060;0.2285
12.4070;0.2256
12.4080;0.2256
12.4090;0.2227
12.4100;0.2227
12.4110;0.2285
12.4120;0.2314
12.4130;0.2402
12.4140;0.2578
12.4150;0.2842
12.4160;0.2988
12.4170;0.3105
12.4180;0.3193
12.4190;0.3281
12.4200;0.3369
12.4210;0.3457
12.4220;0.3574
12.4230;0.3662
12.4240;0.3750
12.4250;0.3779
12.4260;0.3779
12.4270;0.3721
12.4280;0.3662
12.4290;0.3633
12.4300;0.3604
12.4310;0.3516
12.4320;0.3398
12.4330;0.3369
12.4340;0.3340
12.4350;0.3311
12.4360;0.3340
12.4370;0.3398
12.4380;0.3398
12.4390;0.3340
12.4400;0.3223
12.4410;0.3076
12.4420;0.2988
12.4430;0.2842
12.4440;0.2695
12.4450;0.2578
12.4460;0.2490
12.4470;0.2373
12.4480;0.2256
12.4490;0.2285
12.4500;0.2314
12.4510;0.2227
12.4520;0.2109
12.4530;0.1992
12.4540;0.1875
12.4550;0.1758
12.4560;0.1641
12.4570;0.1494
12.4580;0.1377
12.4590;0.1230
12.4600;0.1113
12.4610;0.1025
12.4620;0.0967
12.4630;0.0908
12.4640;0.0879
12.4650;0.0791
12.4660;0.0732
12.4670;0.0674
12.4680;0.0586
12.4690;0.0498
12.4700;0.0498
12.4710;0.0498
12.4720;0.0498
12.4730;0.0586
12.4740;0.0674
12.4750;0.0703
12.4760;0.0615
12.4770;0.0557
12.4780;0.0527
12.4790;0.0498
12.4800;0.0469
12.4810;0.0410
12.4820;0.0352
12.4830;0.0352
12.4840;0.0322
12.4850;0.0293
12.4860;0.0264
12.4870;0.0234
12.4880;0.0205
12.4890;0.0205
12.4900;0.0205
12.4910;0.0205
12.4920;0.0205
12.4930;0.0176
12.4940;0.0176
12.4950;0.0117
12.4960;0.0088
12.4970;0.0059
12.4980;0.0029
12.4990;0.0000
12.5000;0.0000
12.5010;0.0000
12.5020;0.0059
12.5030;0.0176
12.5040;0.0322
12.5050;0.0410
12.5060;0.0381
12.5070;0.0352
12.5080;0.0352
12.5090;0.0322
12.5100;0.0322
12.5110;0.0322
12.5120;0.0322
12.5130;0.0264
12.5140;0.0234
12.5150;0.0205
12.5160;0.0176
12.5170;0.0117
12.5180;0.0146
12.5190;0.0146
12.5200;0.0205
12.5210;0.0264
12.5220;0.0410
12.5230;0.0410
12.5240;0.0410
12.5250;0.0410
12.5260;0.0352
12.5270;0.0322
12.5280;0.0293
12.5290;0.0264
12.5300;0.0176
12.5310;0.0029
12.5320;-0.0117
12.5330;-0.0264
12.5340;-0.0381
12.5350;-0.0469
12.5360;-0.0527
12.5370;-0.0586
12.5380;-0.0674
12.5390;-0.0732
12.5400;-0.0791
12.5410;-0.0820
12.5420;-0.0762
12.5430;-0.0674
12.5440;-0.0557
12.5450;-0.0381
12.5460;-0.0088
12.5470;0.0205
12.5480;0.0381
12.5490;0.0615
12.5500;0.0937
12.5510;0.1377
12.5520;0.1846
12.5530;0.2432
12.5540;0.3135
12.5550;0.3926
12.5560;0.4834
12.5570;0.5801
12.5580;0.6709
12.5590;0.7588
12.5600;0.8496
12.5610;0.9434
12.5620;1.0400
12.5630;1.1396
12.5640;1.2393
12.5650;1.3389
12.5660;1.4355
12.5670;1.4941
12.5680;1.4941
12.5690;1.4941
12.5700;1.4941
12.5710;1.4941
12.5720;1.4941
12.5730;1.4941
12.5740;1.4941
12.5750;1.4941
12.5760;1.4941
12.5770;1.4941
12.5780;1.4941
12.5790;1.4941
12.5800;1.4941
12.5810;1.4268
12.5820;1.2773
12.5830;1.1221
12.5840;0.9492
12.5850;0.7676
12.5860;0.5889
12.5870;0.4248
12.5880;0.2754
12.5890;0.1436
12.5900;0.0322
12.5910;-0.0645
12.5920;-0.1436
12.5930;-0.2080
12.5940;-0.2607
12.5950;-0.3047
12.5960;-0.3516
12.5970;-0.3896
12.5980;-0.4219
12.5990;-0.4365
12.6000;-0.4482
12.6010;-0.4512
12.6020;-0.4570
12.6030;-0.4658
12.6040;-0.4717
12.6050;-0.4746
12.6060;-0.4746
12.6070;-0.4688
12.6080;-0.4541
12.6090;-0.4365
12.6100;-0.4307
12.6110;-0.4219
12.6120;-0.4131
12.6130;-0.4014
12.6140;-0.3867
12.6150;-0.3691
12.6160;-0.3545
12.6170;-0.3369
12.6180;-0.3193
12.6190;-0.2988
12.6200;-0.2783
12.6210;-0.2578
12.6220;-0.2373
12.6230;-0.2227
12.6240;-0.2080
12.6250;-0.1934
12.6260;-0.1846
12.6270;-0.1758
12.6280;-0.1670
12.6290;-0.1582
12.6300;-0.1523
12.6310;-0.1465
12.6320;-0.1406
12.6330;-0.1348
12.6340;-0.1289
12.6350;-0.1201
12.6360;-0.1172
12.6370;-0.1113
12.6380;-0.1084
12.6390;-0.1025
12.6400;-0.0996
12.6410;-0.0967
12.6420;-0.0967
12.6430;-0.0937
12.6440;-0.0908
12.6450;-0.0820
12.6460;-0.0791
12.6470;-0.0732
12.6480;-0.0732
12.6490;-0.0645
12.6500;-0.0586
12.6510;-0.0527
12.6520;-0.0498
12.6530;-0.0469
12.6540;-0.0410
12.6550;-0.0381
12.6560;-0.0352
12.6570;-0.0322
12.6580;-0.0293
12.6590;-0.0264
12.6600;-0.0234
12.6610;-0.0205
12.6620;-0.0176
12.6630;-0.0146
12.6640;-0.0117
12.6650;-0.0088
12.6660;-0.0059
12.6670;-0.0029
12.6680;0.0000
12.6690;0.0029
12.6700;0.0088
12.6710;0.0117
12.6720;0.0117
12.6730;0.0146
12.6740;0.0205
12.6750;0.0234
12.6760;0.0293
12.6770;0.0322
12.6780;0.0381
12.6790;0.0410
12.6800;0.0439
12.6810;0.0439
12.6820;0.0439
12.6830;0.0469
12.6840;0.0498
12.6850;0.0498
12.6860;0.0557
12.6870;0.0586
12.6880;0.0645
12.6890;0.0645
12.6900;0.0674
12.6910;0.0703
12.6920;0.0732
12.6930;0.0732
12.6940;0.0762
12.6950;0.0791
12.6960;0.0850
12.6970;0.0879
12.6980;0.0908
12.6990;0.0937
12.7000;0.0967
12.7010;0.0996
12.7020;0.1025
12.7030;0.1055
12.7040;0.1084
12.7050;0.1084
12.7060;0.1113
12.7070;0.1143
12.7080;0.1143
12.7090;0.1172
12.7100;0.1201
12.7110;0.1260
12.7120;0.1318
12.7130;0.1348
12.7140;0.1377
12.7150;0.1406
12.7160;0.1436
12.7170;0.1494
12.7180;0.1553
12.7190;0.1611
12.7200;0.1641
12.7210;0.1699
12.7220;0.1758
12.7230;0.1758
12.7240;0.1787
12.7250;0.1846
12.7260;0.1875
12.7270;0.1934
12.7280;0.1963
12.7290;0.1992
12.7300;0.2051
12.7310;0.2080
12.7320;0.2139
12.7330;0.2197
12.7340;0.2256
12.7350;0.2314
12.7360;0.2344
12.7370;0.2373
12.7380;0.2432
12.7390;0.2461
12.7400;0.2490
12.7410;0.2520
12.7420;0.2578
12.7430;0.2578
12.7440;0.2666
12.7450;0.2695
12.7460;0.2754
12.7470;0.2812
12.7480;0.2842
12.7490;0.2900
12.7500;0.2930
12.7510;0.2988
12.7520;0.3018
12.7530;0.3018
12.7540;0.3105
12.7550;0.3164
12.7560;0.3164
12.7570;0.3164
12.7580;0.3193
12.7590;0.3252
12.7600;0.3281
12.7610;0.3340
12.7620;0.3369
12.7630;0.3369
12.7640;0.3398
12.7650;0.3428
12.7660;0.3428
12.7670;0.3457
12.7680;0.3486
12.7690;0.3516
12.7700;0.3516
12.7710;0.3545
12.7720;0.3545
12.7730;0.3545
12.7740;0.3516
12.7750;0.3516
12.7760;0.3486
12.7770;0.3486
12.7780;0.3486
12.7790;0.3486
12.7800;0.3457
12.7810;0.3428
12.7820;0.3398
12.7830;0.3398
12.7840;0.3398
12.7850;0.3398
12.7860;0.3398
12.7870;0.3369
12.7880;0.3340
12.7890;0.3281
12.7900;0.3252
12.7910;0.3164
12.7920;0.3135
12.7930;0.3076
12.7940;0.3018
12.7950;0.2988
12.7960;0.2900
12.7970;0.2842
12.7980;0.2783
12.7990;0.2695
12.8000;0.2607
12.8010;0.2520
12.8020;0.2402
12.8030;0.2314
12.8040;0.2197
12.8050;0.2080
12.8060;0.1934
12.8070;0.1816
12.8080;0.1670
12.8090;0.1523
12.8100;0.1406
12.8110;0.1260
12.8120;0.1143
12.8130;0.0996
12.8140;0.0879
12.8150;0.0703
12.8160;0.0557
12.8170;0.0439
12.8180;0.0293
12.8190;0.0176
12.8200;0.0029
12.8210;-0.0088
12.8220;-0.0234
12.8230;-0.0381
12.8240;-0.0498
12.8250;-0.0615
12.8260;-0.0732
12.8270;-0.0850
12.8280;-0.0967
12.8290;-0.1055
12.8300;-0.1172
12.8310;-0.1230
12.8320;-0.1377
12.8330;-0.1465
12.8340;-0.1582
12.8350;-0.1670
12.8360;-0.1787
12.8370;-0.1846
12.8380;-0.1904
12.8390;-0.1992
12.8400;-0.2051
12.8410;-0.2109
12.8420;-0.2168
12.8430;-0.2197
12.8440;-0.2256
12.8450;-0.2256
12.8460;-0.2285
12.8470;-0.2344
12.8480;-0.2373
12.8490;-0.2402
12.8500;-0.2432
12.8510;-0.2461
12.8520;-0.2461
12.8530;-0.2432
12.8540;-0.2432
12.8550;-0.2402
12.8560;-0.2461
12.8570;-0.2461
12.8580;-0.2461
12.8590;-0.2461
12.8600;-0.2461
12.8610;-0.2461
12.8620;-0.2461
12.8630;-0.2461
12.8640;-0.2461
12.8650;-0.2461
12.8660;-0.2432
12.8670;-0.2373
12.8680;-0.2373
12.8690;-0.2373
12.8700;-0.2344
12.8710;-0.2344
12.8720;-0.2344
12.8730;-0.2314
12.8740;-0.2285
12.8750;-0.2256
12.8760;-0.2227
12.8770;-0.2168
12.8780;-0.2139
12.8790;-0.2109
12.8800;-0.2109
12.8810;-0.2080
12.8820;-0.2021
12.8830;-0.1992
12.8840;-0.1963
12.8850;-0.1934
12.8860;-0.1904
12.8870;-0.1875
12.8880;-0.1875
12.8890;-0.1816
12.8900;-0.1787
12.8910;-0.1729
12.8920;-0.1670
12.8930;-0.1641
12.8940;-0.1611
12.8950;-0.1553
12.8960;-0.1523
12.8970;-0.1523
12.8980;-0.1465
12.8990;-0.1436
12.9000;-0.1436
12.9010;-0.1406
12.9020;-0.1377
12.9030;-0.1318
12.9040;-0.1260
12.9050;-0.1201
12.9060;-0.1172
12.9070;-0.1113
12.9080;-0.1084
12.9090;-0.1055
12.9100;-0.0996
12.9110;-0.0967
12.9120;-0.0937
12.9130;-0.0908
12.9140;-0.0850
12.9150;-0.0850
12.9160;-0.0820
12.9170;-0.0820
12.9180;-0.0791
12.9190;-0.0762
12.9200;-0.0732
12.9210;-0.0732
12.9220;-0.0703
12.9230;-0.0674
12.9240;-0.0674
12.9250;-0.0615
12.9260;-0.0586
12.9270;-0.0527
12.9280;-0.0527
12.9290;-0.0498
12.9300;-0.0498
12.9310;-0.0469
12.9320;-0.0439
12.9330;-0.0410
12.9340;-0.0381
12.9350;-0.0352
12.9360;-0.0322
12.9370;-0.0293
12.9380;-0.0293
12.9390;-0.0234
12.9400;-0.0234
12.9410;-0.0205
12.9420;-0.0205
12.9430;-0.0176
12.9440;-0.0146
12.9450;-0.0117
12.9460;-0.0117
12.9470;-0.0088
12.9480;-0.0059
12.9490;-0.0059
12.9500;-0.0029
12.9510;-0.0029
12.9520;-0.0029
12.9530;0.0000
12.9540;0.0000
12.9550;0.0000
12.9560;0.0000
12.9570;0.0029
12.9580;0.0029
12.9590;0.0029
12.9600;0.0059
12.9610;0.0088
12.9620;0.0088
12.9630;0.0117
12.9640;0.0146
12.9650;0.0205
12.9660;0.0234
12.9670;0.0234
12.9680;0.0264
12.9690;0.0264
12.9700;0.0293
12.9710;0.0322
12.9720;0.0322
12.9730;0.0352
12.9740;0.0352
12.9750;0.0352
12.9760;0.0410
12.9770;0.0381
12.9780;0.0381
12.9790;0.0381
12.9800;0.0410
12.9810;0.0410
12.9820;0.0410
12.9830;0.0439
12.9840;0.0439
12.9850;0.0439
12.9860;0.0439
12.9870;0.0439
12.9880;0.0439
12.9890;0.0410
12.9900;0.0439
12.9910;0.0439
12.9920;0.0439
12.9930;0.0469
12.9940;0.0469
12.9950;0.0498
12.9960;0.0498
12.9970;0.0557
12.9980;0.0557
12.9990;0.0527
13.0000;0.0527
13.0010;0.0527
13.0020;0.0557
13.0030;0.0557
13.0040;0.0557
13.0050;0.0557
13.0060;0.0557
13.0070;0.0557
13.0080;0.0557
13.0090;0.0527
13.0100;0.0527
13.0110;0.0498
13.0120;0.0498
13.0130;0.0498
13.0140;0.0498
13.0150;0.0469
13.0160;0.0469
13.0170;0.0498
13.0180;0.0498
13.0190;0.0498
13.0200;0.0527
13.0210;0.0557
13.0220;0.0557
13.0230;0.0557
13.0240;0.0586
13.0250;0.0557
13.0260;0.0557
13.0270;0.0557
13.0280;0.0557
13.0290;0.0557
13.0300;0.0557
13.0310;0.0557
13.0320;0.0557
13.0330;0.0586
13.0340;0.0615
13.0350;0.0586
13.0360;0.0615
13.0370;0.0645
13.0380;0.0615
13.0390;0.0615
13.0400;0.0615
13.0410;0.0586
13.0420;0.0557
13.0430;0.0557
13.0440;0.0586
13.0450;0.0586
13.0460;0.0586
13.0470;0.0645
13.0480;0.0645
13.0490;0.0674
13.0500;0.0674
13.0510;0.0645
13.0520;0.0645
13.0530;0.0615
13.0540;0.0645
13.0550;0.0645
13.0560;0.0674
13.0570;0.0703
13.0580;0.0732
13.0590;0.0732
13.0600;0.0732
13.0610;0.0762
13.0620;0.0762
13.0630;0.0762
13.0640;0.0762
13.0650;0.0762
13.0660;0.0762
13.0670;0.0762
13.0680;0.0732
13.0690;0.0703
13.0700;0.0732
13.0710;0.0732
13.0720;0.0732
13.0730;0.0732
13.0740;0.0732
13.0750;0.0732
13.0760;0.0703
13.0770;0.0732
13.0780;0.0732
13.0790;0.0703
13.0800;0.0732
13.0810;0.0732
13.0820;0.0703
13.0830;0.0732
13.0840;0.0732
13.0850;0.0762
13.0860;0.0762
13.0870;0.0791
13.0880;0.0791
13.0890;0.0791
13.0900;0.0820
13.0910;0.0850
13.0920;0.0850
13.0930;0.0879
13.0940;0.0879
13.0950;0.0908
13.0960;0.0908
13.0970;0.0908
13.0980;0.0908
13.0990;0.0908
13.1000;0.0908
13.1010;0.0908
13.1020;0.0908
13.1030;0.0908
13.1040;0.0937
13.1050;0.0937
13.1060;0.0937
13.1070;0.0967
13.1080;0.0967
13.1090;0.0967
13.1100;0.0967
13.1110;0.0967
13.1120;0.0967
13.1130;0.0967
13.1140;0.0937
13.1150;0.0937
13.1160;0.0937
13.1170;0.0967
13.1180;0.0967
13.1190;0.0937
13.1200;0.0937
13.1210;0.0937
13.1220;0.0937
13.1230;0.0937
13.1240;0.0967
13.1250;0.0967
13.1260;0.0967
13.1270;0.0996
13.1280;0.1025
13.1290;0.1025
13.1300;0.1025
13.1310;0.1025
13.1320;0.1025
13.1330;0.1025
13.1340;0.1025
13.1350;0.1025
13.1360;0.1025
13.1370;0.1055
13.1380;0.1084
13.1390;0.1113
13.1400;0.1113
13.1410;0.1113
13.1420;0.1113
13.1430;0.1084
13.1440;0.1084
13.1450;0.1084
13.1460;0.1084
13.1470;0.1084
13.1480;0.1113
13.1490;0.1113
13.1500;0.1113
13.1510;0.1113
13.1520;0.1113
13.1530;0.1113
13.1540;0.1143
13.1550;0.1113
13.1560;0.1113
13.1570;0.1113
13.1580;0.1113
13.1590;0.1084
13.1600;0.1084
13.1610;0.1084
13.1620;0.1084
13.1630;0.1084
13.1640;0.1084
13.1650;0.1113
13.1660;0.1113
13.1670;0.1113
13.1680;0.1143
13.1690;0.1143
13.1700;0.1113
13.1710;0.1113
13.1720;0.1143
13.1730;0.1143
13.1740;0.1143
13.1750;0.1172
13.1760;0.1143
13.1770;0.1143
13.1780;0.1143
13.1790;0.1172
13.1800;0.1201
13.1810;0.1260
13.1820;0.1289
13.1830;0.1348
13.1840;0.1436
13.1850;0.1494
13.1860;0.1582
13.1870;0.1641
13.1880;0.1699
13.1890;0.1758
13.1900;0.1816
13.1910;0.1846
13.1920;0.1904
13.1930;0.1963
13.1940;0.1992
13.1950;0.2051
13.1960;0.2051
13.1970;0.2080
13.1980;0.2080
13.1990;0.2051
13.2000;0.1992
13.2010;0.1992
13.2020;0.1963
13.2030;0.1934
13.2040;0.1904
13.2050;0.1904
13.2060;0.1963
13.2070;0.1992
13.2080;0.2051
13.2090;0.2109
13.2100;0.2168
13.2110;0.2285
13.2120;0.2402
13.2130;0.2578
13.2140;0.2725
13.2150;0.2842
13.2160;0.2988
13.2170;0.3105
13.2180;0.3223
13.2190;0.3311
13.2200;0.3398
13.2210;0.3428
13.2220;0.3457
13.2230;0.3428
13.2240;0.3428
13.2250;0.3398
13.2260;0.3340
13.2270;0.3281
13.2280;0.3223
13.2290;0.3193
13.2300;0.3105
13.2310;0.3018
13.2320;0.2988
13.2330;0.2900
13.2340;0.2871
13.2350;0.2812
13.2360;0.2725
13.2370;0.2666
13.2380;0.2578
13.2390;0.2461
13.2400;0.2373
13.2410;0.2285
13.2420;0.2168
13.2430;0.2051
13.2440;0.1963
13.2450;0.1875
13.2460;0.1787
13.2470;0.1670
13.2480;0.1582
13.2490;0.1494
13.2500;0.1377
13.2510;0.1289
13.2520;0.1172
13.2530;0.1055
13.2540;0.0967
13.2550;0.0820
13.2560;0.0732
13.2570;0.0703
13.2580;0.0645
13.2590;0.0586
13.2600;0.0557
13.2610;0.0498
13.2620;0.0469
13.2630;0.0381
13.2640;0.0352
13.2650;0.0264
13.2660;0.0234
13.2670;0.0205
13.2680;0.0176
13.2690;0.0117
13.2700;0.0088
13.2710;0.0059
13.2720;0.0029
13.2730;0.0000
13.2740;0.0000
13.2750;-0.0029
13.2760;-0.0029
13.2770;-0.0029
13.2780;-0.0029
13.2790;-0.0059
13.2800;-0.0088
13.2810;-0.0117
13.2820;-0.0146
13.2830;-0.0146
13.2840;-0.0117
13.2850;-0.0146
13.2860;-0.0117
13.2870;-0.0117
13.2880;-0.0117
13.2890;-0.0146
13.2900;-0.0146
13.2910;-0.0117
13.2920;-0.0117
13.2930;-0.0146
13.2940;-0.0146
13.2950;-0.0146
13.2960;-0.0146
13.2970;-0.0146
13.2980;-0.0146
13.2990;-0.0146
13.3000;-0.0176
13.3010;-0.0146
13.3020;-0.0146
13.3030;-0.0146
13.3040;-0.0117
13.3050;-0.0117
13.3060;-0.0117
13.3070;-0.0088
13.3080;-0.0059
13.3090;-0.0059
13.3100;-0.0059
13.3110;-0.0059
13.3120;-0.0088
13.3130;-0.0088
13.3140;-0.0059
13.3150;-0.0059
13.3160;-0.0059
13.3170;-0.0059
13.3180;-0.0029
13.3190;-0.0029
13.3200;0.0000
13.3210;0.0000
13.3220;0.0000
13.3230;0.0000
13.3240;0.0000
13.3250;-0.0029
13.3260;-0.0117
13.3270;-0.0234
13.3280;-0.0381
13.3290;-0.0527
13.3300;-0.0732
13.3310;-0.0850
13.3320;-0.0937
13.3330;-0.1025
13.3340;-0.1084
13.3350;-0.1143
13.3360;-0.1172
13.3370;-0.1172
13.3380;-0.1172
13.3390;-0.1113
13.3400;-0.1025
13.3410;-0.0937
13.3420;-0.0820
13.3430;-0.0674
13.3440;-0.0469
13.3450;-0.0264
13.3460;0.0000
13.3470;0.0352
13.3480;0.0791
13.3490;0.1318
13.3500;0.1934
13.3510;0.2666
13.3520;0.3486
13.3530;0.4365
13.3540;0.5273
13.3550;0.6152
13.3560;0.7031
13.3570;0.7939
13.3580;0.8877
13.3590;0.9844
13.3600;1.0840
13.3610;1.1865
13.3620;1.2891
13.3630;1.3945
13.3640;1.4824
13.3650;1.4941
13.3660;1.4941
13.3670;1.4941
13.3680;1.4941
13.3690;1.4941
13.3700;1.4941
13.3710;1.4941
13.3720;1.4941
13.3730;1.4941
13.3740;1.4941
13.3750;1.4941
13.3760;1.4941
13.3770;1.4561
13.3780;1.3154
13.3790;1.1719
13.3800;1.0166
13.3810;0.8467
13.3820;0.6680
13.3830;0.4980
13.3840;0.3428
13.3850;0.2051
13.3860;0.0820
13.3870;-0.0234
13.3880;-0.1113
13.3890;-0.1816
13.3900;-0.2344
13.3910;-0.2812
13.3920;-0.3252
13.3930;-0.3633
13.3940;-0.3984
13.3950;-0.4307
13.3960;-0.4600
13.3970;-0.4775
13.3980;-0.4922
13.3990;-0.4980
13.4000;-0.5039
13.4010;-0.5068
13.4020;-0.5127
13.4030;-0.5156
13.4040;-0.5127
13.4050;-0.5068
13.4060;-0.5039
13.4070;-0.4922
13.4080;-0.4834
13.4090;-0.4717
13.4100;-0.4600
13.4110;-0.4482
13.4120;-0.4277
13.4130;-0.4102
13.4140;-0.3867
13.4150;-0.3662
13.4160;-0.3457
13.4170;-0.3252
13.4180;-0.3018
13.4190;-0.2812
13.4200;-0.2637
13.4210;-0.2461
13.4220;-0.2314
13.4230;-0.2168
13.4240;-0.2051
13.4250;-0.1963
13.4260;-0.1904
13.4270;-0.1846
13.4280;-0.1787
13.4290;-0.1729
13.4300;-0.1670
13.4310;-0.1641
13.4320;-0.1582
13.4330;-0.1523
13.4340;-0.1436
13.4350;-0.1377
13.4360;-0.1348
13.4370;-0.1318
13.4380;-0.1260
13.4390;-0.1230
13.4400;-0.1172
13.4410;-0.1143
13.4420;-0.1113
13.4430;-0.1084
13.4440;-0.1025
13.4450;-0.0996
13.4460;-0.0967
13.4470;-0.0937
13.4480;-0.0937
13.4490;-0.0908
13.4500;-0.0879
13.4510;-0.0850
13.4520;-0.0850
13.4530;-0.0820
13.4540;-0.0791
13.4550;-0.0732
13.4560;-0.0732
13.4570;-0.0703
13.4580;-0.0645
13.4590;-0.0615
13.4600;-0.0586
13.4610;-0.0527
13.4620;-0.0469
13.4630;-0.0439
13.4640;-0.0381
13.4650;-0.0352
13.4660;-0.0322
13.4670;-0.0293
13.4680;-0.0264
13.4690;-0.0234
13.4700;-0.0205
13.4710;-0.0176
13.4720;-0.0146
13.4730;-0.0117
13.4740;-0.0088
13.4750;-0.0059
13.4760;-0.0029
13.4770;0.0000
13.4780;0.0000
13.4790;0.0029
13.4800;0.0059
13.4810;0.0059
13.4820;0.0088
13.4830;0.0117
13.4840;0.0146
13.4850;0.0176
13.4860;0.0205
13.4870;0.0205
13.4880;0.0264
13.4890;0.0293
13.4900;0.0322
13.4910;0.0352
13.4920;0.0381
13.4930;0.0439
13.4940;0.0469
13.4950;0.0498
13.4960;0.0557
13.4970;0.0586
13.4980;0.0615
13.4990;0.0645
13.5000;0.0674
13.5010;0.0703
13.5020;0.0703
13.5030;0.0732
13.5040;0.0762
13.5050;0.0791
13.5060;0.0820
13.5070;0.0850
13.5080;0.0879
13.5090;0.0908
13.5100;0.0967
13.5110;0.0996
13.5120;0.1025
13.5130;0.1055
13.5140;0.1113
13.5150;0.1113
13.5160;0.1143
13.5170;0.1143
13.5180;0.1172
13.5190;0.1201
13.5200;0.1230
13.5210;0.1260
13.5220;0.1289
13.5230;0.1318
13.5240;0.1377
13.5250;0.1406
13.5260;0.1436
13.5270;0.1465
13.5280;0.1494
13.5290;0.1523
13.5300;0.1582
13.5310;0.1641
13.5320;0.1699
13.5330;0.1729
13.5340;0.1758
13.5350;0.1816
13.5360;0.1846
13.5370;0.1904
13.5380;0.1934
13.5390;0.1963
13.5400;0.2051
13.5410;0.2080
13.5420;0.2139
13.5430;0.2168
13.5440;0.2197
13.5450;0.2227
13.5460;0.2285
13.5470;0.2344
13.5480;0.2402
13.5490;0.2432
13.5500;0.2461
13.5510;0.2520
13.5520;0.2549
13.5530;0.2578
13.5540;0.2607
13.5550;0.2666
13.5560;0.2695
13.5570;0.2725
13.5580;0.2783
13.5590;0.2812
13.5600;0.2812
13.5610;0.2812
13.5620;0.2842
13.5630;0.2871
13.5640;0.2900
13.5650;0.2900
13.5660;0.2900
13.5670;0.2900
13.5680;0.2900
13.5690;0.2900
13.5700;0.2900
13.5710;0.2900
13.5720;0.2900
13.5730;0.2900
13.5740;0.2871
13.5750;0.2871
13.5760;0.2842
13.5770;0.2842
13.5780;0.2842
13.5790;0.2842
13.5800;0.2842
13.5810;0.2812
13.5820;0.2783
13.5830;0.2754
13.5840;0.2725
13.5850;0.2725
13.5860;0.2695
13.5870;0.2666
13.5880;0.2637
13.5890;0.2607
13.5900;0.2549
13.5910;0.2490
13.5920;0.2402
13.5930;0.2314
13.5940;0.2256
13.5950;0.2168
13.5960;0.2080
13.5970;0.1992
13.5980;0.1875
13.5990;0.1787
13.6000;0.1670
13.6010;0.1553
13.6020;0.1436
13.6030;0.1318
13.6040;0.1201
13.6050;0.1055
13.6060;0.0937
13.6070;0.0791
13.6080;0.0674
13.6090;0.0557
13.6100;0.0439
13.6110;0.0322
13.6120;0.0176
13.6130;0.0029
13.6140;-0.0117
13.6150;-0.0234
13.6160;-0.0381
13.6170;-0.0527
13.6180;-0.0645
13.6190;-0.0762
13.6200;-0.0879
13.6210;-0.1025
13.6220;-0.1143
13.6230;-0.1289
13.6240;-0.1406
13.6250;-0.1523
13.6260;-0.1670
13.6270;-0.1758
13.6280;-0.1875
13.6290;-0.1963
13.6300;-0.2080
13.6310;-0.2168
13.6320;-0.2256
13.6330;-0.2314
13.6340;-0.2402
13.6350;-0.2490
13.6360;-0.2549
13.6370;-0.2607
13.6380;-0.2695
13.6390;-0.2725
13.6400;-0.2812
13.6410;-0.2842
13.6420;-0.2871
13.6430;-0.2930
13.6440;-0.2959
13.6450;-0.2988
13.6460;-0.3018
13.6470;-0.3047
13.6480;-0.3047
13.6490;-0.3047
13.6500;-0.3047
13.6510;-0.3076
13.6520;-0.3105
13.6530;-0.3105
13.6540;-0.3135
13.6550;-0.3164
13.6560;-0.3164
13.6570;-0.3164
13.6580;-0.3193
13.6590;-0.3164
13.6600;-0.3164
13.6610;-0.3105
13.6620;-0.3105
13.6630;-0.3105
13.6640;-0.3076
13.6650;-0.3047
13.6660;-0.3018
13.6670;-0.3018
13.6680;-0.2988
13.6690;-0.2959
13.6700;-0.2930
13.6710;-0.2900
13.6720;-0.2871
13.6730;-0.2842
13.6740;-0.2812
13.6750;-0.2812
13.6760;-0.2783
13.6770;-0.2783
13.6780;-0.2754
13.6790;-0.2725
13.6800;-0.2725
13.6810;-0.2695
13.6820;-0.2666
13.6830;-0.2607
13.6840;-0.2578
13.6850;-0.2520
13.6860;-0.2490
13.6870;-0.2461
13.6880;-0.2402
13.6890;-0.2402
13.6900;-0.2344
13.6910;-0.2314
13.6920;-0.2285
13.6930;-0.2256
13.6940;-0.2227
13.6950;-0.2197
13.6960;-0.2168
13.6970;-0.2139
13.6980;-0.2109
13.6990;-0.2080
13.7000;-0.2051
13.7010;-0.2021
13.7020;-0.1992
13.7030;-0.1934
13.7040;-0.1875
13.7050;-0.1846
13.7060;-0.1816
13.7070;-0.1816
13.7080;-0.1787
13.7090;-0.1758
13.7100;-0.1699
13.7110;-0.1670
13.7120;-0.1641
13.7130;-0.1641
13.7140;-0.1582
13.7150;-0.1553
13.7160;-0.1523
13.7170;-0.1523
13.7180;-0.1465
13.7190;-0.1436
13.7200;-0.1436
13.7210;-0.1406
13.7220;-0.1377
13.7230;-0.1348
13.7240;-0.1318
13.7250;-0.1289
13.7260;-0.1289
13.7270;-0.1260
13.7280;-0.1230
13.7290;-0.1201
13.7300;-0.1201
13.7310;-0.1172
13.7320;-0.1172
13.7330;-0.1143
13.7340;-0.1143
13.7350;-0.1084
13.7360;-0.1084
13.7370;-0.1055
13.7380;-0.1025
13.7390;-0.0996
13.7400;-0.0996
13.7410;-0.0967
13.7420;-0.0937
13.7430;-0.0908
13.7440;-0.0908
13.7450;-0.0879
13.7460;-0.0850
13.7470;-0.0850
13.7480;-0.0850
13.7490;-0.0850
13.7500;-0.0820
13.7510;-0.0820
13.7520;-0.0820
13.7530;-0.0820
13.7540;-0.0820
13.7550;-0.0820
13.7560;-0.0791
13.7570;-0.0762
13.7580;-0.0762
13.7590;-0.0732
13.7600;-0.0703
13.7610;-0.0703
13.7620;-0.0674
13.7630;-0.0645
13.7640;-0.0645
13.7650;-0.0615
13.7660;-0.0615
13.7670;-0.0586
13.7680;-0.0586
13.7690;-0.0557
13.7700;-0.0527
13.7710;-0.0557
13.7720;-0.0557
13.7730;-0.0557
13.7740;-0.0557
13.7750;-0.0557
13.7760;-0.0557
13.7770;-0.0557
13.7780;-0.0557
13.7790;-0.0527
13.7800;-0.0557
13.7810;-0.0557
13.7820;-0.0527
13.7830;-0.0527
13.7840;-0.0527
13.7850;-0.0527
13.7860;-0.0498
13.7870;-0.0527
13.7880;-0.0498
13.7890;-0.0469
13.7900;-0.0469
13.7910;-0.0469
13.7920;-0.0498
13.7930;-0.0469
13.7940;-0.0469
13.7950;-0.0439
13.7960;-0.0439
13.7970;-0.0439
13.7980;-0.0439
13.7990;-0.0439
13.8000;-0.0439
13.8010;-0.0439
13.8020;-0.0469
13.8030;-0.0469
13.8040;-0.0498
13.8050;-0.0469
13.8060;-0.0439
13.8070;-0.0439
13.8080;-0.0469
13.8090;-0.0469
13.8100;-0.0469
13.8110;-0.0469
13.8120;-0.0439
13.8130;-0.0469
13.8140;-0.0469
13.8150;-0.0439
13.8160;-0.0439
13.8170;-0.0439
13.8180;-0.0439
13.8190;-0.0439
13.8200;-0.0410
13.8210;-0.0439
13.8220;-0.0439
13.8230;-0.0439
13.8240;-0.0439
13.8250;-0.0439
13.8260;-0.0410
13.8270;-0.0439
13.8280;-0.0469
13.8290;-0.0469
13.8300;-0.0439
13.8310;-0.0469
13.8320;-0.0469
13.8330;-0.0439
13.8340;-0.0410
13.8350;-0.0381
13.8360;-0.0381
13.8370;-0.0410
13.8380;-0.0410
13.8390;-0.0410
13.8400;-0.0410
13.8410;-0.0381
13.8420;-0.0352
13.8430;-0.0322
13.8440;-0.0322
13.8450;-0.0293
13.8460;-0.0293
13.8470;-0.0264
13.8480;-0.0264
13.8490;-0.0264
13.8500;-0.0264
13.8510;-0.0234
13.8520;-0.0234
13.8530;-0.0264
13.8540;-0.0264
13.8550;-0.0234
13.8560;-0.0234
13.8570;-0.0234
13.8580;-0.0234
13.8590;-0.0234
13.8600;-0.0234
13.8610;-0.0234
13.8620;-0.0234
13.8630;-0.0234
13.8640;-0.0234
13.8650;-0.0264
13.8660;-0.0264
13.8670;-0.0264
13.8680;-0.0264
13.8690;-0.0234
13.8700;-0.0205
13.8710;-0.0205
13.8720;-0.0176
13.8730;-0.0146
13.8740;-0.0146
13.8750;-0.0117
13.8760;-0.0117
13.8770;-0.0117
13.8780;-0.0146
13.8790;-0.0146
13.8800;-0.0205
13.8810;-0.0176
13.8820;-0.0176
13.8830;-0.0176
13.8840;-0.0205
13.8850;-0.0205
13.8860;-0.0205
13.8870;-0.0234
13.8880;-0.0234
13.8890;-0.0234
13.8900;-0.0264
13.8910;-0.0264
13.8920;-0.0264
13.8930;-0.0264
13.8940;-0.0264
13.8950;-0.0234
13.8960;-0.0234
13.8970;-0.0234
13.8980;-0.0234
13.8990;-0.0205
13.9000;-0.0176
13.9010;-0.0146
13.9020;-0.0146
13.9030;-0.0146
13.9040;-0.0146
13.9050;-0.0146
13.9060;-0.0146
13.9070;-0.0146
13.9080;-0.0146
13.9090;-0.0146
13.9100;-0.0146
13.9110;-0.0117
13.9120;-0.0117
13.9130;-0.0146
13.9140;-0.0146
13.9150;-0.0146
13.9160;-0.0117
13.9170;-0.0117
13.9180;-0.0117
13.9190;-0.0117
13.9200;-0.0117
13.9210;-0.0117
13.9220;-0.0146
13.9230;-0.0146
13.9240;-0.0117
13.9250;-0.0117
13.9260;-0.0117
13.9270;-0.0088
13.9280;-0.0088
13.9290;-0.0059
13.9300;-0.0088
13.9310;-0.0088
13.9320;-0.0117
13.9330;-0.0146
13.9340;-0.0146
13.9350;-0.0146
13.9360;-0.0146
13.9370;-0.0117
13.9380;-0.0088
13.9390;-0.0059
13.9400;-0.0059
13.9410;-0.0059
13.9420;-0.0088
13.9430;-0.0059
13.9440;-0.0059
13.9450;-0.0088
13.9460;-0.0088
13.9470;-0.0059
13.9480;-0.0059
13.9490;-0.0059
13.9500;-0.0059
13.9510;-0.0029
13.9520;-0.0029
13.9530;-0.0029
13.9540;-0.0029
13.9550;0.0000
13.9560;0.0029
13.9570;0.0029
13.9580;0.0029
13.9590;0.0059
13.9600;0.0029
13.9610;0.0029
13.9620;0.0029
13.9630;0.0029
13.9640;0.0029
13.9650;0.0029
13.9660;0.0000
13.9670;0.0000
13.9680;0.0029
13.9690;0.0029
13.9700;0.0000
13.9710;0.0000
13.9720;0.0000
13.9730;0.0000
13.9740;0.0000
13.9750;0.0000
13.9760;0.0000
13.9770;0.0000
13.9780;0.0000
13.9790;0.0000
13.9800;0.0000
13.9810;0.0000
13.9820;0.0000
13.9830;-0.0029
13.9840;-0.0029
13.9850;0.0000
13.9860;0.0000
13.9870;0.0000
13.9880;0.0029
13.9890;0.0059
13.9900;0.0088
13.9910;0.0088
13.9920;0.0117
13.9930;0.0205
13.9940;0.0234
13.9950;0.0322
13.9960;0.0352
13.9970;0.0439
13.9980;0.0498
13.9990;0.0557
14.0000;0.0615
14.0010;0.0645
14.0020;0.0703
14.0030;0.0791
14.0040;0.0820
14.0050;0.0879
14.0060;0.0908
14.0070;0.0908
14.0080;0.0908
14.0090;0.0908
14.0100;0.0879
14.0110;0.0850
14.0120;0.0820
14.0130;0.0762
14.0140;0.0732
14.0150;0.0703
14.0160;0.0703
14.0170;0.0703
14.0180;0.0732
14.0190;0.0791
14.0200;0.0820
14.0210;0.0908
14.0220;0.0937
14.0230;0.1025
14.0240;0.1201
14.0250;0.1348
14.0260;0.1436
14.0270;0.1582
14.0280;0.1670
14.0290;0.1787
14.0300;0.1904
14.0310;0.1992
14.0320;0.2080
14.0330;0.2109
14.0340;0.2139
14.0350;0.2168
14.0360;0.2139
14.0370;0.2139
14.0380;0.2080
14.0390;0.2051
14.0400;0.1992
14.0410;0.1934
14.0420;0.1904
14.0430;0.1846
14.0440;0.1787
14.0450;0.1699
14.0460;0.1670
14.0470;0.1641
14.0480;0.1582
14.0490;0.1494
14.0500;0.1406
14.0510;0.1318
14.0520;0.1172
14.0530;0.1055
14.0540;0.0967
14.0550;0.0850
14.0560;0.0703
14.0570;0.0645
14.0580;0.0557
14.0590;0.0498
14.0600;0.0410
14.0610;0.0293
14.0620;0.0176
14.0630;0.0029
14.0640;-0.0117
14.0650;-0.0205
14.0660;-0.0293
14.0670;-0.0381
14.0680;-0.0498
14.0690;-0.0527
14.0700;-0.0557
14.0710;-0.0586
14.0720;-0.0615
14.0730;-0.0645
14.0740;-0.0674
14.0750;-0.0732
14.0760;-0.0762
14.0770;-0.0791
14.0780;-0.0820
14.0790;-0.0850
14.0800;-0.0850
14.0810;-0.0908
14.0820;-0.0937
14.0830;-0.0967
14.0840;-0.0996
14.0850;-0.1025
14.0860;-0.1055
14.0870;-0.1055
14.0880;-0.1055
14.0890;-0.1113
14.0900;-0.1113
14.0910;-0.1143
14.0920;-0.1172
14.0930;-0.1172
14.0940;-0.1143
14.0950;-0.1172
14.0960;-0.1143
14.0970;-0.1172
14.0980;-0.1172
14.0990;-0.1172
14.1000;-0.1172
14.1010;-0.1143
14.1020;-0.1143
14.1030;-0.1113
14.1040;-0.1084
14.1050;-0.1055
14.1060;-0.1055
14.1070;-0.1025
14.1080;-0.1025
14.1090;-0.1055
14.1100;-0.1055
14.1110;-0.1055
14.1120;-0.1025
14.1130;-0.1025
14.1140;-0.1055
14.1150;-0.1025
14.1160;-0.1025
14.1170;-0.0996
14.1180;-0.0996
14.1190;-0.0996
14.1200;-0.1025
14.1210;-0.1055
14.1220;-0.1055
14.1230;-0.1055
14.1240;-0.1055
14.1250;-0.1055
14.1260;-0.1055
14.1270;-0.1055
14.1280;-0.1084
14.1290;-0.1055
14.1300;-0.1055
14.1310;-0.1084
14.1320;-0.1113
14.1330;-0.1055
14.1340;-0.1055
14.1350;-0.1084
14.1360;-0.1143
14.1370;-0.1172
14.1380;-0.1289
14.1390;-0.1406
14.1400;-0.1553
14.1410;-0.1758
14.1420;-0.1875
14.1430;-0.2021
14.1440;-0.2109
14.1450;-0.2168
14.1460;-0.2227
14.1470;-0.2227
14.1480;-0.2227
14.1490;-0.2227
14.1500;-0.2168
14.1510;-0.2080
14.1520;-0.1934
14.1530;-0.1816
14.1540;-0.1641
14.1550;-0.1465
14.1560;-0.1230
14.1570;-0.0908
14.1580;-0.0586
14.1590;-0.0205
14.1600;0.0264
14.1610;0.0762
14.1620;0.1406
14.1630;0.2168
14.1640;0.2988
14.1650;0.3896
14.1660;0.4775
14.1670;0.5625
14.1680;0.6504
14.1690;0.7412
14.1700;0.8379
14.1710;0.9375
14.1720;1.0371
14.1730;1.1426
14.1740;1.2451
14.1750;1.3477
14.1760;1.4443
14.1770;1.4941
14.1780;1.4941
14.1790;1.4941
14.1800;1.4941
14.1810;1.4941
14.1820;1.4941
14.1830;1.4941
14.1840;1.4941
14.1850;1.4941
14.1860;1.4941
14.1870;1.4941
14.1880;1.3945
14.1890;1.2627
14.1900;1.1250
14.1910;0.9756
14.1920;0.8115
14.1930;0.6387
14.1940;0.4658
14.1950;0.3047
14.1960;0.1641
14.1970;0.0352
14.1980;-0.0762
14.1990;-0.1670
14.2000;-0.2402
14.2010;-0.3018
14.2020;-0.3516
14.2030;-0.3955
14.2040;-0.4365
14.2050;-0.4688
14.2060;-0.4951
14.2070;-0.5215
14.2080;-0.5508
14.2090;-0.5684
14.2100;-0.5859
14.2110;-0.5918
14.2120;-0.5947
14.2130;-0.5918
14.2140;-0.5947
14.2150;-0.5918
14.2160;-0.5889
14.2170;-0.5830
14.2180;-0.5771
14.2190;-0.5684
14.2200;-0.5596
14.2210;-0.5508
14.2220;-0.5420
14.2230;-0.5332
14.2240;-0.5156
14.2250;-0.4951
14.2260;-0.4775
14.2270;-0.4570
14.2280;-0.4336
14.2290;-0.4131
14.2300;-0.3926
14.2310;-0.3721
14.2320;-0.3486
14.2330;-0.3311
14.2340;-0.3135
14.2350;-0.2959
14.2360;-0.2842
14.2370;-0.2725
14.2380;-0.2607
14.2390;-0.2549
14.2400;-0.2461
14.2410;-0.2402
14.2420;-0.2373
14.2430;-0.2344
14.2440;-0.2285
14.2450;-0.2168
14.2460;-0.2168
14.2470;-0.2109
14.2480;-0.2051
14.2490;-0.2080
14.2500;-0.2051
14.2510;-0.1963
14.2520;-0.1904
14.2530;-0.1846
14.2540;-0.1816
14.2550;-0.1787
14.2560;-0.1729
14.2570;-0.1699
14.2580;-0.1670
14.2590;-0.1611
14.2600;-0.1582
14.2610;-0.1553
14.2620;-0.1523
14.2630;-0.1494
14.2640;-0.1465
14.2650;-0.1406
14.2660;-0.1348
14.2670;-0.1289
14.2680;-0.1260
14.2690;-0.1201
14.2700;-0.1172
14.2710;-0.1143
14.2720;-0.1084
14.2730;-0.1055
14.2740;-0.1025
14.2750;-0.1055
14.2760;-0.1055
14.2770;-0.0996
14.2780;-0.0937
14.2790;-0.0879
14.2800;-0.0850
14.2810;-0.0850
14.2820;-0.0820
14.2830;-0.0762
14.2840;-0.0732
14.2850;-0.0732
14.2860;-0.0703
14.2870;-0.0674
14.2880;-0.0615
14.2890;-0.0586
14.2900;-0.0557
14.2910;-0.0527
14.2920;-0.0498
14.2930;-0.0469
14.2940;-0.0469
14.2950;-0.0439
14.2960;-0.0410
14.2970;-0.0439
14.2980;-0.0381
14.2990;-0.0322
14.3000;-0.0264
14.3010;-0.0264
14.3020;-0.0234
14.3030;-0.0205
14.3040;-0.0205
14.3050;-0.0146
14.3060;-0.0117
14.3070;-0.0117
14.3080;-0.0088
14.3090;-0.0059
14.3100;-0.0029
14.3110;-0.0029
14.3120;0.0029
14.3130;0.0059
14.3140;0.0088
14.3150;0.0088
14.3160;0.0117
14.3170;0.0117
14.3180;0.0146
14.3190;0.0205
14.3200;0.0264
14.3210;0.0293
14.3220;0.0352
14.3230;0.0381
14.3240;0.0381
14.3250;0.0410
14.3260;0.0469
14.3270;0.0469
14.3280;0.0527
14.3290;0.0586
14.3300;0.0645
14.3310;0.0674
14.3320;0.0703
14.3330;0.0762
14.3340;0.0791
14.3350;0.0850
14.3360;0.0879
14.3370;0.0908
14.3380;0.0908
14.3390;0.0967
14.3400;0.1025
14.3410;0.1055
14.3420;0.1084
14.3430;0.1143
14.3440;0.1172
14.3450;0.1230
14.3460;0.1260
14.3470;0.1318
14.3480;0.1406
14.3490;0.1436
14.3500;0.1465
14.3510;0.1494
14.3520;0.1553
14.3530;0.1611
14.3540;0.1641
14.3550;0.1729
14.3560;0.1758
14.3570;0.1787
14.3580;0.1816
14.3590;0.1846
14.3600;0.1875
14.3610;0.1934
14.3620;0.1992
14.3630;0.2051
14.3640;0.2080
14.3650;0.2051
14.3660;0.2109
14.3670;0.2109
14.3680;0.2197
14.3690;0.2227
14.3700;0.2227
14.3710;0.2227
14.3720;0.2256
14.3730;0.2285
14.3740;0.2285
14.3750;0.2314
14.3760;0.2314
14.3770;0.2285
14.3780;0.2314
14.3790;0.2344
14.3800;0.2344
14.3810;0.2373
14.3820;0.2344
14.3830;0.2373
14.3840;0.2373
14.3850;0.2373
14.3860;0.2373
14.3870;0.2402
14.3880;0.2402
14.3890;0.2402
14.3900;0.2373
14.3910;0.2402
14.3920;0.2373
14.3930;0.2373
14.3940;0.2344
14.3950;0.2314
14.3960;0.2285
14.3970;0.2227
14.3980;0.2168
14.3990;0.2080
14.4000;0.2021
14.4010;0.1934
14.4020;0.1875
14.4030;0.1816
14.4040;0.1758
14.4050;0.1699
14.4060;0.1611
14.4070;0.1494
14.4080;0.1377
14.4090;0.1318
14.4100;0.1230
14.4110;0.1143
14.4120;0.1025
14.4130;0.0908
14.4140;0.0791
14.4150;0.0674
14.4160;0.0557
14.4170;0.0439
14.4180;0.0322
14.4190;0.0205
14.4200;0.0059
14.4210;-0.0029
14.4220;-0.0176
14.4230;-0.0322
14.4240;-0.0439
14.4250;-0.0586
14.4260;-0.0732
14.4270;-0.0879
14.4280;-0.1025
14.4290;-0.1172
14.4300;-0.1318
14.4310;-0.1465
14.4320;-0.1582
14.4330;-0.1729
14.4340;-0.1846
14.4350;-0.1963
14.4360;-0.2080
14.4370;-0.2197
14.4380;-0.2285
14.4390;-0.2402
14.4400;-0.2520
14.4410;-0.2607
14.4420;-0.2695
14.4430;-0.2783
14.4440;-0.2842
14.4450;-0.2900
14.4460;-0.2959
14.4470;-0.3047
14.4480;-0.3164
14.4490;-0.3223
14.4500;-0.3281
14.4510;-0.3311
14.4520;-0.3398
14.4530;-0.3428
14.4540;-0.3486
14.4550;-0.3545
14.4560;-0.3574
14.4570;-0.3604
14.4580;-0.3662
14.4590;-0.3691
14.4600;-0.3691
14.4610;-0.3721
14.4620;-0.3750
14.4630;-0.3750
14.4640;-0.3779
14.4650;-0.3779
14.4660;-0.3779
14.4670;-0.3779
14.4680;-0.3779
14.4690;-0.3779
14.4700;-0.3779
14.4710;-0.3750
14.4720;-0.3750
14.4730;-0.3750
14.4740;-0.3779
14.4750;-0.3750
14.4760;-0.3691
14.4770;-0.3662
14.4780;-0.3633
14.4790;-0.3604
14.4800;-0.3545
14.4810;-0.3516
14.4820;-0.3486
14.4830;-0.3486
14.4840;-0.3457
14.4850;-0.3457
14.4860;-0.3398
14.4870;-0.3398
14.4880;-0.3340
14.4890;-0.3340
14.4900;-0.3311
14.4910;-0.3281
14.4920;-0.3252
14.4930;-0.3223
14.4940;-0.3193
14.4950;-0.3135
14.4960;-0.3105
14.4970;-0.3076
14.4980;-0.3047
14.4990;-0.2988
14.5000;-0.2959
14.5010;-0.2930
14.5020;-0.2930
14.5030;-0.2900
14.5040;-0.2842
14.5050;-0.2783
14.5060;-0.2725
14.5070;-0.2695
14.5080;-0.2666
14.5090;-0.2637
14.5100;-0.2578
14.5110;-0.2549
14.5120;-0.2520
14.5130;-0.2490
14.5140;-0.2490
14.5150;-0.2432
14.5160;-0.2402
14.5170;-0.2373
14.5180;-0.2314
14.5190;-0.2285
14.5200;-0.2227
14.5210;-0.2197
14.5220;-0.2139
14.5230;-0.2109
14.5240;-0.2109
14.5250;-0.2051
14.5260;-0.2080
14.5270;-0.2021
14.5280;-0.2021
14.5290;-0.1992
14.5300;-0.1992
14.5310;-0.1934
14.5320;-0.1904
14.5330;-0.1875
14.5340;-0.1846
14.5350;-0.1816
14.5360;-0.1816
14.5370;-0.1787
14.5380;-0.1787
14.5390;-0.1758
14.5400;-0.1729
14.5410;-0.1670
14.5420;-0.1641
14.5430;-0.1670
14.5440;-0.1611
14.5450;-0.1553
14.5460;-0.1523
14.5470;-0.1494
14.5480;-0.1436
14.5490;-0.1406
14.5500;-0.1377
14.5510;-0.1348
14.5520;-0.1348
14.5530;-0.1318
14.5540;-0.1289
14.5550;-0.1260
14.5560;-0.1201
14.5570;-0.1201
14.5580;-0.1201
14.5590;-0.1172
14.5600;-0.1143
14.5610;-0.1143
14.5620;-0.1143
14.5630;-0.1113
14.5640;-0.1084
14.5650;-0.1084
14.5660;-0.1113
14.5670;-0.1084
14.5680;-0.1055
14.5690;-0.1055
14.5700;-0.1084
14.5710;-0.1055
14.5720;-0.1025
14.5730;-0.1025
14.5740;-0.1025
14.5750;-0.1025
14.5760;-0.1025
14.5770;-0.0996
14.5780;-0.0967
14.5790;-0.0967
14.5800;-0.0937
14.5810;-0.0937
14.5820;-0.0937
14.5830;-0.0937
14.5840;-0.0937
14.5850;-0.0937
14.5860;-0.0937
14.5870;-0.0937
14.5880;-0.0967
14.5890;-0.0937
14.5900;-0.0908
14.5910;-0.0908
14.5920;-0.0850
14.5930;-0.0850
14.5940;-0.0820
14.5950;-0.0791
14.5960;-0.0820
14.5970;-0.0791
14.5980;-0.0762
14.5990;-0.0762
14.6000;-0.0762
14.6010;-0.0762
14.6020;-0.0732
14.6030;-0.0732
14.6040;-0.0732
14.6050;-0.0703
14.6060;-0.0703
14.6070;-0.0703
14.6080;-0.0703
14.6090;-0.0674
14.6100;-0.0674
14.6110;-0.0674
14.6120;-0.0674
14.6130;-0.0674
14.6140;-0.0645
14.6150;-0.0615
14.6160;-0.0645
14.6170;-0.0645
14.6180;-0.0645
14.6190;-0.0645
14.6200;-0.0615
14.6210;-0.0615
14.6220;-0.0615
14.6230;-0.0586
14.6240;-0.0557
14.6250;-0.0557
14.6260;-0.0586
14.6270;-0.0586
14.6280;-0.0586
14.6290;-0.0586
14.6300;-0.0586
14.6310;-0.0586
14.6320;-0.0586
14.6330;-0.0586
14.6340;-0.0586
14.6350;-0.0527
14.6360;-0.0527
14.6370;-0.0527
14.6380;-0.0527
14.6390;-0.0527
14.6400;-0.0527
14.6410;-0.0498
14.6420;-0.0469
14.6430;-0.0469
14.6440;-0.0469
14.6450;-0.0469
14.6460;-0.0469
14.6470;-0.0469
14.6480;-0.0439
14.6490;-0.0439
14.6500;-0.0439
14.6510;-0.0469
14.6520;-0.0469
14.6530;-0.0469
14.6540;-0.0439
14.6550;-0.0439
14.6560;-0.0439
14.6570;-0.0410
14.6580;-0.0410
14.6590;-0.0381
14.6600;-0.0381
14.6610;-0.0381
14.6620;-0.0381
14.6630;-0.0381
14.6640;-0.0352
14.6650;-0.0352
14.6660;-0.0381
14.6670;-0.0381
14.6680;-0.0410
14.6690;-0.0381
14.6700;-0.0381
14.6710;-0.0381
14.6720;-0.0352
14.6730;-0.0352
14.6740;-0.0352
14.6750;-0.0352
14.6760;-0.0352
14.6770;-0.0322
14.6780;-0.0293
14.6790;-0.0293
14.6800;-0.0264
14.6810;-0.0264
14.6820;-0.0264
14.6830;-0.0264
14.6840;-0.0234
14.6850;-0.0234
14.6860;-0.0234
14.6870;-0.0234
14.6880;-0.0234
14.6890;-0.0234
14.6900;-0.0234
14.6910;-0.0205
14.6920;-0.0205
14.6930;-0.0205
14.6940;-0.0234
14.6950;-0.0234
14.6960;-0.0234
14.6970;-0.0234
14.6980;-0.0234
14.6990;-0.0234
14.7000;-0.0234
14.7010;-0.0234
14.7020;-0.0234
14.7030;-0.0234
14.7040;-0.0234
14.7050;-0.0234
14.7060;-0.0234
14.7070;-0.0205
14.7080;-0.0176
14.7090;-0.0176
14.7100;-0.0176
14.7110;-0.0146
14.7120;-0.0146
14.7130;-0.0117
14.7140;-0.0117
14.7150;-0.0117
14.7160;-0.0117
14.7170;-0.0117
14.7180;-0.0146
14.7190;-0.0146
14.7200;-0.0146
14.7210;-0.0146
14.7220;-0.0117
14.7230;-0.0117
14.7240;-0.0088
14.7250;-0.0146
14.7260;-0.0146
14.7270;-0.0117
14.7280;-0.0117
14.7290;-0.0117
14.7300;-0.0088
14.7310;-0.0088
14.7320;-0.0088
14.7330;-0.0117
14.7340;-0.0088
14.7350;-0.0059
14.7360;-0.0088
14.7370;-0.0117
14.7380;-0.0117
14.7390;-0.0117
14.7400;-0.0059
14.7410;-0.0059
14.7420;-0.0059
14.7430;-0.0088
14.7440;-0.0088
14.7450;-0.0117
14.7460;-0.0117
14.7470;-0.0088
14.7480;-0.0088
14.7490;-0.0088
14.7500;-0.0088
14.7510;-0.0088
14.7520;-0.0059
14.7530;-0.0059
14.7540;-0.0059
14.7550;-0.0088
14.7560;-0.0088
14.7570;-0.0088
14.7580;-0.0088
14.7590;-0.0059
14.7600;-0.0029
14.7610;-0.0029
14.7620;-0.0029
14.7630;0.0000
14.7640;0.0029
14.7650;0.0029
14.7660;0.0029
14.7670;0.0029
14.7680;0.0029
14.7690;0.0059
14.7700;0.0059
14.7710;0.0029
14.7720;0.0000
14.7730;0.0000
14.7740;0.0029
14.7750;0.0000
14.7760;0.0029
14.7770;0.0029
14.7780;0.0029
14.7790;0.0059
14.7800;0.0059
14.7810;0.0059
14.7820;0.0059
14.7830;0.0088
14.7840;0.0088
14.7850;0.0059
14.7860;0.0088
14.7870;0.0088
14.7880;0.0088
14.7890;0.0117
14.7900;0.0146
14.7910;0.0205
14.7920;0.0234
14.7930;0.0322
14.7940;0.0352
14.7950;0.0439
14.7960;0.0498
14.7970;0.0557
14.7980;0.0615
14.7990;0.0703
14.8000;0.0703
14.8010;0.0791
14.8020;0.0820
14.8030;0.0850
14.8040;0.0908
14.8050;0.0937
14.8060;0.0967
14.8070;0.0967
14.8080;0.0937
14.8090;0.0908
14.8100;0.0879
14.8110;0.0850
14.8120;0.0820
14.8130;0.0820
14.8140;0.0791
14.8150;0.0762
14.8160;0.0791
14.8170;0.0850
14.8180;0.0908
14.8190;0.0967
14.8200;0.1025
14.8210;0.1143
14.8220;0.1318
14.8230;0.1465
14.8240;0.1582
14.8250;0.1670
14.8260;0.1787
14.8270;0.1904
14.8280;0.2051
14.8290;0.2168
14.8300;0.2256
14.8310;0.2285
14.8320;0.2314
14.8330;0.2314
14.8340;0.2314
14.8350;0.2314
14.8360;0.2285
14.8370;0.2197
14.8380;0.2139
14.8390;0.2080
14.8400;0.2051
14.8410;0.1963
14.8420;0.1934
14.8430;0.1875
14.8440;0.1846
14.8450;0.1816
14.8460;0.1758
14.8470;0.1699
14.8480;0.1611
14.8490;0.1523
14.8500;0.1436
14.8510;0.1318
14.8520;0.1201
14.8530;0.1113
14.8540;0.0996
14.8550;0.0908
14.8560;0.0820
14.8570;0.0703
14.8580;0.0645
14.8590;0.0557
14.8600;0.0469
14.8610;0.0352
14.8620;0.0264
14.8630;0.0176
14.8640;0.0059
14.8650;-0.0059
14.8660;-0.0146
14.8670;-0.0234
14.8680;-0.0264
14.8690;-0.0293
14.8700;-0.0381
14.8710;-0.0439
14.8720;-0.0498
14.8730;-0.0557
14.8740;-0.0557
14.8750;-0.0586
14.8760;-0.0645
14.8770;-0.0703
14.8780;-0.0762
14.8790;-0.0791
14.8800;-0.0850
14.8810;-0.0908
14.8820;-0.0937
14.8830;-0.0967
14.8840;-0.0996
14.8850;-0.1025
14.8860;-0.1025
14.8870;-0.1055
14.8880;-0.1055
14.8890;-0.1084
14.8900;-0.1084
14.8910;-0.1084
14.8920;-0.1055
14.8930;-0.1084
14.8940;-0.1055
14.8950;-0.1084
14.8960;-0.1084
14.8970;-0.1084
14.8980;-0.1055
14.8990;-0.1055
14.9000;-0.1055
14.9010;-0.1055
14.9020;-0.1055
14.9030;-0.1055
14.9040;-0.1055
14.9050;-0.1055
14.9060;-0.1055
14.9070;-0.1025
14.9080;-0.1025
14.9090;-0.0996
14.9100;-0.0996
14.9110;-0.0996
14.9120;-0.0996
14.9130;-0.1025
14.9140;-0.1025
14.9150;-0.1055
14.9160;-0.1055
14.9170;-0.1055
14.9180;-0.1055
14.9190;-0.1025
14.9200;-0.1055
14.9210;-0.1025
14.9220;-0.1025
14.9230;-0.0996
14.9240;-0.0996
14.9250;-0.0996
14.9260;-0.0996
14.9270;-0.0967
14.9280;-0.0937
14.9290;-0.0937
14.9300;-0.0937
14.9310;-0.0937
14.9320;-0.0908
14.9330;-0.0937
14.9340;-0.0967
14.9350;-0.0996
14.9360;-0.1025
14.9370;-0.1084
14.9380;-0.1201
14.9390;-0.1377
14.9400;-0.1523
14.9410;-0.1699
14.9420;-0.1846
14.9430;-0.2021
14.9440;-0.2109
14.9450;-0.2197
14.9460;-0.2227
14.9470;-0.2197
14.9480;-0.2168
14.9490;-0.2109
14.9500;-0.2051
14.9510;-0.1934
14.9520;-0.1758
14.9530;-0.1523
14.9540;-0.1318
14.9550;-0.1055
14.9560;-0.0762
14.9570;-0.0439
14.9580;-0.0088
14.9590;0.0352
14.9600;0.0820
14.9610;0.1318
14.9620;0.1904
14.9630;0.2578
14.9640;0.3311
14.9650;0.4160
14.9660;0.4951
14.9670;0.5654
14.9680;0.6475
14.9690;0.7354
14.9700;0.8320
14.9710;0.9287
14.9720;1.0312
14.9730;1.1367
14.9740;1.2422
14.9750;1.3418
14.9760;1.4326
14.9770;1.4941
14.9780;1.4941
14.9790;1.4941
14.9800;1.4941
14.9810;1.4941
14.9820;1.4941
14.9830;1.4941
14.9840;1.4941
14.9850;1.4941
14.9860;1.4941
14.9870;1.4561
14.9880;1.3477
14.9890;1.2217
14.9900;1.0869
14.9910;0.9404
14.9920;0.7822
14.9930;0.6064
14.9940;0.4395
14.9950;0.2812
14.9960;0.1436
14.9970;0.0205
14.9980;-0.0850
14.9990;-0.1729
15.0000;-0.2490
15.0010;-0.3076
15.0020;-0.3545
15.0030;-0.3867
15.0040;-0.4189
15.0050;-0.4482
15.0060;-0.4717
15.0070;-0.4951
15.0080;-0.5215
15.0090;-0.5449
15.0100;-0.5684
15.0110;-0.5859
15.0120;-0.6006
15.0130;-0.6123
15.0140;-0.6152
15.0150;-0.6182
15.0160;-0.6152
15.0170;-0.6094
15.0180;-0.6064
15.0190;-0.5977
15.0200;-0.5918
15.0210;-0.5830
15.0220;-0.5742
15.0230;-0.5654
15.0240;-0.5537
15.0250;-0.5391
15.0260;-0.5244
15.0270;-0.5010
15.0280;-0.4775
15.0290;-0.4541
15.0300;-0.4277
15.0310;-0.4072
15.0320;-0.3838
15.0330;-0.3633
15.0340;-0.3369
15.0350;-0.3164
15.0360;-0.2988
15.0370;-0.2812
15.0380;-0.2666
15.0390;-0.2578
15.0400;-0.2461
15.0410;-0.2373
15.0420;-0.2314
15.0430;-0.2256
15.0440;-0.2197
15.0450;-0.2109
15.0460;-0.2051
15.0470;-0.1992
15.0480;-0.1904
15.0490;-0.1846
15.0500;-0.1787
15.0510;-0.1758
15.0520;-0.1670
15.0530;-0.1641
15.0540;-0.1582
15.0550;-0.1553
15.0560;-0.1523
15.0570;-0.1494
15.0580;-0.1494
15.0590;-0.1436
15.0600;-0.1406
15.0610;-0.1348
15.0620;-0.1318
15.0630;-0.1289
15.0640;-0.1230
15.0650;-0.1201
15.0660;-0.1143
15.0670;-0.1084
15.0680;-0.1025
15.0690;-0.0996
15.0700;-0.0967
15.0710;-0.0937
15.0720;-0.0908
15.0730;-0.0879
15.0740;-0.0850
15.0750;-0.0820
15.0760;-0.0762
15.0770;-0.0762
15.0780;-0.0732
15.0790;-0.0732
15.0800;-0.0674
15.0810;-0.0615
15.0820;-0.0586
15.0830;-0.0557
15.0840;-0.0527
15.0850;-0.0498
15.0860;-0.0469
15.0870;-0.0439
15.0880;-0.0439
15.0890;-0.0381
15.0900;-0.0352
15.0910;-0.0322
15.0920;-0.0322
15.0930;-0.0293
15.0940;-0.0234
15.0950;-0.0234
15.0960;-0.0176
15.0970;-0.0146
15.0980;-0.0146
15.0990;-0.0088
15.1000;-0.0059
15.1010;-0.0029
15.1020;0.0000
15.1030;0.0059
15.1040;0.0088
15.1050;0.0088
15.1060;0.0146
15.1070;0.0176
15.1080;0.0205
15.1090;0.0234
15.1100;0.0293
15.1110;0.0322
15.1120;0.0352
15.1130;0.0352
15.1140;0.0410
15.1150;0.0439
15.1160;0.0439
15.1170;0.0469
15.1180;0.0498
15.1190;0.0527
15.1200;0.0557
15.1210;0.0615
15.1220;0.0645
15.1230;0.0674
15.1240;0.0703
15.1250;0.0762
15.1260;0.0791
15.1270;0.0820
15.1280;0.0879
15.1290;0.0908
15.1300;0.0937
15.1310;0.0937
15.1320;0.0967
15.1330;0.1025
15.1340;0.1055
15.1350;0.1113
15.1360;0.1143
15.1370;0.1172
15.1380;0.1260
15.1390;0.1289
15.1400;0.1348
15.1410;0.1348
15.1420;0.1377
15.1430;0.1406
15.1440;0.1465
15.1450;0.1494
15.1460;0.1553
15.1470;0.1582
15.1480;0.1611
15.1490;0.1670
15.1500;0.1699
15.1510;0.1758
15.1520;0.1816
15.1530;0.1846
15.1540;0.1904
15.1550;0.1963
15.1560;0.2021
15.1570;0.2080
15.1580;0.2109
15.1590;0.2168
15.1600;0.2227
15.1610;0.2227
15.1620;0.2285
15.1630;0.2314
15.1640;0.2314
15.1650;0.2344
15.1660;0.2402
15.1670;0.2432
15.1680;0.2461
15.1690;0.2461
15.1700;0.2490
15.1710;0.2520
15.1720;0.2549
15.1730;0.2578
15.1740;0.2578
15.1750;0.2637
15.1760;0.2666
15.1770;0.2695
15.1780;0.2754
15.1790;0.2783
15.1800;0.2783
15.1810;0.2783
15.1820;0.2754
15.1830;0.2725
15.1840;0.2725
15.1850;0.2725
15.1860;0.2725
15.1870;0.2695
15.1880;0.2695
15.1890;0.2637
15.1900;0.2607
15.1910;0.2578
15.1920;0.2520
15.1930;0.2490
15.1940;0.2461
15.1950;0.2432
15.1960;0.2373
15.1970;0.2344
15.1980;0.2285
15.1990;0.2256
15.2000;0.2227
15.2010;0.2168
15.2020;0.2139
15.2030;0.2080
15.2040;0.2051
15.2050;0.1934
15.2060;0.1875
15.2070;0.1816
15.2080;0.1699
15.2090;0.1611
15.2100;0.1494
15.2110;0.1377
15.2120;0.1289
15.2130;0.1143
15.2140;0.0996
15.2150;0.0879
15.2160;0.0762
15.2170;0.0645
15.2180;0.0469
15.2190;0.0352
15.2200;0.0205
15.2210;0.0059
15.2220;-0.0088
15.2230;-0.0234
15.2240;-0.0381
15.2250;-0.0498
15.2260;-0.0615
15.2270;-0.0762
15.2280;-0.0879
15.2290;-0.0996
15.2300;-0.1143
15.2310;-0.1230
15.2320;-0.1377
15.2330;-0.1494
15.2340;-0.1641
15.2350;-0.1729
15.2360;-0.1846
15.2370;-0.1934
15.2380;-0.2051
15.2390;-0.2139
15.2400;-0.2256
15.2410;-0.2344
15.2420;-0.2402
15.2430;-0.2490
15.2440;-0.2607
15.2450;-0.2666
15.2460;-0.2725
15.2470;-0.2812
15.2480;-0.2871
15.2490;-0.2930
15.2500;-0.2988
15.2510;-0.3047
15.2520;-0.3105
15.2530;-0.3135
15.2540;-0.3164
15.2550;-0.3164
15.2560;-0.3193
15.2570;-0.3223
15.2580;-0.3252
15.2590;-0.3252
15.2600;-0.3311
15.2610;-0.3311
15.2620;-0.3311
15.2630;-0.3340
15.2640;-0.3340
15.2650;-0.3340
15.2660;-0.3340
15.2670;-0.3340
15.2680;-0.3340
15.2690;-0.3311
15.2700;-0.3311
15.2710;-0.3311
15.2720;-0.3281
15.2730;-0.3281
15.2740;-0.3252
15.2750;-0.3281
15.2760;-0.3252
15.2770;-0.3193
15.2780;-0.3193
15.2790;-0.3164
15.2800;-0.3135
15.2810;-0.3105
15.2820;-0.3076
15.2830;-0.3047
15.2840;-0.3047
15.2850;-0.2988
15.2860;-0.2959
15.2870;-0.2959
15.2880;-0.2930
15.2890;-0.2930
15.2900;-0.2900
15.2910;-0.2842
15.2920;-0.2783
15.2930;-0.2783
15.2940;-0.2783
15.2950;-0.2754
15.2960;-0.2725
15.2970;-0.2695
15.2980;-0.2637
15.2990;-0.2607
15.3000;-0.2607
15.3010;-0.2578
15.3020;-0.2520
15.3030;-0.2490
15.3040;-0.2461
15.3050;-0.2432
15.3060;-0.2402
15.3070;-0.2402
15.3080;-0.2344
15.3090;-0.2314
15.3100;-0.2285
15.3110;-0.2227
15.3120;-0.2197
15.3130;-0.2139
15.3140;-0.2109
15.3150;-0.2080
15.3160;-0.2051
15.3170;-0.2021
15.3180;-0.1992
15.3190;-0.1992
15.3200;-0.1992
15.3210;-0.1992
15.3220;-0.1963
15.3230;-0.1934
15.3240;-0.1934
15.3250;-0.1934
15.3260;-0.1904
15.3270;-0.1875
15.3280;-0.1875
15.3290;-0.1846
15.3300;-0.1816
15.3310;-0.1787
15.3320;-0.1758
15.3330;-0.1699
15.3340;-0.1699
15.3350;-0.1670
15.3360;-0.1670
15.3370;-0.1641
15.3380;-0.1611
15.3390;-0.1582
15.3400;-0.1553
15.3410;-0.1523
15.3420;-0.1465
15.3430;-0.1436
15.3440;-0.1406
15.3450;-0.1406
15.3460;-0.1377
15.3470;-0.1318
15.3480;-0.1289
15.3490;-0.1230
15.3500;-0.1230
15.3510;-0.1201
15.3520;-0.1201
15.3530;-0.1201
15.3540;-0.1201
15.3550;-0.1172
15.3560;-0.1143
15.3570;-0.1113
15.3580;-0.1084
15.3590;-0.1084
15.3600;-0.1055
15.3610;-0.1055
15.3620;-0.1055
15.3630;-0.1025
15.3640;-0.0996
15.3650;-0.0996
15.3660;-0.0967
15.3670;-0.0937
15.3680;-0.0908
15.3690;-0.0908
15.3700;-0.0879
15.3710;-0.0850
15.3720;-0.0820
15.3730;-0.0850
15.3740;-0.0791
15.3750;-0.0762
15.3760;-0.0732
15.3770;-0.0732
15.3780;-0.0732
15.3790;-0.0703
15.3800;-0.0703
15.3810;-0.0674
15.3820;-0.0674
15.3830;-0.0674
15.3840;-0.0674
15.3850;-0.0615
15.3860;-0.0615
15.3870;-0.0586
15.3880;-0.0586
15.3890;-0.0557
15.3900;-0.0527
15.3910;-0.0498
15.3920;-0.0498
15.3930;-0.0498
15.3940;-0.0527
15.3950;-0.0527
15.3960;-0.0527
15.3970;-0.0527
15.3980;-0.0498
15.3990;-0.0498
15.4000;-0.0469
15.4010;-0.0469
15.4020;-0.0469
15.4030;-0.0439
15.4040;-0.0439
15.4050;-0.0439
15.4060;-0.0410
15.4070;-0.0439
15.4080;-0.0439
15.4090;-0.0410
15.4100;-0.0410
15.4110;-0.0381
15.4120;-0.0381
15.4130;-0.0352
15.4140;-0.0352
15.4150;-0.0322
15.4160;-0.0352
15.4170;-0.0352
15.4180;-0.0381
15.4190;-0.0381
15.4200;-0.0439
15.4210;-0.0439
15.4220;-0.0439
15.4230;-0.0439
15.4240;-0.0410
15.4250;-0.0381
15.4260;-0.0352
15.4270;-0.0352
15.4280;-0.0352
15.4290;-0.0352
15.4300;-0.0352
15.4310;-0.0352
15.4320;-0.0352
15.4330;-0.0352
15.4340;-0.0352
15.4350;-0.0352
15.4360;-0.0352
15.4370;-0.0352
15.4380;-0.0322
15.4390;-0.0293
15.4400;-0.0293
15.4410;-0.0293
15.4420;-0.0322
15.4430;-0.0352
15.4440;-0.0352
15.4450;-0.0322
15.4460;-0.0352
15.4470;-0.0381
15.4480;-0.0381
15.4490;-0.0381
15.4500;-0.0381
15.4510;-0.0381
15.4520;-0.0352
15.4530;-0.0352
15.4540;-0.0322
15.4550;-0.0322
15.4560;-0.0322
15.4570;-0.0322
15.4580;-0.0322
15.4590;-0.0293
15.4600;-0.0322
15.4610;-0.0293
15.4620;-0.0322
15.4630;-0.0322
15.4640;-0.0352
15.4650;-0.0352
15.4660;-0.0381
15.4670;-0.0381
15.4680;-0.0381
15.4690;-0.0322
15.4700;-0.0293
15.4710;-0.0322
15.4720;-0.0293
15.4730;-0.0264
15.4740;-0.0264
15.4750;-0.0264
15.4760;-0.0234
15.4770;-0.0234
15.4780;-0.0234
15.4790;-0.0234
15.4800;-0.0205
15.4810;-0.0205
15.4820;-0.0205
15.4830;-0.0234
15.4840;-0.0234
15.4850;-0.0234
15.4860;-0.0234
15.4870;-0.0205
15.4880;-0.0205
15.4890;-0.0205
15.4900;-0.0205
15.4910;-0.0205
15.4920;-0.0205
15.4930;-0.0205
15.4940;-0.0205
15.4950;-0.0205
15.4960;-0.0205
15.4970;-0.0205
15.4980;-0.0205
15.4990;-0.0205
15.5000;-0.0205
15.5010;-0.0205
15.5020;-0.0176
15.5030;-0.0176
15.5040;-0.0146
15.5050;-0.0146
15.5060;-0.0146
15.5070;-0.0146
15.5080;-0.0117
15.5090;-0.0088
15.5100;-0.0088
15.5110;-0.0059
15.5120;-0.0059
15.5130;-0.0029
15.5140;-0.0029
15.5150;0.0000
15.5160;0.0000
15.5170;0.0000
15.5180;0.0000
15.5190;0.0000
15.5200;0.0000
15.5210;0.0000
15.5220;0.0000
15.5230;0.0000
15.5240;0.0000
15.5250;0.0000
15.5260;0.0000
15.5270;0.0029
15.5280;0.0029
15.5290;0.0059
15.5300;0.0029
15.5310;0.0029
15.5320;0.0059
15.5330;0.0059
15.5340;0.0088
15.5350;0.0088
15.5360;0.0117
15.5370;0.0117
15.5380;0.0117
15.5390;0.0117
15.5400;0.0088
15.5410;0.0088
15.5420;0.0088
15.5430;0.0117
15.5440;0.0088
15.5450;0.0088
15.5460;0.0088
15.5470;0.0088
15.5480;0.0088
15.5490;0.0059
15.5500;0.0088
15.5510;0.0088
15.5520;0.0059
15.5530;0.0059
15.5540;0.0059
15.5550;0.0059
15.5560;0.0088
15.5570;0.0088
15.5580;0.0088
15.5590;0.0117
15.5600;0.0117
15.5610;0.0117
15.5620;0.0146
15.5630;0.0146
15.5640;0.0176
15.5650;0.0176
15.5660;0.0205
15.5670;0.0205
15.5680;0.0205
15.5690;0.0205
15.5700;0.0205
15.5710;0.0205
15.5720;0.0205
15.5730;0.0205
15.5740;0.0205
15.5750;0.0234
15.5760;0.0234
15.5770;0.0234
15.5780;0.0234
15.5790;0.0234
15.5800;0.0264
15.5810;0.0264
15.5820;0.0293
15.5830;0.0322
15.5840;0.0352
15.5850;0.0410
15.5860;0.0469
15.5870;0.0557
15.5880;0.0586
15.5890;0.0674
15.5900;0.0703
15.5910;0.0762
15.5920;0.0820
15.5930;0.0908
15.5940;0.0996
15.5950;0.1055
15.5960;0.1113
15.5970;0.1172
15.5980;0.1201
15.5990;0.1230
15.6000;0.1230
15.6010;0.1201
15.6020;0.1172
15.6030;0.1143
15.6040;0.1143
15.6050;0.1113
15.6060;0.1055
15.6070;0.1025
15.6080;0.1025
15.6090;0.1084
15.6100;0.1113
15.6110;0.1143
15.6120;0.1172
15.6130;0.1230
15.6140;0.1318
15.6150;0.1436
15.6160;0.1553
15.6170;0.1641
15.6180;0.1758
15.6190;0.1846
15.6200;0.1963
15.6210;0.2080
15.6220;0.2227
15.6230;0.2314
15.6240;0.2344
15.6250;0.2373
15.6260;0.2373
15.6270;0.2373
15.6280;0.2373
15.6290;0.2344
15.6300;0.2314
15.6310;0.2285
15.6320;0.2227
15.6330;0.2168
15.6340;0.2109
15.6350;0.2051
15.6360;0.1992
15.6370;0.1934
15.6380;0.1875
15.6390;0.1816
15.6400;0.1758
15.6410;0.1729
15.6420;0.1641
15.6430;0.1553
15.6440;0.1436
15.6450;0.1348
15.6460;0.1201
15.6470;0.1113
15.6480;0.1025
15.6490;0.0967
15.6500;0.0879
15.6510;0.0791
15.6520;0.0703
15.6530;0.0586
15.6540;0.0469
15.6550;0.0352
15.6560;0.0205
15.6570;0.0088
15.6580;-0.0029
15.6590;-0.0146
15.6600;-0.0264
15.6610;-0.0322
15.6620;-0.0381
15.6630;-0.0381
15.6640;-0.0410
15.6650;-0.0469
15.6660;-0.0498
15.6670;-0.0557
15.6680;-0.0615
15.6690;-0.0674
15.6700;-0.0703
15.6710;-0.0732
15.6720;-0.0762
15.6730;-0.0791
15.6740;-0.0820
15.6750;-0.0879
15.6760;-0.0908
15.6770;-0.0937
15.6780;-0.0967
15.6790;-0.0996
15.6800;-0.1055
15.6810;-0.1084
15.6820;-0.1113
15.6830;-0.1084
15.6840;-0.1084
15.6850;-0.1084
15.6860;-0.1084
15.6870;-0.1084
15.6880;-0.1113
15.6890;-0.1143
15.6900;-0.1172
15.6910;-0.1172
15.6920;-0.1172
15.6930;-0.1172
15.6940;-0.1143
15.6950;-0.1143
15.6960;-0.1143
15.6970;-0.1143
15.6980;-0.1172
15.6990;-0.1143
15.7000;-0.1113
15.7010;-0.1113
15.7020;-0.1084
15.7030;-0.1055
15.7040;-0.1055
15.7050;-0.1084
15.7060;-0.1084
15.7070;-0.1084
15.7080;-0.1113
15.7090;-0.1113
15.7100;-0.1143
15.7110;-0.1084
15.7120;-0.1113
15.7130;-0.1113
15.7140;-0.1113
15.7150;-0.1084
15.7160;-0.1084
15.7170;-0.1084
15.7180;-0.1084
15.7190;-0.1084
15.7200;-0.1055
15.7210;-0.1084
15.7220;-0.1055
15.7230;-0.1055
15.7240;-0.1055
15.7250;-0.1084
15.7260;-0.1084
15.7270;-0.1113
15.7280;-0.1143
15.7290;-0.1230
15.7300;-0.1348
15.7310;-0.1494
15.7320;-0.1641
15.7330;-0.1787
15.7340;-0.1875
15.7350;-0.1992
15.7360;-0.2051
15.7370;-0.2080
15.7380;-0.2109
15.7390;-0.2109
15.7400;-0.2080
15.7410;-0.2021
15.7420;-0.1934
15.7430;-0.1787
15.7440;-0.1611
15.7450;-0.1377
15.7460;-0.1143
15.7470;-0.0879
15.7480;-0.0557
15.7490;-0.0205
15.7500;0.0205
15.7510;0.0703
15.7520;0.1289
15.7530;0.1963
15.7540;0.2666
15.7550;0.3486
15.7560;0.4424
15.7570;0.5361
15.7580;0.6299
15.7590;0.7178
15.7600;0.8145
15.7610;0.9141
15.7620;1.0195
15.7630;1.1250
15.7640;1.2393
15.7650;1.3477
15.7660;1.4531
15.7670;1.4941
15.7680;1.4941
15.7690;1.4941
15.7700;1.4941
15.7710;1.4941
15.7720;1.4941
15.7730;1.4941
15.7740;1.4941
15.7750;1.4941
15.7760;1.4941
15.7770;1.4941
15.7780;1.4941
15.7790;1.4941
15.7800;1.3711
15.7810;1.2188
15.7820;1.0576
15.7830;0.8848
15.7840;0.7002
15.7850;0.5098
15.7860;0.3340
15.7870;0.1787
15.7880;0.0410
15.7890;-0.0762
15.7900;-0.1758
15.7910;-0.2578
15.7920;-0.3252
15.7930;-0.3750
15.7940;-0.4189
15.7950;-0.4570
15.7960;-0.4922
15.7970;-0.5215
15.7980;-0.5449
15.7990;-0.5625
15.8000;-0.5742
15.8010;-0.5801
15.8020;-0.5830
15.8030;-0.5889
15.8040;-0.5918
15.8050;-0.5918
15.8060;-0.5889
15.8070;-0.5830
15.8080;-0.5801
15.8090;-0.5742
15.8100;-0.5654
15.8110;-0.5596
15.8120;-0.5537
15.8130;-0.5420
15.8140;-0.5244
15.8150;-0.5068
15.8160;-0.4834
15.8170;-0.4629
15.8180;-0.4424
15.8190;-0.4219
15.8200;-0.4014
15.8210;-0.3809
15.8220;-0.3633
15.8230;-0.3457
15.8240;-0.3281
15.8250;-0.3164
15.8260;-0.3018
15.8270;-0.2900
15.8280;-0.2812
15.8290;-0.2754
15.8300;-0.2695
15.8310;-0.2637
15.8320;-0.2578
15.8330;-0.2490
15.8340;-0.2432
15.8350;-0.2373
15.8360;-0.2314
15.8370;-0.2285
15.8380;-0.2227
15.8390;-0.2139
15.8400;-0.2080
15.8410;-0.2021
15.8420;-0.1963
15.8430;-0.1934
15.8440;-0.1875
15.8450;-0.1816
15.8460;-0.1787
15.8470;-0.1729
15.8480;-0.1670
15.8490;-0.1670
15.8500;-0.1641
15.8510;-0.1582
15.8520;-0.1553
15.8530;-0.1523
15.8540;-0.1494
15.8550;-0.1465
15.8560;-0.1436
15.8570;-0.1406
15.8580;-0.1377
15.8590;-0.1318
15.8600;-0.1289
15.8610;-0.1260
15.8620;-0.1201
15.8630;-0.1172
15.8640;-0.1143
15.8650;-0.1113
15.8660;-0.1084
15.8670;-0.1055
15.8680;-0.1025
15.8690;-0.0996
15.8700;-0.0967
15.8710;-0.0937
15.8720;-0.0908
15.8730;-0.0850
15.8740;-0.0762
15.8750;-0.0762
15.8760;-0.0732
15.8770;-0.0703
15.8780;-0.0674
15.8790;-0.0645
15.8800;-0.0615
15.8810;-0.0615
15.8820;-0.0586
15.8830;-0.0586
15.8840;-0.0557
15.8850;-0.0527
15.8860;-0.0557
15.8870;-0.0527
15.8880;-0.0498
15.8890;-0.0469
15.8900;-0.0439
15.8910;-0.0381
15.8920;-0.0352
15.8930;-0.0293
15.8940;-0.0234
15.8950;-0.0205
15.8960;-0.0146
15.8970;-0.0117
15.8980;-0.0088
15.8990;-0.0059
15.9000;-0.0029
15.9010;0.0000
15.9020;0.0029
15.9030;0.0059
15.9040;0.0088
15.9050;0.0146
15.9060;0.0176
15.9070;0.0176
15.9080;0.0205
15.9090;0.0264
15.9100;0.0234
15.9110;0.0293
15.9120;0.0322
15.9130;0.0352
15.9140;0.0410
15.9150;0.0439
15.9160;0.0498
15.9170;0.0557
15.9180;0.0586
15.9190;0.0645
15.9200;0.0703
15.9210;0.0732
15.9220;0.0820
15.9230;0.0820
15.9240;0.0879
15.9250;0.0879
15.9260;0.0937
15.9270;0.1025
15.9280;0.1055
15.9290;0.1113
15.9300;0.1143
15.9310;0.1143
15.9320;0.1172
15.9330;0.1260
15.9340;0.1289
15.9350;0.1348
15.9360;0.1377
15.9370;0.1406
15.9380;0.1494
15.9390;0.1582
15.9400;0.1641
15.9410;0.1670
15.9420;0.1758
15.9430;0.1846
15.9440;0.1875
15.9450;0.1934
15.9460;0.1963
15.9470;0.1992
15.9480;0.2051
15.9490;0.2139
15.9500;0.2227
15.9510;0.2256
15.9520;0.2314
15.9530;0.2344
15.9540;0.2402
15.9550;0.2432
15.9560;0.2461
15.9570;0.2520
15.9580;0.2520
15.9590;0.2549
15.9600;0.2549
15.9610;0.2578
15.9620;0.2607
15.9630;0.2607
15.9640;0.2666
15.9650;0.2666
15.9660;0.2666
15.9670;0.2666
15.9680;0.2695
15.9690;0.2695
15.9700;0.2725
15.9710;0.2754
15.9720;0.2754
15.9730;0.2725
15.9740;0.2754
15.9750;0.2754
15.9760;0.2754
15.9770;0.2754
15.9780;0.2725
15.9790;0.2695
15.9800;0.2695
15.9810;0.2695
15.9820;0.2666
15.9830;0.2666
15.9840;0.2637
15.9850;0.2578
15.9860;0.2549
15.9870;0.2461
15.9880;0.2432
15.9890;0.2373
15.9900;0.2314
15.9910;0.2285
15.9920;0.2256
15.9930;0.2197
15.9940;0.2139
15.9950;0.2080
15.9960;0.1992
15.9970;0.1875
15.9980;0.1816
15.9990;0.1758
16.0000;0.1699
16.0010;0.1611
16.0020;0.1523
16.0030;0.1436
16.0040;0.1318
16.0050;0.1172
16.0060;0.1055
16.0070;0.0908
16.0080;0.0791
16.0090;0.0674
16.0100;0.0498
16.0110;0.0381
16.0120;0.0205
16.0130;0.0059
16.0140;-0.0059
16.0150;-0.0234
16.0160;-0.0381
16.0170;-0.0527
16.0180;-0.0703
16.0190;-0.0850
16.0200;-0.0967
16.0210;-0.1143
16.0220;-0.1289
16.0230;-0.1436
16.0240;-0.1553
16.0250;-0.1699
16.0260;-0.1816
16.0270;-0.1934
16.0280;-0.2051
16.0290;-0.2168
16.0300;-0.2285
16.0310;-0.2373
16.0320;-0.2490
16.0330;-0.2578
16.0340;-0.2666
16.0350;-0.2725
16.0360;-0.2812
16.0370;-0.2871
16.0380;-0.2959
16.0390;-0.3018
16.0400;-0.3076
16.0410;-0.3164
16.0420;-0.3193
16.0430;-0.3252
16.0440;-0.3281
16.0450;-0.3311
16.0460;-0.3340
16.0470;-0.3369
16.0480;-0.3398
16.0490;-0.3428
16.0500;-0.3457
16.0510;-0.3457
16.0520;-0.3486
16.0530;-0.3486
16.0540;-0.3486
16.0550;-0.3516
16.0560;-0.3545
16.0570;-0.3545
16.0580;-0.3516
16.0590;-0.3516
16.0600;-0.3516
16.0610;-0.3516
16.0620;-0.3516
16.0630;-0.3516
16.0640;-0.3516
16.0650;-0.3516
16.0660;-0.3516
16.0670;-0.3486
16.0680;-0.3486
16.0690;-0.3486
16.0700;-0.3457
16.0710;-0.3398
16.0720;-0.3311
16.0730;-0.3281
16.0740;-0.3281
16.0750;-0.3193
16.0760;-0.3164
16.0770;-0.3105
16.0780;-0.3076
16.0790;-0.3105
16.0800;-0.3076
16.0810;-0.3047
16.0820;-0.3047
16.0830;-0.3047
16.0840;-0.3047
16.0850;-0.3018
16.0860;-0.2988
16.0870;-0.2988
16.0880;-0.3018
16.0890;-0.3018
16.0900;-0.2959
16.0910;-0.2871
16.0920;-0.2900
16.0930;-0.2900
16.0940;-0.2842
16.0950;-0.2842
16.0960;-0.2842
16.0970;-0.2930
16.0980;-0.2930
16.0990;-0.2900
16.1000;-0.2930
16.1010;-0.2959
16.1020;-0.2900
16.1030;-0.2783
16.1040;-0.2695
16.1050;-0.2666
16.1060;-0.2607
16.1070;-0.2490
16.1080;-0.2520
16.1090;-0.2490
16.1100;-0.2432
16.1110;-0.2373
16.1120;-0.2256
16.1130;-0.2227
16.1140;-0.2168
16.1150;-0.2021
16.1160;-0.1992
16.1170;-0.1904
16.1180;-0.1875
16.1190;-0.1787
16.1200;-0.1670
16.1210;-0.1670
16.1220;-0.1553
16.1230;-0.1553
16.1240;-0.1523
16.1250;-0.1553
16.1260;-0.1523
16.1270;-0.1436
16.1280;-0.1436
16.1290;-0.1406
16.1300;-0.1318
16.1310;-0.1289
16.1320;-0.1260
16.1330;-0.1230
16.1340;-0.1230
16.1350;-0.1201
16.1360;-0.1172
16.1370;-0.1084
16.1380;-0.1055
16.1390;-0.1025
16.1400;-0.0996
16.1410;-0.0996
16.1420;-0.1025
16.1430;-0.1055
16.1440;-0.1055
16.1450;-0.1055
16.1460;-0.1055
16.1470;-0.1055
16.1480;-0.1055
16.1490;-0.1025
16.1500;-0.0996
16.1510;-0.0996
16.1520;-0.0996
16.1530;-0.1025
16.1540;-0.0996
16.1550;-0.0967
16.1560;-0.0937
16.1570;-0.0937
16.1580;-0.0908
16.1590;-0.0908
16.1600;-0.0879
16.1610;-0.0820
16.1620;-0.0820
16.1630;-0.0820
16.1640;-0.0791
16.1650;-0.0762
16.1660;-0.0762
16.1670;-0.0820
16.1680;-0.0791
16.1690;-0.0762
16.1700;-0.0762
16.1710;-0.0732
16.1720;-0.0762
16.1730;-0.0820
16.1740;-0.0820
16.1750;-0.0820
16.1760;-0.0820
16.1770;-0.0762
16.1780;-0.0762
16.1790;-0.0732
16.1800;-0.0732
16.1810;-0.0732
16.1820;-0.0732
16.1830;-0.0732
16.1840;-0.0732
16.1850;-0.0732
16.1860;-0.0703
16.1870;-0.0674
16.1880;-0.0645
16.1890;-0.0615
16.1900;-0.0645
16.1910;-0.0674
16.1920;-0.0645
16.1930;-0.0615
16.1940;-0.0645
16.1950;-0.0615
16.1960;-0.0615
16.1970;-0.0586
16.1980;-0.0586
16.1990;-0.0527
16.2000;-0.0498
16.2010;-0.0469
16.2020;-0.0498
16.2030;-0.0498
16.2040;-0.0469
16.2050;-0.0469
16.2060;-0.0469
16.2070;-0.0410
16.2080;-0.0381
16.2090;-0.0352
16.2100;-0.0352
16.2110;-0.0293
16.2120;-0.0264
16.2130;-0.0264
16.2140;-0.0264
16.2150;-0.0234
16.2160;-0.0234
16.2170;-0.0176
16.2180;-0.0146
16.2190;-0.0117
16.2200;-0.0088
16.2210;-0.0059
16.2220;-0.0029
16.2230;0.0000
16.2240;0.0029
16.2250;0.0029
16.2260;0.0029
16.2270;0.0029
16.2280;0.0029
16.2290;0.0029
16.2300;0.0059
16.2310;0.0088
16.2320;0.0088
16.2330;0.0088
16.2340;0.0088
16.2350;0.0088
16.2360;0.0146
16.2370;0.0176
16.2380;0.0176
16.2390;0.0205
16.2400;0.0205
16.2410;0.0205
16.2420;0.0205
16.2430;0.0205
16.2440;0.0176
16.2450;0.0205
16.2460;0.0176
16.2470;0.0117
16.2480;0.0146
16.2490;0.0176
16.2500;0.0176
16.2510;0.0176
16.2520;0.0205
16.2530;0.0205
16.2540;0.0176
16.2550;0.0146
16.2560;0.0146
16.2570;0.0176
16.2580;0.0176
16.2590;0.0176
16.2600;0.0205
16.2610;0.0234
16.2620;0.0205
16.2630;0.0176
16.2640;0.0117
16.2650;0.0088
16.2660;0.0088
16.2670;0.0088
16.2680;0.0117
16.2690;0.0117
16.2700;0.0176
16.2710;0.0176
16.2720;0.0176
16.2730;0.0176
16.2740;0.0176
16.2750;0.0146
16.2760;0.0146
16.2770;0.0117
16.2780;0.0146
16.2790;0.0176
16.2800;0.0176
16.2810;0.0146
16.2820;0.0088
16.2830;0.0088
16.2840;0.0059
16.2850;0.0088
16.2860;0.0117
16.2870;0.0146
16.2880;0.0146
16.2890;0.0176
16.2900;0.0176
16.2910;0.0205
16.2920;0.0234
16.2930;0.0234
16.2940;0.0234
16.2950;0.0293
16.2960;0.0293
16.2970;0.0293
16.2980;0.0293
16.2990;0.0264
16.3000;0.0264
16.3010;0.0234
16.3020;0.0205
16.3030;0.0205
16.3040;0.0205
16.3050;0.0205
16.3060;0.0205
16.3070;0.0205
16.3080;0.0205
16.3090;0.0234
16.3100;0.0234
16.3110;0.0264
16.3120;0.0264
16.3130;0.0293
16.3140;0.0293
16.3150;0.0293
16.3160;0.0264
16.3170;0.0264
16.3180;0.0264
16.3190;0.0293
16.3200;0.0293
16.3210;0.0264
16.3220;0.0264
16.3230;0.0293
16.3240;0.0322
16.3250;0.0293
16.3260;0.0264
16.3270;0.0293
16.3280;0.0264
16.3290;0.0234
16.3300;0.0205
16.3310;0.0205
16.3320;0.0205
16.3330;0.0205
16.3340;0.0205
16.3350;0.0176
16.3360;0.0176
16.3370;0.0176
16.3380;0.0176
16.3390;0.0205
16.3400;0.0205
16.3410;0.0176
16.3420;0.0176
16.3430;0.0176
16.3440;0.0176
16.3450;0.0146
16.3460;0.0146
16.3470;0.0176
16.3480;0.0146
16.3490;0.0117
16.3500;0.0088
16.3510;0.0088
16.3520;0.0059
16.3530;0.0059
16.3540;0.0088
16.3550;0.0088
16.3560;0.0088
16.3570;0.0088
16.3580;0.0088
16.3590;0.0059
16.3600;0.0059
16.3610;0.0029
16.3620;0.0000
16.3630;0.0000
16.3640;0.0029
16.3650;0.0029
16.3660;0.0029
16.3670;0.0029
16.3680;0.0029
16.3690;0.0029
16.3700;0.0000
16.3710;0.0000
16.3720;0.0000
16.3730;0.0000
16.3740;-0.0029
16.3750;-0.0029
16.3760;-0.0029
16.3770;-0.0029
16.3780;-0.0029
16.3790;-0.0029
16.3800;-0.0029
16.3810;-0.0029
16.3820;-0.0029
16.3830;-0.0029
16.3840;-0.0059
16.3850;-0.0059
16.3860;-0.0059
16.3870;-0.0029
16.3880;-0.0029
16.3890;-0.0029
16.3900;-0.0029
16.3910;-0.0029
16.3920;-0.0029
16.3930;-0.0029
16.3940;-0.0029
16.3950;0.0000
16.3960;0.0029
16.3970;0.0059
16.3980;0.0059
16.3990;0.0059
16.4000;0.0059
16.4010;0.0088
16.4020;0.0146
16.4030;0.0176
16.4040;0.0234
16.4050;0.0293
16.4060;0.0352
16.4070;0.0410
16.4080;0.0469
16.4090;0.0498
16.4100;0.0557
16.4110;0.0586
16.4120;0.0674
16.4130;0.0732
16.4140;0.0791
16.4150;0.0820
16.4160;0.0850
16.4170;0.0879
16.4180;0.0850
16.4190;0.0850
16.4200;0.0820
16.4210;0.0791
16.4220;0.0762
16.4230;0.0703
16.4240;0.0674
16.4250;0.0674
16.4260;0.0703
16.4270;0.0762
16.4280;0.0850
16.4290;0.0937
16.4300;0.1055
16.4310;0.1201
16.4320;0.1318
16.4330;0.1436
16.4340;0.1523
16.4350;0.1611
16.4360;0.1729
16.4370;0.1875
16.4380;0.2021
16.4390;0.2080
16.4400;0.2139
16.4410;0.2197
16.4420;0.2197
16.4430;0.2197
16.4440;0.2197
16.4450;0.2139
16.4460;0.2080
16.4470;0.2021
16.4480;0.1934
16.4490;0.1875
16.4500;0.1846
16.4510;0.1758
16.4520;0.1729
16.4530;0.1670
16.4540;0.1582
16.4550;0.1494
16.4560;0.1436
16.4570;0.1348
16.4580;0.1230
16.4590;0.1143
16.4600;0.1025
16.4610;0.0937
16.4620;0.0850
16.4630;0.0703
16.4640;0.0586
16.4650;0.0498
16.4660;0.0439
16.4670;0.0352
16.4680;0.0234
16.4690;0.0146
16.4700;0.0029
16.4710;-0.0059
16.4720;-0.0176
16.4730;-0.0264
16.4740;-0.0352
16.4750;-0.0439
16.4760;-0.0498
16.4770;-0.0498
16.4780;-0.0527
16.4790;-0.0557
16.4800;-0.0586
16.4810;-0.0615
16.4820;-0.0674
16.4830;-0.0703
16.4840;-0.0732
16.4850;-0.0762
16.4860;-0.0850
16.4870;-0.0908
16.4880;-0.0937
16.4890;-0.0937
16.4900;-0.0967
16.4910;-0.0996
16.4920;-0.0996
16.4930;-0.0996
16.4940;-0.1025
16.4950;-0.0996
16.4960;-0.0967
16.4970;-0.0967
16.4980;-0.0967
16.4990;-0.0996
16.5000;-0.1025
16.5010;-0.1055
16.5020;-0.1055
16.5030;-0.1055
16.5040;-0.1055
16.5050;-0.1025
16.5060;-0.1025
16.5070;-0.1025
16.5080;-0.0996
16.5090;-0.1025
16.5100;-0.1055
16.5110;-0.1055
16.5120;-0.1055
16.5130;-0.1055
16.5140;-0.1084
16.5150;-0.1055
16.5160;-0.1055
16.5170;-0.1055
16.5180;-0.1055
16.5190;-0.1055
16.5200;-0.1084
16.5210;-0.1084
16.5220;-0.1055
16.5230;-0.1055
16.5240;-0.1055
16.5250;-0.1025
16.5260;-0.0996
16.5270;-0.0996
16.5280;-0.0996
16.5290;-0.0996
16.5300;-0.0996
16.5310;-0.0967
16.5320;-0.0967
16.5330;-0.0937
16.5340;-0.0937
16.5350;-0.0937
16.5360;-0.0937
16.5370;-0.0937
16.5380;-0.0937
16.5390;-0.0937
16.5400;-0.0937
16.5410;-0.0937
16.5420;-0.0937
16.5430;-0.0967
16.5440;-0.0996
16.5450;-0.1055
16.5460;-0.1113
16.5470;-0.1230
16.5480;-0.1377
16.5490;-0.1553
16.5500;-0.1670
16.5510;-0.1787
16.5520;-0.1846
16.5530;-0.1904
16.5540;-0.1934
16.5550;-0.1934
16.5560;-0.1904
16.5570;-0.1875
16.5580;-0.1787
16.5590;-0.1699
16.5600;-0.1553
16.5610;-0.1436
16.5620;-0.1260
16.5630;-0.1055
16.5640;-0.0791
16.5650;-0.0469
16.5660;-0.0059
16.5670;0.0439
16.5680;0.0967
16.5690;0.1641
16.5700;0.2373
16.5710;0.3252
16.5720;0.4160
16.5730;0.5039
16.5740;0.5889
16.5750;0.6680
16.5760;0.7529
16.5770;0.8467
16.5780;0.9463
16.5790;1.0430
16.5800;1.1455
16.5810;1.2451
16.5820;1.3477
16.5830;1.4385
16.5840;1.4941
16.5850;1.4941
16.5860;1.4941
16.5870;1.4941
16.5880;1.4941
16.5890;1.4941
16.5900;1.4941
16.5910;1.4941
16.5920;1.4941
16.5930;1.4941
16.5940;1.4941
16.5950;1.3857
16.5960;1.2539
16.5970;1.1162
16.5980;0.9727
16.5990;0.8145
16.6000;0.6445
16.6010;0.4746
16.6020;0.3193
16.6030;0.1787
16.6040;0.0498
16.6050;-0.0615
16.6060;-0.1582
16.6070;-0.2344
16.6080;-0.2930
16.6090;-0.3369
16.6100;-0.3750
16.6110;-0.4189
16.6120;-0.4541
16.6130;-0.4922
16.6140;-0.5186
16.6150;-0.5479
16.6160;-0.5742
16.6170;-0.5947
16.6180;-0.6123
16.6190;-0.6240
16.6200;-0.6270
16.6210;-0.6240
16.6220;-0.6240
16.6230;-0.6182
16.6240;-0.6123
16.6250;-0.6006
16.6260;-0.5918
16.6270;-0.5801
16.6280;-0.5713
16.6290;-0.5566
16.6300;-0.5479
16.6310;-0.5332
16.6320;-0.5127
16.6330;-0.4922
16.6340;-0.4688
16.6350;-0.4424
16.6360;-0.4160
16.6370;-0.3926
16.6380;-0.3691
16.6390;-0.3457
16.6400;-0.3252
16.6410;-0.3018
16.6420;-0.2842
16.6430;-0.2666
16.6440;-0.2549
16.6450;-0.2432
16.6460;-0.2344
16.6470;-0.2256
16.6480;-0.2197
16.6490;-0.2139
16.6500;-0.2080
16.6510;-0.2021
16.6520;-0.1934
16.6530;-0.1904
16.6540;-0.1846
16.6550;-0.1816
16.6560;-0.1787
16.6570;-0.1699
16.6580;-0.1670
16.6590;-0.1670
16.6600;-0.1611
16.6610;-0.1582
16.6620;-0.1494
16.6630;-0.1436
16.6640;-0.1377
16.6650;-0.1318
16.6660;-0.1289
16.6670;-0.1230
16.6680;-0.1201
16.6690;-0.1143
16.6700;-0.1143
16.6710;-0.1113
16.6720;-0.1055
16.6730;-0.1025
16.6740;-0.0996
16.6750;-0.0937
16.6760;-0.0908
16.6770;-0.0879
16.6780;-0.0850
16.6790;-0.0850
16.6800;-0.0820
16.6810;-0.0791
16.6820;-0.0762
16.6830;-0.0703
16.6840;-0.0674
16.6850;-0.0645
16.6860;-0.0615
16.6870;-0.0615
16.6880;-0.0586
16.6890;-0.0586
16.6900;-0.0527
16.6910;-0.0498
16.6920;-0.0469
16.6930;-0.0410
16.6940;-0.0410
16.6950;-0.0381
16.6960;-0.0381
16.6970;-0.0352
16.6980;-0.0352
16.6990;-0.0264
16.7000;-0.0234
16.7010;-0.0234
16.7020;-0.0205
16.7030;-0.0176
16.7040;-0.0117
16.7050;-0.0088
16.7060;-0.0088
16.7070;-0.0059
16.7080;-0.0029
16.7090;0.0000
16.7100;0.0029
16.7110;0.0059
16.7120;0.0088
16.7130;0.0117
16.7140;0.0146
16.7150;0.0176
16.7160;0.0205
16.7170;0.0264
16.7180;0.0322
16.7190;0.0352
16.7200;0.0381
16.7210;0.0410
16.7220;0.0410
16.7230;0.0410
16.7240;0.0410
16.7250;0.0439
16.7260;0.0498
16.7270;0.0498
16.7280;0.0527
16.7290;0.0527
16.7300;0.0557
16.7310;0.0586
16.7320;0.0615
16.7330;0.0674
16.7340;0.0703
16.7350;0.0762
16.7360;0.0820
16.7370;0.0850
16.7380;0.0879
16.7390;0.0879
16.7400;0.0937
16.7410;0.1025
16.7420;0.1055
16.7430;0.1084
16.7440;0.1113
16.7450;0.1143
16.7460;0.1201
16.7470;0.1260
16.7480;0.1289
16.7490;0.1318
16.7500;0.1377
16.7510;0.1406
16.7520;0.1436
16.7530;0.1494
16.7540;0.1523
16.7550;0.1553
16.7560;0.1611
16.7570;0.1641
16.7580;0.1699
16.7590;0.1758
16.7600;0.1787
16.7610;0.1846
16.7620;0.1875
16.7630;0.1904
16.7640;0.1934
16.7650;0.1963
16.7660;0.1992
16.7670;0.2051
16.7680;0.2080
16.7690;0.2080
16.7700;0.2139
16.7710;0.2197
16.7720;0.2227
16.7730;0.2256
16.7740;0.2314
16.7750;0.2314
16.7760;0.2314
16.7770;0.2314
16.7780;0.2344
16.7790;0.2373
16.7800;0.2373
16.7810;0.2402
16.7820;0.2432
16.7830;0.2432
16.7840;0.2461
16.7850;0.2490
16.7860;0.2490
16.7870;0.2461
16.7880;0.2432
16.7890;0.2432
16.7900;0.2432
16.7910;0.2432
16.7920;0.2432
16.7930;0.2402
16.7940;0.2373
16.7950;0.2344
16.7960;0.2314
16.7970;0.2314
16.7980;0.2314
16.7990;0.2314
16.8000;0.2314
16.8010;0.2314
16.8020;0.2285
16.8030;0.2227
16.8040;0.2227
16.8050;0.2197
16.8060;0.2139
16.8070;0.2109
16.8080;0.2080
16.8090;0.2051
16.8100;0.1992
16.8110;0.1934
16.8120;0.1846
16.8130;0.1758
16.8140;0.1670
16.8150;0.1611
16.8160;0.1494
16.8170;0.1406
16.8180;0.1318
16.8190;0.1230
16.8200;0.1113
16.8210;0.1025
16.8220;0.0908
16.8230;0.0791
16.8240;0.0674
16.8250;0.0557
16.8260;0.0439
16.8270;0.0322
16.8280;0.0176
16.8290;0.0029
16.8300;-0.0088
16.8310;-0.0205
16.8320;-0.0293
16.8330;-0.0410
16.8340;-0.0527
16.8350;-0.0645
16.8360;-0.0762
16.8370;-0.0937
16.8380;-0.1055
16.8390;-0.1172
16.8400;-0.1318
16.8410;-0.1465
16.8420;-0.1611
16.8430;-0.1729
16.8440;-0.1904
16.8450;-0.1992
16.8460;-0.2109
16.8470;-0.2227
16.8480;-0.2314
16.8490;-0.2373
16.8500;-0.2461
16.8510;-0.2549
16.8520;-0.2607
16.8530;-0.2695
16.8540;-0.2725
16.8550;-0.2783
16.8560;-0.2842
16.8570;-0.2871
16.8580;-0.2930
16.8590;-0.2988
16.8600;-0.3047
16.8610;-0.3076
16.8620;-0.3105
16.8630;-0.3164
16.8640;-0.3193
16.8650;-0.3281
16.8660;-0.3311
16.8670;-0.3340
16.8680;-0.3340
16.8690;-0.3311
16.8700;-0.3311
16.8710;-0.3311
16.8720;-0.3311
16.8730;-0.3311
16.8740;-0.3340
16.8750;-0.3340
16.8760;-0.3340
16.8770;-0.3340
16.8780;-0.3340
16.8790;-0.3340
16.8800;-0.3340
16.8810;-0.3311
16.8820;-0.3311
16.8830;-0.3311
16.8840;-0.3281
16.8850;-0.3252
16.8860;-0.3223
16.8870;-0.3223
16.8880;-0.3193
16.8890;-0.3193
16.8900;-0.3135
16.8910;-0.3105
16.8920;-0.3076
16.8930;-0.3047
16.8940;-0.3047
16.8950;-0.3047
16.8960;-0.3018
16.8970;-0.2959
16.8980;-0.2930
16.8990;-0.2930
16.9000;-0.2871
16.9010;-0.2842
16.9020;-0.2812
16.9030;-0.2783
16.9040;-0.2725
16.9050;-0.2695
16.9060;-0.2666
16.9070;-0.2637
16.9080;-0.2607
16.9090;-0.2578
16.9100;-0.2549
16.9110;-0.2490
16.9120;-0.2461
16.9130;-0.2432
16.9140;-0.2402
16.9150;-0.2402
16.9160;-0.2373
16.9170;-0.2344
16.9180;-0.2344
16.9190;-0.2344
16.9200;-0.2314
16.9210;-0.2256
16.9220;-0.2227
16.9230;-0.2168
16.9240;-0.2168
16.9250;-0.2139
16.9260;-0.2109
16.9270;-0.2109
16.9280;-0.2051
16.9290;-0.1992
16.9300;-0.1963
16.9310;-0.1904
16.9320;-0.1875
16.9330;-0.1846
16.9340;-0.1816
16.9350;-0.1787
16.9360;-0.1758
16.9370;-0.1699
16.9380;-0.1670
16.9390;-0.1670
16.9400;-0.1641
16.9410;-0.1611
16.9420;-0.1553
16.9430;-0.1523
16.9440;-0.1465
16.9450;-0.1465
16.9460;-0.1465
16.9470;-0.1436
16.9480;-0.1406
16.9490;-0.1406
16.9500;-0.1406
16.9510;-0.1377
16.9520;-0.1377
16.9530;-0.1377
16.9540;-0.1348
16.9550;-0.1318
16.9560;-0.1289
16.9570;-0.1260
16.9580;-0.1230
16.9590;-0.1201
16.9600;-0.1201
16.9610;-0.1172
16.9620;-0.1172
16.9630;-0.1143
16.9640;-0.1143
16.9650;-0.1084
16.9660;-0.1084
16.9670;-0.1084
16.9680;-0.1055
16.9690;-0.1055
16.9700;-0.1025
16.9710;-0.1025
16.9720;-0.0996
16.9730;-0.0996
16.9740;-0.0967
16.9750;-0.0967
16.9760;-0.0967
16.9770;-0.0937
16.9780;-0.0967
16.9790;-0.0937
16.9800;-0.0937
16.9810;-0.0937
16.9820;-0.0937
16.9830;-0.0937
16.9840;-0.0908
16.9850;-0.0908
16.9860;-0.0879
16.9870;-0.0850
16.9880;-0.0850
16.9890;-0.0850
16.9900;-0.0850
16.9910;-0.0850
16.9920;-0.0850
16.9930;-0.0820
16.9940;-0.0820
16.9950;-0.0820
16.9960;-0.0820
16.9970;-0.0820
16.9980;-0.0820
16.9990;-0.0791
17.0000;-0.0762
17.0010;-0.0791
17.0020;-0.0791
17.0030;-0.0791
17.0040;-0.0791
17.0050;-0.0820
17.0060;-0.0791
17.0070;-0.0791
17.0080;-0.0791
17.0090;-0.0791
17.0100;-0.0762
17.0110;-0.0732
17.0120;-0.0732
17.0130;-0.0762
17.0140;-0.0762
17.0150;-0.0820
17.0160;-0.0820
17.0170;-0.0850
17.0180;-0.0820
17.0190;-0.0820
17.0200;-0.0820
17.0210;-0.0791
17.0220;-0.0762
17.0230;-0.0762
17.0240;-0.0762
17.0250;-0.0732
17.0260;-0.0732
17.0270;-0.0703
17.0280;-0.0703
17.0290;-0.0674
17.0300;-0.0674
17.0310;-0.0703
17.0320;-0.0703
17.0330;-0.0703
17.0340;-0.0703
17.0350;-0.0703
17.0360;-0.0703
17.0370;-0.0703
17.0380;-0.0703
17.0390;-0.0703
17.0400;-0.0703
17.0410;-0.0703
17.0420;-0.0732
17.0430;-0.0703
17.0440;-0.0703
17.0450;-0.0703
17.0460;-0.0674
17.0470;-0.0674
17.0480;-0.0674
17.0490;-0.0645
17.0500;-0.0645
17.0510;-0.0645
17.0520;-0.0645
17.0530;-0.0645
17.0540;-0.0615
17.0550;-0.0615
17.0560;-0.0615
17.0570;-0.0615
17.0580;-0.0586
17.0590;-0.0586
17.0600;-0.0586
17.0610;-0.0557
17.0620;-0.0527
17.0630;-0.0527
17.0640;-0.0527
17.0650;-0.0527
17.0660;-0.0557
17.0670;-0.0527
17.0680;-0.0557
17.0690;-0.0527
17.0700;-0.0527
17.0710;-0.0557
17.0720;-0.0557
17.0730;-0.0557
17.0740;-0.0527
17.0750;-0.0527
17.0760;-0.0527
17.0770;-0.0498
17.0780;-0.0498
17.0790;-0.0527
17.0800;-0.0527
17.0810;-0.0527
17.0820;-0.0557
17.0830;-0.0557
17.0840;-0.0557
17.0850;-0.0557
17.0860;-0.0557
17.0870;-0.0527
17.0880;-0.0527
17.0890;-0.0498
17.0900;-0.0498
17.0910;-0.0498
17.0920;-0.0498
17.0930;-0.0469
17.0940;-0.0469
17.0950;-0.0469
17.0960;-0.0439
17.0970;-0.0410
17.0980;-0.0439
17.0990;-0.0410
17.1000;-0.0410
17.1010;-0.0410
17.1020;-0.0439
17.1030;-0.0439
17.1040;-0.0439
17.1050;-0.0439
17.1060;-0.0410
17.1070;-0.0410
17.1080;-0.0410
17.1090;-0.0410
17.1100;-0.0381
17.1110;-0.0381
17.1120;-0.0352
17.1130;-0.0352
17.1140;-0.0352
17.1150;-0.0352
17.1160;-0.0352
17.1170;-0.0322
17.1180;-0.0293
17.1190;-0.0322
17.1200;-0.0322
17.1210;-0.0293
17.1220;-0.0322
17.1230;-0.0293
17.1240;-0.0293
17.1250;-0.0293
17.1260;-0.0293
17.1270;-0.0293
17.1280;-0.0322
17.1290;-0.0352
17.1300;-0.0322
17.1310;-0.0322
17.1320;-0.0293
17.1330;-0.0293
17.1340;-0.0264
17.1350;-0.0234
17.1360;-0.0264
17.1370;-0.0264
17.1380;-0.0264
17.1390;-0.0264
17.1400;-0.0264
17.1410;-0.0293
17.1420;-0.0293
17.1430;-0.0322
17.1440;-0.0322
17.1450;-0.0322
17.1460;-0.0322
17.1470;-0.0322
17.1480;-0.0322
17.1490;-0.0322
17.1500;-0.0352
17.1510;-0.0352
17.1520;-0.0381
17.1530;-0.0381
17.1540;-0.0352
17.1550;-0.0381
17.1560;-0.0381
17.1570;-0.0381
17.1580;-0.0381
17.1590;-0.0381
17.1600;-0.0410
17.1610;-0.0410
17.1620;-0.0410
17.1630;-0.0439
17.1640;-0.0439
17.1650;-0.0439
17.1660;-0.0410
17.1670;-0.0410
17.1680;-0.0381
17.1690;-0.0381
17.1700;-0.0352
17.1710;-0.0293
17.1720;-0.0264
17.1730;-0.0264
17.1740;-0.0234
17.1750;-0.0176
17.1760;-0.0117
17.1770;-0.0059
17.1780;0.0000
17.1790;0.0029
17.1800;0.0088
17.1810;0.0117
17.1820;0.0205
17.1830;0.0264
17.1840;0.0322
17.1850;0.0381
17.1860;0.0439
17.1870;0.0469
17.1880;0.0439
17.1890;0.0439
17.1900;0.0410
17.1910;0.0352
17.1920;0.0322
17.1930;0.0234
17.1940;0.0205
17.1950;0.0117
17.1960;0.0117
17.1970;0.0146
17.1980;0.0205
17.1990;0.0234
17.2000;0.0322
17.2010;0.0439
17.2020;0.0527
17.2030;0.0645
17.2040;0.0762
17.2050;0.0879
17.2060;0.0996
17.2070;0.1113
17.2080;0.1201
17.2090;0.1348
17.2100;0.1465
17.2110;0.1582
17.2120;0.1641
17.2130;0.1670
17.2140;0.1699
17.2150;0.1729
17.2160;0.1729
17.2170;0.1699
17.2180;0.1641
17.2190;0.1582
17.2200;0.1523
17.2210;0.1494
17.2220;0.1436
17.2230;0.1377
17.2240;0.1318
17.2250;0.1260
17.2260;0.1201
17.2270;0.1143
17.2280;0.1025
17.2290;0.0908
17.2300;0.0820
17.2310;0.0703
17.2320;0.0586
17.2330;0.0469
17.2340;0.0352
17.2350;0.0234
17.2360;0.0176
17.2370;0.0088
17.2380;0.0000
17.2390;-0.0059
17.2400;-0.0176
17.2410;-0.0293
17.2420;-0.0439
17.2430;-0.0557
17.2440;-0.0674
17.2450;-0.0791
17.2460;-0.0937
17.2470;-0.1025
17.2480;-0.1113
17.2490;-0.1172
17.2500;-0.1260
17.2510;-0.1318
17.2520;-0.1348
17.2530;-0.1406
17.2540;-0.1436
17.2550;-0.1465
17.2560;-0.1494
17.2570;-0.1553
17.2580;-0.1611
17.2590;-0.1641
17.2600;-0.1670
17.2610;-0.1699
17.2620;-0.1729
17.2630;-0.1758
17.2640;-0.1787
17.2650;-0.1787
17.2660;-0.1846
17.2670;-0.1846
17.2680;-0.1875
17.2690;-0.1875
17.2700;-0.1904
17.2710;-0.1904
17.2720;-0.1934
17.2730;-0.1963
17.2740;-0.1963
17.2750;-0.1992
17.2760;-0.1992
17.2770;-0.1992
17.2780;-0.1992
17.2790;-0.2021
17.2800;-0.2021
17.2810;-0.2021
17.2820;-0.2021
17.2830;-0.1992
17.2840;-0.2021
17.2850;-0.2051
17.2860;-0.2080
17.2870;-0.2080
17.2880;-0.2080
17.2890;-0.2080
17.2900;-0.2109
17.2910;-0.2080
17.2920;-0.2109
17.2930;-0.2109
17.2940;-0.2080
17.2950;-0.2080
17.2960;-0.2051
17.2970;-0.2051
17.2980;-0.2021
17.2990;-0.1992
17.3000;-0.1992
17.3010;-0.1992
17.3020;-0.1992
17.3030;-0.1992
17.3040;-0.1992
17.3050;-0.1992
17.3060;-0.1992
17.3070;-0.2021
17.3080;-0.2051
17.3090;-0.2051
17.3100;-0.2051
17.3110;-0.2021
17.3120;-0.2051
17.3130;-0.2080
17.3140;-0.2109
17.3150;-0.2168
17.3160;-0.2256
17.3170;-0.2344
17.3180;-0.2490
17.3190;-0.2607
17.3200;-0.2754
17.3210;-0.2842
17.3220;-0.2930
17.3230;-0.3018
17.3240;-0.3047
17.3250;-0.3047
17.3260;-0.3076
17.3270;-0.3076
17.3280;-0.3018
17.3290;-0.2930
17.3300;-0.2842
17.3310;-0.2725
17.3320;-0.2549
17.3330;-0.2373
17.3340;-0.2168
17.3350;-0.1934
17.3360;-0.1641
17.3370;-0.1260
17.3380;-0.0820
17.3390;-0.0293
17.3400;0.0293
17.3410;0.1025
17.3420;0.1846
17.3430;0.2783
17.3440;0.3721
17.3450;0.4629
17.3460;0.5479
17.3470;0.6357
17.3480;0.7295
17.3490;0.8291
17.3500;0.9287
17.3510;1.0342
17.3520;1.1426
17.3530;1.2480
17.3540;1.3447
17.3550;1.4385
17.3560;1.4941
17.3570;1.4941
17.3580;1.4941
17.3590;1.4941
17.3600;1.4941
17.3610;1.4941
17.3620;1.4941
17.3630;1.4941
17.3640;1.4941
17.3650;1.4941
17.3660;1.4209
17.3670;1.2979
17.3680;1.1543
17.3690;1.0049
17.3700;0.8379
17.3710;0.6650
17.3720;0.4805
17.3730;0.3047
17.3740;0.1494
17.3750;0.0088
17.3760;-0.1143
17.3770;-0.2227
17.3780;-0.3076
17.3790;-0.3779
17.3800;-0.4336
17.3810;-0.4775
17.3820;-0.5186
17.3830;-0.5596
17.3840;-0.5977
17.3850;-0.6270
17.3860;-0.6533
17.3870;-0.6768
17.3880;-0.6855
17.3890;-0.6943
17.3900;-0.7002
17.3910;-0.7031
17.3920;-0.7061
17.3930;-0.7090
17.3940;-0.7061
17.3950;-0.7031
17.3960;-0.6973
17.3970;-0.6914
17.3980;-0.6826
17.3990;-0.6738
17.4000;-0.6621
17.4010;-0.6475
17.4020;-0.6299
17.4030;-0.6094
17.4040;-0.5889
17.4050;-0.5684
17.4060;-0.5508
17.4070;-0.5273
17.4080;-0.5068
17.4090;-0.4893
17.4100;-0.4688
17.4110;-0.4541
17.4120;-0.4395
17.4130;-0.4248
17.4140;-0.4160
17.4150;-0.4043
17.4160;-0.3984
17.4170;-0.3896
17.4180;-0.3838
17.4190;-0.3779
17.4200;-0.3721
17.4210;-0.3662
17.4220;-0.3604
17.4230;-0.3574
17.4240;-0.3516
17.4250;-0.3486
17.4260;-0.3428
17.4270;-0.3369
17.4280;-0.3340
17.4290;-0.3281
17.4300;-0.3252
17.4310;-0.3193
17.4320;-0.3164
17.4330;-0.3105
17.4340;-0.3047
17.4350;-0.3018
17.4360;-0.2988
17.4370;-0.2930
17.4380;-0.2930
17.4390;-0.2871
17.4400;-0.2871
17.4410;-0.2842
17.4420;-0.2842
17.4430;-0.2783
17.4440;-0.2754
17.4450;-0.2725
17.4460;-0.2695
17.4470;-0.2666
17.4480;-0.2607
17.4490;-0.2549
17.4500;-0.2490
17.4510;-0.2432
17.4520;-0.2402
17.4530;-0.2373
17.4540;-0.2344
17.4550;-0.2285
17.4560;-0.2227
17.4570;-0.2139
17.4580;-0.2109
17.4590;-0.2080
17.4600;-0.2021
17.4610;-0.1992
17.4620;-0.1992
17.4630;-0.1963
17.4640;-0.1934
17.4650;-0.1934
17.4660;-0.1904
17.4670;-0.1904
17.4680;-0.1904
17.4690;-0.1875
17.4700;-0.1846
17.4710;-0.1846
17.4720;-0.1816
17.4730;-0.1787
17.4740;-0.1758
17.4750;-0.1699
17.4760;-0.1670
17.4770;-0.1670
17.4780;-0.1641
17.4790;-0.1641
17.4800;-0.1582
17.4810;-0.1553
17.4820;-0.1494
17.4830;-0.1494
17.4840;-0.1465
17.4850;-0.1436
17.4860;-0.1436
17.4870;-0.1406
17.4880;-0.1377
17.4890;-0.1377
17.4900;-0.1348
17.4910;-0.1318
17.4920;-0.1318
17.4930;-0.1289
17.4940;-0.1260
17.4950;-0.1230
17.4960;-0.1201
17.4970;-0.1201
17.4980;-0.1172
17.4990;-0.1084
17.5000;-0.1055
17.5010;-0.0996
17.5020;-0.0967
17.5030;-0.0937
17.5040;-0.0937
17.5050;-0.0908
17.5060;-0.0908
17.5070;-0.0908
17.5080;-0.0850
17.5090;-0.0820
17.5100;-0.0762
17.5110;-0.0732
17.5120;-0.0674
17.5130;-0.0645
17.5140;-0.0615
17.5150;-0.0586
17.5160;-0.0527
17.5170;-0.0469
17.5180;-0.0439
17.5190;-0.0381
17.5200;-0.0352
17.5210;-0.0293
17.5220;-0.0234
17.5230;-0.0205
17.5240;-0.0117
17.5250;-0.0059
17.5260;0.0000
17.5270;0.0029
17.5280;0.0059
17.5290;0.0088
17.5300;0.0146
17.5310;0.0176
17.5320;0.0205
17.5330;0.0264
17.5340;0.0322
17.5350;0.0352
17.5360;0.0352
17.5370;0.0381
17.5380;0.0439
17.5390;0.0498
17.5400;0.0557
17.5410;0.0615
17.5420;0.0674
17.5430;0.0732
17.5440;0.0791
17.5450;0.0791
17.5460;0.0791
17.5470;0.0820
17.5480;0.0820
17.5490;0.0820
17.5500;0.0850
17.5510;0.0908
17.5520;0.0937
17.5530;0.0937
17.5540;0.0967
17.5550;0.0996
17.5560;0.1025
17.5570;0.1025
17.5580;0.1025
17.5590;0.1025
17.5600;0.1055
17.5610;0.1055
17.5620;0.1025
17.5630;0.1025
17.5640;0.1025
17.5650;0.0967
17.5660;0.0967
17.5670;0.0937
17.5680;0.0908
17.5690;0.0879
17.5700;0.0820
17.5710;0.0820
17.5720;0.0820
17.5730;0.0791
17.5740;0.0791
17.5750;0.0762
17.5760;0.0703
17.5770;0.0674
17.5780;0.0615
17.5790;0.0586
17.5800;0.0527
17.5810;0.0469
17.5820;0.0439
17.5830;0.0352
17.5840;0.0264
17.5850;0.0205
17.5860;0.0117
17.5870;0.0059
17.5880;-0.0029
17.5890;-0.0117
17.5900;-0.0234
17.5910;-0.0352
17.5920;-0.0498
17.5930;-0.0615
17.5940;-0.0732
17.5950;-0.0820
17.5960;-0.0937
17.5970;-0.1084
17.5980;-0.1230
17.5990;-0.1377
17.6000;-0.1523
17.6010;-0.1670
17.6020;-0.1787
17.6030;-0.1934
17.6040;-0.2051
17.6050;-0.2197
17.6060;-0.2344
17.6070;-0.2490
17.6080;-0.2637
17.6090;-0.2783
17.6100;-0.2900
17.6110;-0.3047
17.6120;-0.3193
17.6130;-0.3281
17.6140;-0.3398
17.6150;-0.3545
17.6160;-0.3662
17.6170;-0.3809
17.6180;-0.3926
17.6190;-0.4014
17.6200;-0.4131
17.6210;-0.4219
17.6220;-0.4336
17.6230;-0.4395
17.6240;-0.4453
17.6250;-0.4512
17.6260;-0.4600
17.6270;-0.4658
17.6280;-0.4717
17.6290;-0.4805
17.6300;-0.4863
17.6310;-0.4951
17.6320;-0.4980
17.6330;-0.5068
17.6340;-0.5068
17.6350;-0.5068
17.6360;-0.5098
17.6370;-0.5156
17.6380;-0.5156
17.6390;-0.5156
17.6400;-0.5156
17.6410;-0.5156
17.6420;-0.5186
17.6430;-0.5186
17.6440;-0.5186
17.6450;-0.5156
17.6460;-0.5156
17.6470;-0.5186
17.6480;-0.5186
17.6490;-0.5215
17.6500;-0.5244
17.6510;-0.5215
17.6520;-0.5186
17.6530;-0.5186
17.6540;-0.5156
17.6550;-0.5127
17.6560;-0.5098
17.6570;-0.5098
17.6580;-0.5098
17.6590;-0.5068
17.6600;-0.5039
17.6610;-0.5010
17.6620;-0.4951
17.6630;-0.4922
17.6640;-0.4893
17.6650;-0.4893
17.6660;-0.4834
17.6670;-0.4805
17.6680;-0.4834
17.6690;-0.4834
17.6700;-0.4805
17.6710;-0.4805
17.6720;-0.4717
17.6730;-0.4688
17.6740;-0.4658
17.6750;-0.4629
17.6760;-0.4629
17.6770;-0.4600
17.6780;-0.4541
17.6790;-0.4482
17.6800;-0.4453
17.6810;-0.4395
17.6820;-0.4336
17.6830;-0.4307
17.6840;-0.4248
17.6850;-0.4219
17.6860;-0.4131
17.6870;-0.4102
17.6880;-0.4043
17.6890;-0.4043
17.6900;-0.4014
17.6910;-0.3984
17.6920;-0.3984
17.6930;-0.3955
17.6940;-0.3955
17.6950;-0.3896
17.6960;-0.3838
17.6970;-0.3838
17.6980;-0.3838
17.6990;-0.3809
17.7000;-0.3779
17.7010;-0.3779
17.7020;-0.3750
17.7030;-0.3721
17.7040;-0.3662
17.7050;-0.3604
17.7060;-0.3545
17.7070;-0.3516
17.7080;-0.3516
17.7090;-0.3457
17.7100;-0.3428
17.7110;-0.3340
17.7120;-0.3311
17.7130;-0.3311
17.7140;-0.3281
17.7150;-0.3252
17.7160;-0.3252
17.7170;-0.3223
17.7180;-0.3193
17.7190;-0.3164
17.7200;-0.3135
17.7210;-0.3105
17.7220;-0.3076
17.7230;-0.3076
17.7240;-0.3076
17.7250;-0.3047
17.7260;-0.3047
17.7270;-0.3018
17.7280;-0.2959
17.7290;-0.2871
17.7300;-0.2842
17.7310;-0.2812
17.7320;-0.2812
17.7330;-0.2812
17.7340;-0.2812
17.7350;-0.2812
17.7360;-0.2783
17.7370;-0.2783
17.7380;-0.2754
17.7390;-0.2725
17.7400;-0.2725
17.7410;-0.2695
17.7420;-0.2637
17.7430;-0.2607
17.7440;-0.2607
17.7450;-0.2607
17.7460;-0.2607
17.7470;-0.2607
17.7480;-0.2607
17.7490;-0.2578
17.7500;-0.2549
17.7510;-0.2520
17.7520;-0.2549
17.7530;-0.2490
17.7540;-0.2461
17.7550;-0.2461
17.7560;-0.2461
17.7570;-0.2432
17.7580;-0.2461
17.7590;-0.2461
17.7600;-0.2402
17.7610;-0.2373
17.7620;-0.2344
17.7630;-0.2314
17.7640;-0.2314
17.7650;-0.2314
17.7660;-0.2314
17.7670;-0.2314
17.7680;-0.2314
17.7690;-0.2285
17.7700;-0.2256
17.7710;-0.2227
17.7720;-0.2256
17.7730;-0.2227
17.7740;-0.2227
17.7750;-0.2197
17.7760;-0.2197
17.7770;-0.2168
17.7780;-0.2168
17.7790;-0.2139
17.7800;-0.2139
17.7810;-0.2109
17.7820;-0.2109
17.7830;-0.2109
17.7840;-0.2080
17.7850;-0.2080
17.7860;-0.2080
17.7870;-0.2080
17.7880;-0.2051
17.7890;-0.2051
17.7900;-0.2021
17.7910;-0.1992
17.7920;-0.1992
17.7930;-0.1992
17.7940;-0.1963
17.7950;-0.1963
17.7960;-0.1963
17.7970;-0.1963
17.7980;-0.1934
17.7990;-0.1934
17.8000;-0.1934
17.8010;-0.1904
17.8020;-0.1934
17.8030;-0.1904
17.8040;-0.1904
17.8050;-0.1934
17.8060;-0.1904
17.8070;-0.1904
17.8080;-0.1875
17.8090;-0.1846
17.8100;-0.1846
17.8110;-0.1846
17.8120;-0.1846
17.8130;-0.1875
17.8140;-0.1816
17.8150;-0.1846
17.8160;-0.1846
17.8170;-0.1787
17.8180;-0.1787
17.8190;-0.1758
17.8200;-0.1758
17.8210;-0.1729
17.8220;-0.1758
17.8230;-0.1758
17.8240;-0.1758
17.8250;-0.1758
17.8260;-0.1758
17.8270;-0.1699
17.8280;-0.1699
17.8290;-0.1729
17.8300;-0.1729
17.8310;-0.1729
17.8320;-0.1729
17.8330;-0.1729
17.8340;-0.1699
17.8350;-0.1699
17.8360;-0.1699
17.8370;-0.1670
17.8380;-0.1670
17.8390;-0.1670
17.8400;-0.1641
17.8410;-0.1611
17.8420;-0.1611
17.8430;-0.1582
17.8440;-0.1582
17.8450;-0.1582
17.8460;-0.1582
17.8470;-0.1553
17.8480;-0.1553
17.8490;-0.1553
17.8500;-0.1582
17.8510;-0.1582
17.8520;-0.1553
17.8530;-0.1582
17.8540;-0.1582
17.8550;-0.1582
17.8560;-0.1553
17.8570;-0.1553
17.8580;-0.1523
17.8590;-0.1494
17.8600;-0.1523
17.8610;-0.1494
17.8620;-0.1523
17.8630;-0.1523
17.8640;-0.1553
17.8650;-0.1553
17.8660;-0.1553
17.8670;-0.1523
17.8680;-0.1523
17.8690;-0.1523
17.8700;-0.1494
17.8710;-0.1494
17.8720;-0.1494
17.8730;-0.1494
17.8740;-0.1494
17.8750;-0.1465
17.8760;-0.1465
17.8770;-0.1465
17.8780;-0.1465
17.8790;-0.1465
17.8800;-0.1494
17.8810;-0.1494
17.8820;-0.1553
17.8830;-0.1523
17.8840;-0.1553
17.8850;-0.1523
17.8860;-0.1494
17.8870;-0.1494
17.8880;-0.1494
17.8890;-0.1494
17.8900;-0.1436
17.8910;-0.1377
17.8920;-0.1348
17.8930;-0.1377
17.8940;-0.1377
17.8950;-0.1348
17.8960;-0.1377
17.8970;-0.1406
17.8980;-0.1406
17.8990;-0.1406
17.9000;-0.1406
17.9010;-0.1377
17.9020;-0.1348
17.9030;-0.1318
17.9040;-0.1318
17.9050;-0.1318
17.9060;-0.1318
17.9070;-0.1318
17.9080;-0.1318
17.9090;-0.1318
17.9100;-0.1318
17.9110;-0.1318
17.9120;-0.1318
17.9130;-0.1318
17.9140;-0.1318
17.9150;-0.1348
17.9160;-0.1377
17.9170;-0.1377
17.9180;-0.1318
17.9190;-0.1289
17.9200;-0.1289
17.9210;-0.1260
17.9220;-0.1230
17.9230;-0.1230
17.9240;-0.1230
17.9250;-0.1201
17.9260;-0.1143
17.9270;-0.1113
17.9280;-0.1055
17.9290;-0.0937
17.9300;-0.0908
17.9310;-0.0850
17.9320;-0.0791
17.9330;-0.0762
17.9340;-0.0703
17.9350;-0.0615
17.9360;-0.0527
17.9370;-0.0469
17.9380;-0.0410
17.9390;-0.0381
17.9400;-0.0352
17.9410;-0.0293
17.9420;-0.0234
17.9430;-0.0234
17.9440;-0.0205
17.9450;-0.0234
17.9460;-0.0264
17.9470;-0.0264
17.9480;-0.0264
17.9490;-0.0293
17.9500;-0.0293
17.9510;-0.0293
17.9520;-0.0293
17.9530;-0.0264
17.9540;-0.0176
17.9550;-0.0059
17.9560;0.0029
17.9570;0.0146
17.9580;0.0234
17.9590;0.0410
17.9600;0.0557
17.9610;0.0674
17.9620;0.0762
17.9630;0.0820
17.9640;0.0937
17.9650;0.1084
17.9660;0.1201
17.9670;0.1260
17.9680;0.1318
17.9690;0.1348
17.9700;0.1348
17.9710;0.1348
17.9720;0.1377
17.9730;0.1377
17.9740;0.1377
17.9750;0.1318
17.9760;0.1289
17.9770;0.1289
17.9780;0.1230
17.9790;0.1172
17.9800;0.1113
17.9810;0.1055
17.9820;0.1025
17.9830;0.0996
17.9840;0.0908
17.9850;0.0820
17.9860;0.0732
17.9870;0.0645
17.9880;0.0527
17.9890;0.0439
17.9900;0.0352
17.9910;0.0264
17.9920;0.0146
17.9930;0.0029
17.9940;-0.0029
17.9950;-0.0088
17.9960;-0.0117
17.9970;-0.0205
17.9980;-0.0264
17.9990;-0.0410
18.0000;-0.0557
18.0010;-0.0674
18.0020;-0.0762
18.0030;-0.0850
18.0040;-0.0908
18.0050;-0.0937
18.0060;-0.0996
18.0070;-0.1025
18.0080;-0.1055
18.0090;-0.1084
18.0100;-0.1113
18.0110;-0.1143
18.0120;-0.1172
18.0130;-0.1230
18.0140;-0.1260
18.0150;-0.1289
18.0160;-0.1318
18.0170;-0.1348
18.0180;-0.1348
18.0190;-0.1348
18.0200;-0.1377
18.0210;-0.1348
18.0220;-0.1377
18.0230;-0.1377
18.0240;-0.1348
18.0250;-0.1377
18.0260;-0.1406
18.0270;-0.1348
18.0280;-0.1318
18.0290;-0.1318
18.0300;-0.1318
18.0310;-0.1318
18.0320;-0.1318
18.0330;-0.1318
18.0340;-0.1318
18.0350;-0.1318
18.0360;-0.1289
18.0370;-0.1289
18.0380;-0.1260
18.0390;-0.1230
18.0400;-0.1201
18.0410;-0.1172
18.0420;-0.1143
18.0430;-0.1172
18.0440;-0.1172
18.0450;-0.1172
18.0460;-0.1143
18.0470;-0.1172
18.0480;-0.1172
18.0490;-0.1172
18.0500;-0.1143
18.0510;-0.1172
18.0520;-0.1172
18.0530;-0.1143
18.0540;-0.1143
18.0550;-0.1084
18.0560;-0.1055
18.0570;-0.1055
18.0580;-0.1025
18.0590;-0.0937
18.0600;-0.0908
18.0610;-0.0908
18.0620;-0.0879
18.0630;-0.0879
18.0640;-0.0850
18.0650;-0.0850
18.0660;-0.0791
18.0670;-0.0791
18.0680;-0.0791
18.0690;-0.0791
18.0700;-0.0820
18.0710;-0.0879
18.0720;-0.0937
18.0730;-0.1055
18.0740;-0.1143
18.0750;-0.1289
18.0760;-0.1436
18.0770;-0.1553
18.0780;-0.1670
18.0790;-0.1758
18.0800;-0.1787
18.0810;-0.1816
18.0820;-0.1816
18.0830;-0.1816
18.0840;-0.1787
18.0850;-0.1729
18.0860;-0.1611
18.0870;-0.1406
18.0880;-0.1201
18.0890;-0.0996
18.0900;-0.0732
18.0910;-0.0410
18.0920;-0.0059
18.0930;0.0264
18.0940;0.0674
18.0950;0.1172
18.0960;0.1729
18.0970;0.2314
18.0980;0.3018
18.0990;0.3838
18.1000;0.4658
18.1010;0.5479
18.1020;0.6299
18.1030;0.7119
18.1040;0.8057
18.1050;0.8994
18.1060;1.0020
18.1070;1.1016
18.1080;1.2041
18.1090;1.3066
18.1100;1.4033
18.1110;1.4883
18.1120;1.4941
18.1130;1.4941
18.1140;1.4941
18.1150;1.4941
18.1160;1.4941
18.1170;1.4941
18.1180;1.4941
18.1190;1.4941
18.1200;1.4941
18.1210;1.4941
18.1220;1.4531
18.1230;1.3359
18.1240;1.2070
18.1250;1.0723
18.1260;0.9287
18.1270;0.7705
18.1280;0.6035
18.1290;0.4453
18.1300;0.3018
18.1310;0.1729
18.1320;0.0557
18.1330;-0.0410
18.1340;-0.1260
18.1350;-0.1963
18.1360;-0.2490
18.1370;-0.2871
18.1380;-0.3252
18.1390;-0.3545
18.1400;-0.3838
18.1410;-0.4102
18.1420;-0.4336
18.1430;-0.4570
18.1440;-0.4775
18.1450;-0.4951
18.1460;-0.5098
18.1470;-0.5186
18.1480;-0.5215
18.1490;-0.5186
18.1500;-0.5156
18.1510;-0.5156
18.1520;-0.5039
18.1530;-0.4951
18.1540;-0.4834
18.1550;-0.4805
18.1560;-0.4688
18.1570;-0.4600
18.1580;-0.4482
18.1590;-0.4336
18.1600;-0.4219
18.1610;-0.4014
18.1620;-0.3779
18.1630;-0.3545
18.1640;-0.3223
18.1650;-0.2959
18.1660;-0.2725
18.1670;-0.2461
18.1680;-0.2227
18.1690;-0.2021
18.1700;-0.1846
18.1710;-0.1670
18.1720;-0.1494
18.1730;-0.1377
18.1740;-0.1201
18.1750;-0.1113
18.1760;-0.1025
18.1770;-0.0967
18.1780;-0.0937
18.1790;-0.0850
18.1800;-0.0820
18.1810;-0.0732
18.1820;-0.0703
18.1830;-0.0586
18.1840;-0.0557
18.1850;-0.0527
18.1860;-0.0498
18.1870;-0.0469
18.1880;-0.0381
18.1890;-0.0352
18.1900;-0.0264
18.1910;-0.0205
18.1920;-0.0146
18.1930;-0.0117
18.1940;-0.0117
18.1950;-0.0088
18.1960;-0.0029
18.1970;0.0029
18.1980;0.0059
18.1990;0.0088
18.2000;0.0088
18.2010;0.0117
18.2020;0.0176
18.2030;0.0205
18.2040;0.0234
18.2050;0.0234
18.2060;0.0264
18.2070;0.0322
18.2080;0.0352
18.2090;0.0410
18.2100;0.0439
18.2110;0.0469
18.2120;0.0498
18.2130;0.0586
18.2140;0.0645
18.2150;0.0674
18.2160;0.0703
18.2170;0.0762
18.2180;0.0820
18.2190;0.0908
18.2200;0.0908
18.2210;0.0937
18.2220;0.0937
18.2230;0.0937
18.2240;0.0967
18.2250;0.1025
18.2260;0.1055
18.2270;0.1113
18.2280;0.1113
18.2290;0.1113
18.2300;0.1113
18.2310;0.1143
18.2320;0.1143
18.2330;0.1113
18.2340;0.1143
18.2350;0.1230
18.2360;0.1289
18.2370;0.1348
18.2380;0.1377
18.2390;0.1406
18.2400;0.1406
18.2410;0.1436
18.2420;0.1494
18.2430;0.1523
18.2440;0.1523
18.2450;0.1553
18.2460;0.1641
18.2470;0.1670
18.2480;0.1729
18.2490;0.1758
18.2500;0.1816
18.2510;0.1846
18.2520;0.1846
18.2530;0.1904
18.2540;0.1904
18.2550;0.1963
18.2560;0.1963
18.2570;0.2021
18.2580;0.2051
18.2590;0.2080
18.2600;0.2080
18.2610;0.2139
18.2620;0.2168
18.2630;0.2168
18.2640;0.2227
18.2650;0.2256
18.2660;0.2314
18.2670;0.2314
18.2680;0.2344
18.2690;0.2432
18.2700;0.2490
18.2710;0.2520
18.2720;0.2549
18.2730;0.2607
18.2740;0.2666
18.2750;0.2666
18.2760;0.2695
18.2770;0.2725
18.2780;0.2754
18.2790;0.2812
18.2800;0.2871
18.2810;0.2900
18.2820;0.2930
18.2830;0.3018
18.2840;0.3076
18.2850;0.3135
18.2860;0.3193
18.2870;0.3252
18.2880;0.3311
18.2890;0.3340
18.2900;0.3369
18.2910;0.3398
18.2920;0.3457
18.2930;0.3457
18.2940;0.3516
18.2950;0.3545
18.2960;0.3633
18.2970;0.3633
18.2980;0.3633
18.2990;0.3691
18.3000;0.3721
18.3010;0.3750
18.3020;0.3809
18.3030;0.3838
18.3040;0.3838
18.3050;0.3867
18.3060;0.3896
18.3070;0.3926
18.3080;0.3955
18.3090;0.3955
18.3100;0.4014
18.3110;0.4043
18.3120;0.4072
18.3130;0.4102
18.3140;0.4102
18.3150;0.4072
18.3160;0.4072
18.3170;0.4072
18.3180;0.4043
18.3190;0.4072
18.3200;0.4043
18.3210;0.4072
18.3220;0.4043
18.3230;0.3984
18.3240;0.3955
18.3250;0.3955
18.3260;0.3896
18.3270;0.3896
18.3280;0.3867
18.3290;0.3838
18.3300;0.3809
18.3310;0.3779
18.3320;0.3750
18.3330;0.3691
18.3340;0.3662
18.3350;0.3604
18.3360;0.3574
18.3370;0.3516
18.3380;0.3486
18.3390;0.3428
18.3400;0.3369
18.3410;0.3311
18.3420;0.3223
18.3430;0.3135
18.3440;0.3018
18.3450;0.2871
18.3460;0.2783
18.3470;0.2666
18.3480;0.2549
18.3490;0.2432
18.3500;0.2314
18.3510;0.2168
18.3520;0.2051
18.3530;0.1934
18.3540;0.1846
18.3550;0.1699
18.3560;0.1523
18.3570;0.1377
18.3580;0.1230
18.3590;0.1084
18.3600;0.0908
18.3610;0.0762
18.3620;0.0645
18.3630;0.0469
18.3640;0.0352
18.3650;0.0205
18.3660;0.0088
18.3670;-0.0029
18.3680;-0.0176
18.3690;-0.0264
18.3700;-0.0352
18.3710;-0.0469
18.3720;-0.0586
18.3730;-0.0732
18.3740;-0.0820
18.3750;-0.0908
18.3760;-0.1025
18.3770;-0.1113
18.3780;-0.1230
18.3790;-0.1289
18.3800;-0.1377
18.3810;-0.1465
18.3820;-0.1523
18.3830;-0.1611
18.3840;-0.1699
18.3850;-0.1787
18.3860;-0.1846
18.3870;-0.1846
18.3880;-0.1875
18.3890;-0.1875
18.3900;-0.1904
18.3910;-0.1934
18.3920;-0.1963
18.3930;-0.1992
18.3940;-0.2021
18.3950;-0.2080
18.3960;-0.2109
18.3970;-0.2168
18.3980;-0.2168
18.3990;-0.2168
18.4000;-0.2197
18.4010;-0.2197
18.4020;-0.2227
18.4030;-0.2197
18.4040;-0.2227
18.4050;-0.2256
18.4060;-0.2256
18.4070;-0.2227
18.4080;-0.2197
18.4090;-0.2168
18.4100;-0.2168
18.4110;-0.2139
18.4120;-0.2139
18.4130;-0.2109
18.4140;-0.2109
18.4150;-0.2051
18.4160;-0.1992
18.4170;-0.1992
18.4180;-0.1992
18.4190;-0.1963
18.4200;-0.1934
18.4210;-0.1904
18.4220;-0.1875
18.4230;-0.1846
18.4240;-0.1816
18.4250;-0.1787
18.4260;-0.1787
18.4270;-0.1758
18.4280;-0.1699
18.4290;-0.1670
18.4300;-0.1670
18.4310;-0.1641
18.4320;-0.1582
18.4330;-0.1553
18.4340;-0.1523
18.4350;-0.1465
18.4360;-0.1436
18.4370;-0.1406
18.4380;-0.1348
18.4390;-0.1318
18.4400;-0.1289
18.4410;-0.1260
18.4420;-0.1230
18.4430;-0.1201
18.4440;-0.1172
18.4450;-0.1172
18.4460;-0.1172
18.4470;-0.1143
18.4480;-0.1143
18.4490;-0.1084
18.4500;-0.1084
18.4510;-0.1055
18.4520;-0.1025
18.4530;-0.0967
18.4540;-0.0937
18.4550;-0.0937
18.4560;-0.0850
18.4570;-0.0850
18.4580;-0.0791
18.4590;-0.0762
18.4600;-0.0732
18.4610;-0.0674
18.4620;-0.0645
18.4630;-0.0615
18.4640;-0.0586
18.4650;-0.0527
18.4660;-0.0498
18.4670;-0.0498
18.4680;-0.0469
18.4690;-0.0410
18.4700;-0.0381
18.4710;-0.0352
18.4720;-0.0322
18.4730;-0.0293
18.4740;-0.0264
18.4750;-0.0234
18.4760;-0.0234
18.4770;-0.0176
18.4780;-0.0146
18.4790;-0.0146
18.4800;-0.0117
18.4810;-0.0059
18.4820;-0.0029
18.4830;0.0000
18.4840;0.0029
18.4850;0.0059
18.4860;0.0088
18.4870;0.0088
18.4880;0.0088
18.4890;0.0088
18.4900;0.0088
18.4910;0.0088
18.4920;0.0088
18.4930;0.0088
18.4940;0.0088
18.4950;0.0117
18.4960;0.0117
18.4970;0.0117
18.4980;0.0117
18.4990;0.0117
18.5000;0.0146
18.5010;0.0176
18.5020;0.0205
18.5030;0.0264
18.5040;0.0293
18.5050;0.0322
18.5060;0.0352
18.5070;0.0322
18.5080;0.0293
18.5090;0.0322
18.5100;0.0322
18.5110;0.0352
18.5120;0.0352
18.5130;0.0381
18.5140;0.0381
18.5150;0.0439
18.5160;0.0469
18.5170;0.0498
18.5180;0.0527
18.5190;0.0498
18.5200;0.0498
18.5210;0.0498
18.5220;0.0498
18.5230;0.0498
18.5240;0.0469
18.5250;0.0469
18.5260;0.0469
18.5270;0.0498
18.5280;0.0498
18.5290;0.0527
18.5300;0.0527
18.5310;0.0557
18.5320;0.0557
18.5330;0.0557
18.5340;0.0557
18.5350;0.0586
18.5360;0.0586
18.5370;0.0586
18.5380;0.0586
18.5390;0.0557
18.5400;0.0557
18.5410;0.0498
18.5420;0.0498
18.5430;0.0469
18.5440;0.0469
18.5450;0.0498
18.5460;0.0527
18.5470;0.0527
18.5480;0.0557
18.5490;0.0586
18.5500;0.0615
18.5510;0.0615
18.5520;0.0615
18.5530;0.0615
18.5540;0.0615
18.5550;0.0586
18.5560;0.0586
18.5570;0.0586
18.5580;0.0586
18.5590;0.0615
18.5600;0.0615
18.5610;0.0615
18.5620;0.0645
18.5630;0.0674
18.5640;0.0674
18.5650;0.0674
18.5660;0.0674
18.5670;0.0615
18.5680;0.0615
18.5690;0.0645
18.5700;0.0674
18.5710;0.0674
18.5720;0.0674
18.5730;0.0674
18.5740;0.0674
18.5750;0.0645
18.5760;0.0674
18.5770;0.0674
18.5780;0.0645
18.5790;0.0645
18.5800;0.0645
18.5810;0.0674
18.5820;0.0674
18.5830;0.0674
18.5840;0.0645
18.5850;0.0674
18.5860;0.0674
18.5870;0.0703
18.5880;0.0703
18.5890;0.0703
18.5900;0.0703
18.5910;0.0762
18.5920;0.0791
18.5930;0.0820
18.5940;0.0850
18.5950;0.0850
18.5960;0.0850
18.5970;0.0820
18.5980;0.0820
18.5990;0.0820
18.6000;0.0791
18.6010;0.0791
18.6020;0.0791
18.6030;0.0791
18.6040;0.0820
18.6050;0.0850
18.6060;0.0820
18.6070;0.0820
18.6080;0.0820
18.6090;0.0791
18.6100;0.0820
18.6110;0.0820
18.6120;0.0820
18.6130;0.0850
18.6140;0.0850
18.6150;0.0820
18.6160;0.0850
18.6170;0.0850
18.6180;0.0850
18.6190;0.0879
18.6200;0.0879
18.6210;0.0879
18.6220;0.0908
18.6230;0.0908
18.6240;0.0967
18.6250;0.1025
18.6260;0.1055
18.6270;0.1113
18.6280;0.1143
18.6290;0.1230
18.6300;0.1289
18.6310;0.1318
18.6320;0.1406
18.6330;0.1436
18.6340;0.1465
18.6350;0.1494
18.6360;0.1553
18.6370;0.1582
18.6380;0.1670
18.6390;0.1729
18.6400;0.1758
18.6410;0.1758
18.6420;0.1758
18.6430;0.1758
18.6440;0.1729
18.6450;0.1670
18.6460;0.1641
18.6470;0.1641
18.6480;0.1670
18.6490;0.1729
18.6500;0.1758
18.6510;0.1816
18.6520;0.1904
18.6530;0.2021
18.6540;0.2197
18.6550;0.2373
18.6560;0.2549
18.6570;0.2695
18.6580;0.2871
18.6590;0.3018
18.6600;0.3164
18.6610;0.3223
18.6620;0.3281
18.6630;0.3311
18.6640;0.3311
18.6650;0.3311
18.6660;0.3311
18.6670;0.3281
18.6680;0.3252
18.6690;0.3223
18.6700;0.3164
18.6710;0.3105
18.6720;0.3047
18.6730;0.3018
18.6740;0.2988
18.6750;0.2900
18.6760;0.2871
18.6770;0.2842
18.6780;0.2812
18.6790;0.2754
18.6800;0.2695
18.6810;0.2607
18.6820;0.2578
18.6830;0.2461
18.6840;0.2373
18.6850;0.2256
18.6860;0.2139
18.6870;0.1992
18.6880;0.1875
18.6890;0.1816
18.6900;0.1699
18.6910;0.1582
18.6920;0.1494
18.6930;0.1348
18.6940;0.1230
18.6950;0.1055
18.6960;0.0937
18.6970;0.0850
18.6980;0.0762
18.6990;0.0703
18.7000;0.0586
18.7010;0.0498
18.7020;0.0410
18.7030;0.0352
18.7040;0.0322
18.7050;0.0264
18.7060;0.0234
18.7070;0.0205
18.7080;0.0146
18.7090;0.0088
18.7100;0.0088
18.7110;0.0029
18.7120;0.0000
18.7130;-0.0059
18.7140;-0.0088
18.7150;-0.0088
18.7160;-0.0117
18.7170;-0.0117
18.7180;-0.0117
18.7190;-0.0146
18.7200;-0.0205
18.7210;-0.0234
18.7220;-0.0205
18.7230;-0.0234
18.7240;-0.0234
18.7250;-0.0264
18.7260;-0.0293
18.7270;-0.0293
18.7280;-0.0264
18.7290;-0.0264
18.7300;-0.0264
18.7310;-0.0264
18.7320;-0.0264
18.7330;-0.0234
18.7340;-0.0234
18.7350;-0.0234
18.7360;-0.0234
18.7370;-0.0205
18.7380;-0.0234
18.7390;-0.0234
18.7400;-0.0234
18.7410;-0.0205
18.7420;-0.0205
18.7430;-0.0205
18.7440;-0.0205
18.7450;-0.0205
18.7460;-0.0205
18.7470;-0.0205
18.7480;-0.0205
18.7490;-0.0205
18.7500;-0.0205
18.7510;-0.0205
18.7520;-0.0234
18.7530;-0.0205
18.7540;-0.0176
18.7550;-0.0146
18.7560;-0.0176
18.7570;-0.0146
18.7580;-0.0146
18.7590;-0.0146
18.7600;-0.0176
18.7610;-0.0146
18.7620;-0.0176
18.7630;-0.0146
18.7640;-0.0176
18.7650;-0.0176
18.7660;-0.0205
18.7670;-0.0264
18.7680;-0.0322
18.7690;-0.0410
18.7700;-0.0527
18.7710;-0.0703
18.7720;-0.0820
18.7730;-0.0996
18.7740;-0.1084
18.7750;-0.1230
18.7760;-0.1318
18.7770;-0.1348
18.7780;-0.1318
18.7790;-0.1318
18.7800;-0.1289
18.7810;-0.1230
18.7820;-0.1143
18.7830;-0.0996
18.7840;-0.0791
18.7850;-0.0586
18.7860;-0.0381
18.7870;-0.0117
18.7880;0.0176
18.7890;0.0498
18.7900;0.0908
18.7910;0.1406
18.7920;0.1934
18.7930;0.2549
18.7940;0.3223
18.7950;0.4014
18.7960;0.4922
18.7970;0.5830
18.7980;0.6650
18.7990;0.7500
18.8000;0.8408
18.8010;0.9404
18.8020;1.0400
18.8030;1.1396
18.8040;1.2480
18.8050;1.3564
18.8060;1.4590
18.8070;1.4941
18.8080;1.4941
18.8090;1.4941
18.8100;1.4941
18.8110;1.4941
18.8120;1.4941
18.8130;1.4941
18.8140;1.4941
18.8150;1.4941
18.8160;1.4941
18.8170;1.4941
18.8180;1.4941
18.8190;1.4941
18.8200;1.3652
18.8210;1.2188
18.8220;1.0664
18.8230;0.9023
18.8240;0.7266
18.8250;0.5508
18.8260;0.3896
18.8270;0.2432
18.8280;0.1143
18.8290;0.0029
18.8300;-0.0908
18.8310;-0.1670
18.8320;-0.2285
18.8330;-0.2725
18.8340;-0.3076
18.8350;-0.3428
18.8360;-0.3750
18.8370;-0.3984
18.8380;-0.4248
18.8390;-0.4482
18.8400;-0.4658
18.8410;-0.4775
18.8420;-0.4834
18.8430;-0.4834
18.8440;-0.4775
18.8450;-0.4746
18.8460;-0.4746
18.8470;-0.4717
18.8480;-0.4717
18.8490;-0.4688
18.8500;-0.4629
18.8510;-0.4600
18.8520;-0.4512
18.8530;-0.4453
18.8540;-0.4336
18.8550;-0.4160
18.8560;-0.3984
18.8570;-0.3779
18.8580;-0.3604
18.8590;-0.3398
18.8600;-0.3193
18.8610;-0.2988
18.8620;-0.2783
18.8630;-0.2578
18.8640;-0.2344
18.8650;-0.2168
18.8660;-0.1992
18.8670;-0.1846
18.8680;-0.1729
18.8690;-0.1582
18.8700;-0.1494
18.8710;-0.1436
18.8720;-0.1377
18.8730;-0.1318
18.8740;-0.1289
18.8750;-0.1230
18.8760;-0.1201
18.8770;-0.1143
18.8780;-0.1143
18.8790;-0.1084
18.8800;-0.0996
18.8810;-0.0937
18.8820;-0.0908
18.8830;-0.0850
18.8840;-0.0820
18.8850;-0.0762
18.8860;-0.0732
18.8870;-0.0674
18.8880;-0.0645
18.8890;-0.0586
18.8900;-0.0586
18.8910;-0.0586
18.8920;-0.0527
18.8930;-0.0469
18.8940;-0.0410
18.8950;-0.0381
18.8960;-0.0322
18.8970;-0.0322
18.8980;-0.0293
18.8990;-0.0264
18.9000;-0.0234
18.9010;-0.0234
18.9020;-0.0234
18.9030;-0.0205
18.9040;-0.0146
18.9050;-0.0117
18.9060;-0.0088
18.9070;-0.0059
18.9080;-0.0029
18.9090;0.0000
18.9100;0.0029
18.9110;0.0088
18.9120;0.0117
18.9130;0.0176
18.9140;0.0205
18.9150;0.0234
18.9160;0.0293
18.9170;0.0352
18.9180;0.0381
18.9190;0.0410
18.9200;0.0439
18.9210;0.0439
18.9220;0.0469
18.9230;0.0469
18.9240;0.0498
18.9250;0.0557
18.9260;0.0557
18.9270;0.0586
18.9280;0.0615
18.9290;0.0645
18.9300;0.0674
18.9310;0.0703
18.9320;0.0703
18.9330;0.0732
18.9340;0.0791
18.9350;0.0820
18.9360;0.0879
18.9370;0.0908
18.9380;0.0937
18.9390;0.0967
18.9400;0.0996
18.9410;0.1025
18.9420;0.1055
18.9430;0.1113
18.9440;0.1143
18.9450;0.1172
18.9460;0.1201
18.9470;0.1201
18.9480;0.1260
18.9490;0.1260
18.9500;0.1318
18.9510;0.1377
18.9520;0.1377
18.9530;0.1406
18.9540;0.1436
18.9550;0.1465
18.9560;0.1494
18.9570;0.1494
18.9580;0.1523
18.9590;0.1582
18.9600;0.1611
18.9610;0.1670
18.9620;0.1729
18.9630;0.1787
18.9640;0.1816
18.9650;0.1846
18.9660;0.1904
18.9670;0.1934
18.9680;0.1992
18.9690;0.2051
18.9700;0.2051
18.9710;0.2080
18.9720;0.2139
18.9730;0.2227
18.9740;0.2256
18.9750;0.2314
18.9760;0.2373
18.9770;0.2432
18.9780;0.2490
18.9790;0.2520
18.9800;0.2578
18.9810;0.2607
18.9820;0.2637
18.9830;0.2666
18.9840;0.2725
18.9850;0.2783
18.9860;0.2842
18.9870;0.2900
18.9880;0.2959
18.9890;0.3018
18.9900;0.3047
18.9910;0.3105
18.9920;0.3164
18.9930;0.3193
18.9940;0.3223
18.9950;0.3252
18.9960;0.3281
18.9970;0.3311
18.9980;0.3340
18.9990;0.3369
19.0000;0.3369
19.0010;0.3428
19.0020;0.3457
19.0030;0.3486
19.0040;0.3516
19.0050;0.3516
19.0060;0.3516
19.0070;0.3545
19.0080;0.3574
19.0090;0.3574
19.0100;0.3545
19.0110;0.3545
19.0120;0.3545
19.0130;0.3516
19.0140;0.3516
19.0150;0.3516
19.0160;0.3574
19.0170;0.3574
19.0180;0.3574
19.0190;0.3545
19.0200;0.3516
19.0210;0.3516
19.0220;0.3516
19.0230;0.3486
19.0240;0.3486
19.0250;0.3486
19.0260;0.3457
19.0270;0.3428
19.0280;0.3369
19.0290;0.3311
19.0300;0.3252
19.0310;0.3193
19.0320;0.3135
19.0330;0.3076
19.0340;0.3018
19.0350;0.2930
19.0360;0.2842
19.0370;0.2754
19.0380;0.2637
19.0390;0.2549
19.0400;0.2432
19.0410;0.2314
19.0420;0.2197
19.0430;0.2080
19.0440;0.1963
19.0450;0.1816
19.0460;0.1641
19.0470;0.1494
19.0480;0.1377
19.0490;0.1201
19.0500;0.1055
19.0510;0.0908
19.0520;0.0762
19.0530;0.0645
19.0540;0.0498
19.0550;0.0352
19.0560;0.0205
19.0570;0.0059
19.0580;-0.0059
19.0590;-0.0234
19.0600;-0.0381
19.0610;-0.0498
19.0620;-0.0615
19.0630;-0.0732
19.0640;-0.0850
19.0650;-0.0967
19.0660;-0.1084
19.0670;-0.1201
19.0680;-0.1318
19.0690;-0.1465
19.0700;-0.1523
19.0710;-0.1641
19.0720;-0.1729
19.0730;-0.1787
19.0740;-0.1846
19.0750;-0.1904
19.0760;-0.1992
19.0770;-0.2021
19.0780;-0.2109
19.0790;-0.2168
19.0800;-0.2256
19.0810;-0.2314
19.0820;-0.2344
19.0830;-0.2402
19.0840;-0.2461
19.0850;-0.2490
19.0860;-0.2549
19.0870;-0.2578
19.0880;-0.2607
19.0890;-0.2607
19.0900;-0.2607
19.0910;-0.2607
19.0920;-0.2637
19.0930;-0.2637
19.0940;-0.2666
19.0950;-0.2695
19.0960;-0.2695
19.0970;-0.2695
19.0980;-0.2695
19.0990;-0.2695
19.1000;-0.2666
19.1010;-0.2637
19.1020;-0.2637
19.1030;-0.2607
19.1040;-0.2607
19.1050;-0.2607
19.1060;-0.2578
19.1070;-0.2549
19.1080;-0.2490
19.1090;-0.2490
19.1100;-0.2461
19.1110;-0.2461
19.1120;-0.2432
19.1130;-0.2402
19.1140;-0.2373
19.1150;-0.2344
19.1160;-0.2344
19.1170;-0.2314
19.1180;-0.2256
19.1190;-0.2227
19.1200;-0.2227
19.1210;-0.2197
19.1220;-0.2168
19.1230;-0.2109
19.1240;-0.2109
19.1250;-0.2109
19.1260;-0.2080
19.1270;-0.2051
19.1280;-0.2021
19.1290;-0.1963
19.1300;-0.1934
19.1310;-0.1904
19.1320;-0.1875
19.1330;-0.1846
19.1340;-0.1816
19.1350;-0.1787
19.1360;-0.1729
19.1370;-0.1670
19.1380;-0.1611
19.1390;-0.1582
19.1400;-0.1553
19.1410;-0.1523
19.1420;-0.1494
19.1430;-0.1494
19.1440;-0.1465
19.1450;-0.1465
19.1460;-0.1436
19.1470;-0.1406
19.1480;-0.1406
19.1490;-0.1377
19.1500;-0.1318
19.1510;-0.1260
19.1520;-0.1230
19.1530;-0.1230
19.1540;-0.1230
19.1550;-0.1172
19.1560;-0.1143
19.1570;-0.1084
19.1580;-0.1055
19.1590;-0.1025
19.1600;-0.0967
19.1610;-0.0937
19.1620;-0.0908
19.1630;-0.0850
19.1640;-0.0791
19.1650;-0.0791
19.1660;-0.0762
19.1670;-0.0732
19.1680;-0.0732
19.1690;-0.0674
19.1700;-0.0674
19.1710;-0.0645
19.1720;-0.0645
19.1730;-0.0615
19.1740;-0.0615
19.1750;-0.0586
19.1760;-0.0557
19.1770;-0.0557
19.1780;-0.0527
19.1790;-0.0527
19.1800;-0.0498
19.1810;-0.0469
19.1820;-0.0469
19.1830;-0.0439
19.1840;-0.0439
19.1850;-0.0381
19.1860;-0.0381
19.1870;-0.0322
19.1880;-0.0293
19.1890;-0.0264
19.1900;-0.0264
19.1910;-0.0264
19.1920;-0.0234
19.1930;-0.0234
19.1940;-0.0205
19.1950;-0.0176
19.1960;-0.0146
19.1970;-0.0176
19.1980;-0.0146
19.1990;-0.0117
19.2000;-0.0117
19.2010;-0.0117
19.2020;-0.0088
19.2030;-0.0088
19.2040;-0.0059
19.2050;-0.0029
19.2060;-0.0029
19.2070;-0.0029
19.2080;-0.0029
19.2090;-0.0029
19.2100;-0.0029
19.2110;-0.0029
19.2120;-0.0029
19.2130;0.0000
19.2140;0.0000
19.2150;0.0029
19.2160;0.0059
19.2170;0.0088
19.2180;0.0088
19.2190;0.0117
19.2200;0.0117
19.2210;0.0146
19.2220;0.0146
19.2230;0.0146
19.2240;0.0176
19.2250;0.0176
19.2260;0.0205
19.2270;0.0205
19.2280;0.0205
19.2290;0.0234
19.2300;0.0205
19.2310;0.0234
19.2320;0.0234
19.2330;0.0264
19.2340;0.0264
19.2350;0.0264
19.2360;0.0234
19.2370;0.0264
19.2380;0.0264
19.2390;0.0234
19.2400;0.0205
19.2410;0.0205
19.2420;0.0176
19.2430;0.0176
19.2440;0.0176
19.2450;0.0205
19.2460;0.0205
19.2470;0.0205
19.2480;0.0205
19.2490;0.0234
19.2500;0.0264
19.2510;0.0264
19.2520;0.0234
19.2530;0.0234
19.2540;0.0234
19.2550;0.0234
19.2560;0.0234
19.2570;0.0264
19.2580;0.0264
19.2590;0.0293
19.2600;0.0322
19.2610;0.0322
19.2620;0.0322
19.2630;0.0293
19.2640;0.0293
19.2650;0.0293
19.2660;0.0293
19.2670;0.0322
19.2680;0.0293
19.2690;0.0322
19.2700;0.0322
19.2710;0.0322
19.2720;0.0322
19.2730;0.0293
19.2740;0.0293
19.2750;0.0264
19.2760;0.0264
19.2770;0.0293
19.2780;0.0322
19.2790;0.0352
19.2800;0.0352
19.2810;0.0381
19.2820;0.0410
19.2830;0.0410
19.2840;0.0410
19.2850;0.0410
19.2860;0.0439
19.2870;0.0410
19.2880;0.0439
19.2890;0.0439
19.2900;0.0410
19.2910;0.0381
19.2920;0.0381
19.2930;0.0381
19.2940;0.0381
19.2950;0.0381
19.2960;0.0381
19.2970;0.0381
19.2980;0.0381
19.2990;0.0381
19.3000;0.0381
19.3010;0.0381
19.3020;0.0439
19.3030;0.0439
19.3040;0.0469
19.3050;0.0469
19.3060;0.0439
19.3070;0.0439
19.3080;0.0410
19.3090;0.0410
19.3100;0.0381
19.3110;0.0352
19.3120;0.0352
19.3130;0.0352
19.3140;0.0352
19.3150;0.0381
19.3160;0.0410
19.3170;0.0410
19.3180;0.0439
19.3190;0.0439
19.3200;0.0469
19.3210;0.0469
19.3220;0.0469
19.3230;0.0469
19.3240;0.0498
19.3250;0.0498
19.3260;0.0498
19.3270;0.0527
19.3280;0.0527
19.3290;0.0557
19.3300;0.0557
19.3310;0.0557
19.3320;0.0586
19.3330;0.0586
19.3340;0.0586
19.3350;0.0586
19.3360;0.0586
19.3370;0.0586
19.3380;0.0557
19.3390;0.0557
19.3400;0.0557
19.3410;0.0557
19.3420;0.0557
19.3430;0.0557
19.3440;0.0557
19.3450;0.0557
19.3460;0.0557
19.3470;0.0586
19.3480;0.0586
19.3490;0.0615
19.3500;0.0645
19.3510;0.0645
19.3520;0.0645
19.3530;0.0645
19.3540;0.0645
19.3550;0.0645
19.3560;0.0615
19.3570;0.0645
19.3580;0.0645
19.3590;0.0645
19.3600;0.0645
19.3610;0.0645
19.3620;0.0674
19.3630;0.0674
19.3640;0.0674
19.3650;0.0674
19.3660;0.0674
19.3670;0.0645
19.3680;0.0645
19.3690;0.0615
19.3700;0.0645
19.3710;0.0645
19.3720;0.0645
19.3730;0.0645
19.3740;0.0674
19.3750;0.0645
19.3760;0.0645
19.3770;0.0615
19.3780;0.0615
19.3790;0.0615
19.3800;0.0586
19.3810;0.0586
19.3820;0.0615
19.3830;0.0615
19.3840;0.0645
19.3850;0.0703
19.3860;0.0732
19.3870;0.0791
19.3880;0.0879
19.3890;0.0908
19.3900;0.0967
19.3910;0.1055
19.3920;0.1143
19.3930;0.1201
19.3940;0.1289
19.3950;0.1318
19.3960;0.1406
19.3970;0.1436
19.3980;0.1494
19.3990;0.1523
19.4000;0.1582
19.4010;0.1553
19.4020;0.1523
19.4030;0.1523
19.4040;0.1494
19.4050;0.1494
19.4060;0.1465
19.4070;0.1465
19.4080;0.1465
19.4090;0.1494
19.4100;0.1553
19.4110;0.1582
19.4120;0.1641
19.4130;0.1670
19.4140;0.1729
19.4150;0.1816
19.4160;0.1904
19.4170;0.2051
19.4180;0.2139
19.4190;0.2256
19.4200;0.2314
19.4210;0.2432
19.4220;0.2578
19.4230;0.2666
19.4240;0.2754
19.4250;0.2812
19.4260;0.2842
19.4270;0.2842
19.4280;0.2812
19.4290;0.2842
19.4300;0.2812
19.4310;0.2812
19.4320;0.2754
19.4330;0.2754
19.4340;0.2695
19.4350;0.2637
19.4360;0.2578
19.4370;0.2520
19.4380;0.2461
19.4390;0.2432
19.4400;0.2344
19.4410;0.2285
19.4420;0.2168
19.4430;0.2080
19.4440;0.1992
19.4450;0.1904
19.4460;0.1816
19.4470;0.1670
19.4480;0.1582
19.4490;0.1494
19.4500;0.1406
19.4510;0.1318
19.4520;0.1201
19.4530;0.1113
19.4540;0.0996
19.4550;0.0879
19.4560;0.0762
19.4570;0.0586
19.4580;0.0469
19.4590;0.0322
19.4600;0.0176
19.4610;0.0088
19.4620;0.0059
19.4630;0.0029
19.4640;0.0000
19.4650;-0.0029
19.4660;-0.0059
19.4670;-0.0088
19.4680;-0.0117
19.4690;-0.0146
19.4700;-0.0205
19.4710;-0.0234
19.4720;-0.0264
19.4730;-0.0293
19.4740;-0.0352
19.4750;-0.0352
19.4760;-0.0352
19.4770;-0.0381
19.4780;-0.0410
19.4790;-0.0439
19.4800;-0.0469
19.4810;-0.0469
19.4820;-0.0527
19.4830;-0.0527
19.4840;-0.0557
19.4850;-0.0586
19.4860;-0.0615
19.4870;-0.0645
19.4880;-0.0674
19.4890;-0.0674
19.4900;-0.0645
19.4910;-0.0674
19.4920;-0.0645
19.4930;-0.0645
19.4940;-0.0615
19.4950;-0.0615
19.4960;-0.0615
19.4970;-0.0586
19.4980;-0.0586
19.4990;-0.0586
19.5000;-0.0586
19.5010;-0.0615
19.5020;-0.0615
19.5030;-0.0615
19.5040;-0.0586
19.5050;-0.0586
19.5060;-0.0615
19.5070;-0.0615
19.5080;-0.0615
19.5090;-0.0645
19.5100;-0.0645
19.5110;-0.0645
19.5120;-0.0615
19.5130;-0.0615
19.5140;-0.0615
19.5150;-0.0615
19.5160;-0.0586
19.5170;-0.0586
19.5180;-0.0557
19.5190;-0.0527
19.5200;-0.0527
19.5210;-0.0527
19.5220;-0.0527
19.5230;-0.0527
19.5240;-0.0527
19.5250;-0.0557
19.5260;-0.0557
19.5270;-0.0615
19.5280;-0.0674
19.5290;-0.0791
19.5300;-0.0937
19.5310;-0.1055
19.5320;-0.1201
19.5330;-0.1318
19.5340;-0.1436
19.5350;-0.1494
19.5360;-0.1523
19.5370;-0.1523
19.5380;-0.1523
19.5390;-0.1523
19.5400;-0.1494
19.5410;-0.1406
19.5420;-0.1318
19.5430;-0.1143
19.5440;-0.0937
19.5450;-0.0762
19.5460;-0.0527
19.5470;-0.0264
19.5480;0.0059
19.5490;0.0439
19.5500;0.0908
19.5510;0.1436
19.5520;0.2080
19.5530;0.2812
19.5540;0.3691
19.5550;0.4600
19.5560;0.5566
19.5570;0.6445
19.5580;0.7354
19.5590;0.8262
19.5600;0.9229
19.5610;1.0225
19.5620;1.1250
19.5630;1.2363
19.5640;1.3447
19.5650;1.4502
19.5660;1.4941
19.5670;1.4941
19.5680;1.4941
19.5690;1.4941
19.5700;1.4941
19.5710;1.4941
19.5720;1.4941
19.5730;1.4941
19.5740;1.4941
19.5750;1.4941
19.5760;1.4941
19.5770;1.4941
19.5780;1.4941
19.5790;1.4297
19.5800;1.2832
19.5810;1.1221
19.5820;0.9521
19.5830;0.7676
19.5840;0.5801
19.5850;0.4014
19.5860;0.2432
19.5870;0.0967
19.5880;-0.0264
19.5890;-0.1318
19.5900;-0.2139
19.5910;-0.2871
19.5920;-0.3428
19.5930;-0.3896
19.5940;-0.4336
19.5950;-0.4658
19.5960;-0.4922
19.5970;-0.5068
19.5980;-0.5127
19.5990;-0.5156
19.6000;-0.5156
19.6010;-0.5186
19.6020;-0.5273
19.6030;-0.5273
19.6040;-0.5303
19.6050;-0.5303
19.6060;-0.5244
19.6070;-0.5215
19.6080;-0.5186
19.6090;-0.5098
19.6100;-0.4951
19.6110;-0.4834
19.6120;-0.4658
19.6130;-0.4482
19.6140;-0.4307
19.6150;-0.4131
19.6160;-0.3926
19.6170;-0.3750
19.6180;-0.3545
19.6190;-0.3398
19.6200;-0.3252
19.6210;-0.3076
19.6220;-0.2930
19.6230;-0.2783
19.6240;-0.2695
19.6250;-0.2607
19.6260;-0.2490
19.6270;-0.2432
19.6280;-0.2373
19.6290;-0.2344
19.6300;-0.2256
19.6310;-0.2197
19.6320;-0.2168
19.6330;-0.2109
19.6340;-0.2051
19.6350;-0.1992
19.6360;-0.1934
19.6370;-0.1904
19.6380;-0.1875
19.6390;-0.1816
19.6400;-0.1787
19.6410;-0.1758
19.6420;-0.1699
19.6430;-0.1670
19.6440;-0.1611
19.6450;-0.1582
19.6460;-0.1523
19.6470;-0.1523
19.6480;-0.1465
19.6490;-0.1436
19.6500;-0.1377
19.6510;-0.1348
19.6520;-0.1318
19.6530;-0.1289
19.6540;-0.1260
19.6550;-0.1230
19.6560;-0.1201
19.6570;-0.1172
19.6580;-0.1143
19.6590;-0.1084
19.6600;-0.1055
19.6610;-0.1025
19.6620;-0.0996
19.6630;-0.0967
19.6640;-0.0937
19.6650;-0.0908
19.6660;-0.0879
19.6670;-0.0850
19.6680;-0.0820
19.6690;-0.0762
19.6700;-0.0732
19.6710;-0.0703
19.6720;-0.0674
19.6730;-0.0645
19.6740;-0.0615
19.6750;-0.0586
19.6760;-0.0557
19.6770;-0.0527
19.6780;-0.0469
19.6790;-0.0469
19.6800;-0.0439
19.6810;-0.0410
19.6820;-0.0381
19.6830;-0.0352
19.6840;-0.0322
19.6850;-0.0322
19.6860;-0.0293
19.6870;-0.0293
19.6880;-0.0264
19.6890;-0.0234
19.6900;-0.0205
19.6910;-0.0146
19.6920;-0.0117
19.6930;-0.0088
19.6940;-0.0029
19.6950;0.0000
19.6960;0.0029
19.6970;0.0059
19.6980;0.0088
19.6990;0.0146
19.7000;0.0176
19.7010;0.0205
19.7020;0.0234
19.7030;0.0264
19.7040;0.0293
19.7050;0.0322
19.7060;0.0322
19.7070;0.0352
19.7080;0.0381
19.7090;0.0410
19.7100;0.0439
19.7110;0.0469
19.7120;0.0498
19.7130;0.0527
19.7140;0.0557
19.7150;0.0586
19.7160;0.0645
19.7170;0.0674
19.7180;0.0703
19.7190;0.0762
19.7200;0.0820
19.7210;0.0879
19.7220;0.0908
19.7230;0.0937
19.7240;0.0996
19.7250;0.1025
19.7260;0.1025
19.7270;0.1025
19.7280;0.1055
19.7290;0.1113
19.7300;0.1143
19.7310;0.1201
19.7320;0.1260
19.7330;0.1318
19.7340;0.1348
19.7350;0.1348
19.7360;0.1406
19.7370;0.1436
19.7380;0.1494
19.7390;0.1582
19.7400;0.1641
19.7410;0.1699
19.7420;0.1758
19.7430;0.1816
19.7440;0.1846
19.7450;0.1904
19.7460;0.1963
19.7470;0.1992
19.7480;0.2021
19.7490;0.2080
19.7500;0.2109
19.7510;0.2168
19.7520;0.2197
19.7530;0.2227
19.7540;0.2256
19.7550;0.2285
19.7560;0.2314
19.7570;0.2344
19.7580;0.2402
19.7590;0.2432
19.7600;0.2432
19.7610;0.2461
19.7620;0.2490
19.7630;0.2549
19.7640;0.2578
19.7650;0.2578
19.7660;0.2607
19.7670;0.2637
19.7680;0.2666
19.7690;0.2666
19.7700;0.2666
19.7710;0.2695
19.7720;0.2666
19.7730;0.2695
19.7740;0.2695
19.7750;0.2695
19.7760;0.2666
19.7770;0.2666
19.7780;0.2637
19.7790;0.2607
19.7800;0.2578
19.7810;0.2578
19.7820;0.2578
19.7830;0.2520
19.7840;0.2490
19.7850;0.2461
19.7860;0.2432
19.7870;0.2432
19.7880;0.2402
19.7890;0.2373
19.7900;0.2314
19.7910;0.2314
19.7920;0.2256
19.7930;0.2197
19.7940;0.2109
19.7950;0.2051
19.7960;0.1963
19.7970;0.1875
19.7980;0.1787
19.7990;0.1699
19.8000;0.1641
19.8010;0.1553
19.8020;0.1465
19.8030;0.1377
19.8040;0.1289
19.8050;0.1113
19.8060;0.0967
19.8070;0.0850
19.8080;0.0703
19.8090;0.0557
19.8100;0.0410
19.8110;0.0264
19.8120;0.0117
19.8130;-0.0029
19.8140;-0.0146
19.8150;-0.0293
19.8160;-0.0439
19.8170;-0.0586
19.8180;-0.0732
19.8190;-0.0850
19.8200;-0.0996
19.8210;-0.1113
19.8220;-0.1230
19.8230;-0.1377
19.8240;-0.1465
19.8250;-0.1611
19.8260;-0.1729
19.8270;-0.1846
19.8280;-0.1934
19.8290;-0.2021
19.8300;-0.2139
19.8310;-0.2227
19.8320;-0.2314
19.8330;-0.2402
19.8340;-0.2490
19.8350;-0.2607
19.8360;-0.2666
19.8370;-0.2725
19.8380;-0.2812
19.8390;-0.2900
19.8400;-0.2959
19.8410;-0.3047
19.8420;-0.3105
19.8430;-0.3135
19.8440;-0.3193
19.8450;-0.3252
19.8460;-0.3281
19.8470;-0.3311
19.8480;-0.3340
19.8490;-0.3369
19.8500;-0.3398
19.8510;-0.3428
19.8520;-0.3457
19.8530;-0.3486
19.8540;-0.3486
19.8550;-0.3516
19.8560;-0.3545
19.8570;-0.3545
19.8580;-0.3516
19.8590;-0.3486
19.8600;-0.3486
19.8610;-0.3486
19.8620;-0.3457
19.8630;-0.3428
19.8640;-0.3428
19.8650;-0.3398
19.8660;-0.3340
19.8670;-0.3340
19.8680;-0.3311
19.8690;-0.3311
19.8700;-0.3281
19.8710;-0.3252
19.8720;-0.3193
19.8730;-0.3193
19.8740;-0.3135
19.8750;-0.3105
19.8760;-0.3105
19.8770;-0.3076
19.8780;-0.3047
19.8790;-0.3018
19.8800;-0.3018
19.8810;-0.2959
19.8820;-0.2930
19.8830;-0.2930
19.8840;-0.2871
19.8850;-0.2842
19.8860;-0.2812
19.8870;-0.2783
19.8880;-0.2754
19.8890;-0.2725
19.8900;-0.2695
19.8910;-0.2637
19.8920;-0.2607
19.8930;-0.2549
19.8940;-0.2490
19.8950;-0.2432
19.8960;-0.2373
19.8970;-0.2373
19.8980;-0.2314
19.8990;-0.2285
19.9000;-0.2256
19.9010;-0.2227
19.9020;-0.2168
19.9030;-0.2168
19.9040;-0.2139
19.9050;-0.2139
19.9060;-0.2109
19.9070;-0.2051
19.9080;-0.2021
19.9090;-0.1992
19.9100;-0.1992
19.9110;-0.1963
19.9120;-0.1963
19.9130;-0.1934
19.9140;-0.1875
19.9150;-0.1846
19.9160;-0.1787
19.9170;-0.1787
19.9180;-0.1787
19.9190;-0.1729
19.9200;-0.1670
19.9210;-0.1670
19.9220;-0.1641
19.9230;-0.1611
19.9240;-0.1553
19.9250;-0.1523
19.9260;-0.1523
19.9270;-0.1494
19.9280;-0.1465
19.9290;-0.1436
19.9300;-0.1406
19.9310;-0.1377
19.9320;-0.1348
19.9330;-0.1318
19.9340;-0.1289
19.9350;-0.1260
19.9360;-0.1230
19.9370;-0.1201
19.9380;-0.1201
19.9390;-0.1172
19.9400;-0.1172
19.9410;-0.1172
19.9420;-0.1172
19.9430;-0.1172
19.9440;-0.1172
19.9450;-0.1172
19.9460;-0.1172
19.9470;-0.1143
19.9480;-0.1084
19.9490;-0.1055
19.9500;-0.1025
19.9510;-0.1025
19.9520;-0.0996
19.9530;-0.0996
19.9540;-0.0967
19.9550;-0.0937
19.9560;-0.0937
19.9570;-0.0908
19.9580;-0.0908
19.9590;-0.0908
19.9600;-0.0908
19.9610;-0.0908
19.9620;-0.0908
19.9630;-0.0908
19.9640;-0.0937
19.9650;-0.0937
19.9660;-0.0937
19.9670;-0.0908
19.9680;-0.0908
19.9690;-0.0908
19.9700;-0.0908
19.9710;-0.0879
19.9720;-0.0850
19.9730;-0.0820
19.9740;-0.0762
19.9750;-0.0762
19.9760;-0.0762
19.9770;-0.0732
19.9780;-0.0732
19.9790;-0.0732
19.9800;-0.0703
19.9810;-0.0674
19.9820;-0.0674
19.9830;-0.0703
19.9840;-0.0703
19.9850;-0.0732
19.9860;-0.0732
19.9870;-0.0732
19.9880;-0.0732
19.9890;-0.0703
19.9900;-0.0732
19.9910;-0.0732
19.9920;-0.0732
19.9930;-0.0732
19.9940;-0.0732
19.9950;-0.0762
19.9960;-0.0762
19.9970;-0.0762
19.9980;-0.0791
19.9990;-0.0762
20.0000;-0.0762
20.0010;-0.0732
20.0020;-0.0703
20.0030;-0.0703
20.0040;-0.0703
20.0050;-0.0703
20.0060;-0.0703
20.0070;-0.0703
20.0080;-0.0703
20.0090;-0.0703
20.0100;-0.0703
20.0110;-0.0703
20.0120;-0.0703
20.0130;-0.0703
20.0140;-0.0674
20.0150;-0.0674
20.0160;-0.0674
20.0170;-0.0674
20.0180;-0.0674
20.0190;-0.0645
20.0200;-0.0615
20.0210;-0.0615
20.0220;-0.0615
20.0230;-0.0615
20.0240;-0.0615
20.0250;-0.0645
20.0260;-0.0645
20.0270;-0.0674
20.0280;-0.0674
20.0290;-0.0615
20.0300;-0.0586
20.0310;-0.0557
20.0320;-0.0557
20.0330;-0.0527
20.0340;-0.0527
20.0350;-0.0557
20.0360;-0.0557
20.0370;-0.0527
20.0380;-0.0557
20.0390;-0.0557
20.0400;-0.0557
20.0410;-0.0527
20.0420;-0.0557
20.0430;-0.0527
20.0440;-0.0527
20.0450;-0.0557
20.0460;-0.0586
20.0470;-0.0557
20.0480;-0.0557
20.0490;-0.0527
20.0500;-0.0498
20.0510;-0.0469
20.0520;-0.0439
20.0530;-0.0439
20.0540;-0.0410
20.0550;-0.0410
20.0560;-0.0439
20.0570;-0.0439
20.0580;-0.0469
20.0590;-0.0469
20.0600;-0.0498
20.0610;-0.0498
20.0620;-0.0469
20.0630;-0.0469
20.0640;-0.0439
20.0650;-0.0439
20.0660;-0.0469
20.0670;-0.0469
20.0680;-0.0439
20.0690;-0.0439
20.0700;-0.0439
20.0710;-0.0439
20.0720;-0.0439
20.0730;-0.0439
20.0740;-0.0439
20.0750;-0.0439
20.0760;-0.0410
20.0770;-0.0381
20.0780;-0.0381
20.0790;-0.0381
20.0800;-0.0381
20.0810;-0.0410
20.0820;-0.0410
20.0830;-0.0410
20.0840;-0.0381
20.0850;-0.0381
20.0860;-0.0381
20.0870;-0.0381
20.0880;-0.0381
20.0890;-0.0352
20.0900;-0.0352
20.0910;-0.0352
20.0920;-0.0322
20.0930;-0.0293
20.0940;-0.0293
20.0950;-0.0293
20.0960;-0.0293
20.0970;-0.0293
20.0980;-0.0293
20.0990;-0.0293
20.1000;-0.0293
20.1010;-0.0293
20.1020;-0.0322
20.1030;-0.0322
20.1040;-0.0322
20.1050;-0.0352
20.1060;-0.0293
20.1070;-0.0322
20.1080;-0.0293
20.1090;-0.0293
20.1100;-0.0264
20.1110;-0.0264
20.1120;-0.0234
20.1130;-0.0264
20.1140;-0.0264
20.1150;-0.0234
20.1160;-0.0205
20.1170;-0.0205
20.1180;-0.0205
20.1190;-0.0205
20.1200;-0.0205
20.1210;-0.0205
20.1220;-0.0205
20.1230;-0.0176
20.1240;-0.0176
20.1250;-0.0176
20.1260;-0.0146
20.1270;-0.0146
20.1280;-0.0146
20.1290;-0.0146
20.1300;-0.0146
20.1310;-0.0146
20.1320;-0.0146
20.1330;-0.0146
20.1340;-0.0146
20.1350;-0.0146
20.1360;-0.0146
20.1370;-0.0117
20.1380;-0.0117
20.1390;-0.0088
20.1400;-0.0088
20.1410;-0.0088
20.1420;-0.0117
20.1430;-0.0117
20.1440;-0.0117
20.1450;-0.0117
20.1460;-0.0117
20.1470;-0.0117
20.1480;-0.0117
20.1490;-0.0088
20.1500;-0.0088
20.1510;-0.0117
20.1520;-0.0117
20.1530;-0.0117
20.1540;-0.0088
20.1550;-0.0088
20.1560;-0.0088
20.1570;-0.0059
20.1580;-0.0059
20.1590;0.0000
20.1600;0.0000
20.1610;0.0088
20.1620;0.0117
20.1630;0.0176
20.1640;0.0264
20.1650;0.0322
20.1660;0.0352
20.1670;0.0439
20.1680;0.0498
20.1690;0.0557
20.1700;0.0615
20.1710;0.0674
20.1720;0.0703
20.1730;0.0732
20.1740;0.0791
20.1750;0.0820
20.1760;0.0791
20.1770;0.0791
20.1780;0.0762
20.1790;0.0703
20.1800;0.0674
20.1810;0.0674
20.1820;0.0674
20.1830;0.0645
20.1840;0.0645
20.1850;0.0674
20.1860;0.0703
20.1870;0.0732
20.1880;0.0791
20.1890;0.0879
20.1900;0.1025
20.1910;0.1172
20.1920;0.1318
20.1930;0.1436
20.1940;0.1553
20.1950;0.1670
20.1960;0.1816
20.1970;0.1904
20.1980;0.2021
20.1990;0.2080
20.2000;0.2109
20.2010;0.2109
20.2020;0.2109
20.2030;0.2109
20.2040;0.2109
20.2050;0.2080
20.2060;0.2051
20.2070;0.2021
20.2080;0.1963
20.2090;0.1904
20.2100;0.1875
20.2110;0.1787
20.2120;0.1699
20.2130;0.1641
20.2140;0.1611
20.2150;0.1523
20.2160;0.1436
20.2170;0.1377
20.2180;0.1289
20.2190;0.1230
20.2200;0.1143
20.2210;0.1055
20.2220;0.0937
20.2230;0.0850
20.2240;0.0732
20.2250;0.0674
20.2260;0.0557
20.2270;0.0469
20.2280;0.0352
20.2290;0.0205
20.2300;0.0059
20.2310;-0.0059
20.2320;-0.0205
20.2330;-0.0322
20.2340;-0.0439
20.2350;-0.0498
20.2360;-0.0527
20.2370;-0.0557
20.2380;-0.0586
20.2390;-0.0645
20.2400;-0.0703
20.2410;-0.0732
20.2420;-0.0791
20.2430;-0.0850
20.2440;-0.0908
20.2450;-0.0967
20.2460;-0.1025
20.2470;-0.1055
20.2480;-0.1084
20.2490;-0.1113
20.2500;-0.1143
20.2510;-0.1143
20.2520;-0.1143
20.2530;-0.1172
20.2540;-0.1172
20.2550;-0.1172
20.2560;-0.1172
20.2570;-0.1201
20.2580;-0.1201
20.2590;-0.1230
20.2600;-0.1230
20.2610;-0.1230
20.2620;-0.1260
20.2630;-0.1260
20.2640;-0.1289
20.2650;-0.1318
20.2660;-0.1318
20.2670;-0.1348
20.2680;-0.1318
20.2690;-0.1289
20.2700;-0.1289
20.2710;-0.1289
20.2720;-0.1289
20.2730;-0.1289
20.2740;-0.1260
20.2750;-0.1260
20.2760;-0.1260
20.2770;-0.1260
20.2780;-0.1260
20.2790;-0.1230
20.2800;-0.1201
20.2810;-0.1172
20.2820;-0.1172
20.2830;-0.1201
20.2840;-0.1201
20.2850;-0.1201
20.2860;-0.1260
20.2870;-0.1260
20.2880;-0.1260
20.2890;-0.1260
20.2900;-0.1260
20.2910;-0.1230
20.2920;-0.1230
20.2930;-0.1230
20.2940;-0.1201
20.2950;-0.1201
20.2960;-0.1172
20.2970;-0.1172
20.2980;-0.1172
20.2990;-0.1143
20.3000;-0.1172
20.3010;-0.1172
20.3020;-0.1172
20.3030;-0.1260
20.3040;-0.1348
20.3050;-0.1494
20.3060;-0.1670
20.3070;-0.1816
20.3080;-0.1963
20.3090;-0.2109
20.3100;-0.2227
20.3110;-0.2314
20.3120;-0.2373
20.3130;-0.2402
20.3140;-0.2432
20.3150;-0.2402
20.3160;-0.2344
20.3170;-0.2227
20.3180;-0.2080
20.3190;-0.1934
20.3200;-0.1758
20.3210;-0.1582
20.3220;-0.1377
20.3230;-0.1055
20.3240;-0.0732
20.3250;-0.0293
20.3260;0.0205
20.3270;0.0762
20.3280;0.1494
20.3290;0.2285
20.3300;0.3164
20.3310;0.4102
20.3320;0.5010
20.3330;0.5889
20.3340;0.6768
20.3350;0.7705
20.3360;0.8672
20.3370;0.9727
20.3380;1.0781
20.3390;1.1836
20.3400;1.2891
20.3410;1.3945
20.3420;1.4854
20.3430;1.4941
20.3440;1.4941
20.3450;1.4941
20.3460;1.4941
20.3470;1.4941
20.3480;1.4941
20.3490;1.4941
20.3500;1.4941
20.3510;1.4941
20.3520;1.4941
20.3530;1.4941
20.3540;1.4385
20.3550;1.3008
20.3560;1.1543
20.3570;0.9932
20.3580;0.8174
20.3590;0.6328
20.3600;0.4541
20.3610;0.2930
20.3620;0.1494
20.3630;0.0176
20.3640;-0.0937
20.3650;-0.1875
20.3660;-0.2607
20.3670;-0.3223
20.3680;-0.3691
20.3690;-0.4102
20.3700;-0.4482
20.3710;-0.4834
20.3720;-0.5156
20.3730;-0.5391
20.3740;-0.5537
20.3750;-0.5654
20.3760;-0.5713
20.3770;-0.5771
20.3780;-0.5830
20.3790;-0.5859
20.3800;-0.5859
20.3810;-0.5830
20.3820;-0.5771
20.3830;-0.5742
20.3840;-0.5654
20.3850;-0.5596
20.3860;-0.5508
20.3870;-0.5391
20.3880;-0.5273
20.3890;-0.5098
20.3900;-0.4951
20.3910;-0.4775
20.3920;-0.4600
20.3930;-0.4395
20.3940;-0.4219
20.3950;-0.4014
20.3960;-0.3838
20.3970;-0.3691
20.3980;-0.3545
20.3990;-0.3398
20.4000;-0.3281
20.4010;-0.3193
20.4020;-0.3076
20.4030;-0.2988
20.4040;-0.2930
20.4050;-0.2842
20.4060;-0.2783
20.4070;-0.2725
20.4080;-0.2666
20.4090;-0.2607
20.4100;-0.2520
20.4110;-0.2490
20.4120;-0.2461
20.4130;-0.2402
20.4140;-0.2344
20.4150;-0.2285
20.4160;-0.2227
20.4170;-0.2168
20.4180;-0.2139
20.4190;-0.2139
20.4200;-0.2109
20.4210;-0.2080
20.4220;-0.2051
20.4230;-0.1992
20.4240;-0.1963
20.4250;-0.1934
20.4260;-0.1875
20.4270;-0.1846
20.4280;-0.1816
20.4290;-0.1758
20.4300;-0.1758
20.4310;-0.1699
20.4320;-0.1670
20.4330;-0.1641
20.4340;-0.1611
20.4350;-0.1553
20.4360;-0.1523
20.4370;-0.1465
20.4380;-0.1436
20.4390;-0.1406
20.4400;-0.1348
20.4410;-0.1318
20.4420;-0.1289
20.4430;-0.1230
20.4440;-0.1201
20.4450;-0.1172
20.4460;-0.1143
20.4470;-0.1143
20.4480;-0.1084
20.4490;-0.1055
20.4500;-0.0996
20.4510;-0.0937
20.4520;-0.0879
20.4530;-0.0850
20.4540;-0.0820
20.4550;-0.0820
20.4560;-0.0820
20.4570;-0.0820
20.4580;-0.0820
20.4590;-0.0762
20.4600;-0.0732
20.4610;-0.0703
20.4620;-0.0674
20.4630;-0.0615
20.4640;-0.0586
20.4650;-0.0527
20.4660;-0.0469
20.4670;-0.0469
20.4680;-0.0439
20.4690;-0.0381
20.4700;-0.0381
20.4710;-0.0352
20.4720;-0.0352
20.4730;-0.0352
20.4740;-0.0322
20.4750;-0.0264
20.4760;-0.0234
20.4770;-0.0234
20.4780;-0.0205
20.4790;-0.0205
20.4800;-0.0176
20.4810;-0.0146
20.4820;-0.0117
20.4830;-0.0088
20.4840;-0.0029
20.4850;0.0000
20.4860;0.0029
20.4870;0.0088
20.4880;0.0117
20.4890;0.0176
20.4900;0.0234
20.4910;0.0264
20.4920;0.0322
20.4930;0.0381
20.4940;0.0410
20.4950;0.0439
20.4960;0.0469
20.4970;0.0527
20.4980;0.0557
20.4990;0.0615
20.5000;0.0645
20.5010;0.0674
20.5020;0.0674
20.5030;0.0703
20.5040;0.0791
20.5050;0.0820
20.5060;0.0879
20.5070;0.0937
20.5080;0.0996
20.5090;0.1055
20.5100;0.1084
20.5110;0.1113
20.5120;0.1143
20.5130;0.1172
20.5140;0.1230
20.5150;0.1289
20.5160;0.1318
20.5170;0.1348
20.5180;0.1377
20.5190;0.1436
20.5200;0.1465
20.5210;0.1494
20.5220;0.1553
20.5230;0.1611
20.5240;0.1641
20.5250;0.1699
20.5260;0.1758
20.5270;0.1787
20.5280;0.1846
20.5290;0.1875
20.5300;0.1904
20.5310;0.1963
20.5320;0.1992
20.5330;0.2021
20.5340;0.2021
20.5350;0.2051
20.5360;0.2080
20.5370;0.2109
20.5380;0.2139
20.5390;0.2168
20.5400;0.2168
20.5410;0.2197
20.5420;0.2197
20.5430;0.2197
20.5440;0.2197
20.5450;0.2227
20.5460;0.2227
20.5470;0.2227
20.5480;0.2197
20.5490;0.2197
20.5500;0.2197
20.5510;0.2168
20.5520;0.2168
20.5530;0.2168
20.5540;0.2168
20.5550;0.2168
20.5560;0.2139
20.5570;0.2139
20.5580;0.2139
20.5590;0.2139
20.5600;0.2080
20.5610;0.2080
20.5620;0.2051
20.5630;0.1963
20.5640;0.1934
20.5650;0.1904
20.5660;0.1846
20.5670;0.1846
20.5680;0.1787
20.5690;0.1729
20.5700;0.1670
20.5710;0.1641
20.5720;0.1523
20.5730;0.1436
20.5740;0.1377
20.5750;0.1260
20.5760;0.1201
20.5770;0.1113
20.5780;0.1025
20.5790;0.0908
20.5800;0.0820
20.5810;0.0703
20.5820;0.0586
20.5830;0.0469
20.5840;0.0352
20.5850;0.0205
20.5860;0.0088
20.5870;-0.0029
20.5880;-0.0146
20.5890;-0.0322
20.5900;-0.0469
20.5910;-0.0586
20.5920;-0.0732
20.5930;-0.0850
20.5940;-0.0967
20.5950;-0.1084
20.5960;-0.1201
20.5970;-0.1348
20.5980;-0.1465
20.5990;-0.1582
20.6000;-0.1699
20.6010;-0.1816
20.6020;-0.1934
20.6030;-0.2080
20.6040;-0.2139
20.6050;-0.2256
20.6060;-0.2314
20.6070;-0.2402
20.6080;-0.2490
20.6090;-0.2607
20.6100;-0.2725
20.6110;-0.2812
20.6120;-0.2900
20.6130;-0.2930
20.6140;-0.2988
20.6150;-0.3047
20.6160;-0.3105
20.6170;-0.3135
20.6180;-0.3193
20.6190;-0.3252
20.6200;-0.3281
20.6210;-0.3311
20.6220;-0.3340
20.6230;-0.3369
20.6240;-0.3398
20.6250;-0.3428
20.6260;-0.3428
20.6270;-0.3457
20.6280;-0.3486
20.6290;-0.3516
20.6300;-0.3516
20.6310;-0.3516
20.6320;-0.3516
20.6330;-0.3545
20.6340;-0.3545
20.6350;-0.3545
20.6360;-0.3545
20.6370;-0.3516
20.6380;-0.3486
20.6390;-0.3486
20.6400;-0.3457
20.6410;-0.3428
20.6420;-0.3398
20.6430;-0.3398
20.6440;-0.3369
20.6450;-0.3340
20.6460;-0.3340
20.6470;-0.3311
20.6480;-0.3281
20.6490;-0.3223
20.6500;-0.3193
20.6510;-0.3164
20.6520;-0.3135
20.6530;-0.3076
20.6540;-0.3047
20.6550;-0.3018
20.6560;-0.2959
20.6570;-0.2930
20.6580;-0.2900
20.6590;-0.2871
20.6600;-0.2842
20.6610;-0.2842
20.6620;-0.2783
20.6630;-0.2725
20.6640;-0.2695
20.6650;-0.2666
20.6660;-0.2637
20.6670;-0.2607
20.6680;-0.2549
20.6690;-0.2520
20.6700;-0.2490
20.6710;-0.2461
20.6720;-0.2402
20.6730;-0.2344
20.6740;-0.2314
20.6750;-0.2285
20.6760;-0.2256
20.6770;-0.2227
20.6780;-0.2227
20.6790;-0.2197
20.6800;-0.2168
20.6810;-0.2168
20.6820;-0.2139
20.6830;-0.2109
20.6840;-0.2080
20.6850;-0.2051
20.6860;-0.2021
20.6870;-0.1963
20.6880;-0.1904
20.6890;-0.1875
20.6900;-0.1846
20.6910;-0.1787
20.6920;-0.1758
20.6930;-0.1729
20.6940;-0.1699
20.6950;-0.1670
20.6960;-0.1670
20.6970;-0.1670
20.6980;-0.1670
20.6990;-0.1611
20.7000;-0.1611
20.7010;-0.1611
20.7020;-0.1611
20.7030;-0.1582
20.7040;-0.1553
20.7050;-0.1494
20.7060;-0.1465
20.7070;-0.1465
20.7080;-0.1436
20.7090;-0.1406
20.7100;-0.1377
20.7110;-0.1348
20.7120;-0.1318
20.7130;-0.1289
20.7140;-0.1289
20.7150;-0.1289
20.7160;-0.1260
20.7170;-0.1230
20.7180;-0.1230
20.7190;-0.1172
20.7200;-0.1172
20.7210;-0.1172
20.7220;-0.1172
20.7230;-0.1143
20.7240;-0.1113
20.7250;-0.1084
20.7260;-0.1084
20.7270;-0.1055
20.7280;-0.1055
20.7290;-0.1055
20.7300;-0.0996
20.7310;-0.0996
20.7320;-0.0967
20.7330;-0.0967
20.7340;-0.0967
20.7350;-0.0937
20.7360;-0.0937
20.7370;-0.0937
20.7380;-0.0937
20.7390;-0.0908
20.7400;-0.0908
20.7410;-0.0879
20.7420;-0.0879
20.7430;-0.0879
20.7440;-0.0879
20.7450;-0.0879
20.7460;-0.0879
20.7470;-0.0850
20.7480;-0.0820
20.7490;-0.0820
20.7500;-0.0791
20.7510;-0.0791
20.7520;-0.0791
20.7530;-0.0762
20.7540;-0.0732
20.7550;-0.0732
20.7560;-0.0732
20.7570;-0.0732
20.7580;-0.0703
20.7590;-0.0703
20.7600;-0.0703
20.7610;-0.0674
20.7620;-0.0674
20.7630;-0.0703
20.7640;-0.0703
20.7650;-0.0674
20.7660;-0.0674
20.7670;-0.0674
20.7680;-0.0645
20.7690;-0.0674
20.7700;-0.0703
20.7710;-0.0674
20.7720;-0.0674
20.7730;-0.0645
20.7740;-0.0615
20.7750;-0.0586
20.7760;-0.0586
20.7770;-0.0557
20.7780;-0.0557
20.7790;-0.0527
20.7800;-0.0527
20.7810;-0.0527
20.7820;-0.0557
20.7830;-0.0557
20.7840;-0.0527
20.7850;-0.0527
20.7860;-0.0527
20.7870;-0.0527
20.7880;-0.0527
20.7890;-0.0527
20.7900;-0.0498
20.7910;-0.0498
20.7920;-0.0498
20.7930;-0.0527
20.7940;-0.0527
20.7950;-0.0527
20.7960;-0.0557
20.7970;-0.0586
20.7980;-0.0557
20.7990;-0.0586
20.8000;-0.0557
20.8010;-0.0527
20.8020;-0.0527
20.8030;-0.0527
20.8040;-0.0527
20.8050;-0.0498
20.8060;-0.0498
20.8070;-0.0498
20.8080;-0.0527
20.8090;-0.0527
20.8100;-0.0527
20.8110;-0.0527
20.8120;-0.0527
20.8130;-0.0527
20.8140;-0.0498
20.8150;-0.0469
20.8160;-0.0469
20.8170;-0.0439
20.8180;-0.0410
20.8190;-0.0381
20.8200;-0.0352
20.8210;-0.0352
20.8220;-0.0352
20.8230;-0.0381
20.8240;-0.0352
20.8250;-0.0352
20.8260;-0.0352
20.8270;-0.0352
20.8280;-0.0381
20.8290;-0.0381
20.8300;-0.0381
20.8310;-0.0381
20.8320;-0.0410
20.8330;-0.0410
20.8340;-0.0381
20.8350;-0.0381
20.8360;-0.0410
20.8370;-0.0410
20.8380;-0.0381
20.8390;-0.0381
20.8400;-0.0352
20.8410;-0.0352
20.8420;-0.0322
20.8430;-0.0293
20.8440;-0.0322
20.8450;-0.0322
20.8460;-0.0293
20.8470;-0.0264
20.8480;-0.0234
20.8490;-0.0234
20.8500;-0.0264
20.8510;-0.0234
20.8520;-0.0264
20.8530;-0.0264
20.8540;-0.0234
20.8550;-0.0234
20.8560;-0.0234
20.8570;-0.0234
20.8580;-0.0234
20.8590;-0.0234
20.8600;-0.0234
20.8610;-0.0234
20.8620;-0.0234
20.8630;-0.0234
20.8640;-0.0234
20.8650;-0.0205
20.8660;-0.0205
20.8670;-0.0176
20.8680;-0.0146
20.8690;-0.0176
20.8700;-0.0146
20.8710;-0.0146
20.8720;-0.0146
20.8730;-0.0146
20.8740;-0.0146
20.8750;-0.0146
20.8760;-0.0146
20.8770;-0.0117
20.8780;-0.0117
20.8790;-0.0059
20.8800;-0.0059
20.8810;-0.0059
20.8820;-0.0059
20.8830;-0.0059
20.8840;-0.0088
20.8850;-0.0059
20.8860;-0.0029
20.8870;-0.0029
20.8880;-0.0029
20.8890;-0.0029
20.8900;-0.0059
20.8910;-0.0029
20.8920;-0.0059
20.8930;-0.0059
20.8940;-0.0029
20.8950;-0.0059
20.8960;-0.0117
20.8970;-0.0117
20.8980;-0.0117
20.8990;-0.0117
20.9000;-0.0117
20.9010;-0.0117
20.9020;-0.0117
20.9030;-0.0117
20.9040;-0.0117
20.9050;-0.0088
20.9060;-0.0088
20.9070;-0.0117
20.9080;-0.0117
20.9090;-0.0117
20.9100;-0.0146
20.9110;-0.0146
20.9120;-0.0146
20.9130;-0.0117
20.9140;-0.0117
20.9150;-0.0117
20.9160;-0.0117
20.9170;-0.0117
20.9180;-0.0088
20.9190;-0.0059
20.9200;0.0000
20.9210;0.0059
20.9220;0.0117
20.9230;0.0176
20.9240;0.0264
20.9250;0.0352
20.9260;0.0410
20.9270;0.0469
20.9280;0.0557
20.9290;0.0586
20.9300;0.0645
20.9310;0.0703
20.9320;0.0732
20.9330;0.0791
20.9340;0.0820
20.9350;0.0850
20.9360;0.0879
20.9370;0.0850
20.9380;0.0850
20.9390;0.0820
20.9400;0.0791
20.9410;0.0762
20.9420;0.0732
20.9430;0.0703
20.9440;0.0703
20.9450;0.0732
20.9460;0.0762
20.9470;0.0820
20.9480;0.0908
20.9490;0.1025
20.9500;0.1143
20.9510;0.1289
20.9520;0.1436
20.9530;0.1582
20.9540;0.1699
20.9550;0.1846
20.9560;0.1992
20.9570;0.2080
20.9580;0.2168
20.9590;0.2227
20.9600;0.2256
20.9610;0.2256
20.9620;0.2256
20.9630;0.2256
20.9640;0.2256
20.9650;0.2227
20.9660;0.2227
20.9670;0.2168
20.9680;0.2080
20.9690;0.2051
20.9700;0.1992
20.9710;0.1934
20.9720;0.1875
20.9730;0.1816
20.9740;0.1758
20.9750;0.1670
20.9760;0.1582
20.9770;0.1494
20.9780;0.1406
20.9790;0.1318
20.9800;0.1201
20.9810;0.1143
20.9820;0.1025
20.9830;0.0937
20.9840;0.0850
20.9850;0.0732
20.9860;0.0645
20.9870;0.0557
20.9880;0.0410
20.9890;0.0293
20.9900;0.0146
20.9910;0.0029
20.9920;-0.0088
20.9930;-0.0205
20.9940;-0.0293
20.9950;-0.0381
20.9960;-0.0439
20.9970;-0.0469
20.9980;-0.0498
20.9990;-0.0557
21.0000;-0.0586
21.0010;-0.0645
21.0020;-0.0703
21.0030;-0.0732
21.0040;-0.0791
21.0050;-0.0850
21.0060;-0.0879
21.0070;-0.0908
21.0080;-0.0937
21.0090;-0.0937
21.0100;-0.0937
21.0110;-0.0937
21.0120;-0.0937
21.0130;-0.0937
21.0140;-0.0937
21.0150;-0.0967
21.0160;-0.0967
21.0170;-0.0996
21.0180;-0.0996
21.0190;-0.1025
21.0200;-0.1055
21.0210;-0.1055
21.0220;-0.1084
21.0230;-0.1084
21.0240;-0.1084
21.0250;-0.1113
21.0260;-0.1084
21.0270;-0.1084
21.0280;-0.1084
21.0290;-0.1084
21.0300;-0.1084
21.0310;-0.1084
21.0320;-0.1084
21.0330;-0.1084
21.0340;-0.1084
21.0350;-0.1113
21.0360;-0.1113
21.0370;-0.1113
21.0380;-0.1113
21.0390;-0.1113
21.0400;-0.1113
21.0410;-0.1113
21.0420;-0.1143
21.0430;-0.1113
21.0440;-0.1084
21.0450;-0.1084
21.0460;-0.1055
21.0470;-0.1055
21.0480;-0.1055
21.0490;-0.1025
21.0500;-0.0996
21.0510;-0.0996
21.0520;-0.0996
21.0530;-0.0967
21.0540;-0.0908
21.0550;-0.0908
21.0560;-0.0908
21.0570;-0.0937
21.0580;-0.0937
21.0590;-0.0937
21.0600;-0.0937
21.0610;-0.0937
21.0620;-0.0967
21.0630;-0.1025
21.0640;-0.1143
21.0650;-0.1289
21.0660;-0.1436
21.0670;-0.1641
21.0680;-0.1787
21.0690;-0.1934
21.0700;-0.2021
21.0710;-0.2080
21.0720;-0.2080
21.0730;-0.2080
21.0740;-0.2080
21.0750;-0.2051
21.0760;-0.1992
21.0770;-0.1904
21.0780;-0.1787
21.0790;-0.1670
21.0800;-0.1523
21.0810;-0.1318
21.0820;-0.1113
21.0830;-0.0820
21.0840;-0.0498
21.0850;-0.0059
21.0860;0.0439
21.0870;0.1055
21.0880;0.1787
21.0890;0.2607
21.0900;0.3516
21.0910;0.4453
21.0920;0.5332
21.0930;0.6211
21.0940;0.7119
21.0950;0.8057
21.0960;0.9082
21.0970;1.0107
21.0980;1.1162
21.0990;1.2217
21.1000;1.3271
21.1010;1.4268
21.1020;1.4941
21.1030;1.4941
21.1040;1.4941
21.1050;1.4941
21.1060;1.4941
21.1070;1.4941
21.1080;1.4941
21.1090;1.4941
21.1100;1.4941
21.1110;1.4941
21.1120;1.4941
21.1130;1.4941
21.1140;1.4473
21.1150;1.3008
21.1160;1.1543
21.1170;0.9932
21.1180;0.8145
21.1190;0.6328
21.1200;0.4570
21.1210;0.3018
21.1220;0.1641
21.1230;0.0410
21.1240;-0.0615
21.1250;-0.1523
21.1260;-0.2256
21.1270;-0.2783
21.1280;-0.3252
21.1290;-0.3662
21.1300;-0.4072
21.1310;-0.4424
21.1320;-0.4746
21.1330;-0.5068
21.1340;-0.5273
21.1350;-0.5420
21.1360;-0.5537
21.1370;-0.5566
21.1380;-0.5596
21.1390;-0.5625
21.1400;-0.5596
21.1410;-0.5596
21.1420;-0.5596
21.1430;-0.5537
21.1440;-0.5508
21.1450;-0.5420
21.1460;-0.5332
21.1470;-0.5244
21.1480;-0.5127
21.1490;-0.4951
21.1500;-0.4805
21.1510;-0.4600
21.1520;-0.4424
21.1530;-0.4219
21.1540;-0.4014
21.1550;-0.3809
21.1560;-0.3633
21.1570;-0.3457
21.1580;-0.3311
21.1590;-0.3193
21.1600;-0.3076
21.1610;-0.2959
21.1620;-0.2842
21.1630;-0.2754
21.1640;-0.2666
21.1650;-0.2578
21.1660;-0.2490
21.1670;-0.2432
21.1680;-0.2344
21.1690;-0.2285
21.1700;-0.2227
21.1710;-0.2168
21.1720;-0.2109
21.1730;-0.2051
21.1740;-0.1992
21.1750;-0.1963
21.1760;-0.1934
21.1770;-0.1904
21.1780;-0.1875
21.1790;-0.1816
21.1800;-0.1758
21.1810;-0.1758
21.1820;-0.1729
21.1830;-0.1670
21.1840;-0.1641
21.1850;-0.1611
21.1860;-0.1553
21.1870;-0.1523
21.1880;-0.1465
21.1890;-0.1436
21.1900;-0.1377
21.1910;-0.1318
21.1920;-0.1318
21.1930;-0.1289
21.1940;-0.1230
21.1950;-0.1201
21.1960;-0.1143
21.1970;-0.1084
21.1980;-0.1055
21.1990;-0.1025
21.2000;-0.0996
21.2010;-0.0937
21.2020;-0.0937
21.2030;-0.0879
21.2040;-0.0850
21.2050;-0.0820
21.2060;-0.0820
21.2070;-0.0762
21.2080;-0.0762
21.2090;-0.0732
21.2100;-0.0732
21.2110;-0.0703
21.2120;-0.0674
21.2130;-0.0645
21.2140;-0.0615
21.2150;-0.0586
21.2160;-0.0557
21.2170;-0.0498
21.2180;-0.0469
21.2190;-0.0410
21.2200;-0.0381
21.2210;-0.0322
21.2220;-0.0293
21.2230;-0.0293
21.2240;-0.0234
21.2250;-0.0234
21.2260;-0.0176
21.2270;-0.0146
21.2280;-0.0117
21.2290;-0.0088
21.2300;-0.0059
21.2310;-0.0029
21.2320;-0.0029
21.2330;0.0000
21.2340;0.0029
21.2350;0.0088
21.2360;0.0117
21.2370;0.0146
21.2380;0.0176
21.2390;0.0205
21.2400;0.0234
21.2410;0.0264
21.2420;0.0293
21.2430;0.0322
21.2440;0.0352
21.2450;0.0381
21.2460;0.0410
21.2470;0.0439
21.2480;0.0469
21.2490;0.0527
21.2500;0.0557
21.2510;0.0586
21.2520;0.0615
21.2530;0.0674
21.2540;0.0732
21.2550;0.0732
21.2560;0.0791
21.2570;0.0850
21.2580;0.0879
21.2590;0.0937
21.2600;0.0967
21.2610;0.0996
21.2620;0.1025
21.2630;0.1055
21.2640;0.1143
21.2650;0.1201
21.2660;0.1230
21.2670;0.1260
21.2680;0.1318
21.2690;0.1377
21.2700;0.1406
21.2710;0.1465
21.2720;0.1494
21.2730;0.1523
21.2740;0.1611
21.2750;0.1641
21.2760;0.1670
21.2770;0.1729
21.2780;0.1758
21.2790;0.1787
21.2800;0.1816
21.2810;0.1846
21.2820;0.1875
21.2830;0.1934
21.2840;0.1963
21.2850;0.2021
21.2860;0.2080
21.2870;0.2080
21.2880;0.2109
21.2890;0.2168
21.2900;0.2227
21.2910;0.2285
21.2920;0.2314
21.2930;0.2344
21.2940;0.2402
21.2950;0.2432
21.2960;0.2461
21.2970;0.2461
21.2980;0.2490
21.2990;0.2520
21.3000;0.2520
21.3010;0.2549
21.3020;0.2578
21.3030;0.2607
21.3040;0.2637
21.3050;0.2637
21.3060;0.2637
21.3070;0.2637
21.3080;0.2637
21.3090;0.2607
21.3100;0.2607
21.3110;0.2607
21.3120;0.2607
21.3130;0.2578
21.3140;0.2549
21.3150;0.2520
21.3160;0.2520
21.3170;0.2520
21.3180;0.2520
21.3190;0.2461
21.3200;0.2432
21.3210;0.2373
21.3220;0.2373
21.3230;0.2344
21.3240;0.2314
21.3250;0.2256
21.3260;0.2227
21.3270;0.2168
21.3280;0.2080
21.3290;0.2021
21.3300;0.1963
21.3310;0.1904
21.3320;0.1816
21.3330;0.1729
21.3340;0.1641
21.3350;0.1553
21.3360;0.1465
21.3370;0.1377
21.3380;0.1260
21.3390;0.1143
21.3400;0.1025
21.3410;0.0879
21.3420;0.0762
21.3430;0.0615
21.3440;0.0469
21.3450;0.0322
21.3460;0.0205
21.3470;0.0088
21.3480;-0.0029
21.3490;-0.0146
21.3500;-0.0293
21.3510;-0.0410
21.3520;-0.0557
21.3530;-0.0703
21.3540;-0.0850
21.3550;-0.0967
21.3560;-0.1084
21.3570;-0.1201
21.3580;-0.1318
21.3590;-0.1436
21.3600;-0.1582
21.3610;-0.1699
21.3620;-0.1816
21.3630;-0.1934
21.3640;-0.2021
21.3650;-0.2139
21.3660;-0.2256
21.3670;-0.2344
21.3680;-0.2402
21.3690;-0.2520
21.3700;-0.2607
21.3710;-0.2666
21.3720;-0.2725
21.3730;-0.2783
21.3740;-0.2842
21.3750;-0.2871
21.3760;-0.2930
21.3770;-0.2959
21.3780;-0.3018
21.3790;-0.3047
21.3800;-0.3105
21.3810;-0.3135
21.3820;-0.3164
21.3830;-0.3193
21.3840;-0.3252
21.3850;-0.3281
21.3860;-0.3281
21.3870;-0.3281
21.3880;-0.3281
21.3890;-0.3252
21.3900;-0.3281
21.3910;-0.3281
21.3920;-0.3281
21.3930;-0.3281
21.3940;-0.3252
21.3950;-0.3281
21.3960;-0.3281
21.3970;-0.3281
21.3980;-0.3252
21.3990;-0.3223
21.4000;-0.3193
21.4010;-0.3193
21.4020;-0.3164
21.4030;-0.3135
21.4040;-0.3105
21.4050;-0.3105
21.4060;-0.3105
21.4070;-0.3076
21.4080;-0.3047
21.4090;-0.3018
21.4100;-0.2988
21.4110;-0.2959
21.4120;-0.2930
21.4130;-0.2900
21.4140;-0.2900
21.4150;-0.2871
21.4160;-0.2812
21.4170;-0.2783
21.4180;-0.2725
21.4190;-0.2666
21.4200;-0.2607
21.4210;-0.2578
21.4220;-0.2549
21.4230;-0.2520
21.4240;-0.2490
21.4250;-0.2461
21.4260;-0.2461
21.4270;-0.2432
21.4280;-0.2402
21.4290;-0.2373
21.4300;-0.2344
21.4310;-0.2344
21.4320;-0.2285
21.4330;-0.2256
21.4340;-0.2197
21.4350;-0.2168
21.4360;-0.2109
21.4370;-0.2109
21.4380;-0.2051
21.4390;-0.2021
21.4400;-0.1992
21.4410;-0.1963
21.4420;-0.1904
21.4430;-0.1875
21.4440;-0.1816
21.4450;-0.1787
21.4460;-0.1758
21.4470;-0.1758
21.4480;-0.1699
21.4490;-0.1670
21.4500;-0.1670
21.4510;-0.1641
21.4520;-0.1611
21.4530;-0.1582
21.4540;-0.1523
21.4550;-0.1494
21.4560;-0.1465
21.4570;-0.1436
21.4580;-0.1406
21.4590;-0.1377
21.4600;-0.1377
21.4610;-0.1318
21.4620;-0.1289
21.4630;-0.1260
21.4640;-0.1230
21.4650;-0.1201
21.4660;-0.1201
21.4670;-0.1201
21.4680;-0.1201
21.4690;-0.1172
21.4700;-0.1201
21.4710;-0.1172
21.4720;-0.1172
21.4730;-0.1143
21.4740;-0.1113
21.4750;-0.1084
21.4760;-0.1055
21.4770;-0.1055
21.4780;-0.1055
21.4790;-0.1025
21.4800;-0.1025
21.4810;-0.0996
21.4820;-0.0996
21.4830;-0.0967
21.4840;-0.0937
21.4850;-0.0967
21.4860;-0.0967
21.4870;-0.0937
21.4880;-0.0937
21.4890;-0.0908
21.4900;-0.0908
21.4910;-0.0908
21.4920;-0.0908
21.4930;-0.0879
21.4940;-0.0879
21.4950;-0.0850
21.4960;-0.0820
21.4970;-0.0791
21.4980;-0.0762
21.4990;-0.0732
21.5000;-0.0732
21.5010;-0.0732
21.5020;-0.0732
21.5030;-0.0732
21.5040;-0.0732
21.5050;-0.0703
21.5060;-0.0674
21.5070;-0.0674
21.5080;-0.0615
21.5090;-0.0586
21.5100;-0.0557
21.5110;-0.0557
21.5120;-0.0557
21.5130;-0.0527
21.5140;-0.0557
21.5150;-0.0557
21.5160;-0.0557
21.5170;-0.0557
21.5180;-0.0557
21.5190;-0.0557
21.5200;-0.0557
21.5210;-0.0586
21.5220;-0.0557
21.5230;-0.0557
21.5240;-0.0586
21.5250;-0.0557
21.5260;-0.0557
21.5270;-0.0557
21.5280;-0.0527
21.5290;-0.0527
21.5300;-0.0498
21.5310;-0.0498
21.5320;-0.0498
21.5330;-0.0498
21.5340;-0.0498
21.5350;-0.0498
21.5360;-0.0469
21.5370;-0.0469
21.5380;-0.0469
21.5390;-0.0469
21.5400;-0.0469
21.5410;-0.0469
21.5420;-0.0439
21.5430;-0.0410
21.5440;-0.0439
21.5450;-0.0439
21.5460;-0.0439
21.5470;-0.0439
21.5480;-0.0410
21.5490;-0.0381
21.5500;-0.0352
21.5510;-0.0293
21.5520;-0.0322
21.5530;-0.0322
21.5540;-0.0322
21.5550;-0.0322
21.5560;-0.0352
21.5570;-0.0381
21.5580;-0.0381
21.5590;-0.0381
21.5600;-0.0381
21.5610;-0.0352
21.5620;-0.0352
21.5630;-0.0352
21.5640;-0.0352
21.5650;-0.0352
21.5660;-0.0352
21.5670;-0.0322
21.5680;-0.0352
21.5690;-0.0322
21.5700;-0.0352
21.5710;-0.0352
21.5720;-0.0322
21.5730;-0.0322
21.5740;-0.0293
21.5750;-0.0264
21.5760;-0.0264
21.5770;-0.0264
21.5780;-0.0293
21.5790;-0.0293
21.5800;-0.0264
21.5810;-0.0264
21.5820;-0.0234
21.5830;-0.0234
21.5840;-0.0234
21.5850;-0.0234
21.5860;-0.0205
21.5870;-0.0205
21.5880;-0.0205
21.5890;-0.0146
21.5900;-0.0146
21.5910;-0.0146
21.5920;-0.0146
21.5930;-0.0146
21.5940;-0.0176
21.5950;-0.0176
21.5960;-0.0146
21.5970;-0.0117
21.5980;-0.0117
21.5990;-0.0117
21.6000;-0.0059
21.6010;-0.0059
21.6020;-0.0059
21.6030;-0.0088
21.6040;-0.0088
21.6050;-0.0117
21.6060;-0.0117
21.6070;-0.0117
21.6080;-0.0146
21.6090;-0.0117
21.6100;-0.0117
21.6110;-0.0117
21.6120;-0.0117
21.6130;-0.0117
21.6140;-0.0117
21.6150;-0.0117
21.6160;-0.0117
21.6170;-0.0117
21.6180;-0.0088
21.6190;-0.0059
21.6200;-0.0059
21.6210;-0.0029
21.6220;0.0000
21.6230;0.0029
21.6240;0.0029
21.6250;0.0000
21.6260;0.0000
21.6270;0.0000
21.6280;0.0000
21.6290;0.0000
21.6300;0.0029
21.6310;0.0029
21.6320;0.0029
21.6330;0.0029
21.6340;0.0059
21.6350;0.0059
21.6360;0.0059
21.6370;0.0029
21.6380;0.0029
21.6390;0.0059
21.6400;0.0029
21.6410;0.0029
21.6420;0.0000
21.6430;0.0000
21.6440;0.0029
21.6450;0.0000
21.6460;0.0000
21.6470;0.0000
21.6480;0.0000
21.6490;0.0000
21.6500;0.0000
21.6510;0.0029
21.6520;0.0059
21.6530;0.0059
21.6540;0.0088
21.6550;0.0088
21.6560;0.0117
21.6570;0.0117
21.6580;0.0117
21.6590;0.0117
21.6600;0.0117
21.6610;0.0146
21.6620;0.0176
21.6630;0.0146
21.6640;0.0146
21.6650;0.0117
21.6660;0.0146
21.6670;0.0176
21.6680;0.0146
21.6690;0.0146
21.6700;0.0146
21.6710;0.0176
21.6720;0.0176
21.6730;0.0176
21.6740;0.0205
21.6750;0.0234
21.6760;0.0322
21.6770;0.0352
21.6780;0.0439
21.6790;0.0498
21.6800;0.0557
21.6810;0.0645
21.6820;0.0674
21.6830;0.0732
21.6840;0.0820
21.6850;0.0908
21.6860;0.0967
21.6870;0.1025
21.6880;0.1084
21.6890;0.1113
21.6900;0.1143
21.6910;0.1113
21.6920;0.1113
21.6930;0.1084
21.6940;0.1055
21.6950;0.1025
21.6960;0.0996
21.6970;0.0967
21.6980;0.0908
21.6990;0.0908
21.7000;0.0908
21.7010;0.0967
21.7020;0.1025
21.7030;0.1055
21.7040;0.1143
21.7050;0.1260
21.7060;0.1377
21.7070;0.1523
21.7080;0.1670
21.7090;0.1816
21.7100;0.1934
21.7110;0.2080
21.7120;0.2227
21.7130;0.2314
21.7140;0.2432
21.7150;0.2520
21.7160;0.2520
21.7170;0.2490
21.7180;0.2461
21.7190;0.2490
21.7200;0.2461
21.7210;0.2461
21.7220;0.2402
21.7230;0.2344
21.7240;0.2285
21.7250;0.2227
21.7260;0.2197
21.7270;0.2139
21.7280;0.2080
21.7290;0.2051
21.7300;0.1963
21.7310;0.1875
21.7320;0.1787
21.7330;0.1670
21.7340;0.1582
21.7350;0.1436
21.7360;0.1318
21.7370;0.1172
21.7380;0.1055
21.7390;0.0967
21.7400;0.0879
21.7410;0.0762
21.7420;0.0674
21.7430;0.0557
21.7440;0.0439
21.7450;0.0293
21.7460;0.0146
21.7470;0.0029
21.7480;-0.0088
21.7490;-0.0205
21.7500;-0.0264
21.7510;-0.0293
21.7520;-0.0352
21.7530;-0.0410
21.7540;-0.0439
21.7550;-0.0439
21.7560;-0.0469
21.7570;-0.0498
21.7580;-0.0527
21.7590;-0.0586
21.7600;-0.0615
21.7610;-0.0615
21.7620;-0.0645
21.7630;-0.0674
21.7640;-0.0674
21.7650;-0.0703
21.7660;-0.0732
21.7670;-0.0791
21.7680;-0.0820
21.7690;-0.0820
21.7700;-0.0850
21.7710;-0.0850
21.7720;-0.0850
21.7730;-0.0850
21.7740;-0.0850
21.7750;-0.0879
21.7760;-0.0937
21.7770;-0.0937
21.7780;-0.0967
21.7790;-0.0996
21.7800;-0.0996
21.7810;-0.0996
21.7820;-0.0996
21.7830;-0.0996
21.7840;-0.0996
21.7850;-0.0996
21.7860;-0.1055
21.7870;-0.1084
21.7880;-0.1055
21.7890;-0.0996
21.7900;-0.1025
21.7910;-0.1025
21.7920;-0.0996
21.7930;-0.0967
21.7940;-0.0937
21.7950;-0.0937
21.7960;-0.0967
21.7970;-0.0967
21.7980;-0.0967
21.7990;-0.0967
21.8000;-0.0967
21.8010;-0.0967
21.8020;-0.0937
21.8030;-0.0967
21.8040;-0.0937
21.8050;-0.0937
21.8060;-0.0937
21.8070;-0.0908
21.8080;-0.0937
21.8090;-0.0937
21.8100;-0.0996
21.8110;-0.0937
21.8120;-0.0937
21.8130;-0.0879
21.8140;-0.0850
21.8150;-0.0879
21.8160;-0.0908
21.8170;-0.0937
21.8180;-0.0967
21.8190;-0.1055
21.8200;-0.1201
21.8210;-0.1318
21.8220;-0.1465
21.8230;-0.1611
21.8240;-0.1729
21.8250;-0.1846
21.8260;-0.1904
21.8270;-0.1963
21.8280;-0.1992
21.8290;-0.2021
21.8300;-0.2021
21.8310;-0.1992
21.8320;-0.1875
21.8330;-0.1787
21.8340;-0.1641
21.8350;-0.1523
21.8360;-0.1348
21.8370;-0.1143
21.8380;-0.0850
21.8390;-0.0527
21.8400;-0.0117
21.8410;0.0352
21.8420;0.0908
21.8430;0.1641
21.8440;0.2461
21.8450;0.3340
21.8460;0.4277
21.8470;0.5186
21.8480;0.6064
21.8490;0.6943
21.8500;0.7881
21.8510;0.8906
21.8520;0.9902
21.8530;1.0957
21.8540;1.2012
21.8550;1.3037
21.8560;1.4062
21.8570;1.4883
21.8580;1.4941
21.8590;1.4941
21.8600;1.4941
21.8610;1.4941
21.8620;1.4941
21.8630;1.4941
21.8640;1.4941
21.8650;1.4941
21.8660;1.4941
21.8670;1.4941
21.8680;1.4941
21.8690;1.4590
21.8700;1.3213
21.8710;1.1748
21.8720;1.0166
21.8730;0.8408
21.8740;0.6592
21.8750;0.4863
21.8760;0.3311
21.8770;0.1963
21.8780;0.0703
21.8790;-0.0381
21.8800;-0.1289
21.8810;-0.2051
21.8820;-0.2637
21.8830;-0.3076
21.8840;-0.3516
21.8850;-0.3896
21.8860;-0.4219
21.8870;-0.4570
21.8880;-0.4863
21.8890;-0.5127
21.8900;-0.5303
21.8910;-0.5449
21.8920;-0.5537
21.8930;-0.5566
21.8940;-0.5596
21.8950;-0.5625
21.8960;-0.5625
21.8970;-0.5596
21.8980;-0.5566
21.8990;-0.5537
21.9000;-0.5420
21.9010;-0.5361
21.9020;-0.5273
21.9030;-0.5156
21.9040;-0.5039
21.9050;-0.4834
21.9060;-0.4629
21.9070;-0.4424
21.9080;-0.4248
21.9090;-0.4014
21.9100;-0.3867
21.9110;-0.3662
21.9120;-0.3457
21.9130;-0.3311
21.9140;-0.3135
21.9150;-0.2988
21.9160;-0.2871
21.9170;-0.2754
21.9180;-0.2607
21.9190;-0.2520
21.9200;-0.2432
21.9210;-0.2402
21.9220;-0.2344
21.9230;-0.2314
21.9240;-0.2256
21.9250;-0.2227
21.9260;-0.2168
21.9270;-0.2109
21.9280;-0.2080
21.9290;-0.2051
21.9300;-0.1992
21.9310;-0.1963
21.9320;-0.1934
21.9330;-0.1904
21.9340;-0.1846
21.9350;-0.1846
21.9360;-0.1816
21.9370;-0.1758
21.9380;-0.1699
21.9390;-0.1641
21.9400;-0.1553
21.9410;-0.1465
21.9420;-0.1406
21.9430;-0.1377
21.9440;-0.1348
21.9450;-0.1289
21.9460;-0.1260
21.9470;-0.1260
21.9480;-0.1230
21.9490;-0.1201
21.9500;-0.1143
21.9510;-0.1084
21.9520;-0.1084
21.9530;-0.1025
21.9540;-0.0967
21.9550;-0.0937
21.9560;-0.0879
21.9570;-0.0850
21.9580;-0.0820
21.9590;-0.0762
21.9600;-0.0762
21.9610;-0.0732
21.9620;-0.0703
21.9630;-0.0674
21.9640;-0.0615
21.9650;-0.0586
21.9660;-0.0527
21.9670;-0.0498
21.9680;-0.0469
21.9690;-0.0439
21.9700;-0.0381
21.9710;-0.0322
21.9720;-0.0293
21.9730;-0.0293
21.9740;-0.0234
21.9750;-0.0234
21.9760;-0.0205
21.9770;-0.0146
21.9780;-0.0117
21.9790;-0.0117
21.9800;-0.0088
21.9810;-0.0088
21.9820;-0.0059
21.9830;0.0000
21.9840;0.0029
21.9850;0.0029
21.9860;0.0088
21.9870;0.0088
21.9880;0.0117
21.9890;0.0176
21.9900;0.0176
21.9910;0.0176
21.9920;0.0205
21.9930;0.0234
21.9940;0.0293
21.9950;0.0322
21.9960;0.0381
21.9970;0.0410
21.9980;0.0410
21.9990;0.0469
22.0000;0.0498
22.0010;0.0527
22.0020;0.0557
22.0030;0.0557
22.0040;0.0586
22.0050;0.0645
22.0060;0.0645
22.0070;0.0645
22.0080;0.0674
22.0090;0.0703
22.0100;0.0732
22.0110;0.0791
22.0120;0.0820
22.0130;0.0850
22.0140;0.0908
22.0150;0.0967
22.0160;0.1025
22.0170;0.1025
22.0180;0.1113
22.0190;0.1113
22.0200;0.1143
22.0210;0.1172
22.0220;0.1172
22.0230;0.1260
22.0240;0.1348
22.0250;0.1406
22.0260;0.1494
22.0270;0.1523
22.0280;0.1641
22.0290;0.1670
22.0300;0.1699
22.0310;0.1758
22.0320;0.1758
22.0330;0.1758
22.0340;0.1816
22.0350;0.1875
22.0360;0.1963
22.0370;0.1963
22.0380;0.2021
22.0390;0.2080
22.0400;0.2109
22.0410;0.2139
22.0420;0.2168
22.0430;0.2227
22.0440;0.2256
22.0450;0.2314
22.0460;0.2314
22.0470;0.2432
22.0480;0.2461
22.0490;0.2461
22.0500;0.2520
22.0510;0.2578
22.0520;0.2578
22.0530;0.2607
22.0540;0.2607
22.0550;0.2637
22.0560;0.2607
22.0570;0.2637
22.0580;0.2666
22.0590;0.2666
22.0600;0.2607
22.0610;0.2637
22.0620;0.2666
22.0630;0.2666
22.0640;0.2637
22.0650;0.2578
22.0660;0.2520
22.0670;0.2549
22.0680;0.2520
22.0690;0.2578
22.0700;0.2578
22.0710;0.2578
22.0720;0.2461
22.0730;0.2402
22.0740;0.2402
22.0750;0.2314
22.0760;0.2227
22.0770;0.2139
22.0780;0.2021
22.0790;0.1992
22.0800;0.1963
22.0810;0.1934
22.0820;0.1934
22.0830;0.1992
22.0840;0.1963
22.0850;0.1904
22.0860;0.1758
22.0870;0.1670
22.0880;0.1582
22.0890;0.1494
22.0900;0.1406
22.0910;0.1289
22.0920;0.1201
22.0930;0.1143
22.0940;0.1113
22.0950;0.0967
22.0960;0.0791
22.0970;0.0645
22.0980;0.0498
22.0990;0.0410
22.1000;0.0322
22.1010;0.0176
22.1020;0.0088
22.1030;-0.0088
22.1040;-0.0264
22.1050;-0.0264
22.1060;-0.0410
22.1070;-0.0586
22.1080;-0.0732
22.1090;-0.0908
22.1100;-0.0996
22.1110;-0.0996
22.1120;-0.1084
22.1130;-0.1230
22.1140;-0.1348
22.1150;-0.1436
22.1160;-0.1611
22.1170;-0.1787
22.1180;-0.1846
22.1190;-0.1875
22.1200;-0.2021
22.1210;-0.2080
22.1220;-0.2109
22.1230;-0.2197
22.1240;-0.2256
22.1250;-0.2344
22.1260;-0.2432
22.1270;-0.2607
22.1280;-0.2666
22.1290;-0.2725
22.1300;-0.2842
22.1310;-0.2930
22.1320;-0.2900
22.1330;-0.2930
22.1340;-0.2959
22.1350;-0.2988
22.1360;-0.3018
22.1370;-0.3018
22.1380;-0.3076
22.1390;-0.3105
22.1400;-0.3193
22.1410;-0.3193
22.1420;-0.3281
22.1430;-0.3311
22.1440;-0.3369
22.1450;-0.3340
22.1460;-0.3281
22.1470;-0.3340
22.1480;-0.3398
22.1490;-0.3398
22.1500;-0.3428
22.1510;-0.3457
22.1520;-0.3398
22.1530;-0.3428
22.1540;-0.3428
22.1550;-0.3486
22.1560;-0.3457
22.1570;-0.3428
22.1580;-0.3369
22.1590;-0.3311
22.1600;-0.3281
22.1610;-0.3252
22.1620;-0.3135
22.1630;-0.3105
22.1640;-0.3105
22.1650;-0.3135
22.1660;-0.3076
22.1670;-0.3047
22.1680;-0.3076
22.1690;-0.3076
22.1700;-0.3018
22.1710;-0.2959
22.1720;-0.2930
22.1730;-0.2959
22.1740;-0.2988
22.1750;-0.3018
22.1760;-0.2930
22.1770;-0.2930
22.1780;-0.2871
22.1790;-0.2725
22.1800;-0.2695
22.1810;-0.2725
22.1820;-0.2783
22.1830;-0.2607
22.1840;-0.2549
22.1850;-0.2549
22.1860;-0.2461
22.1870;-0.2432
22.1880;-0.2402
22.1890;-0.2344
22.1900;-0.2344
22.1910;-0.2344
22.1920;-0.2344
22.1930;-0.2256
22.1940;-0.2197
22.1950;-0.2139
22.1960;-0.2109
22.1970;-0.2109
22.1980;-0.2080
22.1990;-0.2021
22.2000;-0.1992
22.2010;-0.1934
22.2020;-0.1875
22.2030;-0.1846
22.2040;-0.1787
22.2050;-0.1729
22.2060;-0.1699
22.2070;-0.1699
22.2080;-0.1729
22.2090;-0.1670
22.2100;-0.1523
22.2110;-0.1523
22.2120;-0.1523
22.2130;-0.1523
22.2140;-0.1465
22.2150;-0.1465
22.2160;-0.1377
22.2170;-0.1406
22.2180;-0.1318
22.2190;-0.1230
22.2200;-0.1201
22.2210;-0.1201
22.2220;-0.1143
22.2230;-0.1143
22.2240;-0.1055
22.2250;-0.1055
22.2260;-0.0967
22.2270;-0.0967
22.2280;-0.0967
22.2290;-0.0967
22.2300;-0.0937
22.2310;-0.0967
22.2320;-0.0967
22.2330;-0.0996
22.2340;-0.0996
22.2350;-0.1055
22.2360;-0.0996
22.2370;-0.0967
22.2380;-0.0908
22.2390;-0.0850
22.2400;-0.0850
22.2410;-0.0820
22.2420;-0.0791
22.2430;-0.0732
22.2440;-0.0703
22.2450;-0.0674
22.2460;-0.0645
22.2470;-0.0674
22.2480;-0.0645
22.2490;-0.0674
22.2500;-0.0703
22.2510;-0.0732
22.2520;-0.0732
22.2530;-0.0732
22.2540;-0.0732
22.2550;-0.0674
22.2560;-0.0586
22.2570;-0.0557
22.2580;-0.0498
22.2590;-0.0469
22.2600;-0.0381
22.2610;-0.0322
22.2620;-0.0264
22.2630;-0.0381
22.2640;-0.0439
22.2650;-0.0498
22.2660;-0.0557
22.2670;-0.0645
22.2680;-0.0586
22.2690;-0.0586
22.2700;-0.0469
22.2710;-0.0352
22.2720;-0.0381
22.2730;-0.0410
22.2740;-0.0439
22.2750;-0.0439
22.2760;-0.0469
22.2770;-0.0439
22.2780;-0.0469
22.2790;-0.0527
22.2800;-0.0527
22.2810;-0.0527
22.2820;-0.0527
22.2830;-0.0557
22.2840;-0.0498
22.2850;-0.0615
22.2860;-0.0674
22.2870;-0.0762
22.2880;-0.0703
22.2890;-0.0615
22.2900;-0.0615
22.2910;-0.0586
22.2920;-0.0498
22.2930;-0.0469
22.2940;-0.0469
22.2950;-0.0498
22.2960;-0.0469
22.2970;-0.0439
22.2980;-0.0469
22.2990;-0.0439
22.3000;-0.0469
22.3010;-0.0439
22.3020;-0.0469
22.3030;-0.0527
22.3040;-0.0439
22.3050;-0.0293
22.3060;-0.0410
22.3070;-0.0381
22.3080;-0.0381
22.3090;-0.0498
22.3100;-0.0469
22.3110;-0.0469
22.3120;-0.0234
22.3130;-0.0234
22.3140;-0.0352
22.3150;-0.0381
22.3160;-0.0381
22.3170;-0.0322
22.3180;-0.0410
22.3190;-0.0439
22.3200;-0.0498
22.3210;-0.0381
22.3220;-0.0381
22.3230;-0.0381
22.3240;-0.0410
22.3250;-0.0469
22.3260;-0.0498
22.3270;-0.0498
22.3280;-0.0498
22.3290;-0.0527
22.3300;-0.0498
22.3310;-0.0498
22.3320;-0.0557
22.3330;-0.0498
22.3340;-0.0352
22.3350;-0.0234
22.3360;-0.0146
22.3370;-0.0117
22.3380;-0.0029
22.3390;-0.0059
22.3400;-0.0146
22.3410;-0.0205
22.3420;-0.0176
22.3430;-0.0146
22.3440;-0.0088
22.3450;-0.0352
22.3460;-0.0410
22.3470;-0.0439
22.3480;-0.0469
22.3490;-0.0352
22.3500;-0.0352
22.3510;-0.0352
22.3520;-0.0381
22.3530;-0.0410
22.3540;-0.0381
22.3550;-0.0469
22.3560;-0.0410
22.3570;-0.0352
22.3580;-0.0410
22.3590;-0.0381
22.3600;-0.0381
22.3610;-0.0322
22.3620;-0.0293
22.3630;-0.0293
22.3640;-0.0352
22.3650;-0.0352
22.3660;-0.0322
22.3670;-0.0234
22.3680;-0.0176
22.3690;-0.0381
22.3700;-0.0469
22.3710;-0.0381
22.3720;-0.0293
22.3730;-0.0293
22.3740;-0.0293
22.3750;-0.0352
22.3760;-0.0293
22.3770;-0.0293
22.3780;-0.0293
22.3790;-0.0293
22.3800;-0.0176
22.3810;-0.0117
22.3820;-0.0146
22.3830;-0.0234
22.3840;-0.0264
22.3850;-0.0234
22.3860;-0.0293
22.3870;-0.0381
22.3880;-0.0293
22.3890;-0.0352
22.3900;-0.0439
22.3910;-0.0527
22.3920;-0.0381
22.3930;-0.0205
22.3940;-0.0146
22.3950;-0.0088
22.3960;0.0088
22.3970;0.0000
22.3980;0.0000
22.3990;-0.0059
22.4000;-0.0146
22.4010;-0.0234
22.4020;-0.0381
22.4030;-0.0439
22.4040;-0.0469
22.4050;-0.0586
22.4060;-0.0586
22.4070;-0.0498
22.4080;-0.0469
22.4090;-0.0527
22.4100;-0.0410
22.4110;-0.0381
22.4120;-0.0352
22.4130;-0.0205
22.4140;-0.0293
22.4150;-0.0381
22.4160;-0.0527
22.4170;-0.0557
22.4180;-0.0293
22.4190;-0.0176
22.4200;-0.0117
22.4210;-0.0059
22.4220;-0.0088
22.4230;-0.0088
22.4240;0.0000
22.4250;0.0088
22.4260;0.0088
22.4270;0.0117
22.4280;0.0117
22.4290;0.0205
22.4300;0.0264
22.4310;0.0059
22.4320;0.0088
22.4330;0.0059
22.4340;0.0176
22.4350;0.0176
22.4360;0.0176
22.4370;0.0029
22.4380;0.0000
22.4390;0.0088
22.4400;0.0146
22.4410;0.0205
22.4420;0.0088
22.4430;0.0029
22.4440;0.0234
22.4450;0.0322
22.4460;0.0439
22.4470;0.0498
22.4480;0.0557
22.4490;0.0615
22.4500;0.0820
22.4510;0.1025
22.4520;0.1406
22.4530;0.1611
22.4540;0.1729
22.4550;0.1992
22.4560;0.2080
22.4570;0.1934
22.4580;0.1963
22.4590;0.2168
22.4600;0.1963
22.4610;0.1963
22.4620;0.2021
22.4630;0.2021
22.4640;0.1934
22.4650;0.1758
22.4660;0.1611
22.4670;0.1641
22.4680;0.1670
22.4690;0.1494
22.4700;0.1348
22.4710;0.1348
22.4720;0.1436
22.4730;0.1406
22.4740;0.1406
22.4750;0.1348
22.4760;0.1230
22.4770;0.1055
22.4780;0.1025
22.4790;0.0908
22.4800;0.0879
22.4810;0.0762
22.4820;0.0645
22.4830;0.0469
22.4840;0.0381
22.4850;0.0352
22.4860;0.0352
22.4870;0.0205
22.4880;0.0029
22.4890;-0.0234
22.4900;-0.0469
22.4910;-0.0586
22.4920;-0.0674
22.4930;-0.0879
22.4940;-0.0937
22.4950;-0.0996
22.4960;-0.1084
22.4970;-0.1025
22.4980;-0.1172
22.4990;-0.1436
22.5000;-0.1523
22.5010;-0.1553
22.5020;-0.1436
22.5030;-0.1289
22.5040;-0.1377
22.5050;-0.1436
22.5060;-0.1494
22.5070;-0.1699
22.5080;-0.1875
22.5090;-0.1934
22.5100;-0.2109
22.5110;-0.2256
22.5120;-0.2109
22.5130;-0.2109
22.5140;-0.2109
22.5150;-0.1904
22.5160;-0.1846
22.5170;-0.1904
22.5180;-0.1934
22.5190;-0.1904
22.5200;-0.1875
22.5210;-0.1934
22.5220;-0.1934
22.5230;-0.2021
22.5240;-0.2021
22.5250;-0.1963
22.5260;-0.1963
22.5270;-0.2109
22.5280;-0.2109
22.5290;-0.2080
22.5300;-0.1992
22.5310;-0.1875
22.5320;-0.1904
22.5330;-0.1816
22.5340;-0.1846
22.5350;-0.1787
22.5360;-0.1758
22.5370;-0.1758
22.5380;-0.1846
22.5390;-0.1846
22.5400;-0.1816
22.5410;-0.1846
22.5420;-0.1787
22.5430;-0.1699
22.5440;-0.1611
22.5450;-0.1553
22.5460;-0.1406
22.5470;-0.1377
22.5480;-0.1377
22.5490;-0.1318
22.5500;-0.1348
22.5510;-0.1289
22.5520;-0.1377
22.5530;-0.1465
22.5540;-0.1523
22.5550;-0.1523
22.5560;-0.1553
22.5570;-0.1641
22.5580;-0.1670
22.5590;-0.1670
22.5600;-0.1641
22.5610;-0.1523
22.5620;-0.1523
22.5630;-0.1699
22.5640;-0.1699
22.5650;-0.1787
22.5660;-0.2080
22.5670;-0.2197
22.5680;-0.2256
22.5690;-0.2314
22.5700;-0.2344
22.5710;-0.2520
22.5720;-0.2549
22.5730;-0.2578
22.5740;-0.2607
22.5750;-0.2578
22.5760;-0.2549
22.5770;-0.2490
22.5780;-0.2461
22.5790;-0.2314
22.5800;-0.2314
22.5810;-0.2256
22.5820;-0.2168
22.5830;-0.1992
22.5840;-0.1670
22.5850;-0.1025
22.5860;-0.0439
22.5870;0.0264
22.5880;0.1143
22.5890;0.2109
22.5900;0.3223
22.5910;0.4072
22.5920;0.5039
22.5930;0.6152
22.5940;0.7266
22.5950;0.8174
22.5960;0.9258
22.5970;1.0283
22.5980;1.1426
22.5990;1.2539
22.6000;1.3564
22.6010;1.4414
22.6020;1.4941
22.6030;1.4941
22.6040;1.4941
22.6050;1.4941
22.6060;1.4941
22.6070;1.4941
22.6080;1.4941
22.6090;1.4941
22.6100;1.4941
22.6110;1.4941
22.6120;1.4941
22.6130;1.4941
22.6140;1.4941
22.6150;1.4648
22.6160;1.3213
22.6170;1.1484
22.6180;0.9639
22.6190;0.7881
22.6200;0.6064
22.6210;0.4365
22.6220;0.2900
22.6230;0.1582
22.6240;0.0264
22.6250;-0.0879
22.6260;-0.1816
22.6270;-0.2871
22.6280;-0.3867
22.6290;-0.4277
22.6300;-0.4658
22.6310;-0.5039
22.6320;-0.5361
22.6330;-0.5684
22.6340;-0.6182
22.6350;-0.6885
22.6360;-0.7412
22.6370;-0.7910
22.6380;-0.8174
22.6390;-0.8232
22.6400;-0.8584
22.6410;-0.8936
22.6420;-0.8877
22.6430;-0.8613
22.6440;-0.8643
22.6450;-0.8789
22.6460;-0.8877
22.6470;-0.8701
22.6480;-0.8467
22.6490;-0.8086
22.6500;-0.7822
22.6510;-0.7588
22.6520;-0.7295
22.6530;-0.7207
22.6540;-0.6826
22.6550;-0.6445
22.6560;-0.6270
22.6570;-0.5947
22.6580;-0.5625
22.6590;-0.5303
22.6600;-0.5127
22.6610;-0.4834
22.6620;-0.4365
22.6630;-0.3896
22.6640;-0.3721
22.6650;-0.3633
22.6660;-0.3633
22.6670;-0.3428
22.6680;-0.3135
22.6690;-0.2725
22.6700;-0.2725
22.6710;-0.2637
22.6720;-0.2666
22.6730;-0.2607
22.6740;-0.2637
22.6750;-0.2607
22.6760;-0.2783
22.6770;-0.2666
22.6780;-0.2490
22.6790;-0.2725
22.6800;-0.2695
22.6810;-0.2637
22.6820;-0.2520
22.6830;-0.2432
22.6840;-0.2314
22.6850;-0.2256
22.6860;-0.2109
22.6870;-0.2139
22.6880;-0.1992
22.6890;-0.1846
22.6900;-0.1846
22.6910;-0.1846
22.6920;-0.1729
22.6930;-0.1582
22.6940;-0.1523
22.6950;-0.1465
22.6960;-0.1406
22.6970;-0.1465
22.6980;-0.1582
22.6990;-0.1523
22.7000;-0.1377
22.7010;-0.1318
22.7020;-0.1289
22.7030;-0.1230
22.7040;-0.1230
22.7050;-0.1201
22.7060;-0.1172
22.7070;-0.1143
22.7080;-0.1113
22.7090;-0.0996
22.7100;-0.1143
22.7110;-0.1055
22.7120;-0.1025
22.7130;-0.1143
22.7140;-0.1025
22.7150;-0.0937
22.7160;-0.0908
22.7170;-0.0908
22.7180;-0.0879
22.7190;-0.0850
22.7200;-0.0879
22.7210;-0.0762
22.7220;-0.0732
22.7230;-0.0732
22.7240;-0.0703
22.7250;-0.0498
22.7260;-0.0439
22.7270;-0.0381
22.7280;-0.0293
22.7290;-0.0293
22.7300;-0.0352
22.7310;-0.0293
22.7320;-0.0293
22.7330;-0.0176
22.7340;-0.0234
22.7350;-0.0322
22.7360;-0.0234
22.7370;-0.0205
22.7380;-0.0439
22.7390;-0.0439
22.7400;-0.0352
22.7410;-0.0205
22.7420;-0.0205
22.7430;-0.0293
22.7440;-0.0322
22.7450;-0.0410
22.7460;-0.0645
22.7470;-0.0439
22.7480;-0.0264
22.7490;-0.0088
22.7500;-0.0029
22.7510;-0.0029
22.7520;-0.0234
22.7530;-0.0439
22.7540;-0.0381
22.7550;-0.0352
22.7560;-0.0381
22.7570;-0.0293
22.7580;-0.0059
22.7590;0.0088
22.7600;0.0088
22.7610;0.0000
22.7620;-0.0088
22.7630;0.0088
22.7640;0.0439
22.7650;0.0791
22.7660;0.1025
22.7670;0.0967
22.7680;0.0850
22.7690;0.0762
22.7700;0.0791
22.7710;0.0879
22.7720;0.0791
22.7730;0.0967
22.7740;0.1143
22.7750;0.1201
22.7760;0.1230
22.7770;0.1260
22.7780;0.1143
22.7790;0.1143
22.7800;0.1230
22.7810;0.1055
22.7820;0.0908
22.7830;0.0908
22.7840;0.1084
22.7850;0.1172
22.7860;0.1113
22.7870;0.1143
22.7880;0.1113
22.7890;0.1143
22.7900;0.1260
22.7910;0.1377
22.7920;0.1758
22.7930;0.2197
22.7940;0.2402
22.7950;0.2549
22.7960;0.2607
22.7970;0.2344
22.7980;0.1963
22.7990;0.2080
22.8000;0.2080
22.8010;0.1992
22.8020;0.1611
22.8030;0.1523
22.8040;0.1289
22.8050;0.0967
22.8060;0.0967
22.8070;0.1055
22.8080;0.1113
22.8090;0.0996
22.8100;0.1260
22.8110;0.1582
22.8120;0.1992
22.8130;0.2256
22.8140;0.2168
22.8150;0.2109
22.8160;0.2227
22.8170;0.2402
22.8180;0.2520
22.8190;0.2461
22.8200;0.2256
22.8210;0.2285
22.8220;0.2285
22.8230;0.2227
22.8240;0.2256
22.8250;0.2227
22.8260;0.2080
22.8270;0.2051
22.8280;0.2051
22.8290;0.1963
22.8300;0.1846
22.8310;0.1729
22.8320;0.1670
22.8330;0.1582
22.8340;0.1465
22.8350;0.1494
22.8360;0.1348
22.8370;0.1289
22.8380;0.1289
22.8390;0.1055
22.8400;0.0762
22.8410;0.0586
22.8420;0.0498
22.8430;0.0439
22.8440;0.0322
22.8450;0.0205
22.8460;0.0088
22.8470;-0.0059
22.8480;-0.0234
22.8490;-0.0469
22.8500;-0.0674
22.8510;-0.0791
22.8520;-0.0850
22.8530;-0.0967
22.8540;-0.1113
22.8550;-0.1318
22.8560;-0.1553
22.8570;-0.1670
22.8580;-0.1670
22.8590;-0.1758
22.8600;-0.1729
22.8610;-0.1758
22.8620;-0.1787
22.8630;-0.1875
22.8640;-0.2021
22.8650;-0.2227
22.8660;-0.2373
22.8670;-0.2520
22.8680;-0.2666
22.8690;-0.2783
22.8700;-0.2900
22.8710;-0.2959
22.8720;-0.3047
22.8730;-0.3164
22.8740;-0.3223
22.8750;-0.3281
22.8760;-0.3340
22.8770;-0.3428
22.8780;-0.3486
22.8790;-0.3486
22.8800;-0.3545
22.8810;-0.3662
22.8820;-0.3662
22.8830;-0.3662
22.8840;-0.3662
22.8850;-0.3691
22.8860;-0.3721
22.8870;-0.3721
22.8880;-0.3721
22.8890;-0.3750
22.8900;-0.3662
22.8910;-0.3691
22.8920;-0.3662
22.8930;-0.3633
22.8940;-0.3662
22.8950;-0.3809
22.8960;-0.3867
22.8970;-0.3896
22.8980;-0.3721
22.8990;-0.3662
22.9000;-0.3545
22.9010;-0.3633
22.9020;-0.3750
22.9030;-0.3662
22.9040;-0.3545
22.9050;-0.3604
22.9060;-0.3516
22.9070;-0.3457
22.9080;-0.3457
22.9090;-0.3457
22.9100;-0.3398
22.9110;-0.3516
22.9120;-0.3604
22.9130;-0.3691
22.9140;-0.3779
22.9150;-0.3662
22.9160;-0.3662
22.9170;-0.3604
22.9180;-0.3604
22.9190;-0.3574
22.9200;-0.3545
22.9210;-0.3457
22.9220;-0.3340
22.9230;-0.3252
22.9240;-0.3105
22.9250;-0.2988
22.9260;-0.3164
22.9270;-0.3252
22.9280;-0.3311
22.9290;-0.3369
22.9300;-0.3486
22.9310;-0.3574
22.9320;-0.3545
22.9330;-0.3428
22.9340;-0.3369
22.9350;-0.3369
22.9360;-0.3311
22.9370;-0.3193
22.9380;-0.2812
22.9390;-0.2725
22.9400;-0.2578
22.9410;-0.2227
22.9420;-0.2285
22.9430;-0.2256
22.9440;-0.2373
22.9450;-0.2461
22.9460;-0.2607
22.9470;-0.2490
22.9480;-0.2461
22.9490;-0.2432
22.9500;-0.2549
22.9510;-0.2637
22.9520;-0.2812
22.9530;-0.2842
22.9540;-0.2871
22.9550;-0.2607
22.9560;-0.2607
22.9570;-0.2637
22.9580;-0.2578
22.9590;-0.2490
22.9600;-0.2490
22.9610;-0.2402
22.9620;-0.2461
22.9630;-0.2520
22.9640;-0.2549
22.9650;-0.2344
22.9660;-0.2256
22.9670;-0.2344
22.9680;-0.2344
22.9690;-0.2139
22.9700;-0.2227
22.9710;-0.2256
22.9720;-0.2373
22.9730;-0.2637
22.9740;-0.2754
22.9750;-0.2842
22.9760;-0.2637
22.9770;-0.2490
22.9780;-0.2344
22.9790;-0.2373
22.9800;-0.2461
22.9810;-0.2344
22.9820;-0.2139
22.9830;-0.2080
22.9840;-0.2256
22.9850;-0.2344
22.9860;-0.2578
22.9870;-0.2637
22.9880;-0.2461
22.9890;-0.2256
22.9900;-0.1904
22.9910;-0.1992
22.9920;-0.2256
22.9930;-0.2256
22.9940;-0.2080
22.9950;-0.2139
22.9960;-0.1992
22.9970;-0.1904
22.9980;-0.1875
22.9990;-0.1992
23.0000;-0.1963
23.0010;-0.1846
23.0020;-0.1875
23.0030;-0.1758
23.0040;-0.1816
23.0050;-0.1875
23.0060;-0.1787
23.0070;-0.1758
23.0080;-0.1758
23.0090;-0.1611
23.0100;-0.1465
23.0110;-0.1465
23.0120;-0.1494
23.0130;-0.1406
23.0140;-0.1377
23.0150;-0.1582
23.0160;-0.1787
23.0170;-0.1875
23.0180;-0.1992
23.0190;-0.1992
23.0200;-0.2051
23.0210;-0.2168
23.0220;-0.2256
23.0230;-0.2139
23.0240;-0.2109
23.0250;-0.2227
23.0260;-0.2314
23.0270;-0.2432
23.0280;-0.2314
23.0290;-0.2285
23.0300;-0.2256
23.0310;-0.2139
23.0320;-0.2051
23.0330;-0.1992
23.0340;-0.1816
23.0350;-0.1904
23.0360;-0.1992
23.0370;-0.1934
23.0380;-0.1846
23.0390;-0.1846
23.0400;-0.1904
23.0410;-0.1846
23.0420;-0.1816
23.0430;-0.1699
23.0440;-0.1523
23.0450;-0.1494
23.0460;-0.1494
23.0470;-0.1436
23.0480;-0.1523
23.0490;-0.1670
23.0500;-0.1934
23.0510;-0.2021
23.0520;-0.2051
23.0530;-0.2109
23.0540;-0.2168
23.0550;-0.2256
23.0560;-0.2051
23.0570;-0.1992
23.0580;-0.1963
23.0590;-0.2051
23.0600;-0.2168
23.0610;-0.2109
23.0620;-0.1992
23.0630;-0.2021
23.0640;-0.2051
23.0650;-0.1963
23.0660;-0.1904
23.0670;-0.1758
23.0680;-0.1611
23.0690;-0.1670
23.0700;-0.1729
23.0710;-0.1787
23.0720;-0.1846
23.0730;-0.1816
23.0740;-0.1934
23.0750;-0.1963
23.0760;-0.1934
23.0770;-0.1875
23.0780;-0.1934
23.0790;-0.1992
23.0800;-0.1992
23.0810;-0.2080
23.0820;-0.2109
23.0830;-0.2080
23.0840;-0.1992
23.0850;-0.2021
23.0860;-0.1992
23.0870;-0.2080
23.0880;-0.2109
23.0890;-0.2051
23.0900;-0.1963
23.0910;-0.1875
23.0920;-0.1816
23.0930;-0.1816
23.0940;-0.1816
23.0950;-0.1875
23.0960;-0.1875
23.0970;-0.1816
23.0980;-0.1729
23.0990;-0.1699
23.1000;-0.1699
23.1010;-0.1553
23.1020;-0.1523
23.1030;-0.1611
23.1040;-0.1641
23.1050;-0.1758
23.1060;-0.1816
23.1070;-0.1816
23.1080;-0.1787
23.1090;-0.1787
23.1100;-0.1787
23.1110;-0.1904
23.1120;-0.1875
23.1130;-0.1904
23.1140;-0.1846
23.1150;-0.1816
23.1160;-0.1816
23.1170;-0.1875
23.1180;-0.1875
23.1190;-0.1670
23.1200;-0.1670
23.1210;-0.1670
23.1220;-0.1787
23.1230;-0.1904
23.1240;-0.1963
23.1250;-0.2021
23.1260;-0.2051
23.1270;-0.2109
23.1280;-0.2139
23.1290;-0.2021
23.1300;-0.1816
23.1310;-0.1699
23.1320;-0.1670
23.1330;-0.1553
23.1340;-0.1436
23.1350;-0.1348
23.1360;-0.1113
23.1370;-0.0937
23.1380;-0.1025
23.1390;-0.0996
23.1400;-0.0850
23.1410;-0.0820
23.1420;-0.0762
23.1430;-0.0762
23.1440;-0.0732
23.1450;-0.0937
23.1460;-0.0967
23.1470;-0.0996
23.1480;-0.1055
23.1490;-0.1143
23.1500;-0.1084
23.1510;-0.0996
23.1520;-0.0820
23.1530;-0.0791
23.1540;-0.0703
23.1550;-0.0586
23.1560;-0.0469
23.1570;-0.0469
23.1580;-0.0820
23.1590;-0.0674
23.1600;-0.0586
23.1610;-0.0557
23.1620;-0.0234
23.1630;0.0000
23.1640;0.0205
23.1650;0.0352
23.1660;0.0352
23.1670;0.0439
23.1680;0.0557
23.1690;0.0850
23.1700;0.1143
23.1710;0.1201
23.1720;0.1289
23.1730;0.1289
23.1740;0.1318
23.1750;0.1348
23.1760;0.1172
23.1770;0.1201
23.1780;0.1289
23.1790;0.1025
23.1800;0.0879
23.1810;0.0850
23.1820;0.0791
23.1830;0.0615
23.1840;0.0586
23.1850;0.0498
23.1860;0.0410
23.1870;0.0352
23.1880;0.0205
23.1890;0.0059
23.1900;-0.0176
23.1910;-0.0439
23.1920;-0.0527
23.1930;-0.0645
23.1940;-0.0791
23.1950;-0.0820
23.1960;-0.0850
23.1970;-0.1084
23.1980;-0.1318
23.1990;-0.1494
23.2000;-0.1553
23.2010;-0.1318
23.2020;-0.1230
23.2030;-0.1113
23.2040;-0.1055
23.2050;-0.1260
23.2060;-0.1465
23.2070;-0.1699
23.2080;-0.2021
23.2090;-0.2139
23.2100;-0.2373
23.2110;-0.2490
23.2120;-0.2578
23.2130;-0.2607
23.2140;-0.2549
23.2150;-0.2461
23.2160;-0.2344
23.2170;-0.2432
23.2180;-0.2637
23.2190;-0.2783
23.2200;-0.2871
23.2210;-0.2871
23.2220;-0.2900
23.2230;-0.3018
23.2240;-0.3018
23.2250;-0.3047
23.2260;-0.3076
23.2270;-0.3047
23.2280;-0.3105
23.2290;-0.3164
23.2300;-0.3252
23.2310;-0.3281
23.2320;-0.3281
23.2330;-0.3193
23.2340;-0.3193
23.2350;-0.3193
23.2360;-0.3223
23.2370;-0.3281
23.2380;-0.3135
23.2390;-0.2959
23.2400;-0.2783
23.2410;-0.2783
23.2420;-0.2842
23.2430;-0.2842
23.2440;-0.2812
23.2450;-0.2930
23.2460;-0.3047
23.2470;-0.3164
23.2480;-0.3076
23.2490;-0.2930
23.2500;-0.2930
23.2510;-0.3018
23.2520;-0.3047
23.2530;-0.3018
23.2540;-0.3018
23.2550;-0.3076
23.2560;-0.3135
23.2570;-0.3311
23.2580;-0.3398
23.2590;-0.3311
23.2600;-0.3193
23.2610;-0.3223
23.2620;-0.3311
23.2630;-0.3398
23.2640;-0.3369
23.2650;-0.3340
23.2660;-0.3311
23.2670;-0.3311
23.2680;-0.3340
23.2690;-0.3369
23.2700;-0.3340
23.2710;-0.3311
23.2720;-0.3340
23.2730;-0.3311
23.2740;-0.3340
23.2750;-0.3340
23.2760;-0.3369
23.2770;-0.3428
23.2780;-0.3516
23.2790;-0.3604
23.2800;-0.3809
23.2810;-0.4014
23.2820;-0.4131
23.2830;-0.4219
23.2840;-0.4277
23.2850;-0.4336
23.2860;-0.4277
23.2870;-0.4219
23.2880;-0.4189
23.2890;-0.4102
23.2900;-0.4043
23.2910;-0.4014
23.2920;-0.3896
23.2930;-0.3779
23.2940;-0.3604
23.2950;-0.3398
23.2960;-0.3193
23.2970;-0.2930
23.2980;-0.2490
23.2990;-0.1934
23.3000;-0.1289
23.3010;-0.0410
23.3020;0.0498
23.3030;0.1406
23.3040;0.2490
23.3050;0.3633
23.3060;0.4658
23.3070;0.5742
23.3080;0.6768
23.3090;0.7822
23.3100;0.8936
23.3110;1.0078
23.3120;1.1191
23.3130;1.2334
23.3140;1.3330
23.3150;1.4326
23.3160;1.4941
23.3170;1.4941
23.3180;1.4941
23.3190;1.4941
23.3200;1.4941
23.3210;1.4941
23.3220;1.4941
23.3230;1.4941
23.3240;1.4941
23.3250;1.4941
23.3260;1.4941
23.3270;1.4941
23.3280;1.3740
23.3290;1.2305
23.3300;1.0605
23.3310;0.8789
23.3320;0.6768
23.3330;0.4863
23.3340;0.3135
23.3350;0.1523
23.3360;0.0117
23.3370;-0.1055
23.3380;-0.2168
23.3390;-0.3193
23.3400;-0.4189
23.3410;-0.5039
23.3420;-0.5889
23.3430;-0.6592
23.3440;-0.7324
23.3450;-0.8027
23.3460;-0.8818
23.3470;-0.9492
23.3480;-1.0078
23.3490;-1.0488
23.3500;-1.0664
23.3510;-1.0752
23.3520;-1.0898
23.3530;-1.0986
23.3540;-1.1016
23.3550;-1.0928
23.3560;-1.0869
23.3570;-1.0693
23.3580;-1.0459
23.3590;-1.0195
23.3600;-1.0020
23.3610;-0.9902
23.3620;-0.9697
23.3630;-0.9375
23.3640;-0.8994
23.3650;-0.8643
23.3660;-0.8350
23.3670;-0.7939
23.3680;-0.7500
23.3690;-0.7090
23.3700;-0.6768
23.3710;-0.6475
23.3720;-0.6211
23.3730;-0.5977
23.3740;-0.5742
23.3750;-0.5566
23.3760;-0.5391
23.3770;-0.5244
23.3780;-0.5127
23.3790;-0.4980
23.3800;-0.4863
23.3810;-0.4717
23.3820;-0.4629
23.3830;-0.4629
23.3840;-0.4658
23.3850;-0.4600
23.3860;-0.4512
23.3870;-0.4365
23.3880;-0.4219
23.3890;-0.4189
23.3900;-0.4131
23.3910;-0.4131
23.3920;-0.4043
23.3930;-0.3955
23.3940;-0.3838
23.3950;-0.3721
23.3960;-0.3633
23.3970;-0.3633
23.3980;-0.3574
23.3990;-0.3545
23.4000;-0.3516
23.4010;-0.3398
23.4020;-0.3340
23.4030;-0.3252
23.4040;-0.3164
23.4050;-0.3076
23.4060;-0.2988
23.4070;-0.2988
23.4080;-0.3018
23.4090;-0.2900
23.4100;-0.2930
23.4110;-0.2959
23.4120;-0.2959
23.4130;-0.2930
23.4140;-0.2959
23.4150;-0.2871
23.4160;-0.2812
23.4170;-0.2812
23.4180;-0.2783
23.4190;-0.2754
23.4200;-0.2754
23.4210;-0.2725
23.4220;-0.2725
23.4230;-0.2666
23.4240;-0.2695
23.4250;-0.2695
23.4260;-0.2607
23.4270;-0.2549
23.4280;-0.2578
23.4290;-0.2549
23.4300;-0.2490
23.4310;-0.2402
23.4320;-0.2344
23.4330;-0.2285
23.4340;-0.2256
23.4350;-0.2227
23.4360;-0.2109
23.4370;-0.2109
23.4380;-0.2109
23.4390;-0.2139
23.4400;-0.2256
23.4410;-0.2256
23.4420;-0.2314
23.4430;-0.2256
23.4440;-0.2197
23.4450;-0.2197
23.4460;-0.2139
23.4470;-0.2109
23.4480;-0.2051
23.4490;-0.1992
23.4500;-0.1992
23.4510;-0.1963
23.4520;-0.1846
23.4530;-0.1816
23.4540;-0.1816
23.4550;-0.1787
23.4560;-0.1816
23.4570;-0.1846
23.4580;-0.1875
23.4590;-0.1846
23.4600;-0.1758
23.4610;-0.1611
23.4620;-0.1494
23.4630;-0.1436
23.4640;-0.1406
23.4650;-0.1377
23.4660;-0.1406
23.4670;-0.1289
23.4680;-0.1230
23.4690;-0.1260
23.4700;-0.1260
23.4710;-0.1230
23.4720;-0.1260
23.4730;-0.1230
23.4740;-0.1172
23.4750;-0.1143
23.4760;-0.1055
23.4770;-0.1055
23.4780;-0.1113
23.4790;-0.1143
23.4800;-0.1143
23.4810;-0.0996
23.4820;-0.0967
23.4830;-0.0996
23.4840;-0.0908
23.4850;-0.0850
23.4860;-0.0732
23.4870;-0.0732
23.4880;-0.0762
23.4890;-0.0732
23.4900;-0.0732
23.4910;-0.0674
23.4920;-0.0615
23.4930;-0.0674
23.4940;-0.0615
23.4950;-0.0469
23.4960;-0.0352
23.4970;-0.0205
23.4980;-0.0029
23.4990;0.0088
23.5000;0.0176
23.5010;0.0146
23.5020;0.0088
23.5030;0.0059
23.5040;0.0029
23.5050;0.0029
23.5060;-0.0029
23.5070;-0.0059
23.5080;-0.0117
23.5090;-0.0117
23.5100;-0.0176
23.5110;-0.0176
23.5120;-0.0234
23.5130;-0.0234
23.5140;-0.0146
23.5150;-0.0088
23.5160;-0.0088
23.5170;-0.0059
23.5180;-0.0088
23.5190;-0.0088
23.5200;-0.0059
23.5210;0.0000
23.5220;0.0059
23.5230;0.0176
23.5240;0.0264
23.5250;0.0293
23.5260;0.0322
23.5270;0.0322
23.5280;0.0293
23.5290;0.0205
23.5300;0.0117
23.5310;0.0117
23.5320;0.0117
23.5330;0.0029
23.5340;0.0000
23.5350;0.0029
23.5360;0.0000
23.5370;0.0000
23.5380;-0.0029
23.5390;0.0000
23.5400;0.0000
23.5410;0.0000
23.5420;0.0029
23.5430;0.0000
23.5440;0.0000
23.5450;-0.0059
23.5460;-0.0117
23.5470;-0.0234
23.5480;-0.0381
23.5490;-0.0469
23.5500;-0.0615
23.5510;-0.0703
23.5520;-0.0762
23.5530;-0.0850
23.5540;-0.0850
23.5550;-0.0996
23.5560;-0.1113
23.5570;-0.1230
23.5580;-0.1318
23.5590;-0.1436
23.5600;-0.1582
23.5610;-0.1699
23.5620;-0.1729
23.5630;-0.1846
23.5640;-0.1934
23.5650;-0.1992
23.5660;-0.2109
23.5670;-0.2168
23.5680;-0.2197
23.5690;-0.2256
23.5700;-0.2402
23.5710;-0.2520
23.5720;-0.2607
23.5730;-0.2695
23.5740;-0.2725
23.5750;-0.2842
23.5760;-0.2959
23.5770;-0.3076
23.5780;-0.3135
23.5790;-0.3164
23.5800;-0.3164
23.5810;-0.3193
23.5820;-0.3252
23.5830;-0.3252
23.5840;-0.3311
23.5850;-0.3398
23.5860;-0.3398
23.5870;-0.3428
23.5880;-0.3486
23.5890;-0.3545
23.5900;-0.3574
23.5910;-0.3633
23.5920;-0.3691
23.5930;-0.3750
23.5940;-0.3809
23.5950;-0.3867
23.5960;-0.3838
23.5970;-0.3809
23.5980;-0.3779
23.5990;-0.3750
23.6000;-0.3750
23.6010;-0.3779
23.6020;-0.3750
23.6030;-0.3750
23.6040;-0.3721
23.6050;-0.3691
23.6060;-0.3604
23.6070;-0.3545
23.6080;-0.3457
23.6090;-0.3457
23.6100;-0.3457
23.6110;-0.3457
23.6120;-0.3428
23.6130;-0.3369
23.6140;-0.3311
23.6150;-0.3252
23.6160;-0.3252
23.6170;-0.3223
23.6180;-0.3223
23.6190;-0.3281
23.6200;-0.3311
23.6210;-0.3340
23.6220;-0.3340
23.6230;-0.3311
23.6240;-0.3311
23.6250;-0.3311
23.6260;-0.3281
23.6270;-0.3193
23.6280;-0.3193
23.6290;-0.3105
23.6300;-0.3047
23.6310;-0.2988
23.6320;-0.2871
23.6330;-0.2842
23.6340;-0.2842
23.6350;-0.2900
23.6360;-0.2871
23.6370;-0.2842
23.6380;-0.2783
23.6390;-0.2754
23.6400;-0.2725
23.6410;-0.2725
23.6420;-0.2754
23.6430;-0.2725
23.6440;-0.2754
23.6450;-0.2783
23.6460;-0.2812
23.6470;-0.2812
23.6480;-0.2725
23.6490;-0.2666
23.6500;-0.2578
23.6510;-0.2490
23.6520;-0.2490
23.6530;-0.2490
23.6540;-0.2402
23.6550;-0.2314
23.6560;-0.2256
23.6570;-0.2256
23.6580;-0.2227
23.6590;-0.2197
23.6600;-0.2197
23.6610;-0.2139
23.6620;-0.2197
23.6630;-0.2256
23.6640;-0.2256
23.6650;-0.2256
23.6660;-0.2256
23.6670;-0.2285
23.6680;-0.2256
23.6690;-0.2227
23.6700;-0.2227
23.6710;-0.2227
23.6720;-0.2256
23.6730;-0.2227
23.6740;-0.2227
23.6750;-0.2197
23.6760;-0.2197
23.6770;-0.2139
23.6780;-0.2168
23.6790;-0.2168
23.6800;-0.2109
23.6810;-0.2109
23.6820;-0.2109
23.6830;-0.2109
23.6840;-0.2080
23.6850;-0.2080
23.6860;-0.2051
23.6870;-0.1963
23.6880;-0.1875
23.6890;-0.1846
23.6900;-0.1816
23.6910;-0.1816
23.6920;-0.1816
23.6930;-0.1875
23.6940;-0.1846
23.6950;-0.1846
23.6960;-0.1875
23.6970;-0.1846
23.6980;-0.1816
23.6990;-0.1787
23.7000;-0.1787
23.7010;-0.1758
23.7020;-0.1758
23.7030;-0.1758
23.7040;-0.1699
23.7050;-0.1729
23.7060;-0.1729
23.7070;-0.1758
23.7080;-0.1787
23.7090;-0.1787
23.7100;-0.1787
23.7110;-0.1816
23.7120;-0.1787
23.7130;-0.1758
23.7140;-0.1758
23.7150;-0.1729
23.7160;-0.1670
23.7170;-0.1670
23.7180;-0.1699
23.7190;-0.1670
23.7200;-0.1670
23.7210;-0.1670
23.7220;-0.1787
23.7230;-0.1846
23.7240;-0.1934
23.7250;-0.1963
23.7260;-0.1992
23.7270;-0.1963
23.7280;-0.1875
23.7290;-0.1758
23.7300;-0.1670
23.7310;-0.1611
23.7320;-0.1523
23.7330;-0.1494
23.7340;-0.1436
23.7350;-0.1406
23.7360;-0.1377
23.7370;-0.1348
23.7380;-0.1377
23.7390;-0.1318
23.7400;-0.1318
23.7410;-0.1348
23.7420;-0.1348
23.7430;-0.1318
23.7440;-0.1318
23.7450;-0.1318
23.7460;-0.1318
23.7470;-0.1289
23.7480;-0.1289
23.7490;-0.1230
23.7500;-0.1289
23.7510;-0.1318
23.7520;-0.1260
23.7530;-0.1260
23.7540;-0.1201
23.7550;-0.1143
23.7560;-0.1084
23.7570;-0.1113
23.7580;-0.1084
23.7590;-0.1113
23.7600;-0.1143
23.7610;-0.1143
23.7620;-0.1143
23.7630;-0.1084
23.7640;-0.1025
23.7650;-0.1055
23.7660;-0.1025
23.7670;-0.0996
23.7680;-0.0967
23.7690;-0.0967
23.7700;-0.0967
23.7710;-0.0908
23.7720;-0.0879
23.7730;-0.0850
23.7740;-0.0820
23.7750;-0.0791
23.7760;-0.0762
23.7770;-0.0732
23.7780;-0.0732
23.7790;-0.0762
23.7800;-0.0762
23.7810;-0.0732
23.7820;-0.0732
23.7830;-0.0732
23.7840;-0.0762
23.7850;-0.0732
23.7860;-0.0791
23.7870;-0.0820
23.7880;-0.0762
23.7890;-0.0732
23.7900;-0.0732
23.7910;-0.0732
23.7920;-0.0732
23.7930;-0.0732
23.7940;-0.0762
23.7950;-0.0762
23.7960;-0.0762
23.7970;-0.0703
23.7980;-0.0703
23.7990;-0.0674
23.8000;-0.0674
23.8010;-0.0645
23.8020;-0.0615
23.8030;-0.0586
23.8040;-0.0498
23.8050;-0.0410
23.8060;-0.0352
23.8070;-0.0293
23.8080;-0.0293
23.8090;-0.0322
23.8100;-0.0381
23.8110;-0.0352
23.8120;-0.0264
23.8130;-0.0234
23.8140;-0.0234
23.8150;-0.0234
23.8160;-0.0205
23.8170;-0.0176
23.8180;-0.0176
23.8190;-0.0088
23.8200;-0.0029
23.8210;0.0000
23.8220;0.0000
23.8230;0.0059
23.8240;0.0029
23.8250;0.0000
23.8260;-0.0029
23.8270;-0.0059
23.8280;-0.0117
23.8290;-0.0146
23.8300;-0.0117
23.8310;-0.0117
23.8320;-0.0059
23.8330;-0.0029
23.8340;-0.0029
23.8350;-0.0029
23.8360;-0.0029
23.8370;-0.0029
23.8380;-0.0059
23.8390;-0.0029
23.8400;0.0029
23.8410;0.0029
23.8420;0.0059
23.8430;0.0117
23.8440;0.0117
23.8450;0.0088
23.8460;0.0000
23.8470;0.0000
23.8480;0.0029
23.8490;0.0117
23.8500;0.0146
23.8510;0.0146
23.8520;0.0146
23.8530;0.0117
23.8540;0.0176
23.8550;0.0264
23.8560;0.0322
23.8570;0.0352
23.8580;0.0381
23.8590;0.0410
23.8600;0.0439
23.8610;0.0498
23.8620;0.0557
23.8630;0.0615
23.8640;0.0615
23.8650;0.0645
23.8660;0.0586
23.8670;0.0557
23.8680;0.0586
23.8690;0.0645
23.8700;0.0586
23.8710;0.0557
23.8720;0.0498
23.8730;0.0498
23.8740;0.0469
23.8750;0.0439
23.8760;0.0469
23.8770;0.0498
23.8780;0.0527
23.8790;0.0557
23.8800;0.0527
23.8810;0.0557
23.8820;0.0645
23.8830;0.0732
23.8840;0.0791
23.8850;0.0879
23.8860;0.0967
23.8870;0.1143
23.8880;0.1289
23.8890;0.1465
23.8900;0.1641
23.8910;0.1787
23.8920;0.1963
23.8930;0.2109
23.8940;0.2109
23.8950;0.2139
23.8960;0.2168
23.8970;0.2197
23.8980;0.2139
23.8990;0.2168
23.9000;0.2227
23.9010;0.2344
23.9020;0.2373
23.9030;0.2373
23.9040;0.2344
23.9050;0.2285
23.9060;0.2197
23.9070;0.2109
23.9080;0.2139
23.9090;0.2139
23.9100;0.2109
23.9110;0.2051
23.9120;0.1904
23.9130;0.1758
23.9140;0.1553
23.9150;0.1377
23.9160;0.1318
23.9170;0.1172
23.9180;0.0967
23.9190;0.0879
23.9200;0.0820
23.9210;0.0732
23.9220;0.0732
23.9230;0.0615
23.9240;0.0469
23.9250;0.0293
23.9260;0.0117
23.9270;-0.0029
23.9280;-0.0176
23.9290;-0.0234
23.9300;-0.0322
23.9310;-0.0381
23.9320;-0.0410
23.9330;-0.0469
23.9340;-0.0527
23.9350;-0.0527
23.9360;-0.0469
23.9370;-0.0439
23.9380;-0.0381
23.9390;-0.0322
23.9400;-0.0234
23.9410;-0.0205
23.9420;-0.0117
23.9430;-0.0117
23.9440;-0.0146
23.9450;-0.0146
23.9460;-0.0117
23.9470;-0.0234
23.9480;-0.0322
23.9490;-0.0410
23.9500;-0.0381
23.9510;-0.0381
23.9520;-0.0352
23.9530;-0.0381
23.9540;-0.0381
23.9550;-0.0381
23.9560;-0.0352
23.9570;-0.0234
23.9580;-0.0146
23.9590;-0.0117
23.9600;-0.0176
23.9610;-0.0146
23.9620;-0.0176
23.9630;-0.0146
23.9640;-0.0088
23.9650;-0.0117
23.9660;-0.0059
23.9670;0.0000
23.9680;-0.0059
23.9690;-0.0059
23.9700;-0.0117
23.9710;-0.0117
23.9720;-0.0029
23.9730;0.0088
23.9740;0.0146
23.9750;0.0176
23.9760;0.0293
23.9770;0.0264
23.9780;0.0234
23.9790;0.0146
23.9800;0.0146
23.9810;0.0176
23.9820;0.0117
23.9830;0.0088
23.9840;0.0000
23.9850;0.0000
23.9860;0.0029
23.9870;-0.0117
23.9880;-0.0146
23.9890;-0.0205
23.9900;-0.0352
23.9910;-0.0234
23.9920;-0.0234
23.9930;-0.0234
23.9940;-0.0293
23.9950;-0.0234
23.9960;-0.0176
23.9970;-0.0234
23.9980;-0.0352
23.9990;-0.0439
24.0000;-0.0645
24.0010;-0.0937
24.0020;-0.1143
24.0030;-0.1318
24.0040;-0.1406
24.0050;-0.1523
24.0060;-0.1641
24.0070;-0.1758
24.0080;-0.1787
24.0090;-0.1816
24.0100;-0.1846
24.0110;-0.1729
24.0120;-0.1641
24.0130;-0.1553
24.0140;-0.1494
24.0150;-0.1465
24.0160;-0.1318
24.0170;-0.1084
24.0180;-0.0879
24.0190;-0.0527
24.0200;-0.0059
24.0210;0.0439
24.0220;0.1025
24.0230;0.1758
24.0240;0.2637
24.0250;0.3574
24.0260;0.4541
24.0270;0.5479
24.0280;0.6357
24.0290;0.7266
24.0300;0.8203
24.0310;0.9229
24.0320;1.0254
24.0330;1.1367
24.0340;1.2539
24.0350;1.3711
24.0360;1.4678
24.0370;1.4941
24.0380;1.4941
24.0390;1.4941
24.0400;1.4941
24.0410;1.4941
24.0420;1.4941
24.0430;1.4941
24.0440;1.4941
24.0450;1.4941
24.0460;1.4941
24.0470;1.4941
24.0480;1.4941
24.0490;1.4766
24.0500;1.3213
24.0510;1.1689
24.0520;1.0020
24.0530;0.8232
24.0540;0.6416
24.0550;0.4629
24.0560;0.3047
24.0570;0.1641
24.0580;0.0410
24.0590;-0.0703
24.0600;-0.1670
24.0610;-0.2432
24.0620;-0.3135
24.0630;-0.3691
24.0640;-0.4072
24.0650;-0.4482
24.0660;-0.4863
24.0670;-0.5244
24.0680;-0.5508
24.0690;-0.5684
24.0700;-0.5830
24.0710;-0.6006
24.0720;-0.6094
24.0730;-0.6182
24.0740;-0.6299
24.0750;-0.6416
24.0760;-0.6445
24.0770;-0.6445
24.0780;-0.6445
24.0790;-0.6416
24.0800;-0.6328
24.0810;-0.6270
24.0820;-0.6123
24.0830;-0.5918
24.0840;-0.5771
24.0850;-0.5684
24.0860;-0.5537
24.0870;-0.5273
24.0880;-0.5068
24.0890;-0.4805
24.0900;-0.4600
24.0910;-0.4424
24.0920;-0.4277
24.0930;-0.4072
24.0940;-0.3955
24.0950;-0.3779
24.0960;-0.3545
24.0970;-0.3340
24.0980;-0.3193
24.0990;-0.3047
24.1000;-0.2871
24.1010;-0.2783
24.1020;-0.2666
24.1030;-0.2578
24.1040;-0.2490
24.1050;-0.2432
24.1060;-0.2344
24.1070;-0.2256
24.1080;-0.2227
24.1090;-0.2139
24.1100;-0.2080
24.1110;-0.2021
24.1120;-0.1934
24.1130;-0.1934
24.1140;-0.1934
24.1150;-0.1904
24.1160;-0.1904
24.1170;-0.1904
24.1180;-0.1904
24.1190;-0.1846
24.1200;-0.1787
24.1210;-0.1729
24.1220;-0.1670
24.1230;-0.1611
24.1240;-0.1582
24.1250;-0.1582
24.1260;-0.1553
24.1270;-0.1553
24.1280;-0.1523
24.1290;-0.1465
24.1300;-0.1406
24.1310;-0.1377
24.1320;-0.1318
24.1330;-0.1318
24.1340;-0.1289
24.1350;-0.1289
24.1360;-0.1289
24.1370;-0.1260
24.1380;-0.1201
24.1390;-0.1172
24.1400;-0.1172
24.1410;-0.1055
24.1420;-0.1025
24.1430;-0.1055
24.1440;-0.1025
24.1450;-0.1055
24.1460;-0.1055
24.1470;-0.0996
24.1480;-0.0996
24.1490;-0.0937
24.1500;-0.0908
24.1510;-0.0879
24.1520;-0.0850
24.1530;-0.0850
24.1540;-0.0850
24.1550;-0.0850
24.1560;-0.0879
24.1570;-0.0850
24.1580;-0.0820
24.1590;-0.0732
24.1600;-0.0732
24.1610;-0.0674
24.1620;-0.0732
24.1630;-0.0762
24.1640;-0.0791
24.1650;-0.0791
24.1660;-0.0820
24.1670;-0.0791
24.1680;-0.0732
24.1690;-0.0703
24.1700;-0.0732
24.1710;-0.0732
24.1720;-0.0703
24.1730;-0.0586
24.1740;-0.0498
24.1750;-0.0439
24.1760;-0.0293
24.1770;-0.0234
24.1780;-0.0117
24.1790;-0.0029
24.1800;0.0029
24.1810;0.0117
24.1820;0.0234
24.1830;0.0352
24.1840;0.0498
24.1850;0.0703
24.1860;0.0820
24.1870;0.0820
24.1880;0.0908
24.1890;0.0908
24.1900;0.0879
24.1910;0.0908
24.1920;0.0937
24.1930;0.0967
24.1940;0.1084
24.1950;0.1172
24.1960;0.1289
24.1970;0.1318
24.1980;0.1406
24.1990;0.1523
24.2000;0.1523
24.2010;0.1553
24.2020;0.1611
24.2030;0.1611
24.2040;0.1641
24.2050;0.1699
24.2060;0.1787
24.2070;0.1816
24.2080;0.1846
24.2090;0.1846
24.2100;0.1846
24.2110;0.1875
24.2120;0.1934
24.2130;0.1963
24.2140;0.1992
24.2150;0.2051
24.2160;0.2109
24.2170;0.2227
24.2180;0.2314
24.2190;0.2432
24.2200;0.2549
24.2210;0.2695
24.2220;0.2754
24.2230;0.2754
24.2240;0.2783
24.2250;0.2842
24.2260;0.2900
24.2270;0.2988
24.2280;0.3018
24.2290;0.3076
24.2300;0.3076
24.2310;0.3018
24.2320;0.3018
24.2330;0.3076
24.2340;0.3135
24.2350;0.3135
24.2360;0.3135
24.2370;0.3135
24.2380;0.3105
24.2390;0.3135
24.2400;0.3164
24.2410;0.3252
24.2420;0.3369
24.2430;0.3457
24.2440;0.3516
24.2450;0.3457
24.2460;0.3428
24.2470;0.3398
24.2480;0.3398
24.2490;0.3369
24.2500;0.3340
24.2510;0.3311
24.2520;0.3281
24.2530;0.3193
24.2540;0.3164
24.2550;0.3105
24.2560;0.3047
24.2570;0.2988
24.2580;0.2988
24.2590;0.2988
24.2600;0.2988
24.2610;0.2988
24.2620;0.2930
24.2630;0.2930
24.2640;0.2842
24.2650;0.2725
24.2660;0.2666
24.2670;0.2607
24.2680;0.2607
24.2690;0.2607
24.2700;0.2520
24.2710;0.2461
24.2720;0.2402
24.2730;0.2373
24.2740;0.2314
24.2750;0.2227
24.2760;0.2109
24.2770;0.1992
24.2780;0.1846
24.2790;0.1670
24.2800;0.1494
24.2810;0.1377
24.2820;0.1230
24.2830;0.1055
24.2840;0.0908
24.2850;0.0820
24.2860;0.0703
24.2870;0.0586
24.2880;0.0469
24.2890;0.0469
24.2900;0.0439
24.2910;0.0352
24.2920;0.0264
24.2930;0.0059
24.2940;-0.0059
24.2950;-0.0146
24.2960;-0.0234
24.2970;-0.0352
24.2980;-0.0469
24.2990;-0.0527
24.3000;-0.0615
24.3010;-0.0674
24.3020;-0.0732
24.3030;-0.0850
24.3040;-0.0908
24.3050;-0.0967
24.3060;-0.1055
24.3070;-0.1084
24.3080;-0.1172
24.3090;-0.1230
24.3100;-0.1348
24.3110;-0.1377
24.3120;-0.1436
24.3130;-0.1553
24.3140;-0.1670
24.3150;-0.1729
24.3160;-0.1787
24.3170;-0.1846
24.3180;-0.1875
24.3190;-0.1904
24.3200;-0.2021
24.3210;-0.2080
24.3220;-0.2080
24.3230;-0.2051
24.3240;-0.2021
24.3250;-0.1992
24.3260;-0.1992
24.3270;-0.1904
24.3280;-0.1875
24.3290;-0.1875
24.3300;-0.1875
24.3310;-0.1875
24.3320;-0.1963
24.3330;-0.1992
24.3340;-0.2051
24.3350;-0.2109
24.3360;-0.2139
24.3370;-0.2109
24.3380;-0.2080
24.3390;-0.2021
24.3400;-0.1992
24.3410;-0.1904
24.3420;-0.1904
24.3430;-0.1875
24.3440;-0.1758
24.3450;-0.1670
24.3460;-0.1670
24.3470;-0.1641
24.3480;-0.1641
24.3490;-0.1670
24.3500;-0.1670
24.3510;-0.1670
24.3520;-0.1670
24.3530;-0.1670
24.3540;-0.1641
24.3550;-0.1582
24.3560;-0.1523
24.3570;-0.1494
24.3580;-0.1465
24.3590;-0.1465
24.3600;-0.1465
24.3610;-0.1465
24.3620;-0.1436
24.3630;-0.1406
24.3640;-0.1465
24.3650;-0.1494
24.3660;-0.1465
24.3670;-0.1465
24.3680;-0.1494
24.3690;-0.1436
24.3700;-0.1377
24.3710;-0.1348
24.3720;-0.1260
24.3730;-0.1143
24.3740;-0.0967
24.3750;-0.0937
24.3760;-0.0967
24.3770;-0.0996
24.3780;-0.0996
24.3790;-0.1025
24.3800;-0.1084
24.3810;-0.1143
24.3820;-0.1201
24.3830;-0.1230
24.3840;-0.1260
24.3850;-0.1318
24.3860;-0.1348
24.3870;-0.1318
24.3880;-0.1318
24.3890;-0.1289
24.3900;-0.1201
24.3910;-0.1143
24.3920;-0.1055
24.3930;-0.1055
24.3940;-0.1055
24.3950;-0.0967
24.3960;-0.0967
24.3970;-0.0937
24.3980;-0.0908
24.3990;-0.0908
24.4000;-0.0850
24.4010;-0.0820
24.4020;-0.0732
24.4030;-0.0674
24.4040;-0.0586
24.4050;-0.0527
24.4060;-0.0527
24.4070;-0.0557
24.4080;-0.0527
24.4090;-0.0439
24.4100;-0.0410
24.4110;-0.0439
24.4120;-0.0439
24.4130;-0.0381
24.4140;-0.0293
24.4150;-0.0234
24.4160;-0.0205
24.4170;-0.0088
24.4180;-0.0029
24.4190;0.0029
24.4200;0.0088
24.4210;0.0176
24.4220;0.0234
24.4230;0.0322
24.4240;0.0322
24.4250;0.0322
24.4260;0.0381
24.4270;0.0439
24.4280;0.0469
24.4290;0.0469
24.4300;0.0498
24.4310;0.0498
24.4320;0.0498
24.4330;0.0498
24.4340;0.0469
24.4350;0.0439
24.4360;0.0527
24.4370;0.0557
24.4380;0.0557
24.4390;0.0586
24.4400;0.0557
24.4410;0.0615
24.4420;0.0645
24.4430;0.0586
24.4440;0.0615
24.4450;0.0645
24.4460;0.0615
24.4470;0.0615
24.4480;0.0586
24.4490;0.0557
24.4500;0.0557
24.4510;0.0586
24.4520;0.0615
24.4530;0.0674
24.4540;0.0732
24.4550;0.0791
24.4560;0.0820
24.4570;0.0879
24.4580;0.0908
24.4590;0.0967
24.4600;0.1025
24.4610;0.1055
24.4620;0.1113
24.4630;0.1143
24.4640;0.1143
24.4650;0.1201
24.4660;0.1230
24.4670;0.1230
24.4680;0.1230
24.4690;0.1230
24.4700;0.1260
24.4710;0.1289
24.4720;0.1289
24.4730;0.1318
24.4740;0.1348
24.4750;0.1377
24.4760;0.1406
24.4770;0.1436
24.4780;0.1406
24.4790;0.1465
24.4800;0.1494
24.4810;0.1465
24.4820;0.1465
24.4830;0.1465
24.4840;0.1436
24.4850;0.1465
24.4860;0.1436
24.4870;0.1406
24.4880;0.1406
24.4890;0.1406
24.4900;0.1406
24.4910;0.1436
24.4920;0.1406
24.4930;0.1436
24.4940;0.1465
24.4950;0.1494
24.4960;0.1523
24.4970;0.1582
24.4980;0.1611
24.4990;0.1582
24.5000;0.1611
24.5010;0.1670
24.5020;0.1670
24.5030;0.1670
24.5040;0.1641
24.5050;0.1611
24.5060;0.1582
24.5070;0.1553
24.5080;0.1523
24.5090;0.1523
24.5100;0.1523
24.5110;0.1553
24.5120;0.1611
24.5130;0.1641
24.5140;0.1758
24.5150;0.1787
24.5160;0.1816
24.5170;0.1816
24.5180;0.1846
24.5190;0.1934
24.5200;0.1904
24.5210;0.1934
24.5220;0.1963
24.5230;0.1992
24.5240;0.2051
24.5250;0.2139
24.5260;0.2227
24.5270;0.2256
24.5280;0.2314
24.5290;0.2344
24.5300;0.2373
24.5310;0.2432
24.5320;0.2549
24.5330;0.2637
24.5340;0.2725
24.5350;0.2812
24.5360;0.2988
24.5370;0.3047
24.5380;0.3164
24.5390;0.3164
24.5400;0.3164
24.5410;0.3164
24.5420;0.3135
24.5430;0.3164
24.5440;0.3135
24.5450;0.3076
24.5460;0.3018
24.5470;0.2988
24.5480;0.2988
24.5490;0.3018
24.5500;0.3105
24.5510;0.3193
24.5520;0.3281
24.5530;0.3369
24.5540;0.3516
24.5550;0.3633
24.5560;0.3838
24.5570;0.4014
24.5580;0.4189
24.5590;0.4307
24.5600;0.4482
24.5610;0.4629
24.5620;0.4717
24.5630;0.4775
24.5640;0.4863
24.5650;0.4834
24.5660;0.4805
24.5670;0.4805
24.5680;0.4805
24.5690;0.4805
24.5700;0.4746
24.5710;0.4658
24.5720;0.4570
24.5730;0.4482
24.5740;0.4453
24.5750;0.4395
24.5760;0.4424
24.5770;0.4424
24.5780;0.4336
24.5790;0.4219
24.5800;0.4131
24.5810;0.4014
24.5820;0.3896
24.5830;0.3750
24.5840;0.3691
24.5850;0.3604
24.5860;0.3516
24.5870;0.3457
24.5880;0.3340
24.5890;0.3252
24.5900;0.3076
24.5910;0.2930
24.5920;0.2754
24.5930;0.2578
24.5940;0.2432
24.5950;0.2285
24.5960;0.2109
24.5970;0.1963
24.5980;0.1846
24.5990;0.1758
24.6000;0.1641
24.6010;0.1582
24.6020;0.1582
24.6030;0.1523
24.6040;0.1494
24.6050;0.1406
24.6060;0.1377
24.6070;0.1318
24.6080;0.1318
24.6090;0.1318
24.6100;0.1318
24.6110;0.1318
24.6120;0.1289
24.6130;0.1230
24.6140;0.1172
24.6150;0.1143
24.6160;0.1143
24.6170;0.1143
24.6180;0.1084
24.6190;0.1055
24.6200;0.1025
24.6210;0.0967
24.6220;0.0967
24.6230;0.0908
24.6240;0.0908
24.6250;0.0908
24.6260;0.0908
24.6270;0.0908
24.6280;0.0879
24.6290;0.0879
24.6300;0.0879
24.6310;0.0850
24.6320;0.0879
24.6330;0.0850
24.6340;0.0791
24.6350;0.0762
24.6360;0.0732
24.6370;0.0732
24.6380;0.0732
24.6390;0.0732
24.6400;0.0703
24.6410;0.0791
24.6420;0.0820
24.6430;0.0908
24.6440;0.0937
24.6450;0.0967
24.6460;0.0967
24.6470;0.0908
24.6480;0.0908
24.6490;0.0879
24.6500;0.0762
24.6510;0.0703
24.6520;0.0674
24.6530;0.0645
24.6540;0.0674
24.6550;0.0703
24.6560;0.0732
24.6570;0.0732
24.6580;0.0732
24.6590;0.0703
24.6600;0.0703
24.6610;0.0645
24.6620;0.0615
24.6630;0.0586
24.6640;0.0557
24.6650;0.0498
24.6660;0.0498
24.6670;0.0439
24.6680;0.0410
24.6690;0.0352
24.6700;0.0205
24.6710;0.0117
24.6720;0.0029
24.6730;-0.0029
24.6740;-0.0088
24.6750;-0.0117
24.6760;-0.0117
24.6770;-0.0176
24.6780;-0.0176
24.6790;-0.0088
24.6800;0.0000
24.6810;0.0117
24.6820;0.0176
24.6830;0.0264
24.6840;0.0381
24.6850;0.0557
24.6860;0.0791
24.6870;0.1055
24.6880;0.1494
24.6890;0.2051
24.6900;0.2637
24.6910;0.3369
24.6920;0.4219
24.6930;0.5156
24.6940;0.6211
24.6950;0.7207
24.6960;0.8174
24.6970;0.9141
24.6980;1.0107
24.6990;1.1133
24.7000;1.2129
24.7010;1.3184
24.7020;1.4268
24.7030;1.4941
24.7040;1.4941
24.7050;1.4941
24.7060;1.4941
24.7070;1.4941
24.7080;1.4941
24.7090;1.4941
24.7100;1.4941
24.7110;1.4941
24.7120;1.4941
24.7130;1.4941
24.7140;1.4941
24.7150;1.4941
24.7160;1.4941
24.7170;1.4941
24.7180;1.4941
24.7190;1.3975
24.7200;1.2451
24.7210;1.0840
24.7220;0.9082
24.7230;0.7266
24.7240;0.5625
24.7250;0.4043
24.7260;0.2607
24.7270;0.1348
24.7280;0.0205
24.7290;-0.0732
24.7300;-0.1494
24.7310;-0.2139
24.7320;-0.2725
24.7330;-0.3281
24.7340;-0.3779
24.7350;-0.4248
24.7360;-0.4658
24.7370;-0.4951
24.7380;-0.5098
24.7390;-0.5156
24.7400;-0.5215
24.7410;-0.5244
24.7420;-0.5273
24.7430;-0.5303
24.7440;-0.5273
24.7450;-0.5156
24.7460;-0.5039
24.7470;-0.4893
24.7480;-0.4746
24.7490;-0.4629
24.7500;-0.4482
24.7510;-0.4277
24.7520;-0.4102
24.7530;-0.3896
24.7540;-0.3721
24.7550;-0.3516
24.7560;-0.3281
24.7570;-0.3047
24.7580;-0.2812
24.7590;-0.2549
24.7600;-0.2314
24.7610;-0.2109
24.7620;-0.1934
24.7630;-0.1816
24.7640;-0.1611
24.7650;-0.1465
24.7660;-0.1318
24.7670;-0.1172
24.7680;-0.1055
24.7690;-0.0937
24.7700;-0.0850
24.7710;-0.0762
24.7720;-0.0674
24.7730;-0.0615
24.7740;-0.0527
24.7750;-0.0469
24.7760;-0.0381
24.7770;-0.0352
24.7780;-0.0293
24.7790;-0.0293
24.7800;-0.0293
24.7810;-0.0234
24.7820;-0.0176
24.7830;-0.0117
24.7840;-0.0088
24.7850;-0.0088
24.7860;-0.0029
24.7870;0.0000
24.7880;0.0029
24.7890;0.0059
24.7900;0.0146
24.7910;0.0205
24.7920;0.0234
24.7930;0.0234
24.7940;0.0234
24.7950;0.0205
24.7960;0.0176
24.7970;0.0205
24.7980;0.0205
24.7990;0.0322
24.8000;0.0352
24.8010;0.0439
24.8020;0.0527
24.8030;0.0586
24.8040;0.0674
24.8050;0.0674
24.8060;0.0703
24.8070;0.0732
24.8080;0.0762
24.8090;0.0791
24.8100;0.0820
24.8110;0.0850
24.8120;0.0879
24.8130;0.0908
24.8140;0.0996
24.8150;0.0996
24.8160;0.1025
24.8170;0.1084
24.8180;0.1143
24.8190;0.1143
24.8200;0.1201
24.8210;0.1289
24.8220;0.1348
24.8230;0.1406
24.8240;0.1436
24.8250;0.1465
24.8260;0.1494
24.8270;0.1553
24.8280;0.1611
24.8290;0.1641
24.8300;0.1670
24.8310;0.1699
24.8320;0.1699
24.8330;0.1699
24.8340;0.1699
24.8350;0.1699
24.8360;0.1670
24.8370;0.1670
24.8380;0.1670
24.8390;0.1641
24.8400;0.1611
24.8410;0.1670
24.8420;0.1641
24.8430;0.1641
24.8440;0.1641
24.8450;0.1699
24.8460;0.1816
24.8470;0.1846
24.8480;0.1904
24.8490;0.1934
24.8500;0.1992
24.8510;0.2021
24.8520;0.2051
24.8530;0.2109
24.8540;0.2168
24.8550;0.2256
24.8560;0.2314
24.8570;0.2402
24.8580;0.2432
24.8590;0.2432
24.8600;0.2461
24.8610;0.2549
24.8620;0.2578
24.8630;0.2578
24.8640;0.2578
24.8650;0.2578
24.8660;0.2578
24.8670;0.2607
24.8680;0.2637
24.8690;0.2666
24.8700;0.2725
24.8710;0.2783
24.8720;0.2812
24.8730;0.2871
24.8740;0.2900
24.8750;0.2959
24.8760;0.3018
24.8770;0.3047
24.8780;0.3076
24.8790;0.3135
24.8800;0.3135
24.8810;0.3164
24.8820;0.3193
24.8830;0.3252
24.8840;0.3281
24.8850;0.3311
24.8860;0.3311
24.8870;0.3340
24.8880;0.3340
24.8890;0.3369
24.8900;0.3398
24.8910;0.3457
24.8920;0.3516
24.8930;0.3516
24.8940;0.3604
24.8950;0.3633
24.8960;0.3633
24.8970;0.3633
24.8980;0.3633
24.8990;0.3633
24.9000;0.3604
24.9010;0.3633
24.9020;0.3691
24.9030;0.3691
24.9040;0.3721
24.9050;0.3721
24.9060;0.3691
24.9070;0.3691
24.9080;0.3721
24.9090;0.3721
24.9100;0.3721
24.9110;0.3721
24.9120;0.3691
24.9130;0.3691
24.9140;0.3633
24.9150;0.3633
24.9160;0.3633
24.9170;0.3633
24.9180;0.3633
24.9190;0.3574
24.9200;0.3545
24.9210;0.3545
24.9220;0.3516
24.9230;0.3457
24.9240;0.3428
24.9250;0.3398
24.9260;0.3398
24.9270;0.3369
24.9280;0.3340
24.9290;0.3311
24.9300;0.3281
24.9310;0.3223
24.9320;0.3164
24.9330;0.3105
24.9340;0.3076
24.9350;0.2988
24.9360;0.2959
24.9370;0.2900
24.9380;0.2754
24.9390;0.2607
24.9400;0.2461
24.9410;0.2314
24.9420;0.2227
24.9430;0.2080
24.9440;0.2021
24.9450;0.1875
24.9460;0.1729
24.9470;0.1582
24.9480;0.1436
24.9490;0.1260
24.9500;0.1084
24.9510;0.0908
24.9520;0.0762
24.9530;0.0615
24.9540;0.0527
24.9550;0.0410
24.9560;0.0322
24.9570;0.0205
24.9580;0.0029
24.9590;-0.0117
24.9600;-0.0234
24.9610;-0.0352
24.9620;-0.0469
24.9630;-0.0586
24.9640;-0.0674
24.9650;-0.0820
24.9660;-0.0908
24.9670;-0.1025
24.9680;-0.1172
24.9690;-0.1318
24.9700;-0.1406
24.9710;-0.1465
24.9720;-0.1582
24.9730;-0.1670
24.9740;-0.1699
24.9750;-0.1787
24.9760;-0.1816
24.9770;-0.1875
24.9780;-0.1963
24.9790;-0.2051
24.9800;-0.2109
24.9810;-0.2139
24.9820;-0.2197
24.9830;-0.2256
24.9840;-0.2256
24.9850;-0.2285
24.9860;-0.2344
24.9870;-0.2344
24.9880;-0.2373
24.9890;-0.2373
24.9900;-0.2402
24.9910;-0.2373
24.9920;-0.2373
24.9930;-0.2432
24.9940;-0.2461
24.9950;-0.2461
24.9960;-0.2490
24.9970;-0.2490
24.9980;-0.2520
24.9990;-0.2549
25.0000;-0.2490
25.0010;-0.2490
25.0020;-0.2520
25.0030;-0.2490
25.0040;-0.2461
25.0050;-0.2402
25.0060;-0.2344
25.0070;-0.2314
25.0080;-0.2285
25.0090;-0.2227
25.0100;-0.2168
25.0110;-0.2139
25.0120;-0.2051
25.0130;-0.1992
25.0140;-0.1934
25.0150;-0.1904
25.0160;-0.1904
25.0170;-0.1934
25.0180;-0.1934
25.0190;-0.1875
25.0200;-0.1846
25.0210;-0.1816
25.0220;-0.1787
25.0230;-0.1758
25.0240;-0.1758
25.0250;-0.1758
25.0260;-0.1758
25.0270;-0.1758
25.0280;-0.1758
25.0290;-0.1758
25.0300;-0.1699
25.0310;-0.1641
25.0320;-0.1611
25.0330;-0.1553
25.0340;-0.1494
25.0350;-0.1436
25.0360;-0.1406
25.0370;-0.1406
25.0380;-0.1406
25.0390;-0.1436
25.0400;-0.1436
25.0410;-0.1406
25.0420;-0.1348
25.0430;-0.1318
25.0440;-0.1348
25.0450;-0.1318
25.0460;-0.1289
25.0470;-0.1230
25.0480;-0.1201
25.0490;-0.1172
25.0500;-0.1113
25.0510;-0.1055
25.0520;-0.1025
25.0530;-0.0967
25.0540;-0.0908
25.0550;-0.0850
25.0560;-0.0879
25.0570;-0.0850
25.0580;-0.0850
25.0590;-0.0850
25.0600;-0.0908
25.0610;-0.0967
25.0620;-0.0937
25.0630;-0.0937
25.0640;-0.0908
25.0650;-0.0908
25.0660;-0.0879
25.0670;-0.0850
25.0680;-0.0820
25.0690;-0.0762
25.0700;-0.0732
25.0710;-0.0732
25.0720;-0.0732
25.0730;-0.0732
25.0740;-0.0732
25.0750;-0.0703
25.0760;-0.0703
25.0770;-0.0674
25.0780;-0.0645
25.0790;-0.0586
25.0800;-0.0586
25.0810;-0.0527
25.0820;-0.0469
25.0830;-0.0439
25.0840;-0.0410
25.0850;-0.0439
25.0860;-0.0410
25.0870;-0.0381
25.0880;-0.0381
25.0890;-0.0322
25.0900;-0.0293
25.0910;-0.0264
25.0920;-0.0205
25.0930;-0.0146
25.0940;-0.0146
25.0950;-0.0117
25.0960;-0.0146
25.0970;-0.0146
25.0980;-0.0176
25.0990;-0.0205
25.1000;-0.0234
25.1010;-0.0234
25.1020;-0.0234
25.1030;-0.0234
25.1040;-0.0234
25.1050;-0.0205
25.1060;-0.0176
25.1070;-0.0176
25.1080;-0.0146
25.1090;-0.0117
25.1100;-0.0117
25.1110;-0.0146
25.1120;-0.0146
25.1130;-0.0176
25.1140;-0.0205
25.1150;-0.0234
25.1160;-0.0264
25.1170;-0.0264
25.1180;-0.0264
25.1190;-0.0264
25.1200;-0.0264
25.1210;-0.0264
25.1220;-0.0293
25.1230;-0.0352
25.1240;-0.0381
25.1250;-0.0439
25.1260;-0.0439
25.1270;-0.0410
25.1280;-0.0322
25.1290;-0.0264
25.1300;-0.0234
25.1310;-0.0176
25.1320;-0.0117
25.1330;-0.0088
25.1340;-0.0117
25.1350;-0.0088
25.1360;-0.0117
25.1370;-0.0146
25.1380;-0.0146
25.1390;-0.0117
25.1400;-0.0117
25.1410;-0.0117
25.1420;-0.0088
25.1430;-0.0117
25.1440;-0.0117
25.1450;-0.0146
25.1460;-0.0205
25.1470;-0.0234
25.1480;-0.0205
25.1490;-0.0146
25.1500;-0.0117
25.1510;-0.0117
25.1520;-0.0146
25.1530;-0.0117
25.1540;-0.0088
25.1550;-0.0059
25.1560;-0.0059
25.1570;-0.0029
25.1580;-0.0059
25.1590;-0.0088
25.1600;-0.0176
25.1610;-0.0234
25.1620;-0.0293
25.1630;-0.0322
25.1640;-0.0293
25.1650;-0.0322
25.1660;-0.0293
25.1670;-0.0264
25.1680;-0.0234
25.1690;-0.0176
25.1700;-0.0146
25.1710;-0.0088
25.1720;-0.0088
25.1730;-0.0029
25.1740;0.0000
25.1750;0.0000
25.1760;0.0029
25.1770;0.0059
25.1780;0.0088
25.1790;0.0146
25.1800;0.0176
25.1810;0.0205
25.1820;0.0264
25.1830;0.0293
25.1840;0.0381
25.1850;0.0381
25.1860;0.0439
25.1870;0.0439
25.1880;0.0557
25.1890;0.0586
25.1900;0.0615
25.1910;0.0615
25.1920;0.0645
25.1930;0.0703
25.1940;0.0732
25.1950;0.0762
25.1960;0.0703
25.1970;0.0645
25.1980;0.0557
25.1990;0.0469
25.2000;0.0439
25.2010;0.0469
25.2020;0.0527
25.2030;0.0557
25.2040;0.0674
25.2050;0.0850
25.2060;0.1025
25.2070;0.1143
25.2080;0.1377
25.2090;0.1553
25.2100;0.1611
25.2110;0.1787
25.2120;0.1963
25.2130;0.2080
25.2140;0.2256
25.2150;0.2314
25.2160;0.2344
25.2170;0.2344
25.2180;0.2285
25.2190;0.2227
25.2200;0.2285
25.2210;0.2314
25.2220;0.2432
25.2230;0.2432
25.2240;0.2461
25.2250;0.2314
25.2260;0.2197
25.2270;0.2080
25.2280;0.2080
25.2290;0.2080
25.2300;0.2051
25.2310;0.2051
25.2320;0.2080
25.2330;0.2080
25.2340;0.2080
25.2350;0.1934
25.2360;0.1787
25.2370;0.1641
25.2380;0.1406
25.2390;0.1230
25.2400;0.1025
25.2410;0.0879
25.2420;0.0850
25.2430;0.0762
25.2440;0.0674
25.2450;0.0469
25.2460;0.0322
25.2470;0.0205
25.2480;0.0146
25.2490;0.0059
25.2500;0.0000
25.2510;-0.0059
25.2520;-0.0117
25.2530;-0.0205
25.2540;-0.0322
25.2550;-0.0439
25.2560;-0.0557
25.2570;-0.0674
25.2580;-0.0732
25.2590;-0.0820
25.2600;-0.0850
25.2610;-0.0879
25.2620;-0.0879
25.2630;-0.0937
25.2640;-0.0967
25.2650;-0.0937
25.2660;-0.0967
25.2670;-0.0967
25.2680;-0.0996
25.2690;-0.0996
25.2700;-0.0996
25.2710;-0.0996
25.2720;-0.0996
25.2730;-0.1025
25.2740;-0.1025
25.2750;-0.0996
25.2760;-0.1025
25.2770;-0.1055
25.2780;-0.1084
25.2790;-0.1055
25.2800;-0.1055
25.2810;-0.1084
25.2820;-0.1084
25.2830;-0.1143
25.2840;-0.1143
25.2850;-0.1113
25.2860;-0.1113
25.2870;-0.1143
25.2880;-0.1172
25.2890;-0.1143
25.2900;-0.1143
25.2910;-0.1172
25.2920;-0.1172
25.2930;-0.1172
25.2940;-0.1143
25.2950;-0.1143
25.2960;-0.1143
25.2970;-0.1084
25.2980;-0.1055
25.2990;-0.1055
25.3000;-0.1055
25.3010;-0.1055
25.3020;-0.1055
25.3030;-0.1055
25.3040;-0.1055
25.3050;-0.1025
25.3060;-0.1025
25.3070;-0.1025
25.3080;-0.0996
25.3090;-0.0996
25.3100;-0.0996
25.3110;-0.0996
25.3120;-0.0996
25.3130;-0.0967
25.3140;-0.0908
25.3150;-0.0820
25.3160;-0.0762
25.3170;-0.0762
25.3180;-0.0732
25.3190;-0.0732
25.3200;-0.0762
25.3210;-0.0850
25.3220;-0.0937
25.3230;-0.1055
25.3240;-0.1172
25.3250;-0.1260
25.3260;-0.1318
25.3270;-0.1377
25.3280;-0.1406
25.3290;-0.1377
25.3300;-0.1377
25.3310;-0.1348
25.3320;-0.1318
25.3330;-0.1230
25.3340;-0.1172
25.3350;-0.1084
25.3360;-0.1025
25.3370;-0.0937
25.3380;-0.0879
25.3390;-0.0762
25.3400;-0.0645
25.3410;-0.0410
25.3420;0.0000
25.3430;0.0469
25.3440;0.1113
25.3450;0.1875
25.3460;0.2754
25.3470;0.3838
25.3480;0.4980
25.3490;0.6064
25.3500;0.7207
25.3510;0.8203
25.3520;0.9287
25.3530;1.0459
25.3540;1.1572
25.3550;1.2686
25.3560;1.3857
25.3570;1.4883
25.3580;1.4941
25.3590;1.4941
25.3600;1.4941
25.3610;1.4941
25.3620;1.4941
25.3630;1.4941
25.3640;1.4941
25.3650;1.4941
25.3660;1.4941
25.3670;1.4941
25.3680;1.4941
25.3690;1.4941
25.3700;1.4941
25.3710;1.4941
25.3720;1.4941
25.3730;1.3770
25.3740;1.2305
25.3750;1.0488
25.3760;0.8584
25.3770;0.6797
25.3780;0.5186
25.3790;0.3779
25.3800;0.2461
25.3810;0.1201
25.3820;0.0117
25.3830;-0.0791
25.3840;-0.1553
25.3850;-0.2285
25.3860;-0.2725
25.3870;-0.3135
25.3880;-0.3721
25.3890;-0.4189
25.3900;-0.4658
25.3910;-0.5039
25.3920;-0.5391
25.3930;-0.5742
25.3940;-0.5830
25.3950;-0.5830
25.3960;-0.5889
25.3970;-0.5918
25.3980;-0.5830
25.3990;-0.5713
25.4000;-0.5596
25.4010;-0.5684
25.4020;-0.5713
25.4030;-0.5654
25.4040;-0.5508
25.4050;-0.5303
25.4060;-0.5098
25.4070;-0.4834
25.4080;-0.4658
25.4090;-0.4307
25.4100;-0.4043
25.4110;-0.3721
25.4120;-0.3486
25.4130;-0.3252
25.4140;-0.2988
25.4150;-0.2695
25.4160;-0.2373
25.4170;-0.2080
25.4180;-0.1875
25.4190;-0.1699
25.4200;-0.1641
25.4210;-0.1523
25.4220;-0.1406
25.4230;-0.1377
25.4240;-0.1377
25.4250;-0.1436
25.4260;-0.1494
25.4270;-0.1523
25.4280;-0.1523
25.4290;-0.1465
25.4300;-0.1465
25.4310;-0.1436
25.4320;-0.1377
25.4330;-0.1289
25.4340;-0.1201
25.4350;-0.1172
25.4360;-0.1084
25.4370;-0.1084
25.4380;-0.1084
25.4390;-0.1055
25.4400;-0.1025
25.4410;-0.0967
25.4420;-0.0937
25.4430;-0.1025
25.4440;-0.0908
25.4450;-0.0820
25.4460;-0.0879
25.4470;-0.0879
25.4480;-0.0879
25.4490;-0.0850
25.4500;-0.0850
25.4510;-0.0762
25.4520;-0.0703
25.4530;-0.0674
25.4540;-0.0615
25.4550;-0.0615
25.4560;-0.0586
25.4570;-0.0527
25.4580;-0.0527
25.4590;-0.0527
25.4600;-0.0498
25.4610;-0.0469
25.4620;-0.0469
25.4630;-0.0439
25.4640;-0.0381
25.4650;-0.0381
25.4660;-0.0381
25.4670;-0.0352
25.4680;-0.0381
25.4690;-0.0381
25.4700;-0.0352
25.4710;-0.0381
25.4720;-0.0381
25.4730;-0.0381
25.4740;-0.0352
25.4750;-0.0293
25.4760;-0.0234
25.4770;-0.0234
25.4780;-0.0205
25.4790;-0.0146
25.4800;-0.0117
25.4810;-0.0117
25.4820;-0.0088
25.4830;-0.0088
25.4840;-0.0088
25.4850;-0.0059
25.4860;-0.0029
25.4870;-0.0029
25.4880;-0.0029
25.4890;-0.0029
25.4900;-0.0059
25.4910;0.0000
25.4920;0.0000
25.4930;0.0029
25.4940;0.0029
25.4950;0.0088
25.4960;0.0088
25.4970;0.0088
25.4980;0.0117
25.4990;0.0176
25.5000;0.0234
25.5010;0.0352
25.5020;0.0410
25.5030;0.0352
25.5040;0.0293
25.5050;0.0322
25.5060;0.0381
25.5070;0.0410
25.5080;0.0469
25.5090;0.0498
25.5100;0.0498
25.5110;0.0527
25.5120;0.0527
25.5130;0.0557
25.5140;0.0586
25.5150;0.0645
25.5160;0.0645
25.5170;0.0645
25.5180;0.0732
25.5190;0.0791
25.5200;0.0820
25.5210;0.0791
25.5220;0.0820
25.5230;0.0791
25.5240;0.0791
25.5250;0.0762
25.5260;0.0791
25.5270;0.0791
25.5280;0.0820
25.5290;0.0879
25.5300;0.0908
25.5310;0.0967
25.5320;0.1025
25.5330;0.1084
25.5340;0.1113
25.5350;0.1172
25.5360;0.1230
25.5370;0.1230
25.5380;0.1260
25.5390;0.1260
25.5400;0.1230
25.5410;0.1201
25.5420;0.1201
25.5430;0.1201
25.5440;0.1201
25.5450;0.1201
25.5460;0.1230
25.5470;0.1289
25.5480;0.1406
25.5490;0.1436
25.5500;0.1465
25.5510;0.1494
25.5520;0.1406
25.5530;0.1523
25.5540;0.1582
25.5550;0.1523
25.5560;0.1494
25.5570;0.1523
25.5580;0.1641
25.5590;0.1611
25.5600;0.1670
25.5610;0.1670
25.5620;0.1611
25.5630;0.1611
25.5640;0.1729
25.5650;0.1846
25.5660;0.1846
25.5670;0.1699
25.5680;0.1553
25.5690;0.1523
25.5700;0.1406
25.5710;0.1377
25.5720;0.1289
25.5730;0.1260
25.5740;0.1201
25.5750;0.1172
25.5760;0.1172
25.5770;0.1201
25.5780;0.1289
25.5790;0.1289
25.5800;0.1377
25.5810;0.1523
25.5820;0.1523
25.5830;0.1523
25.5840;0.1406
25.5850;0.1172
25.5860;0.0996
25.5870;0.0703
25.5880;0.0527
25.5890;0.0498
25.5900;0.0410
25.5910;0.0293
25.5920;0.0293
25.5930;0.0322
25.5940;0.0381
25.5950;0.0234
25.5960;0.0117
25.5970;0.0088
25.5980;-0.0059
25.5990;-0.0205
25.6000;-0.0381
25.6010;-0.0586
25.6020;-0.0762
25.6030;-0.0879
25.6040;-0.0996
25.6050;-0.1055
25.6060;-0.1113
25.6070;-0.1289
25.6080;-0.1406
25.6090;-0.1494
25.6100;-0.1611
25.6110;-0.1758
25.6120;-0.1934
25.6130;-0.2021
25.6140;-0.2168
25.6150;-0.2314
25.6160;-0.2461
25.6170;-0.2695
25.6180;-0.2812
25.6190;-0.2930
25.6200;-0.2959
25.6210;-0.2959
25.6220;-0.2959
25.6230;-0.3076
25.6240;-0.3164
25.6250;-0.3223
25.6260;-0.3311
25.6270;-0.3398
25.6280;-0.3428
25.6290;-0.3486
25.6300;-0.3545
25.6310;-0.3545
25.6320;-0.3574
25.6330;-0.3633
25.6340;-0.3604
25.6350;-0.3574
25.6360;-0.3545
25.6370;-0.3545
25.6380;-0.3574
25.6390;-0.3604
25.6400;-0.3662
25.6410;-0.3721
25.6420;-0.3721
25.6430;-0.3750
25.6440;-0.3721
25.6450;-0.3750
25.6460;-0.3691
25.6470;-0.3691
25.6480;-0.3662
25.6490;-0.3691
25.6500;-0.3691
25.6510;-0.3721
25.6520;-0.3721
25.6530;-0.3721
25.6540;-0.3721
25.6550;-0.3750
25.6560;-0.3779
25.6570;-0.3779
25.6580;-0.3779
25.6590;-0.3750
25.6600;-0.3721
25.6610;-0.3691
25.6620;-0.3633
25.6630;-0.3574
25.6640;-0.3545
25.6650;-0.3516
25.6660;-0.3486
25.6670;-0.3398
25.6680;-0.3369
25.6690;-0.3398
25.6700;-0.3398
25.6710;-0.3369
25.6720;-0.3311
25.6730;-0.3311
25.6740;-0.3281
25.6750;-0.3223
25.6760;-0.3223
25.6770;-0.3135
25.6780;-0.3018
25.6790;-0.2959
25.6800;-0.2959
25.6810;-0.2959
25.6820;-0.2930
25.6830;-0.2871
25.6840;-0.2871
25.6850;-0.2871
25.6860;-0.2812
25.6870;-0.2783
25.6880;-0.2754
25.6890;-0.2725
25.6900;-0.2695
25.6910;-0.2607
25.6920;-0.2490
25.6930;-0.2461
25.6940;-0.2402
25.6950;-0.2344
25.6960;-0.2256
25.6970;-0.2168
25.6980;-0.2109
25.6990;-0.2051
25.7000;-0.2080
25.7010;-0.2080
25.7020;-0.2080
25.7030;-0.2051
25.7040;-0.2021
25.7050;-0.2021
25.7060;-0.1992
25.7070;-0.1963
25.7080;-0.1904
25.7090;-0.1875
25.7100;-0.1875
25.7110;-0.1846
25.7120;-0.1875
25.7130;-0.1934
25.7140;-0.1934
25.7150;-0.1963
25.7160;-0.1963
25.7170;-0.1963
25.7180;-0.1992
25.7190;-0.2021
25.7200;-0.1992
25.7210;-0.1992
25.7220;-0.1934
25.7230;-0.1934
25.7240;-0.1904
25.7250;-0.1904
25.7260;-0.1875
25.7270;-0.1787
25.7280;-0.1787
25.7290;-0.1787
25.7300;-0.1816
25.7310;-0.1846
25.7320;-0.1875
25.7330;-0.1904
25.7340;-0.1934
25.7350;-0.1934
25.7360;-0.1963
25.7370;-0.1992
25.7380;-0.1992
25.7390;-0.2021
25.7400;-0.1992
25.7410;-0.1963
25.7420;-0.1934
25.7430;-0.1875
25.7440;-0.1875
25.7450;-0.1846
25.7460;-0.1758
25.7470;-0.1670
25.7480;-0.1699
25.7490;-0.1699
25.7500;-0.1699
25.7510;-0.1670
25.7520;-0.1699
25.7530;-0.1729
25.7540;-0.1729
25.7550;-0.1758
25.7560;-0.1758
25.7570;-0.1758
25.7580;-0.1758
25.7590;-0.1758
25.7600;-0.1758
25.7610;-0.1758
25.7620;-0.1729
25.7630;-0.1670
25.7640;-0.1670
25.7650;-0.1670
25.7660;-0.1641
25.7670;-0.1611
25.7680;-0.1553
25.7690;-0.1494
25.7700;-0.1465
25.7710;-0.1465
25.7720;-0.1436
25.7730;-0.1436
25.7740;-0.1436
25.7750;-0.1465
25.7760;-0.1523
25.7770;-0.1523
25.7780;-0.1523
25.7790;-0.1523
25.7800;-0.1523
25.7810;-0.1465
25.7820;-0.1406
25.7830;-0.1348
25.7840;-0.1318
25.7850;-0.1230
25.7860;-0.1201
25.7870;-0.1172
25.7880;-0.1143
25.7890;-0.1143
25.7900;-0.1172
25.7910;-0.1172
25.7920;-0.1172
25.7930;-0.1230
25.7940;-0.1289
25.7950;-0.1318
25.7960;-0.1377
25.7970;-0.1406
25.7980;-0.1436
25.7990;-0.1406
25.8000;-0.1436
25.8010;-0.1436
25.8020;-0.1406
25.8030;-0.1377
25.8040;-0.1289
25.8050;-0.1260
25.8060;-0.1230
25.8070;-0.1172
25.8080;-0.1172
25.8090;-0.1172
25.8100;-0.1172
25.8110;-0.1201
25.8120;-0.1172
25.8130;-0.1143
25.8140;-0.1113
25.8150;-0.1084
25.8160;-0.1055
25.8170;-0.1025
25.8180;-0.1025
25.8190;-0.1025
25.8200;-0.1025
25.8210;-0.0967
25.8220;-0.0937
25.8230;-0.0879
25.8240;-0.0850
25.8250;-0.0820
25.8260;-0.0791
25.8270;-0.0762
25.8280;-0.0732
25.8290;-0.0674
25.8300;-0.0615
25.8310;-0.0557
25.8320;-0.0557
25.8330;-0.0527
25.8340;-0.0469
25.8350;-0.0410
25.8360;-0.0352
25.8370;-0.0293
25.8380;-0.0234
25.8390;-0.0176
25.8400;-0.0117
25.8410;-0.0059
25.8420;0.0000
25.8430;0.0029
25.8440;0.0059
25.8450;0.0059
25.8460;0.0000
25.8470;0.0000
25.8480;0.0000
25.8490;0.0029
25.8500;0.0029
25.8510;0.0029
25.8520;0.0088
25.8530;0.0117
25.8540;0.0176
25.8550;0.0234
25.8560;0.0410
25.8570;0.0586
25.8580;0.0791
25.8590;0.0996
25.8600;0.1201
25.8610;0.1377
25.8620;0.1553
25.8630;0.1699
25.8640;0.1816
25.8650;0.1846
25.8660;0.1875
25.8670;0.1875
25.8680;0.1846
25.8690;0.1875
25.8700;0.1846
25.8710;0.1787
25.8720;0.1758
25.8730;0.1670
25.8740;0.1582
25.8750;0.1523
25.8760;0.1494
25.8770;0.1465
25.8780;0.1436
25.8790;0.1436
25.8800;0.1436
25.8810;0.1406
25.8820;0.1348
25.8830;0.1260
25.8840;0.1143
25.8850;0.1025
25.8860;0.0937
25.8870;0.0879
25.8880;0.0732
25.8890;0.0615
25.8900;0.0469
25.8910;0.0352
25.8920;0.0234
25.8930;0.0117
25.8940;-0.0029
25.8950;-0.0146
25.8960;-0.0264
25.8970;-0.0439
25.8980;-0.0615
25.8990;-0.0762
25.9000;-0.0879
25.9010;-0.0967
25.9020;-0.1055
25.9030;-0.1055
25.9040;-0.1084
25.9050;-0.1143
25.9060;-0.1201
25.9070;-0.1230
25.9080;-0.1289
25.9090;-0.1348
25.9100;-0.1377
25.9110;-0.1406
25.9120;-0.1406
25.9130;-0.1436
25.9140;-0.1436
25.9150;-0.1436
25.9160;-0.1465
25.9170;-0.1494
25.9180;-0.1494
25.9190;-0.1523
25.9200;-0.1553
25.9210;-0.1553
25.9220;-0.1553
25.9230;-0.1553
25.9240;-0.1553
25.9250;-0.1553
25.9260;-0.1553
25.9270;-0.1553
25.9280;-0.1611
25.9290;-0.1641
25.9300;-0.1670
25.9310;-0.1670
25.9320;-0.1641
25.9330;-0.1611
25.9340;-0.1670
25.9350;-0.1670
25.9360;-0.1641
25.9370;-0.1611
25.9380;-0.1553
25.9390;-0.1494
25.9400;-0.1465
25.9410;-0.1406
25.9420;-0.1348
25.9430;-0.1260
25.9440;-0.1172
25.9450;-0.1172
25.9460;-0.1230
25.9470;-0.1289
25.9480;-0.1318
25.9490;-0.1348
25.9500;-0.1348
25.9510;-0.1348
25.9520;-0.1377
25.9530;-0.1406
25.9540;-0.1377
25.9550;-0.1377
25.9560;-0.1406
25.9570;-0.1436
25.9580;-0.1436
25.9590;-0.1348
25.9600;-0.1289
25.9610;-0.1230
25.9620;-0.1172
25.9630;-0.1084
25.9640;-0.1025
25.9650;-0.0967
25.9660;-0.0937
25.9670;-0.0879
25.9680;-0.0850
25.9690;-0.0820
25.9700;-0.0820
25.9710;-0.0850
25.9720;-0.0937
25.9730;-0.1055
25.9740;-0.1084
25.9750;-0.1172
25.9760;-0.1230
25.9770;-0.1260
25.9780;-0.1289
25.9790;-0.1289
25.9800;-0.1289
25.9810;-0.1318
25.9820;-0.1260
25.9830;-0.1172
25.9840;-0.1113
25.9850;-0.1055
25.9860;-0.0967
25.9870;-0.0850
25.9880;-0.0732
25.9890;-0.0527
25.9900;-0.0264
25.9910;0.0088
25.9920;0.0557
25.9930;0.1113
25.9940;0.1846
25.9950;0.2783
25.9960;0.3779
25.9970;0.4834
25.9980;0.5830
25.9990;0.6826
26.0000;0.7793
26.0010;0.8760
26.0020;0.9697
26.0030;1.0693
26.0040;1.1689
26.0050;1.2656
26.0060;1.3652
26.0070;1.4561
26.0080;1.4941
26.0090;1.4941
26.0100;1.4941
26.0110;1.4941
26.0120;1.4941
26.0130;1.4941
26.0140;1.4941
26.0150;1.4941
26.0160;1.4941
26.0170;1.4941
26.0180;1.4941
26.0190;1.4941
26.0200;1.4912
26.0210;1.3535
26.0220;1.2070
26.0230;1.0518
26.0240;0.8818
26.0250;0.6973
26.0260;0.5186
26.0270;0.3545
26.0280;0.2051
26.0290;0.0703
26.0300;-0.0498
26.0310;-0.1553
26.0320;-0.2461
26.0330;-0.3193
26.0340;-0.3809
26.0350;-0.4395
26.0360;-0.4863
26.0370;-0.5273
26.0380;-0.5684
26.0390;-0.6123
26.0400;-0.6533
26.0410;-0.6826
26.0420;-0.7031
26.0430;-0.7148
26.0440;-0.7178
26.0450;-0.7207
26.0460;-0.7178
26.0470;-0.7178
26.0480;-0.7148
26.0490;-0.7090
26.0500;-0.7002
26.0510;-0.6885
26.0520;-0.6709
26.0530;-0.6533
26.0540;-0.6387
26.0550;-0.6211
26.0560;-0.5977
26.0570;-0.5654
26.0580;-0.5303
26.0590;-0.4951
26.0600;-0.4629
26.0610;-0.4277
26.0620;-0.3955
26.0630;-0.3662
26.0640;-0.3369
26.0650;-0.3164
26.0660;-0.2959
26.0670;-0.2754
26.0680;-0.2520
26.0690;-0.2344
26.0700;-0.2227
26.0710;-0.2109
26.0720;-0.1992
26.0730;-0.1875
26.0740;-0.1816
26.0750;-0.1758
26.0760;-0.1699
26.0770;-0.1670
26.0780;-0.1611
26.0790;-0.1553
26.0800;-0.1494
26.0810;-0.1436
26.0820;-0.1436
26.0830;-0.1377
26.0840;-0.1289
26.0850;-0.1201
26.0860;-0.1143
26.0870;-0.1113
26.0880;-0.1055
26.0890;-0.1025
26.0900;-0.0996
26.0910;-0.0967
26.0920;-0.0967
26.0930;-0.0996
26.0940;-0.0967
26.0950;-0.0967
26.0960;-0.0908
26.0970;-0.0850
26.0980;-0.0820
26.0990;-0.0762
26.1000;-0.0732
26.1010;-0.0674
26.1020;-0.0645
26.1030;-0.0586
26.1040;-0.0557
26.1050;-0.0557
26.1060;-0.0557
26.1070;-0.0498
26.1080;-0.0439
26.1090;-0.0381
26.1100;-0.0352
26.1110;-0.0264
26.1120;-0.0234
26.1130;-0.0205
26.1140;-0.0146
26.1150;-0.0117
26.1160;-0.0117
26.1170;-0.0088
26.1180;-0.0059
26.1190;-0.0029
26.1200;-0.0029
26.1210;-0.0059
26.1220;-0.0059
26.1230;-0.0059
26.1240;-0.0029
26.1250;0.0029
26.1260;0.0059
26.1270;0.0088
26.1280;0.0176
26.1290;0.0264
26.1300;0.0322
26.1310;0.0410
26.1320;0.0410
26.1330;0.0439
26.1340;0.0439
26.1350;0.0498
26.1360;0.0498
26.1370;0.0498
26.1380;0.0498
26.1390;0.0527
26.1400;0.0557
26.1410;0.0615
26.1420;0.0645
26.1430;0.0674
26.1440;0.0703
26.1450;0.0732
26.1460;0.0732
26.1470;0.0791
26.1480;0.0791
26.1490;0.0791
26.1500;0.0791
26.1510;0.0791
26.1520;0.0791
26.1530;0.0820
26.1540;0.0879
26.1550;0.0908
26.1560;0.0996
26.1570;0.1025
26.1580;0.1084
26.1590;0.1084
26.1600;0.1055
26.1610;0.1055
26.1620;0.1084
26.1630;0.1143
26.1640;0.1230
26.1650;0.1289
26.1660;0.1377
26.1670;0.1436
26.1680;0.1494
26.1690;0.1523
26.1700;0.1611
26.1710;0.1641
26.1720;0.1641
26.1730;0.1641
26.1740;0.1670
26.1750;0.1729
26.1760;0.1787
26.1770;0.1846
26.1780;0.1904
26.1790;0.1992
26.1800;0.2021
26.1810;0.2051
26.1820;0.2080
26.1830;0.2139
26.1840;0.2197
26.1850;0.2197
26.1860;0.2227
26.1870;0.2285
26.1880;0.2314
26.1890;0.2373
26.1900;0.2432
26.1910;0.2461
26.1920;0.2549
26.1930;0.2578
26.1940;0.2637
26.1950;0.2666
26.1960;0.2695
26.1970;0.2695
26.1980;0.2695
26.1990;0.2725
26.2000;0.2695
26.2010;0.2754
26.2020;0.2783
26.2030;0.2812
26.2040;0.2842
26.2050;0.2871
26.2060;0.2900
26.2070;0.2930
26.2080;0.2930
26.2090;0.2930
26.2100;0.2930
26.2110;0.2930
26.2120;0.2930
26.2130;0.2930
26.2140;0.2930
26.2150;0.2930
26.2160;0.2959
26.2170;0.2930
26.2180;0.2930
26.2190;0.2930
26.2200;0.2900
26.2210;0.2900
26.2220;0.2900
26.2230;0.2871
26.2240;0.2900
26.2250;0.2871
26.2260;0.2842
26.2270;0.2812
26.2280;0.2812
26.2290;0.2812
26.2300;0.2754
26.2310;0.2695
26.2320;0.2666
26.2330;0.2607
26.2340;0.2578
26.2350;0.2520
26.2360;0.2432
26.2370;0.2285
26.2380;0.2139
26.2390;0.2021
26.2400;0.1904
26.2410;0.1816
26.2420;0.1670
26.2430;0.1553
26.2440;0.1436
26.2450;0.1318
26.2460;0.1230
26.2470;0.1113
26.2480;0.0996
26.2490;0.0879
26.2500;0.0732
26.2510;0.0615
26.2520;0.0469
26.2530;0.0352
26.2540;0.0234
26.2550;0.0146
26.2560;0.0088
26.2570;0.0000
26.2580;-0.0117
26.2590;-0.0205
26.2600;-0.0322
26.2610;-0.0439
26.2620;-0.0586
26.2630;-0.0732
26.2640;-0.0820
26.2650;-0.0908
26.2660;-0.1025
26.2670;-0.1143
26.2680;-0.1289
26.2690;-0.1377
26.2700;-0.1436
26.2710;-0.1553
26.2720;-0.1611
26.2730;-0.1670
26.2740;-0.1729
26.2750;-0.1816
26.2760;-0.1875
26.2770;-0.1963
26.2780;-0.2051
26.2790;-0.2139
26.2800;-0.2227
26.2810;-0.2314
26.2820;-0.2373
26.2830;-0.2490
26.2840;-0.2549
26.2850;-0.2666
26.2860;-0.2725
26.2870;-0.2754
26.2880;-0.2783
26.2890;-0.2812
26.2900;-0.2783
26.2910;-0.2725
26.2920;-0.2725
26.2930;-0.2725
26.2940;-0.2725
26.2950;-0.2695
26.2960;-0.2637
26.2970;-0.2578
26.2980;-0.2520
26.2990;-0.2461
26.3000;-0.2461
26.3010;-0.2461
26.3020;-0.2461
26.3030;-0.2432
26.3040;-0.2402
26.3050;-0.2432
26.3060;-0.2461
26.3070;-0.2461
26.3080;-0.2549
26.3090;-0.2549
26.3100;-0.2578
26.3110;-0.2607
26.3120;-0.2607
26.3130;-0.2607
26.3140;-0.2578
26.3150;-0.2549
26.3160;-0.2549
26.3170;-0.2490
26.3180;-0.2432
26.3190;-0.2373
26.3200;-0.2344
26.3210;-0.2373
26.3220;-0.2344
26.3230;-0.2344
26.3240;-0.2314
26.3250;-0.2344
26.3260;-0.2314
26.3270;-0.2256
26.3280;-0.2256
26.3290;-0.2197
26.3300;-0.2168
26.3310;-0.2109
26.3320;-0.2021
26.3330;-0.2021
26.3340;-0.1992
26.3350;-0.2021
26.3360;-0.2021
26.3370;-0.1992
26.3380;-0.1992
26.3390;-0.1934
26.3400;-0.1875
26.3410;-0.1787
26.3420;-0.1729
26.3430;-0.1670
26.3440;-0.1611
26.3450;-0.1582
26.3460;-0.1523
26.3470;-0.1465
26.3480;-0.1406
26.3490;-0.1318
26.3500;-0.1289
26.3510;-0.1260
26.3520;-0.1289
26.3530;-0.1260
26.3540;-0.1230
26.3550;-0.1201
26.3560;-0.1172
26.3570;-0.1172
26.3580;-0.1172
26.3590;-0.1143
26.3600;-0.1143
26.3610;-0.1113
26.3620;-0.1113
26.3630;-0.1084
26.3640;-0.1055
26.3650;-0.0996
26.3660;-0.0967
26.3670;-0.0967
26.3680;-0.0937
26.3690;-0.0937
26.3700;-0.0937
26.3710;-0.0937
26.3720;-0.0967
26.3730;-0.0996
26.3740;-0.0967
26.3750;-0.0967
26.3760;-0.0937
26.3770;-0.0908
26.3780;-0.0850
26.3790;-0.0791
26.3800;-0.0762
26.3810;-0.0732
26.3820;-0.0732
26.3830;-0.0732
26.3840;-0.0732
26.3850;-0.0732
26.3860;-0.0703
26.3870;-0.0703
26.3880;-0.0645
26.3890;-0.0615
26.3900;-0.0615
26.3910;-0.0615
26.3920;-0.0586
26.3930;-0.0615
26.3940;-0.0615
26.3950;-0.0586
26.3960;-0.0557
26.3970;-0.0527
26.3980;-0.0527
26.3990;-0.0498
26.4000;-0.0527
26.4010;-0.0498
26.4020;-0.0469
26.4030;-0.0410
26.4040;-0.0381
26.4050;-0.0381
26.4060;-0.0381
26.4070;-0.0410
26.4080;-0.0410
26.4090;-0.0381
26.4100;-0.0410
26.4110;-0.0381
26.4120;-0.0410
26.4130;-0.0381
26.4140;-0.0410
26.4150;-0.0381
26.4160;-0.0410
26.4170;-0.0439
26.4180;-0.0498
26.4190;-0.0527
26.4200;-0.0557
26.4210;-0.0586
26.4220;-0.0615
26.4230;-0.0615
26.4240;-0.0586
26.4250;-0.0527
26.4260;-0.0498
26.4270;-0.0469
26.4280;-0.0469
26.4290;-0.0439
26.4300;-0.0381
26.4310;-0.0293
26.4320;-0.0234
26.4330;-0.0205
26.4340;-0.0176
26.4350;-0.0146
26.4360;-0.0146
26.4370;-0.0146
26.4380;-0.0176
26.4390;-0.0176
26.4400;-0.0146
26.4410;-0.0117
26.4420;-0.0117
26.4430;-0.0146
26.4440;-0.0146
26.4450;-0.0117
26.4460;-0.0146
26.4470;-0.0117
26.4480;-0.0117
26.4490;-0.0117
26.4500;-0.0146
26.4510;-0.0146
26.4520;-0.0176
26.4530;-0.0205
26.4540;-0.0234
26.4550;-0.0234
26.4560;-0.0264
26.4570;-0.0264
26.4580;-0.0234
26.4590;-0.0205
26.4600;-0.0234
26.4610;-0.0264
26.4620;-0.0293
26.4630;-0.0352
26.4640;-0.0352
26.4650;-0.0322
26.4660;-0.0322
26.4670;-0.0293
26.4680;-0.0234
26.4690;-0.0176
26.4700;-0.0117
26.4710;-0.0088
26.4720;-0.0088
26.4730;-0.0117
26.4740;-0.0146
26.4750;-0.0146
26.4760;-0.0146
26.4770;-0.0117
26.4780;-0.0117
26.4790;-0.0059
26.4800;-0.0029
26.4810;-0.0029
26.4820;-0.0029
26.4830;0.0059
26.4840;0.0117
26.4850;0.0205
26.4860;0.0322
26.4870;0.0439
26.4880;0.0498
26.4890;0.0586
26.4900;0.0674
26.4910;0.0762
26.4920;0.0820
26.4930;0.0879
26.4940;0.0908
26.4950;0.0908
26.4960;0.0937
26.4970;0.0967
26.4980;0.0996
26.4990;0.1025
26.5000;0.0996
26.5010;0.0967
26.5020;0.0937
26.5030;0.0908
26.5040;0.0908
26.5050;0.0908
26.5060;0.0967
26.5070;0.1025
26.5080;0.1143
26.5090;0.1260
26.5100;0.1406
26.5110;0.1611
26.5120;0.1846
26.5130;0.2051
26.5140;0.2227
26.5150;0.2373
26.5160;0.2578
26.5170;0.2725
26.5180;0.2842
26.5190;0.2930
26.5200;0.2988
26.5210;0.2988
26.5220;0.2988
26.5230;0.2930
26.5240;0.2959
26.5250;0.2900
26.5260;0.2812
26.5270;0.2725
26.5280;0.2637
26.5290;0.2578
26.5300;0.2520
26.5310;0.2490
26.5320;0.2432
26.5330;0.2432
26.5340;0.2373
26.5350;0.2314
26.5360;0.2227
26.5370;0.2139
26.5380;0.2021
26.5390;0.1904
26.5400;0.1816
26.5410;0.1729
26.5420;0.1582
26.5430;0.1465
26.5440;0.1377
26.5450;0.1260
26.5460;0.1143
26.5470;0.1025
26.5480;0.0908
26.5490;0.0791
26.5500;0.0586
26.5510;0.0439
26.5520;0.0381
26.5530;0.0293
26.5540;0.0205
26.5550;0.0176
26.5560;0.0117
26.5570;0.0059
26.5580;0.0000
26.5590;0.0000
26.5600;-0.0088
26.5610;-0.0117
26.5620;-0.0176
26.5630;-0.0234
26.5640;-0.0293
26.5650;-0.0322
26.5660;-0.0352
26.5670;-0.0410
26.5680;-0.0469
26.5690;-0.0469
26.5700;-0.0498
26.5710;-0.0527
26.5720;-0.0586
26.5730;-0.0645
26.5740;-0.0674
26.5750;-0.0732
26.5760;-0.0732
26.5770;-0.0732
26.5780;-0.0762
26.5790;-0.0762
26.5800;-0.0791
26.5810;-0.0820
26.5820;-0.0850
26.5830;-0.0908
26.5840;-0.0908
26.5850;-0.0908
26.5860;-0.0908
26.5870;-0.0908
26.5880;-0.0937
26.5890;-0.0937
26.5900;-0.0937
26.5910;-0.0937
26.5920;-0.0908
26.5930;-0.0879
26.5940;-0.0879
26.5950;-0.0908
26.5960;-0.0908
26.5970;-0.0908
26.5980;-0.0879
26.5990;-0.0879
26.6000;-0.0879
26.6010;-0.0879
26.6020;-0.0850
26.6030;-0.0850
26.6040;-0.0791
26.6050;-0.0732
26.6060;-0.0732
26.6070;-0.0732
26.6080;-0.0732
26.6090;-0.0703
26.6100;-0.0674
26.6110;-0.0703
26.6120;-0.0703
26.6130;-0.0732
26.6140;-0.0703
26.6150;-0.0732
26.6160;-0.0732
26.6170;-0.0732
26.6180;-0.0732
26.6190;-0.0732
26.6200;-0.0732
26.6210;-0.0732
26.6220;-0.0732
26.6230;-0.0732
26.6240;-0.0732
26.6250;-0.0791
26.6260;-0.0908
26.6270;-0.1055
26.6280;-0.1201
26.6290;-0.1318
26.6300;-0.1406
26.6310;-0.1494
26.6320;-0.1553
26.6330;-0.1611
26.6340;-0.1641
26.6350;-0.1670
26.6360;-0.1670
26.6370;-0.1641
26.6380;-0.1553
26.6390;-0.1523
26.6400;-0.1494
26.6410;-0.1436
26.6420;-0.1318
26.6430;-0.1143
26.6440;-0.0908
26.6450;-0.0498
26.6460;-0.0029
26.6470;0.0498
26.6480;0.1143
26.6490;0.1963
26.6500;0.2900
26.6510;0.3955
26.6520;0.4951
26.6530;0.5918
26.6540;0.6885
26.6550;0.7822
26.6560;0.8760
26.6570;0.9727
26.6580;1.0752
26.6590;1.1719
26.6600;1.2715
26.6610;1.3682
26.6620;1.4561
26.6630;1.4941
26.6640;1.4941
26.6650;1.4941
26.6660;1.4941
26.6670;1.4941
26.6680;1.4941
26.6690;1.4941
26.6700;1.4941
26.6710;1.4941
26.6720;1.4941
26.6730;1.4941
26.6740;1.4941
26.6750;1.3857
26.6760;1.2451
26.6770;1.0928
26.6780;0.9346
26.6790;0.7617
26.6800;0.5889
26.6810;0.4248
26.6820;0.2783
26.6830;0.1406
26.6840;0.0117
26.6850;-0.0996
26.6860;-0.1963
26.6870;-0.2783
26.6880;-0.3398
26.6890;-0.4014
26.6900;-0.4600
26.6910;-0.5098
26.6920;-0.5566
26.6930;-0.6035
26.6940;-0.6445
26.6950;-0.6797
26.6960;-0.7119
26.6970;-0.7324
26.6980;-0.7471
26.6990;-0.7529
26.7000;-0.7529
26.7010;-0.7529
26.7020;-0.7471
26.7030;-0.7412
26.7040;-0.7295
26.7050;-0.7148
26.7060;-0.7002
26.7070;-0.6797
26.7080;-0.6562
26.7090;-0.6357
26.7100;-0.6152
26.7110;-0.5889
26.7120;-0.5625
26.7130;-0.5303
26.7140;-0.5010
26.7150;-0.4688
26.7160;-0.4424
26.7170;-0.4160
26.7180;-0.3838
26.7190;-0.3545
26.7200;-0.3281
26.7210;-0.3076
26.7220;-0.2871
26.7230;-0.2725
26.7240;-0.2578
26.7250;-0.2432
26.7260;-0.2314
26.7270;-0.2227
26.7280;-0.2139
26.7290;-0.2080
26.7300;-0.2021
26.7310;-0.1934
26.7320;-0.1816
26.7330;-0.1758
26.7340;-0.1670
26.7350;-0.1641
26.7360;-0.1611
26.7370;-0.1553
26.7380;-0.1523
26.7390;-0.1494
26.7400;-0.1465
26.7410;-0.1436
26.7420;-0.1406
26.7430;-0.1318
26.7440;-0.1289
26.7450;-0.1260
26.7460;-0.1260
26.7470;-0.1172
26.7480;-0.1084
26.7490;-0.1055
26.7500;-0.0996
26.7510;-0.0937
26.7520;-0.0879
26.7530;-0.0850
26.7540;-0.0791
26.7550;-0.0762
26.7560;-0.0703
26.7570;-0.0645
26.7580;-0.0645
26.7590;-0.0645
26.7600;-0.0615
26.7610;-0.0527
26.7620;-0.0498
26.7630;-0.0439
26.7640;-0.0381
26.7650;-0.0352
26.7660;-0.0264
26.7670;-0.0205
26.7680;-0.0146
26.7690;-0.0029
26.7700;0.0029
26.7710;0.0029
26.7720;0.0000
26.7730;0.0000
26.7740;0.0029
26.7750;0.0088
26.7760;0.0117
26.7770;0.0176
26.7780;0.0176
26.7790;0.0176
26.7800;0.0205
26.7810;0.0176
26.7820;0.0176
26.7830;0.0205
26.7840;0.0234
26.7850;0.0322
26.7860;0.0352
26.7870;0.0381
26.7880;0.0439
26.7890;0.0498
26.7900;0.0498
26.7910;0.0498
26.7920;0.0586
26.7930;0.0615
26.7940;0.0674
26.7950;0.0674
26.7960;0.0586
26.7970;0.0586
26.7980;0.0615
26.7990;0.0615
26.8000;0.0645
26.8010;0.0732
26.8020;0.0791
26.8030;0.0850
26.8040;0.0879
26.8050;0.0879
26.8060;0.0908
26.8070;0.0879
26.8080;0.0908
26.8090;0.0967
26.8100;0.1025
26.8110;0.1055
26.8120;0.1143
26.8130;0.1230
26.8140;0.1289
26.8150;0.1318
26.8160;0.1318
26.8170;0.1318
26.8180;0.1318
26.8190;0.1377
26.8200;0.1406
26.8210;0.1406
26.8220;0.1436
26.8230;0.1494
26.8240;0.1582
26.8250;0.1670
26.8260;0.1758
26.8270;0.1816
26.8280;0.1846
26.8290;0.1904
26.8300;0.1963
26.8310;0.1992
26.8320;0.2021
26.8330;0.2051
26.8340;0.2080
26.8350;0.2051
26.8360;0.2080
26.8370;0.2168
26.8380;0.2227
26.8390;0.2256
26.8400;0.2285
26.8410;0.2314
26.8420;0.2344
26.8430;0.2373
26.8440;0.2432
26.8450;0.2461
26.8460;0.2520
26.8470;0.2578
26.8480;0.2637
26.8490;0.2695
26.8500;0.2695
26.8510;0.2754
26.8520;0.2754
26.8530;0.2783
26.8540;0.2783
26.8550;0.2783
26.8560;0.2783
26.8570;0.2812
26.8580;0.2842
26.8590;0.2871
26.8600;0.2900
26.8610;0.2930
26.8620;0.2930
26.8630;0.2842
26.8640;0.2842
26.8650;0.2812
26.8660;0.2842
26.8670;0.2900
26.8680;0.2900
26.8690;0.2959
26.8700;0.2988
26.8710;0.3018
26.8720;0.3018
26.8730;0.3018
26.8740;0.3018
26.8750;0.3018
26.8760;0.2988
26.8770;0.2930
26.8780;0.2900
26.8790;0.2871
26.8800;0.2871
26.8810;0.2871
26.8820;0.2842
26.8830;0.2812
26.8840;0.2783
26.8850;0.2754
26.8860;0.2666
26.8870;0.2607
26.8880;0.2520
26.8890;0.2432
26.8900;0.2373
26.8910;0.2314
26.8920;0.2227
26.8930;0.2139
26.8940;0.2080
26.8950;0.1963
26.8960;0.1846
26.8970;0.1758
26.8980;0.1641
26.8990;0.1523
26.9000;0.1377
26.9010;0.1260
26.9020;0.1143
26.9030;0.1025
26.9040;0.0879
26.9050;0.0703
26.9060;0.0557
26.9070;0.0381
26.9080;0.0205
26.9090;0.0088
26.9100;-0.0088
26.9110;-0.0234
26.9120;-0.0352
26.9130;-0.0469
26.9140;-0.0615
26.9150;-0.0762
26.9160;-0.0879
26.9170;-0.0967
26.9180;-0.1055
26.9190;-0.1143
26.9200;-0.1230
26.9210;-0.1318
26.9220;-0.1436
26.9230;-0.1553
26.9240;-0.1670
26.9250;-0.1758
26.9260;-0.1846
26.9270;-0.1904
26.9280;-0.1992
26.9290;-0.2080
26.9300;-0.2139
26.9310;-0.2197
26.9320;-0.2256
26.9330;-0.2314
26.9340;-0.2373
26.9350;-0.2432
26.9360;-0.2490
26.9370;-0.2520
26.9380;-0.2520
26.9390;-0.2549
26.9400;-0.2607
26.9410;-0.2637
26.9420;-0.2666
26.9430;-0.2725
26.9440;-0.2725
26.9450;-0.2783
26.9460;-0.2754
26.9470;-0.2783
26.9480;-0.2842
26.9490;-0.2842
26.9500;-0.2842
26.9510;-0.2842
26.9520;-0.2842
26.9530;-0.2842
26.9540;-0.2842
26.9550;-0.2842
26.9560;-0.2842
26.9570;-0.2871
26.9580;-0.2900
26.9590;-0.2900
26.9600;-0.2900
26.9610;-0.2930
26.9620;-0.2930
26.9630;-0.2930
26.9640;-0.2930
26.9650;-0.2900
26.9660;-0.2871
26.9670;-0.2871
26.9680;-0.2842
26.9690;-0.2812
26.9700;-0.2812
26.9710;-0.2754
26.9720;-0.2725
26.9730;-0.2725
26.9740;-0.2666
26.9750;-0.2607
26.9760;-0.2578
26.9770;-0.2520
26.9780;-0.2490
26.9790;-0.2461
26.9800;-0.2432
26.9810;-0.2402
26.9820;-0.2402
26.9830;-0.2373
26.9840;-0.2314
26.9850;-0.2256
26.9860;-0.2256
26.9870;-0.2227
26.9880;-0.2168
26.9890;-0.2139
26.9900;-0.2109
26.9910;-0.2109
26.9920;-0.2080
26.9930;-0.2080
26.9940;-0.2051
26.9950;-0.2021
26.9960;-0.1963
26.9970;-0.1904
26.9980;-0.1875
26.9990;-0.1816
27.0000;-0.1816
27.0010;-0.1787
27.0020;-0.1729
27.0030;-0.1699
27.0040;-0.1699
27.0050;-0.1670
27.0060;-0.1641
27.0070;-0.1582
27.0080;-0.1523
27.0090;-0.1494
27.0100;-0.1494
27.0110;-0.1494
27.0120;-0.1494
27.0130;-0.1494
27.0140;-0.1436
27.0150;-0.1465
27.0160;-0.1494
27.0170;-0.1523
27.0180;-0.1523
27.0190;-0.1553
27.0200;-0.1523
27.0210;-0.1523
27.0220;-0.1523
27.0230;-0.1523
27.0240;-0.1494
27.0250;-0.1465
27.0260;-0.1465
27.0270;-0.1436
27.0280;-0.1436
27.0290;-0.1406
27.0300;-0.1406
27.0310;-0.1377
27.0320;-0.1377
27.0330;-0.1377
27.0340;-0.1348
27.0350;-0.1348
27.0360;-0.1318
27.0370;-0.1318
27.0380;-0.1289
27.0390;-0.1260
27.0400;-0.1260
27.0410;-0.1230
27.0420;-0.1230
27.0430;-0.1201
27.0440;-0.1201
27.0450;-0.1201
27.0460;-0.1201
27.0470;-0.1201
27.0480;-0.1172
27.0490;-0.1143
27.0500;-0.1113
27.0510;-0.1143
27.0520;-0.1113
27.0530;-0.1084
27.0540;-0.1084
27.0550;-0.1084
27.0560;-0.1084
27.0570;-0.1055
27.0580;-0.1055
27.0590;-0.1025
27.0600;-0.1025
27.0610;-0.1025
27.0620;-0.1055
27.0630;-0.1055
27.0640;-0.1025
27.0650;-0.1025
27.0660;-0.1055
27.0670;-0.1055
27.0680;-0.1055
27.0690;-0.1055
27.0700;-0.1055
27.0710;-0.1025
27.0720;-0.1055
27.0730;-0.1084
27.0740;-0.1084
27.0750;-0.1084
27.0760;-0.1084
27.0770;-0.1084
27.0780;-0.1084
27.0790;-0.1113
27.0800;-0.1143
27.0810;-0.1143
27.0820;-0.1143
27.0830;-0.1143
27.0840;-0.1143
27.0850;-0.1113
27.0860;-0.1143
27.0870;-0.1143
27.0880;-0.1113
27.0890;-0.1113
27.0900;-0.1084
27.0910;-0.1084
27.0920;-0.1113
27.0930;-0.1113
27.0940;-0.1143
27.0950;-0.1084
27.0960;-0.1055
27.0970;-0.1055
27.0980;-0.1055
27.0990;-0.1025
27.1000;-0.1055
27.1010;-0.1055
27.1020;-0.1025
27.1030;-0.1025
27.1040;-0.1055
27.1050;-0.1055
27.1060;-0.1055
27.1070;-0.1055
27.1080;-0.1025
27.1090;-0.0996
27.1100;-0.0996
27.1110;-0.0996
27.1120;-0.0996
27.1130;-0.0996
27.1140;-0.0996
27.1150;-0.0996
27.1160;-0.0996
27.1170;-0.0996
27.1180;-0.0996
27.1190;-0.0937
27.1200;-0.0937
27.1210;-0.0908
27.1220;-0.0879
27.1230;-0.0850
27.1240;-0.0791
27.1250;-0.0762
27.1260;-0.0674
27.1270;-0.0586
27.1280;-0.0527
27.1290;-0.0469
27.1300;-0.0381
27.1310;-0.0293
27.1320;-0.0264
27.1330;-0.0205
27.1340;-0.0146
27.1350;-0.0146
27.1360;-0.0146
27.1370;-0.0146
27.1380;-0.0146
27.1390;-0.0176
27.1400;-0.0205
27.1410;-0.0176
27.1420;-0.0176
27.1430;-0.0146
27.1440;-0.0146
27.1450;-0.0146
27.1460;-0.0117
27.1470;-0.0029
27.1480;0.0000
27.1490;0.0117
27.1500;0.0264
27.1510;0.0439
27.1520;0.0645
27.1530;0.0820
27.1540;0.1025
27.1550;0.1201
27.1560;0.1377
27.1570;0.1523
27.1580;0.1641
27.1590;0.1729
27.1600;0.1758
27.1610;0.1787
27.1620;0.1787
27.1630;0.1758
27.1640;0.1758
27.1650;0.1758
27.1660;0.1758
27.1670;0.1729
27.1680;0.1641
27.1690;0.1582
27.1700;0.1523
27.1710;0.1494
27.1720;0.1465
27.1730;0.1406
27.1740;0.1406
27.1750;0.1377
27.1760;0.1318
27.1770;0.1260
27.1780;0.1143
27.1790;0.1055
27.1800;0.0967
27.1810;0.0879
27.1820;0.0791
27.1830;0.0703
27.1840;0.0674
27.1850;0.0557
27.1860;0.0439
27.1870;0.0322
27.1880;0.0205
27.1890;0.0029
27.1900;-0.0117
27.1910;-0.0264
27.1920;-0.0410
27.1930;-0.0498
27.1940;-0.0615
27.1950;-0.0732
27.1960;-0.0791
27.1970;-0.0850
27.1980;-0.0937
27.1990;-0.1025
27.2000;-0.1084
27.2010;-0.1113
27.2020;-0.1143
27.2030;-0.1172
27.2040;-0.1201
27.2050;-0.1230
27.2060;-0.1260
27.2070;-0.1318
27.2080;-0.1377
27.2090;-0.1406
27.2100;-0.1436
27.2110;-0.1465
27.2120;-0.1465
27.2130;-0.1465
27.2140;-0.1465
27.2150;-0.1436
27.2160;-0.1406
27.2170;-0.1377
27.2180;-0.1406
27.2190;-0.1406
27.2200;-0.1436
27.2210;-0.1465
27.2220;-0.1465
27.2230;-0.1465
27.2240;-0.1494
27.2250;-0.1523
27.2260;-0.1523
27.2270;-0.1523
27.2280;-0.1553
27.2290;-0.1523
27.2300;-0.1494
27.2310;-0.1494
27.2320;-0.1523
27.2330;-0.1553
27.2340;-0.1553
27.2350;-0.1553
27.2360;-0.1523
27.2370;-0.1494
27.2380;-0.1494
27.2390;-0.1465
27.2400;-0.1436
27.2410;-0.1436
27.2420;-0.1406
27.2430;-0.1436
27.2440;-0.1406
27.2450;-0.1377
27.2460;-0.1377
27.2470;-0.1377
27.2480;-0.1348
27.2490;-0.1348
27.2500;-0.1318
27.2510;-0.1289
27.2520;-0.1230
27.2530;-0.1172
27.2540;-0.1113
27.2550;-0.1084
27.2560;-0.1084
27.2570;-0.1084
27.2580;-0.1084
27.2590;-0.1084
27.2600;-0.1113
27.2610;-0.1113
27.2620;-0.1143
27.2630;-0.1172
27.2640;-0.1201
27.2650;-0.1260
27.2660;-0.1318
27.2670;-0.1436
27.2680;-0.1582
27.2690;-0.1699
27.2700;-0.1816
27.2710;-0.1904
27.2720;-0.1934
27.2730;-0.1963
27.2740;-0.1963
27.2750;-0.1904
27.2760;-0.1846
27.2770;-0.1787
27.2780;-0.1670
27.2790;-0.1553
27.2800;-0.1465
27.2810;-0.1377
27.2820;-0.1201
27.2830;-0.1084
27.2840;-0.0908
27.2850;-0.0674
27.2860;-0.0381
27.2870;0.0000
27.2880;0.0410
27.2890;0.0937
27.2900;0.1611
27.2910;0.2344
27.2920;0.3223
27.2930;0.4189
27.2940;0.5068
27.2950;0.5918
27.2960;0.6768
27.2970;0.7617
27.2980;0.8555
27.2990;0.9521
27.3000;1.0518
27.3010;1.1484
27.3020;1.2393
27.3030;1.3330
27.3040;1.4238
27.3050;1.4912
27.3060;1.4941
27.3070;1.4941
27.3080;1.4941
27.3090;1.4941
27.3100;1.4941
27.3110;1.4941
27.3120;1.4941
27.3130;1.4941
27.3140;1.4912
27.3150;1.3916
27.3160;1.2773
27.3170;1.1514
27.3180;1.0166
27.3190;0.8760
27.3200;0.7119
27.3210;0.5391
27.3220;0.3809
27.3230;0.2344
27.3240;0.1025
27.3250;-0.0146
27.3260;-0.1201
27.3270;-0.2080
27.3280;-0.2783
27.3290;-0.3311
27.3300;-0.3750
27.3310;-0.4131
27.3320;-0.4482
27.3330;-0.4805
27.3340;-0.5098
27.3350;-0.5361
27.3360;-0.5566
27.3370;-0.5742
27.3380;-0.5918
27.3390;-0.6006
27.3400;-0.6064
27.3410;-0.6064
27.3420;-0.6035
27.3430;-0.5977
27.3440;-0.5889
27.3450;-0.5830
27.3460;-0.5742
27.3470;-0.5654
27.3480;-0.5566
27.3490;-0.5420
27.3500;-0.5273
27.3510;-0.5127
27.3520;-0.4922
27.3530;-0.4658
27.3540;-0.4365
27.3550;-0.4102
27.3560;-0.3809
27.3570;-0.3516
27.3580;-0.3223
27.3590;-0.2959
27.3600;-0.2754
27.3610;-0.2549
27.3620;-0.2314
27.3630;-0.2139
27.3640;-0.1992
27.3650;-0.1875
27.3660;-0.1758
27.3670;-0.1670
27.3680;-0.1553
27.3690;-0.1436
27.3700;-0.1318
27.3710;-0.1230
27.3720;-0.1172
27.3730;-0.1143
27.3740;-0.1055
27.3750;-0.1025
27.3760;-0.0937
27.3770;-0.0879
27.3780;-0.0820
27.3790;-0.0762
27.3800;-0.0732
27.3810;-0.0703
27.3820;-0.0674
27.3830;-0.0615
27.3840;-0.0557
27.3850;-0.0527
27.3860;-0.0469
27.3870;-0.0439
27.3880;-0.0381
27.3890;-0.0381
27.3900;-0.0352
27.3910;-0.0322
27.3920;-0.0293
27.3930;-0.0264
27.3940;-0.0234
27.3950;-0.0205
27.3960;-0.0176
27.3970;-0.0117
27.3980;-0.0088
27.3990;-0.0059
27.4000;-0.0088
27.4010;-0.0059
27.4020;-0.0029
27.4030;0.0000
27.4040;0.0029
27.4050;0.0088
27.4060;0.0176
27.4070;0.0234
27.4080;0.0264
27.4090;0.0293
27.4100;0.0322
27.4110;0.0322
27.4120;0.0352
27.4130;0.0381
27.4140;0.0381
27.4150;0.0410
27.4160;0.0439
27.4170;0.0469
27.4180;0.0498
27.4190;0.0527
27.4200;0.0527
27.4210;0.0527
27.4220;0.0527
27.4230;0.0557
27.4240;0.0645
27.4250;0.0703
27.4260;0.0732
27.4270;0.0762
27.4280;0.0762
27.4290;0.0762
27.4300;0.0732
27.4310;0.0732
27.4320;0.0762
27.4330;0.0820
27.4340;0.0908
27.4350;0.0967
27.4360;0.0996
27.4370;0.1055
27.4380;0.1055
27.4390;0.1084
27.4400;0.1084
27.4410;0.1113
27.4420;0.1172
27.4430;0.1230
27.4440;0.1289
27.4450;0.1348
27.4460;0.1377
27.4470;0.1406
27.4480;0.1406
27.4490;0.1465
27.4500;0.1494
27.4510;0.1523
27.4520;0.1582
27.4530;0.1641
27.4540;0.1641
27.4550;0.1670
27.4560;0.1699
27.4570;0.1758
27.4580;0.1816
27.4590;0.1846
27.4600;0.1846
27.4610;0.1963
27.4620;0.2021
27.4630;0.2051
27.4640;0.2080
27.4650;0.2139
27.4660;0.2168
27.4670;0.2227
27.4680;0.2285
27.4690;0.2314
27.4700;0.2344
27.4710;0.2373
27.4720;0.2373
27.4730;0.2373
27.4740;0.2432
27.4750;0.2461
27.4760;0.2549
27.4770;0.2607
27.4780;0.2666
27.4790;0.2725
27.4800;0.2783
27.4810;0.2812
27.4820;0.2900
27.4830;0.2930
27.4840;0.2959
27.4850;0.2988
27.4860;0.3018
27.4870;0.3047
27.4880;0.3105
27.4890;0.3164
27.4900;0.3223
27.4910;0.3252
27.4920;0.3311
27.4930;0.3369
27.4940;0.3398
27.4950;0.3369
27.4960;0.3369
27.4970;0.3398
27.4980;0.3398
27.4990;0.3428
27.5000;0.3486
27.5010;0.3516
27.5020;0.3516
27.5030;0.3545
27.5040;0.3545
27.5050;0.3545
27.5060;0.3545
27.5070;0.3545
27.5080;0.3516
27.5090;0.3516
27.5100;0.3516
27.5110;0.3516
27.5120;0.3516
27.5130;0.3457
27.5140;0.3457
27.5150;0.3457
27.5160;0.3428
27.5170;0.3398
27.5180;0.3369
27.5190;0.3369
27.5200;0.3340
27.5210;0.3281
27.5220;0.3281
27.5230;0.3252
27.5240;0.3223
27.5250;0.3135
27.5260;0.3047
27.5270;0.3018
27.5280;0.2959
27.5290;0.2900
27.5300;0.2842
27.5310;0.2783
27.5320;0.2695
27.5330;0.2578
27.5340;0.2490
27.5350;0.2402
27.5360;0.2314
27.5370;0.2227
27.5380;0.2080
27.5390;0.1934
27.5400;0.1816
27.5410;0.1670
27.5420;0.1523
27.5430;0.1377
27.5440;0.1260
27.5450;0.1113
27.5460;0.0937
27.5470;0.0791
27.5480;0.0645
27.5490;0.0527
27.5500;0.0410
27.5510;0.0264
27.5520;0.0146
27.5530;0.0029
27.5540;-0.0088
27.5550;-0.0205
27.5560;-0.0322
27.5570;-0.0469
27.5580;-0.0586
27.5590;-0.0703
27.5600;-0.0850
27.5610;-0.0967
27.5620;-0.1084
27.5630;-0.1230
27.5640;-0.1377
27.5650;-0.1465
27.5660;-0.1553
27.5670;-0.1641
27.5680;-0.1699
27.5690;-0.1787
27.5700;-0.1875
27.5710;-0.1992
27.5720;-0.2051
27.5730;-0.2109
27.5740;-0.2168
27.5750;-0.2227
27.5760;-0.2285
27.5770;-0.2344
27.5780;-0.2402
27.5790;-0.2432
27.5800;-0.2461
27.5810;-0.2490
27.5820;-0.2520
27.5830;-0.2549
27.5840;-0.2549
27.5850;-0.2578
27.5860;-0.2549
27.5870;-0.2490
27.5880;-0.2461
27.5890;-0.2461
27.5900;-0.2461
27.5910;-0.2432
27.5920;-0.2461
27.5930;-0.2490
27.5940;-0.2461
27.5950;-0.2461
27.5960;-0.2432
27.5970;-0.2461
27.5980;-0.2461
27.5990;-0.2461
27.6000;-0.2461
27.6010;-0.2461
27.6020;-0.2461
27.6030;-0.2490
27.6040;-0.2520
27.6050;-0.2490
27.6060;-0.2432
27.6070;-0.2373
27.6080;-0.2373
27.6090;-0.2344
27.6100;-0.2344
27.6110;-0.2344
27.6120;-0.2314
27.6130;-0.2285
27.6140;-0.2227
27.6150;-0.2197
27.6160;-0.2139
27.6170;-0.2109
27.6180;-0.2021
27.6190;-0.1992
27.6200;-0.1992
27.6210;-0.1934
27.6220;-0.1904
27.6230;-0.1875
27.6240;-0.1846
27.6250;-0.1846
27.6260;-0.1846
27.6270;-0.1846
27.6280;-0.1816
27.6290;-0.1787
27.6300;-0.1787
27.6310;-0.1758
27.6320;-0.1729
27.6330;-0.1699
27.6340;-0.1670
27.6350;-0.1670
27.6360;-0.1641
27.6370;-0.1670
27.6380;-0.1670
27.6390;-0.1670
27.6400;-0.1641
27.6410;-0.1641
27.6420;-0.1611
27.6430;-0.1523
27.6440;-0.1494
27.6450;-0.1494
27.6460;-0.1494
27.6470;-0.1465
27.6480;-0.1465
27.6490;-0.1436
27.6500;-0.1377
27.6510;-0.1348
27.6520;-0.1318
27.6530;-0.1318
27.6540;-0.1318
27.6550;-0.1318
27.6560;-0.1289
27.6570;-0.1260
27.6580;-0.1201
27.6590;-0.1143
27.6600;-0.1143
27.6610;-0.1113
27.6620;-0.1113
27.6630;-0.1113
27.6640;-0.1055
27.6650;-0.1025
27.6660;-0.0967
27.6670;-0.0967
27.6680;-0.0937
27.6690;-0.0908
27.6700;-0.0937
27.6710;-0.0937
27.6720;-0.0967
27.6730;-0.0937
27.6740;-0.0879
27.6750;-0.0850
27.6760;-0.0850
27.6770;-0.0850
27.6780;-0.0850
27.6790;-0.0820
27.6800;-0.0820
27.6810;-0.0820
27.6820;-0.0791
27.6830;-0.0791
27.6840;-0.0762
27.6850;-0.0762
27.6860;-0.0732
27.6870;-0.0732
27.6880;-0.0732
27.6890;-0.0732
27.6900;-0.0762
27.6910;-0.0732
27.6920;-0.0732
27.6930;-0.0703
27.6940;-0.0674
27.6950;-0.0645
27.6960;-0.0674
27.6970;-0.0645
27.6980;-0.0615
27.6990;-0.0615
27.7000;-0.0586
27.7010;-0.0586
27.7020;-0.0586
27.7030;-0.0586
27.7040;-0.0527
27.7050;-0.0527
27.7060;-0.0498
27.7070;-0.0527
27.7080;-0.0557
27.7090;-0.0586
27.7100;-0.0586
27.7110;-0.0586
27.7120;-0.0527
27.7130;-0.0498
27.7140;-0.0498
27.7150;-0.0498
27.7160;-0.0498
27.7170;-0.0469
27.7180;-0.0469
27.7190;-0.0469
27.7200;-0.0469
27.7210;-0.0469
27.7220;-0.0498
27.7230;-0.0469
27.7240;-0.0469
27.7250;-0.0469
27.7260;-0.0469
27.7270;-0.0469
27.7280;-0.0469
27.7290;-0.0439
27.7300;-0.0469
27.7310;-0.0469
27.7320;-0.0469
27.7330;-0.0469
27.7340;-0.0469
27.7350;-0.0498
27.7360;-0.0498
27.7370;-0.0469
27.7380;-0.0439
27.7390;-0.0410
27.7400;-0.0410
27.7410;-0.0439
27.7420;-0.0439
27.7430;-0.0469
27.7440;-0.0469
27.7450;-0.0469
27.7460;-0.0498
27.7470;-0.0498
27.7480;-0.0469
27.7490;-0.0469
27.7500;-0.0469
27.7510;-0.0469
27.7520;-0.0469
27.7530;-0.0439
27.7540;-0.0439
27.7550;-0.0439
27.7560;-0.0469
27.7570;-0.0469
27.7580;-0.0410
27.7590;-0.0381
27.7600;-0.0381
27.7610;-0.0352
27.7620;-0.0322
27.7630;-0.0293
27.7640;-0.0264
27.7650;-0.0234
27.7660;-0.0176
27.7670;-0.0117
27.7680;-0.0059
27.7690;-0.0029
27.7700;0.0029
27.7710;0.0088
27.7720;0.0176
27.7730;0.0234
27.7740;0.0264
27.7750;0.0293
27.7760;0.0322
27.7770;0.0352
27.7780;0.0381
27.7790;0.0439
27.7800;0.0469
27.7810;0.0498
27.7820;0.0498
27.7830;0.0469
27.7840;0.0439
27.7850;0.0439
27.7860;0.0439
27.7870;0.0439
27.7880;0.0469
27.7890;0.0527
27.7900;0.0557
27.7910;0.0674
27.7920;0.0791
27.7930;0.0908
27.7940;0.1084
27.7950;0.1230
27.7960;0.1377
27.7970;0.1553
27.7980;0.1670
27.7990;0.1816
27.8000;0.1934
27.8010;0.1992
27.8020;0.2021
27.8030;0.2051
27.8040;0.2051
27.8050;0.2051
27.8060;0.2080
27.8070;0.2051
27.8080;0.1963
27.8090;0.1904
27.8100;0.1816
27.8110;0.1758
27.8120;0.1699
27.8130;0.1641
27.8140;0.1641
27.8150;0.1582
27.8160;0.1523
27.8170;0.1494
27.8180;0.1494
27.8190;0.1436
27.8200;0.1377
27.8210;0.1348
27.8220;0.1260
27.8230;0.1201
27.8240;0.1143
27.8250;0.0996
27.8260;0.0820
27.8270;0.0703
27.8280;0.0586
27.8290;0.0469
27.8300;0.0352
27.8310;0.0205
27.8320;0.0088
27.8330;-0.0029
27.8340;-0.0146
27.8350;-0.0293
27.8360;-0.0381
27.8370;-0.0439
27.8380;-0.0527
27.8390;-0.0586
27.8400;-0.0615
27.8410;-0.0674
27.8420;-0.0732
27.8430;-0.0762
27.8440;-0.0820
27.8450;-0.0850
27.8460;-0.0879
27.8470;-0.0937
27.8480;-0.0967
27.8490;-0.0996
27.8500;-0.1025
27.8510;-0.1025
27.8520;-0.1055
27.8530;-0.1025
27.8540;-0.1025
27.8550;-0.1084
27.8560;-0.1113
27.8570;-0.1113
27.8580;-0.1143
27.8590;-0.1172
27.8600;-0.1172
27.8610;-0.1201
27.8620;-0.1201
27.8630;-0.1230
27.8640;-0.1230
27.8650;-0.1201
27.8660;-0.1230
27.8670;-0.1230
27.8680;-0.1230
27.8690;-0.1201
27.8700;-0.1172
27.8710;-0.1172
27.8720;-0.1172
27.8730;-0.1172
27.8740;-0.1172
27.8750;-0.1172
27.8760;-0.1113
27.8770;-0.1113
27.8780;-0.1084
27.8790;-0.1055
27.8800;-0.1025
27.8810;-0.0996
27.8820;-0.1025
27.8830;-0.1025
27.8840;-0.1025
27.8850;-0.1025
27.8860;-0.1055
27.8870;-0.1025
27.8880;-0.0996
27.8890;-0.0996
27.8900;-0.0996
27.8910;-0.0967
27.8920;-0.0967
27.8930;-0.0967
27.8940;-0.0967
27.8950;-0.0967
27.8960;-0.0937
27.8970;-0.0908
27.8980;-0.0908
27.8990;-0.0908
27.9000;-0.0908
27.9010;-0.0908
27.9020;-0.0937
27.9030;-0.0937
27.9040;-0.0908
27.9050;-0.0908
27.9060;-0.0937
27.9070;-0.1055
27.9080;-0.1172
27.9090;-0.1318
27.9100;-0.1406
27.9110;-0.1553
27.9120;-0.1641
27.9130;-0.1699
27.9140;-0.1787
27.9150;-0.1816
27.9160;-0.1846
27.9170;-0.1875
27.9180;-0.1875
27.9190;-0.1816
27.9200;-0.1729
27.9210;-0.1611
27.9220;-0.1494
27.9230;-0.1348
27.9240;-0.1172
27.9250;-0.0967
27.9260;-0.0703
27.9270;-0.0352
27.9280;0.0117
27.9290;0.0674
27.9300;0.1318
27.9310;0.2080
27.9320;0.2900
27.9330;0.3838
27.9340;0.4805
27.9350;0.5742
27.9360;0.6650
27.9370;0.7588
27.9380;0.8525
27.9390;0.9463
27.9400;1.0488
27.9410;1.1543
27.9420;1.2568
27.9430;1.3535
27.9440;1.4502
27.9450;1.4941
27.9460;1.4941
27.9470;1.4941
27.9480;1.4941
27.9490;1.4941
27.9500;1.4941
27.9510;1.4941
27.9520;1.4941
27.9530;1.4941
27.9540;1.4941
27.9550;1.4941
27.9560;1.4941
27.9570;1.4062
27.9580;1.2744
27.9590;1.1279
27.9600;0.9727
27.9610;0.8057
27.9620;0.6270
27.9630;0.4600
27.9640;0.3018
27.9650;0.1611
27.9660;0.0322
27.9670;-0.0791
27.9680;-0.1758
27.9690;-0.2520
27.9700;-0.3135
27.9710;-0.3662
27.9720;-0.4160
27.9730;-0.4600
27.9740;-0.5010
27.9750;-0.5332
27.9760;-0.5537
27.9770;-0.5625
27.9780;-0.5654
27.9790;-0.5654
27.9800;-0.5684
27.9810;-0.5713
27.9820;-0.5684
27.9830;-0.5654
27.9840;-0.5596
27.9850;-0.5537
27.9860;-0.5479
27.9870;-0.5420
27.9880;-0.5361
27.9890;-0.5244
27.9900;-0.5098
27.9910;-0.4922
27.9920;-0.4688
27.9930;-0.4482
27.9940;-0.4277
27.9950;-0.4102
27.9960;-0.3896
27.9970;-0.3691
27.9980;-0.3516
27.9990;-0.3340
28.0000;-0.3193
28.0010;-0.3047
28.0020;-0.2930
28.0030;-0.2783
28.0040;-0.2666
28.0050;-0.2578
28.0060;-0.2402
28.0070;-0.2314
28.0080;-0.2227
28.0090;-0.2109
28.0100;-0.2080
28.0110;-0.2021
28.0120;-0.1992
28.0130;-0.1963
28.0140;-0.1875
28.0150;-0.1846
28.0160;-0.1816
28.0170;-0.1787
28.0180;-0.1787
28.0190;-0.1699
28.0200;-0.1670
28.0210;-0.1670
28.0220;-0.1611
28.0230;-0.1611
28.0240;-0.1582
28.0250;-0.1523
28.0260;-0.1523
28.0270;-0.1523
28.0280;-0.1494
28.0290;-0.1465
28.0300;-0.1377
28.0310;-0.1318
28.0320;-0.1201
28.0330;-0.1172
28.0340;-0.1172
28.0350;-0.1143
28.0360;-0.1084
28.0370;-0.1113
28.0380;-0.1113
28.0390;-0.1055
28.0400;-0.0967
28.0410;-0.0908
28.0420;-0.0850
28.0430;-0.0850
28.0440;-0.0820
28.0450;-0.0791
28.0460;-0.0762
28.0470;-0.0791
28.0480;-0.0791
28.0490;-0.0762
28.0500;-0.0703
28.0510;-0.0615
28.0520;-0.0527
28.0530;-0.0527
28.0540;-0.0527
28.0550;-0.0527
28.0560;-0.0469
28.0570;-0.0439
28.0580;-0.0381
28.0590;-0.0381
28.0600;-0.0381
28.0610;-0.0381
28.0620;-0.0322
28.0630;-0.0293
28.0640;-0.0234
28.0650;-0.0146
28.0660;-0.0146
28.0670;-0.0117
28.0680;-0.0059
28.0690;0.0000
28.0700;0.0029
28.0710;0.0059
28.0720;0.0088
28.0730;0.0117
28.0740;0.0205
28.0750;0.0205
28.0760;0.0146
28.0770;0.0205
28.0780;0.0234
28.0790;0.0322
28.0800;0.0322
28.0810;0.0322
28.0820;0.0264
28.0830;0.0264
28.0840;0.0293
28.0850;0.0322
28.0860;0.0410
28.0870;0.0439
28.0880;0.0498
28.0890;0.0557
28.0900;0.0703
28.0910;0.0732
28.0920;0.0674
28.0930;0.0703
28.0940;0.0674
28.0950;0.0703
28.0960;0.0791
28.0970;0.0937
28.0980;0.1025
28.0990;0.1143
28.1000;0.1143
28.1010;0.1143
28.1020;0.1260
28.1030;0.1260
28.1040;0.1289
28.1050;0.1230
28.1060;0.1201
28.1070;0.1230
28.1080;0.1201
28.1090;0.1289
28.1100;0.1348
28.1110;0.1436
28.1120;0.1553
28.1130;0.1641
28.1140;0.1729
28.1150;0.1816
28.1160;0.1934
28.1170;0.1963
28.1180;0.2051
28.1190;0.2168
28.1200;0.2256
28.1210;0.2344
28.1220;0.2373
28.1230;0.2344
28.1240;0.2344
28.1250;0.2344
28.1260;0.2373
28.1270;0.2432
28.1280;0.2432
28.1290;0.2432
28.1300;0.2432
28.1310;0.2461
28.1320;0.2520
28.1330;0.2520
28.1340;0.2578
28.1350;0.2578
28.1360;0.2666
28.1370;0.2607
28.1380;0.2637
28.1390;0.2607
28.1400;0.2754
28.1410;0.2900
28.1420;0.2959
28.1430;0.2900
28.1440;0.2930
28.1450;0.2930
28.1460;0.2959
28.1470;0.3018
28.1480;0.3018
28.1490;0.3047
28.1500;0.2988
28.1510;0.2988
28.1520;0.3018
28.1530;0.3018
28.1540;0.2988
28.1550;0.2959
28.1560;0.2959
28.1570;0.2900
28.1580;0.2900
28.1590;0.2842
28.1600;0.2812
28.1610;0.2783
28.1620;0.2695
28.1630;0.2607
28.1640;0.2520
28.1650;0.2461
28.1660;0.2432
28.1670;0.2373
28.1680;0.2314
28.1690;0.2285
28.1700;0.2139
28.1710;0.2080
28.1720;0.1963
28.1730;0.1875
28.1740;0.1787
28.1750;0.1670
28.1760;0.1611
28.1770;0.1523
28.1780;0.1465
28.1790;0.1406
28.1800;0.1289
28.1810;0.1143
28.1820;0.1084
28.1830;0.0967
28.1840;0.0820
28.1850;0.0732
28.1860;0.0615
28.1870;0.0469
28.1880;0.0293
28.1890;0.0176
28.1900;0.0088
28.1910;0.0000
28.1920;-0.0117
28.1930;-0.0234
28.1940;-0.0410
28.1950;-0.0498
28.1960;-0.0615
28.1970;-0.0762
28.1980;-0.0879
28.1990;-0.0996
28.2000;-0.1113
28.2010;-0.1172
28.2020;-0.1289
28.2030;-0.1406
28.2040;-0.1523
28.2050;-0.1611
28.2060;-0.1670
28.2070;-0.1758
28.2080;-0.1846
28.2090;-0.1904
28.2100;-0.1992
28.2110;-0.2021
28.2120;-0.2051
28.2130;-0.2109
28.2140;-0.2139
28.2150;-0.2168
28.2160;-0.2197
28.2170;-0.2197
28.2180;-0.2227
28.2190;-0.2256
28.2200;-0.2285
28.2210;-0.2314
28.2220;-0.2344
28.2230;-0.2344
28.2240;-0.2344
28.2250;-0.2373
28.2260;-0.2402
28.2270;-0.2432
28.2280;-0.2432
28.2290;-0.2402
28.2300;-0.2402
28.2310;-0.2461
28.2320;-0.2461
28.2330;-0.2402
28.2340;-0.2373
28.2350;-0.2344
28.2360;-0.2344
28.2370;-0.2344
28.2380;-0.2314
28.2390;-0.2314
28.2400;-0.2256
28.2410;-0.2256
28.2420;-0.2314
28.2430;-0.2285
28.2440;-0.2256
28.2450;-0.2314
28.2460;-0.2256
28.2470;-0.2197
28.2480;-0.2139
28.2490;-0.2139
28.2500;-0.2080
28.2510;-0.2021
28.2520;-0.1992
28.2530;-0.2051
28.2540;-0.1992
28.2550;-0.1992
28.2560;-0.2021
28.2570;-0.1992
28.2580;-0.1934
28.2590;-0.1846
28.2600;-0.1846
28.2610;-0.1729
28.2620;-0.1670
28.2630;-0.1670
28.2640;-0.1670
28.2650;-0.1729
28.2660;-0.1699
28.2670;-0.1699
28.2680;-0.1758
28.2690;-0.1670
28.2700;-0.1611
28.2710;-0.1670
28.2720;-0.1670
28.2730;-0.1641
28.2740;-0.1611
28.2750;-0.1611
28.2760;-0.1611
28.2770;-0.1553
28.2780;-0.1523
28.2790;-0.1377
28.2800;-0.1230
28.2810;-0.1172
28.2820;-0.1230
28.2830;-0.1201
28.2840;-0.1143
28.2850;-0.1172
28.2860;-0.1084
28.2870;-0.0937
28.2880;-0.0850
28.2890;-0.0850
28.2900;-0.0879
28.2910;-0.0820
28.2920;-0.0762
28.2930;-0.0762
28.2940;-0.0703
28.2950;-0.0791
28.2960;-0.0937
28.2970;-0.0967
28.2980;-0.0996
28.2990;-0.0967
28.3000;-0.0937
28.3010;-0.0908
28.3020;-0.0850
28.3030;-0.0791
28.3040;-0.0762
28.3050;-0.0732
28.3060;-0.0703
28.3070;-0.0732
28.3080;-0.0732
28.3090;-0.0820
28.3100;-0.0850
28.3110;-0.0937
28.3120;-0.0908
28.3130;-0.0908
28.3140;-0.0908
28.3150;-0.0937
28.3160;-0.0937
28.3170;-0.0908
28.3180;-0.0791
28.3190;-0.0732
28.3200;-0.0703
28.3210;-0.0645
28.3220;-0.0615
28.3230;-0.0615
28.3240;-0.0674
28.3250;-0.0674
28.3260;-0.0645
28.3270;-0.0615
28.3280;-0.0586
28.3290;-0.0557
28.3300;-0.0498
28.3310;-0.0469
28.3320;-0.0439
28.3330;-0.0439
28.3340;-0.0498
28.3350;-0.0527
28.3360;-0.0527
28.3370;-0.0527
28.3380;-0.0527
28.3390;-0.0498
28.3400;-0.0527
28.3410;-0.0557
28.3420;-0.0586
28.3430;-0.0586
28.3440;-0.0557
28.3450;-0.0527
28.3460;-0.0527
28.3470;-0.0469
28.3480;-0.0439
28.3490;-0.0439
28.3500;-0.0439
28.3510;-0.0469
28.3520;-0.0439
28.3530;-0.0439
28.3540;-0.0439
28.3550;-0.0439
28.3560;-0.0439
28.3570;-0.0469
28.3580;-0.0439
28.3590;-0.0439
28.3600;-0.0410
28.3610;-0.0381
28.3620;-0.0352
28.3630;-0.0352
28.3640;-0.0352
28.3650;-0.0352
28.3660;-0.0352
28.3670;-0.0352
28.3680;-0.0322
28.3690;-0.0322
28.3700;-0.0293
28.3710;-0.0293
28.3720;-0.0293
28.3730;-0.0293
28.3740;-0.0322
28.3750;-0.0352
28.3760;-0.0352
28.3770;-0.0352
28.3780;-0.0352
28.3790;-0.0322
28.3800;-0.0352
28.3810;-0.0381
28.3820;-0.0381
28.3830;-0.0381
28.3840;-0.0352
28.3850;-0.0322
28.3860;-0.0322
28.3870;-0.0293
28.3880;-0.0264
28.3890;-0.0264
28.3900;-0.0264
28.3910;-0.0234
28.3920;-0.0205
28.3930;-0.0205
28.3940;-0.0176
28.3950;-0.0176
28.3960;-0.0205
28.3970;-0.0176
28.3980;-0.0176
28.3990;-0.0176
28.4000;-0.0146
28.4010;-0.0146
28.4020;-0.0146
28.4030;-0.0117
28.4040;-0.0117
28.4050;-0.0146
28.4060;-0.0117
28.4070;-0.0088
28.4080;-0.0059
28.4090;-0.0029
28.4100;0.0000
28.4110;0.0000
28.4120;0.0029
28.4130;0.0059
28.4140;0.0088
28.4150;0.0117
28.4160;0.0176
28.4170;0.0205
28.4180;0.0176
28.4190;0.0205
28.4200;0.0234
28.4210;0.0293
28.4220;0.0352
28.4230;0.0410
28.4240;0.0439
28.4250;0.0469
28.4260;0.0498
28.4270;0.0498
28.4280;0.0498
28.4290;0.0557
28.4300;0.0527
28.4310;0.0469
28.4320;0.0439
28.4330;0.0410
28.4340;0.0410
28.4350;0.0352
28.4360;0.0352
28.4370;0.0322
28.4380;0.0293
28.4390;0.0322
28.4400;0.0352
28.4410;0.0381
28.4420;0.0469
28.4430;0.0586
28.4440;0.0732
28.4450;0.0937
28.4460;0.1084
28.4470;0.1260
28.4480;0.1406
28.4490;0.1523
28.4500;0.1729
28.4510;0.1904
28.4520;0.2051
28.4530;0.2109
28.4540;0.2139
28.4550;0.2139
28.4560;0.2109
28.4570;0.2080
28.4580;0.2080
28.4590;0.2051
28.4600;0.1963
28.4610;0.1904
28.4620;0.1846
28.4630;0.1758
28.4640;0.1670
28.4650;0.1611
28.4660;0.1553
28.4670;0.1494
28.4680;0.1436
28.4690;0.1406
28.4700;0.1318
28.4710;0.1260
28.4720;0.1172
28.4730;0.1055
28.4740;0.0908
28.4750;0.0791
28.4760;0.0674
28.4770;0.0557
28.4780;0.0439
28.4790;0.0352
28.4800;0.0205
28.4810;0.0117
28.4820;0.0000
28.4830;-0.0176
28.4840;-0.0322
28.4850;-0.0469
28.4860;-0.0586
28.4870;-0.0732
28.4880;-0.0850
28.4890;-0.0937
28.4900;-0.0967
28.4910;-0.0996
28.4920;-0.1055
28.4930;-0.1143
28.4940;-0.1172
28.4950;-0.1172
28.4960;-0.1230
28.4970;-0.1318
28.4980;-0.1406
28.4990;-0.1436
28.5000;-0.1465
28.5010;-0.1494
28.5020;-0.1494
28.5030;-0.1494
28.5040;-0.1494
28.5050;-0.1523
28.5060;-0.1553
28.5070;-0.1611
28.5080;-0.1641
28.5090;-0.1641
28.5100;-0.1670
28.5110;-0.1699
28.5120;-0.1729
28.5130;-0.1758
28.5140;-0.1787
28.5150;-0.1787
28.5160;-0.1816
28.5170;-0.1787
28.5180;-0.1816
28.5190;-0.1846
28.5200;-0.1787
28.5210;-0.1729
28.5220;-0.1670
28.5230;-0.1641
28.5240;-0.1670
28.5250;-0.1670
28.5260;-0.1641
28.5270;-0.1641
28.5280;-0.1670
28.5290;-0.1670
28.5300;-0.1699
28.5310;-0.1699
28.5320;-0.1699
28.5330;-0.1729
28.5340;-0.1699
28.5350;-0.1699
28.5360;-0.1729
28.5370;-0.1729
28.5380;-0.1729
28.5390;-0.1729
28.5400;-0.1729
28.5410;-0.1699
28.5420;-0.1699
28.5430;-0.1729
28.5440;-0.1729
28.5450;-0.1729
28.5460;-0.1699
28.5470;-0.1699
28.5480;-0.1699
28.5490;-0.1699
28.5500;-0.1699
28.5510;-0.1699
28.5520;-0.1699
28.5530;-0.1699
28.5540;-0.1699
28.5550;-0.1699
28.5560;-0.1699
28.5570;-0.1729
28.5580;-0.1787
28.5590;-0.1846
28.5600;-0.1875
28.5610;-0.1963
28.5620;-0.2051
28.5630;-0.2139
28.5640;-0.2256
28.5650;-0.2344
28.5660;-0.2373
28.5670;-0.2432
28.5680;-0.2402
28.5690;-0.2373
28.5700;-0.2344
28.5710;-0.2256
28.5720;-0.2168
28.5730;-0.2109
28.5740;-0.2109
28.5750;-0.2109
28.5760;-0.1992
28.5770;-0.1846
28.5780;-0.1670
28.5790;-0.1348
28.5800;-0.0937
28.5810;-0.0439
28.5820;0.0146
28.5830;0.0908
28.5840;0.1846
28.5850;0.2842
28.5860;0.3867
28.5870;0.4893
28.5880;0.5830
28.5890;0.6797
28.5900;0.7764
28.5910;0.8730
28.5920;0.9756
28.5930;1.0781
28.5940;1.1807
28.5950;1.2773
28.5960;1.3711
28.5970;1.4561
28.5980;1.4941
28.5990;1.4941
28.6000;1.4941
28.6010;1.4941
28.6020;1.4941
28.6030;1.4941
28.6040;1.4941
28.6050;1.4941
28.6060;1.4941
28.6070;1.4941
28.6080;1.4736
28.6090;1.3535
28.6100;1.2188
28.6110;1.0811
28.6120;0.9316
28.6130;0.7676
28.6140;0.5947
28.6150;0.4307
28.6160;0.2783
28.6170;0.1406
28.6180;0.0146
28.6190;-0.1025
28.6200;-0.2051
28.6210;-0.2900
28.6220;-0.3633
28.6230;-0.4248
28.6240;-0.4805
28.6250;-0.5303
28.6260;-0.5771
28.6270;-0.6211
28.6280;-0.6592
28.6290;-0.6943
28.6300;-0.7266
28.6310;-0.7500
28.6320;-0.7646
28.6330;-0.7705
28.6340;-0.7734
28.6350;-0.7705
28.6360;-0.7646
28.6370;-0.7617
28.6380;-0.7529
28.6390;-0.7412
28.6400;-0.7324
28.6410;-0.7207
28.6420;-0.7031
28.6430;-0.6855
28.6440;-0.6650
28.6450;-0.6387
28.6460;-0.6094
28.6470;-0.5742
28.6480;-0.5449
28.6490;-0.5127
28.6500;-0.4834
28.6510;-0.4512
28.6520;-0.4248
28.6530;-0.3984
28.6540;-0.3750
28.6550;-0.3545
28.6560;-0.3398
28.6570;-0.3223
28.6580;-0.3047
28.6590;-0.2930
28.6600;-0.2842
28.6610;-0.2725
28.6620;-0.2607
28.6630;-0.2520
28.6640;-0.2461
28.6650;-0.2373
28.6660;-0.2314
28.6670;-0.2227
28.6680;-0.2197
28.6690;-0.2109
28.6700;-0.2021
28.6710;-0.1992
28.6720;-0.1963
28.6730;-0.1934
28.6740;-0.1846
28.6750;-0.1787
28.6760;-0.1729
28.6770;-0.1670
28.6780;-0.1670
28.6790;-0.1641
28.6800;-0.1553
28.6810;-0.1523
28.6820;-0.1436
28.6830;-0.1377
28.6840;-0.1318
28.6850;-0.1289
28.6860;-0.1260
28.6870;-0.1230
28.6880;-0.1172
28.6890;-0.1143
28.6900;-0.1113
28.6910;-0.1055
28.6920;-0.1025
28.6930;-0.0967
28.6940;-0.0937
28.6950;-0.0908
28.6960;-0.0850
28.6970;-0.0820
28.6980;-0.0762
28.6990;-0.0732
28.7000;-0.0645
28.7010;-0.0615
28.7020;-0.0586
28.7030;-0.0498
28.7040;-0.0469
28.7050;-0.0469
28.7060;-0.0410
28.7070;-0.0381
28.7080;-0.0352
28.7090;-0.0293
28.7100;-0.0264
28.7110;-0.0234
28.7120;-0.0176
28.7130;-0.0117
28.7140;-0.0059
28.7150;-0.0029
28.7160;0.0000
28.7170;0.0029
28.7180;0.0059
28.7190;0.0117
28.7200;0.0176
28.7210;0.0205
28.7220;0.0264
28.7230;0.0293
28.7240;0.0293
28.7250;0.0264
28.7260;0.0264
28.7270;0.0322
28.7280;0.0352
28.7290;0.0381
28.7300;0.0410
28.7310;0.0410
28.7320;0.0469
28.7330;0.0527
28.7340;0.0557
28.7350;0.0557
28.7360;0.0586
28.7370;0.0615
28.7380;0.0645
28.7390;0.0703
28.7400;0.0762
28.7410;0.0820
28.7420;0.0879
28.7430;0.0908
28.7440;0.0937
28.7450;0.0967
28.7460;0.0996
28.7470;0.1055
28.7480;0.1113
28.7490;0.1143
28.7500;0.1201
28.7510;0.1230
28.7520;0.1289
28.7530;0.1318
28.7540;0.1348
28.7550;0.1377
28.7560;0.1377
28.7570;0.1406
28.7580;0.1436
28.7590;0.1465
28.7600;0.1494
28.7610;0.1553
28.7620;0.1611
28.7630;0.1641
28.7640;0.1670
28.7650;0.1699
28.7660;0.1758
28.7670;0.1816
28.7680;0.1846
28.7690;0.1875
28.7700;0.1904
28.7710;0.1963
28.7720;0.1963
28.7730;0.1963
28.7740;0.1963
28.7750;0.1992
28.7760;0.1992
28.7770;0.2051
28.7780;0.2080
28.7790;0.2109
28.7800;0.2139
28.7810;0.2168
28.7820;0.2168
28.7830;0.2168
28.7840;0.2168
28.7850;0.2139
28.7860;0.2139
28.7870;0.2168
28.7880;0.2197
28.7890;0.2227
28.7900;0.2227
28.7910;0.2256
28.7920;0.2256
28.7930;0.2285
28.7940;0.2285
28.7950;0.2314
28.7960;0.2373
28.7970;0.2432
28.7980;0.2461
28.7990;0.2490
28.8000;0.2490
28.8010;0.2461
28.8020;0.2432
28.8030;0.2432
28.8040;0.2402
28.8050;0.2373
28.8060;0.2344
28.8070;0.2314
28.8080;0.2285
28.8090;0.2256
28.8100;0.2197
28.8110;0.2139
28.8120;0.2080
28.8130;0.2051
28.8140;0.1992
28.8150;0.1963
28.8160;0.1904
28.8170;0.1904
28.8180;0.1846
28.8190;0.1787
28.8200;0.1729
28.8210;0.1641
28.8220;0.1582
28.8230;0.1494
28.8240;0.1406
28.8250;0.1348
28.8260;0.1260
28.8270;0.1143
28.8280;0.1055
28.8290;0.0967
28.8300;0.0850
28.8310;0.0732
28.8320;0.0615
28.8330;0.0527
28.8340;0.0410
28.8350;0.0264
28.8360;0.0146
28.8370;0.0000
28.8380;-0.0117
28.8390;-0.0264
28.8400;-0.0381
28.8410;-0.0469
28.8420;-0.0586
28.8430;-0.0732
28.8440;-0.0850
28.8450;-0.0967
28.8460;-0.1084
28.8470;-0.1230
28.8480;-0.1377
28.8490;-0.1465
28.8500;-0.1582
28.8510;-0.1670
28.8520;-0.1787
28.8530;-0.1904
28.8540;-0.2021
28.8550;-0.2139
28.8560;-0.2256
28.8570;-0.2373
28.8580;-0.2461
28.8590;-0.2549
28.8600;-0.2637
28.8610;-0.2725
28.8620;-0.2812
28.8630;-0.2900
28.8640;-0.2959
28.8650;-0.3047
28.8660;-0.3135
28.8670;-0.3193
28.8680;-0.3193
28.8690;-0.3193
28.8700;-0.3193
28.8710;-0.3193
28.8720;-0.3193
28.8730;-0.3252
28.8740;-0.3252
28.8750;-0.3281
28.8760;-0.3311
28.8770;-0.3340
28.8780;-0.3311
28.8790;-0.3340
28.8800;-0.3311
28.8810;-0.3311
28.8820;-0.3311
28.8830;-0.3340
28.8840;-0.3369
28.8850;-0.3398
28.8860;-0.3398
28.8870;-0.3398
28.8880;-0.3428
28.8890;-0.3428
28.8900;-0.3398
28.8910;-0.3398
28.8920;-0.3398
28.8930;-0.3398
28.8940;-0.3369
28.8950;-0.3340
28.8960;-0.3311
28.8970;-0.3311
28.8980;-0.3281
28.8990;-0.3281
28.9000;-0.3252
28.9010;-0.3223
28.9020;-0.3193
28.9030;-0.3193
28.9040;-0.3193
28.9050;-0.3193
28.9060;-0.3164
28.9070;-0.3135
28.9080;-0.3076
28.9090;-0.3047
28.9100;-0.3047
28.9110;-0.3018
28.9120;-0.2988
28.9130;-0.2959
28.9140;-0.2900
28.9150;-0.2900
28.9160;-0.2871
28.9170;-0.2871
28.9180;-0.2900
28.9190;-0.2900
28.9200;-0.2900
28.9210;-0.2900
28.9220;-0.2871
28.9230;-0.2842
28.9240;-0.2783
28.9250;-0.2754
28.9260;-0.2695
28.9270;-0.2549
28.9280;-0.2373
28.9290;-0.2314
28.9300;-0.2285
28.9310;-0.2285
28.9320;-0.2285
28.9330;-0.2285
28.9340;-0.2256
28.9350;-0.2256
28.9360;-0.2256
28.9370;-0.2285
28.9380;-0.2256
28.9390;-0.2168
28.9400;-0.2139
28.9410;-0.2139
28.9420;-0.2139
28.9430;-0.2139
28.9440;-0.2109
28.9450;-0.2109
28.9460;-0.1963
28.9470;-0.1787
28.9480;-0.1729
28.9490;-0.1699
28.9500;-0.1729
28.9510;-0.1758
28.9520;-0.1758
28.9530;-0.1729
28.9540;-0.1729
28.9550;-0.1729
28.9560;-0.1758
28.9570;-0.1758
28.9580;-0.1787
28.9590;-0.1787
28.9600;-0.1816
28.9610;-0.1846
28.9620;-0.1846
28.9630;-0.1846
28.9640;-0.1875
28.9650;-0.1875
28.9660;-0.1846
28.9670;-0.1787
28.9680;-0.1758
28.9690;-0.1670
28.9700;-0.1523
28.9710;-0.1465
28.9720;-0.1436
28.9730;-0.1406
28.9740;-0.1406
28.9750;-0.1436
28.9760;-0.1494
28.9770;-0.1523
28.9780;-0.1523
28.9790;-0.1494
28.9800;-0.1494
28.9810;-0.1465
28.9820;-0.1465
28.9830;-0.1465
28.9840;-0.1465
28.9850;-0.1436
28.9860;-0.1406
28.9870;-0.1377
28.9880;-0.1377
28.9890;-0.1348
28.9900;-0.1318
28.9910;-0.1318
28.9920;-0.1318
28.9930;-0.1318
28.9940;-0.1289
28.9950;-0.1289
28.9960;-0.1260
28.9970;-0.1260
28.9980;-0.1260
28.9990;-0.1260
29.0000;-0.1318
29.0010;-0.1318
29.0020;-0.1348
29.0030;-0.1348
29.0040;-0.1348
29.0050;-0.1348
29.0060;-0.1348
29.0070;-0.1318
29.0080;-0.1172
29.0090;-0.1055
29.0100;-0.1055
29.0110;-0.1084
29.0120;-0.1084
29.0130;-0.1143
29.0140;-0.1143
29.0150;-0.1172
29.0160;-0.1143
29.0170;-0.1113
29.0180;-0.1084
29.0190;-0.1025
29.0200;-0.0996
29.0210;-0.0937
29.0220;-0.0908
29.0230;-0.0937
29.0240;-0.0967
29.0250;-0.0996
29.0260;-0.0996
29.0270;-0.1025
29.0280;-0.1055
29.0290;-0.1055
29.0300;-0.1055
29.0310;-0.1055
29.0320;-0.1055
29.0330;-0.1055
29.0340;-0.0996
29.0350;-0.0996
29.0360;-0.0996
29.0370;-0.0967
29.0380;-0.0967
29.0390;-0.0967
29.0400;-0.1025
29.0410;-0.1055
29.0420;-0.1055
29.0430;-0.1084
29.0440;-0.1055
29.0450;-0.1025
29.0460;-0.0996
29.0470;-0.0967
29.0480;-0.0879
29.0490;-0.0732
29.0500;-0.0732
29.0510;-0.0732
29.0520;-0.0732
29.0530;-0.0762
29.0540;-0.0791
29.0550;-0.0850
29.0560;-0.0879
29.0570;-0.0908
29.0580;-0.0908
29.0590;-0.0850
29.0600;-0.0850
29.0610;-0.0850
29.0620;-0.0850
29.0630;-0.0850
29.0640;-0.0850
29.0650;-0.0820
29.0660;-0.0820
29.0670;-0.0791
29.0680;-0.0820
29.0690;-0.0820
29.0700;-0.0820
29.0710;-0.0820
29.0720;-0.0820
29.0730;-0.0820
29.0740;-0.0820
29.0750;-0.0820
29.0760;-0.0791
29.0770;-0.0791
29.0780;-0.0791
29.0790;-0.0762
29.0800;-0.0762
29.0810;-0.0762
29.0820;-0.0791
29.0830;-0.0850
29.0840;-0.0850
29.0850;-0.0850
29.0860;-0.0820
29.0870;-0.0850
29.0880;-0.0908
29.0890;-0.0908
29.0900;-0.0908
29.0910;-0.0850
29.0920;-0.0791
29.0930;-0.0762
29.0940;-0.0732
29.0950;-0.0703
29.0960;-0.0703
29.0970;-0.0674
29.0980;-0.0674
29.0990;-0.0645
29.1000;-0.0674
29.1010;-0.0674
29.1020;-0.0732
29.1030;-0.0791
29.1040;-0.0820
29.1050;-0.0820
29.1060;-0.0850
29.1070;-0.0820
29.1080;-0.0850
29.1090;-0.0762
29.1100;-0.0703
29.1110;-0.0586
29.1120;-0.0586
29.1130;-0.0615
29.1140;-0.0615
29.1150;-0.0615
29.1160;-0.0645
29.1170;-0.0645
29.1180;-0.0645
29.1190;-0.0674
29.1200;-0.0674
29.1210;-0.0645
29.1220;-0.0615
29.1230;-0.0615
29.1240;-0.0586
29.1250;-0.0557
29.1260;-0.0557
29.1270;-0.0527
29.1280;-0.0527
29.1290;-0.0527
29.1300;-0.0527
29.1310;-0.0557
29.1320;-0.0527
29.1330;-0.0527
29.1340;-0.0527
29.1350;-0.0527
29.1360;-0.0527
29.1370;-0.0527
29.1380;-0.0527
29.1390;-0.0527
29.1400;-0.0557
29.1410;-0.0527
29.1420;-0.0527
29.1430;-0.0527
29.1440;-0.0557
29.1450;-0.0527
29.1460;-0.0527
29.1470;-0.0527
29.1480;-0.0557
29.1490;-0.0586
29.1500;-0.0557
29.1510;-0.0527
29.1520;-0.0469
29.1530;-0.0469
29.1540;-0.0439
29.1550;-0.0410
29.1560;-0.0410
29.1570;-0.0381
29.1580;-0.0352
29.1590;-0.0352
29.1600;-0.0293
29.1610;-0.0234
29.1620;-0.0176
29.1630;-0.0117
29.1640;-0.0059
29.1650;0.0000
29.1660;0.0088
29.1670;0.0176
29.1680;0.0234
29.1690;0.0264
29.1700;0.0352
29.1710;0.0381
29.1720;0.0410
29.1730;0.0410
29.1740;0.0410
29.1750;0.0410
29.1760;0.0381
29.1770;0.0352
29.1780;0.0322
29.1790;0.0322
29.1800;0.0322
29.1810;0.0293
29.1820;0.0293
29.1830;0.0322
29.1840;0.0352
29.1850;0.0439
29.1860;0.0498
29.1870;0.0615
29.1880;0.0732
29.1890;0.0879
29.1900;0.1025
29.1910;0.1143
29.1920;0.1260
29.1930;0.1377
29.1940;0.1523
29.1950;0.1641
29.1960;0.1758
29.1970;0.1875
29.1980;0.1934
29.1990;0.1963
29.2000;0.1963
29.2010;0.1963
29.2020;0.1904
29.2030;0.1875
29.2040;0.1846
29.2050;0.1787
29.2060;0.1699
29.2070;0.1641
29.2080;0.1582
29.2090;0.1494
29.2100;0.1465
29.2110;0.1406
29.2120;0.1318
29.2130;0.1201
29.2140;0.1084
29.2150;0.0967
29.2160;0.0850
29.2170;0.0791
29.2180;0.0674
29.2190;0.0586
29.2200;0.0527
29.2210;0.0439
29.2220;0.0352
29.2230;0.0264
29.2240;0.0205
29.2250;0.0088
29.2260;-0.0029
29.2270;-0.0146
29.2280;-0.0264
29.2290;-0.0439
29.2300;-0.0586
29.2310;-0.0703
29.2320;-0.0820
29.2330;-0.0908
29.2340;-0.0937
29.2350;-0.0937
29.2360;-0.0937
29.2370;-0.0996
29.2380;-0.1025
29.2390;-0.1055
29.2400;-0.1113
29.2410;-0.1143
29.2420;-0.1172
29.2430;-0.1201
29.2440;-0.1260
29.2450;-0.1289
29.2460;-0.1318
29.2470;-0.1377
29.2480;-0.1406
29.2490;-0.1406
29.2500;-0.1436
29.2510;-0.1436
29.2520;-0.1436
29.2530;-0.1436
29.2540;-0.1465
29.2550;-0.1494
29.2560;-0.1523
29.2570;-0.1553
29.2580;-0.1553
29.2590;-0.1582
29.2600;-0.1582
29.2610;-0.1582
29.2620;-0.1553
29.2630;-0.1553
29.2640;-0.1553
29.2650;-0.1553
29.2660;-0.1523
29.2670;-0.1523
29.2680;-0.1523
29.2690;-0.1494
29.2700;-0.1523
29.2710;-0.1494
29.2720;-0.1494
29.2730;-0.1523
29.2740;-0.1523
29.2750;-0.1523
29.2760;-0.1553
29.2770;-0.1582
29.2780;-0.1641
29.2790;-0.1670
29.2800;-0.1670
29.2810;-0.1641
29.2820;-0.1611
29.2830;-0.1553
29.2840;-0.1523
29.2850;-0.1465
29.2860;-0.1436
29.2870;-0.1406
29.2880;-0.1406
29.2890;-0.1406
29.2900;-0.1406
29.2910;-0.1406
29.2920;-0.1377
29.2930;-0.1377
29.2940;-0.1377
29.2950;-0.1406
29.2960;-0.1377
29.2970;-0.1377
29.2980;-0.1348
29.2990;-0.1348
29.3000;-0.1377
29.3010;-0.1377
29.3020;-0.1465
29.3030;-0.1582
29.3040;-0.1699
29.3050;-0.1846
29.3060;-0.1963
29.3070;-0.2021
29.3080;-0.2109
29.3090;-0.2168
29.3100;-0.2256
29.3110;-0.2285
29.3120;-0.2285
29.3130;-0.2285
29.3140;-0.2256
29.3150;-0.2168
29.3160;-0.2109
29.3170;-0.1992
29.3180;-0.1875
29.3190;-0.1758
29.3200;-0.1611
29.3210;-0.1406
29.3220;-0.1143
29.3230;-0.0732
29.3240;-0.0264
29.3250;0.0293
29.3260;0.0996
29.3270;0.1816
29.3280;0.2725
29.3290;0.3691
29.3300;0.4570
29.3310;0.5508
29.3320;0.6357
29.3330;0.7266
29.3340;0.8232
29.3350;0.9258
29.3360;1.0312
29.3370;1.1338
29.3380;1.2305
29.3390;1.3242
29.3400;1.4121
29.3410;1.4854
29.3420;1.4941
29.3430;1.4941
29.3440;1.4941
29.3450;1.4941
29.3460;1.4941
29.3470;1.4941
29.3480;1.4941
29.3490;1.4941
29.3500;1.4941
29.3510;1.4619
29.3520;1.3477
29.3530;1.2188
29.3540;1.0811
29.3550;0.9316
29.3560;0.7676
29.3570;0.5977
29.3580;0.4307
29.3590;0.2812
29.3600;0.1465
29.3610;0.0205
29.3620;-0.0879
29.3630;-0.1875
29.3640;-0.2695
29.3650;-0.3311
29.3660;-0.3838
29.3670;-0.4307
29.3680;-0.4775
29.3690;-0.5215
29.3700;-0.5654
29.3710;-0.6006
29.3720;-0.6357
29.3730;-0.6621
29.3740;-0.6826
29.3750;-0.6943
29.3760;-0.7031
29.3770;-0.7061
29.3780;-0.7031
29.3790;-0.7002
29.3800;-0.6973
29.3810;-0.6914
29.3820;-0.6826
29.3830;-0.6738
29.3840;-0.6621
29.3850;-0.6504
29.3860;-0.6357
29.3870;-0.6152
29.3880;-0.5947
29.3890;-0.5713
29.3900;-0.5449
29.3910;-0.5156
29.3920;-0.4893
29.3930;-0.4600
29.3940;-0.4336
29.3950;-0.4102
29.3960;-0.3867
29.3970;-0.3633
29.3980;-0.3428
29.3990;-0.3252
29.4000;-0.3076
29.4010;-0.2930
29.4020;-0.2842
29.4030;-0.2725
29.4040;-0.2607
29.4050;-0.2520
29.4060;-0.2432
29.4070;-0.2344
29.4080;-0.2256
29.4090;-0.2227
29.4100;-0.2139
29.4110;-0.2080
29.4120;-0.2021
29.4130;-0.1992
29.4140;-0.1934
29.4150;-0.1875
29.4160;-0.1846
29.4170;-0.1787
29.4180;-0.1758
29.4190;-0.1699
29.4200;-0.1670
29.4210;-0.1611
29.4220;-0.1553
29.4230;-0.1523
29.4240;-0.1494
29.4250;-0.1465
29.4260;-0.1436
29.4270;-0.1406
29.4280;-0.1377
29.4290;-0.1348
29.4300;-0.1318
29.4310;-0.1289
29.4320;-0.1230
29.4330;-0.1172
29.4340;-0.1172
29.4350;-0.1172
29.4360;-0.1113
29.4370;-0.1055
29.4380;-0.0996
29.4390;-0.0967
29.4400;-0.0937
29.4410;-0.0908
29.4420;-0.0850
29.4430;-0.0850
29.4440;-0.0850
29.4450;-0.0820
29.4460;-0.0791
29.4470;-0.0732
29.4480;-0.0703
29.4490;-0.0615
29.4500;-0.0615
29.4510;-0.0586
29.4520;-0.0586
29.4530;-0.0586
29.4540;-0.0527
29.4550;-0.0498
29.4560;-0.0469
29.4570;-0.0439
29.4580;-0.0381
29.4590;-0.0322
29.4600;-0.0293
29.4610;-0.0264
29.4620;-0.0234
29.4630;-0.0205
29.4640;-0.0176
29.4650;-0.0146
29.4660;-0.0146
29.4670;-0.0117
29.4680;-0.0088
29.4690;-0.0059
29.4700;-0.0059
29.4710;-0.0029
29.4720;0.0029
29.4730;0.0029
29.4740;0.0088
29.4750;0.0088
29.4760;0.0088
29.4770;0.0146
29.4780;0.0176
29.4790;0.0205
29.4800;0.0234
29.4810;0.0264
29.4820;0.0322
29.4830;0.0352
29.4840;0.0381
29.4850;0.0410
29.4860;0.0439
29.4870;0.0498
29.4880;0.0527
29.4890;0.0557
29.4900;0.0586
29.4910;0.0645
29.4920;0.0703
29.4930;0.0732
29.4940;0.0762
29.4950;0.0791
29.4960;0.0820
29.4970;0.0820
29.4980;0.0850
29.4990;0.0908
29.5000;0.0967
29.5010;0.1025
29.5020;0.1025
29.5030;0.1025
29.5040;0.1055
29.5050;0.1113
29.5060;0.1143
29.5070;0.1201
29.5080;0.1260
29.5090;0.1318
29.5100;0.1406
29.5110;0.1465
29.5120;0.1494
29.5130;0.1553
29.5140;0.1582
29.5150;0.1611
29.5160;0.1670
29.5170;0.1699
29.5180;0.1758
29.5190;0.1787
29.5200;0.1816
29.5210;0.1846
29.5220;0.1846
29.5230;0.1875
29.5240;0.1904
29.5250;0.1934
29.5260;0.1963
29.5270;0.1992
29.5280;0.2021
29.5290;0.2051
29.5300;0.2080
29.5310;0.2139
29.5320;0.2139
29.5330;0.2197
29.5340;0.2197
29.5350;0.2227
29.5360;0.2227
29.5370;0.2227
29.5380;0.2256
29.5390;0.2256
29.5400;0.2256
29.5410;0.2285
29.5420;0.2314
29.5430;0.2285
29.5440;0.2314
29.5450;0.2314
29.5460;0.2285
29.5470;0.2256
29.5480;0.2256
29.5490;0.2227
29.5500;0.2227
29.5510;0.2197
29.5520;0.2168
29.5530;0.2168
29.5540;0.2168
29.5550;0.2168
29.5560;0.2168
29.5570;0.2139
29.5580;0.2139
29.5590;0.2109
29.5600;0.2080
29.5610;0.2080
29.5620;0.2021
29.5630;0.1963
29.5640;0.1934
29.5650;0.1846
29.5660;0.1758
29.5670;0.1729
29.5680;0.1641
29.5690;0.1611
29.5700;0.1523
29.5710;0.1494
29.5720;0.1406
29.5730;0.1318
29.5740;0.1201
29.5750;0.1084
29.5760;0.0937
29.5770;0.0820
29.5780;0.0703
29.5790;0.0586
29.5800;0.0498
29.5810;0.0381
29.5820;0.0234
29.5830;0.0117
29.5840;0.0000
29.5850;-0.0146
29.5860;-0.0264
29.5870;-0.0410
29.5880;-0.0557
29.5890;-0.0674
29.5900;-0.0791
29.5910;-0.0908
29.5920;-0.0996
29.5930;-0.1143
29.5940;-0.1260
29.5950;-0.1348
29.5960;-0.1465
29.5970;-0.1611
29.5980;-0.1729
29.5990;-0.1846
29.6000;-0.1934
29.6010;-0.2021
29.6020;-0.2139
29.6030;-0.2197
29.6040;-0.2256
29.6050;-0.2314
29.6060;-0.2373
29.6070;-0.2461
29.6080;-0.2549
29.6090;-0.2637
29.6100;-0.2695
29.6110;-0.2754
29.6120;-0.2812
29.6130;-0.2871
29.6140;-0.2930
29.6150;-0.2988
29.6160;-0.3047
29.6170;-0.3076
29.6180;-0.3164
29.6190;-0.3193
29.6200;-0.3223
29.6210;-0.3281
29.6220;-0.3311
29.6230;-0.3311
29.6240;-0.3369
29.6250;-0.3398
29.6260;-0.3398
29.6270;-0.3398
29.6280;-0.3369
29.6290;-0.3340
29.6300;-0.3340
29.6310;-0.3340
29.6320;-0.3311
29.6330;-0.3311
29.6340;-0.3311
29.6350;-0.3281
29.6360;-0.3281
29.6370;-0.3281
29.6380;-0.3252
29.6390;-0.3223
29.6400;-0.3252
29.6410;-0.3223
29.6420;-0.3223
29.6430;-0.3193
29.6440;-0.3164
29.6450;-0.3105
29.6460;-0.3076
29.6470;-0.3047
29.6480;-0.3047
29.6490;-0.2988
29.6500;-0.2959
29.6510;-0.2930
29.6520;-0.2900
29.6530;-0.2900
29.6540;-0.2871
29.6550;-0.2871
29.6560;-0.2842
29.6570;-0.2812
29.6580;-0.2754
29.6590;-0.2666
29.6600;-0.2607
29.6610;-0.2578
29.6620;-0.2549
29.6630;-0.2520
29.6640;-0.2490
29.6650;-0.2461
29.6660;-0.2461
29.6670;-0.2461
29.6680;-0.2402
29.6690;-0.2373
29.6700;-0.2373
29.6710;-0.2314
29.6720;-0.2285
29.6730;-0.2256
29.6740;-0.2256
29.6750;-0.2227
29.6760;-0.2139
29.6770;-0.2109
29.6780;-0.2080
29.6790;-0.2051
29.6800;-0.1992
29.6810;-0.1992
29.6820;-0.1963
29.6830;-0.1934
29.6840;-0.1875
29.6850;-0.1875
29.6860;-0.1875
29.6870;-0.1846
29.6880;-0.1816
29.6890;-0.1758
29.6900;-0.1670
29.6910;-0.1641
29.6920;-0.1611
29.6930;-0.1611
29.6940;-0.1582
29.6950;-0.1553
29.6960;-0.1523
29.6970;-0.1494
29.6980;-0.1465
29.6990;-0.1436
29.7000;-0.1436
29.7010;-0.1436
29.7020;-0.1436
29.7030;-0.1406
29.7040;-0.1377
29.7050;-0.1318
29.7060;-0.1318
29.7070;-0.1318
29.7080;-0.1318
29.7090;-0.1289
29.7100;-0.1230
29.7110;-0.1172
29.7120;-0.1143
29.7130;-0.1113
29.7140;-0.1084
29.7150;-0.1084
29.7160;-0.1055
29.7170;-0.1084
29.7180;-0.1055
29.7190;-0.1055
29.7200;-0.0996
29.7210;-0.0996
29.7220;-0.0967
29.7230;-0.0967
29.7240;-0.0937
29.7250;-0.0937
29.7260;-0.0937
29.7270;-0.0937
29.7280;-0.0908
29.7290;-0.0879
29.7300;-0.0908
29.7310;-0.0908
29.7320;-0.0879
29.7330;-0.0879
29.7340;-0.0850
29.7350;-0.0879
29.7360;-0.0879
29.7370;-0.0850
29.7380;-0.0850
29.7390;-0.0850
29.7400;-0.0850
29.7410;-0.0879
29.7420;-0.0879
29.7430;-0.0850
29.7440;-0.0850
29.7450;-0.0820
29.7460;-0.0791
29.7470;-0.0762
29.7480;-0.0732
29.7490;-0.0703
29.7500;-0.0703
29.7510;-0.0703
29.7520;-0.0674
29.7530;-0.0674
29.7540;-0.0645
29.7550;-0.0645
29.7560;-0.0615
29.7570;-0.0615
29.7580;-0.0586
29.7590;-0.0586
29.7600;-0.0557
29.7610;-0.0557
29.7620;-0.0557
29.7630;-0.0586
29.7640;-0.0586
29.7650;-0.0586
29.7660;-0.0586
29.7670;-0.0586
29.7680;-0.0586
29.7690;-0.0557
29.7700;-0.0527
29.7710;-0.0527
29.7720;-0.0527
29.7730;-0.0527
29.7740;-0.0527
29.7750;-0.0527
29.7760;-0.0557
29.7770;-0.0527
29.7780;-0.0557
29.7790;-0.0527
29.7800;-0.0498
29.7810;-0.0498
29.7820;-0.0498
29.7830;-0.0498
29.7840;-0.0498
29.7850;-0.0498
29.7860;-0.0498
29.7870;-0.0498
29.7880;-0.0498
29.7890;-0.0469
29.7900;-0.0469
29.7910;-0.0469
29.7920;-0.0469
29.7930;-0.0498
29.7940;-0.0498
29.7950;-0.0469
29.7960;-0.0439
29.7970;-0.0439
29.7980;-0.0439
29.7990;-0.0439
29.8000;-0.0439
29.8010;-0.0439
29.8020;-0.0439
29.8030;-0.0439
29.8040;-0.0439
29.8050;-0.0410
29.8060;-0.0410
29.8070;-0.0381
29.8080;-0.0381
29.8090;-0.0381
29.8100;-0.0381
29.8110;-0.0381
29.8120;-0.0381
29.8130;-0.0381
29.8140;-0.0381
29.8150;-0.0381
29.8160;-0.0352
29.8170;-0.0322
29.8180;-0.0293
29.8190;-0.0264
29.8200;-0.0264
29.8210;-0.0264
29.8220;-0.0234
29.8230;-0.0234
29.8240;-0.0234
29.8250;-0.0234
29.8260;-0.0234
29.8270;-0.0234
29.8280;-0.0205
29.8290;-0.0176
29.8300;-0.0146
29.8310;-0.0117
29.8320;-0.0117
29.8330;-0.0117
29.8340;-0.0117
29.8350;-0.0088
29.8360;-0.0059
29.8370;-0.0059
29.8380;-0.0059
29.8390;-0.0059
29.8400;-0.0059
29.8410;-0.0059
29.8420;-0.0029
29.8430;-0.0029
29.8440;0.0000
29.8450;0.0000
29.8460;0.0029
29.8470;0.0029
29.8480;0.0029
29.8490;0.0000
29.8500;0.0000
29.8510;0.0000
29.8520;0.0000
29.8530;-0.0029
29.8540;0.0000
29.8550;0.0000
29.8560;0.0000
29.8570;0.0000
29.8580;0.0000
29.8590;0.0000
29.8600;0.0029
29.8610;0.0059
29.8620;0.0059
29.8630;0.0088
29.8640;0.0059
29.8650;0.0059
29.8660;0.0059
29.8670;0.0059
29.8680;0.0088
29.8690;0.0088
29.8700;0.0088
29.8710;0.0088
29.8720;0.0088
29.8730;0.0146
29.8740;0.0205
29.8750;0.0264
29.8760;0.0322
29.8770;0.0381
29.8780;0.0439
29.8790;0.0557
29.8800;0.0645
29.8810;0.0703
29.8820;0.0732
29.8830;0.0791
29.8840;0.0850
29.8850;0.0879
29.8860;0.0937
29.8870;0.1025
29.8880;0.1055
29.8890;0.1113
29.8900;0.1143
29.8910;0.1143
29.8920;0.1143
29.8930;0.1113
29.8940;0.1084
29.8950;0.1084
29.8960;0.1084
29.8970;0.1113
29.8980;0.1084
29.8990;0.1084
29.9000;0.1084
29.9010;0.1143
29.9020;0.1201
29.9030;0.1260
29.9040;0.1377
29.9050;0.1494
29.9060;0.1641
29.9070;0.1816
29.9080;0.1963
29.9090;0.2080
29.9100;0.2168
29.9110;0.2285
29.9120;0.2373
29.9130;0.2490
29.9140;0.2607
29.9150;0.2637
29.9160;0.2666
29.9170;0.2666
29.9180;0.2607
29.9190;0.2578
29.9200;0.2520
29.9210;0.2461
29.9220;0.2373
29.9230;0.2314
29.9240;0.2256
29.9250;0.2227
29.9260;0.2197
29.9270;0.2139
29.9280;0.2109
29.9290;0.2080
29.9300;0.1963
29.9310;0.1846
29.9320;0.1758
29.9330;0.1641
29.9340;0.1553
29.9350;0.1436
29.9360;0.1318
29.9370;0.1230
29.9380;0.1143
29.9390;0.1025
29.9400;0.0937
29.9410;0.0850
29.9420;0.0732
29.9430;0.0615
29.9440;0.0498
29.9450;0.0381
29.9460;0.0264
29.9470;0.0176
29.9480;0.0059
29.9490;-0.0059
29.9500;-0.0176
29.9510;-0.0234
29.9520;-0.0322
29.9530;-0.0381
29.9540;-0.0439
29.9550;-0.0469
29.9560;-0.0498
29.9570;-0.0527
29.9580;-0.0586
29.9590;-0.0586
29.9600;-0.0586
29.9610;-0.0645
29.9620;-0.0674
29.9630;-0.0703
29.9640;-0.0703
29.9650;-0.0732
29.9660;-0.0732
29.9670;-0.0732
29.9680;-0.0762
29.9690;-0.0762
29.9700;-0.0791
29.9710;-0.0820
29.9720;-0.0850
29.9730;-0.0879
29.9740;-0.0879
29.9750;-0.0879
29.9760;-0.0908
29.9770;-0.0908
29.9780;-0.0908
29.9790;-0.0908
29.9800;-0.0908
29.9810;-0.0937
29.9820;-0.0937
29.9830;-0.0937
29.9840;-0.0937
29.9850;-0.0937
29.9860;-0.0937
29.9870;-0.0937
29.9880;-0.0937
29.9890;-0.0937
29.9900;-0.0908
29.9910;-0.0879
29.9920;-0.0850
29.9930;-0.0850
29.9940;-0.0820
29.9950;-0.0850
29.9960;-0.0879
29.9970;-0.0879
29.9980;-0.0850
29.9990;-0.0820
30.0000;-0.0820
30.0010;-0.0791
30.0020;-0.0820
30.0030;-0.0820
30.0040;-0.0820
30.0050;-0.0820
30.0060;-0.0820
30.0070;-0.0820
30.0080;-0.0820
30.0090;-0.0791
30.0100;-0.0791
30.0110;-0.0762
30.0120;-0.0732
30.0130;-0.0762
30.0140;-0.0762
30.0150;-0.0762
30.0160;-0.0762
30.0170;-0.0762
30.0180;-0.0820
30.0190;-0.0879
30.0200;-0.0967
30.0210;-0.1055
30.0220;-0.1172
30.0230;-0.1318
30.0240;-0.1465
30.0250;-0.1582
30.0260;-0.1641
30.0270;-0.1670
30.0280;-0.1699
30.0290;-0.1699
30.0300;-0.1670
30.0310;-0.1641
30.0320;-0.1553
30.0330;-0.1465
30.0340;-0.1406
30.0350;-0.1348
30.0360;-0.1201
30.0370;-0.1084
30.0380;-0.0908
30.0390;-0.0645
30.0400;-0.0293
30.0410;0.0117
30.0420;0.0615
30.0430;0.1260
30.0440;0.1992
30.0450;0.2842
30.0460;0.3838
30.0470;0.4805
30.0480;0.5713
30.0490;0.6592
30.0500;0.7471
30.0510;0.8408
30.0520;0.9404
30.0530;1.0488
30.0540;1.1543
30.0550;1.2568
30.0560;1.3535
30.0570;1.4443
30.0580;1.4941
30.0590;1.4941
30.0600;1.4941
30.0610;1.4941
30.0620;1.4941
30.0630;1.4941
30.0640;1.4941
30.0650;1.4941
30.0660;1.4941
30.0670;1.4941
30.0680;1.4941
30.0690;1.4941
30.0700;1.4033
30.0710;1.2686
30.0720;1.1250
30.0730;0.9727
30.0740;0.8027
30.0750;0.6328
30.0760;0.4688
30.0770;0.3223
30.0780;0.1904
30.0790;0.0703
30.0800;-0.0410
30.0810;-0.1348
30.0820;-0.2109
30.0830;-0.2725
30.0840;-0.3252
30.0850;-0.3721
30.0860;-0.4160
30.0870;-0.4600
30.0880;-0.4922
30.0890;-0.5273
30.0900;-0.5596
30.0910;-0.5859
30.0920;-0.6035
30.0930;-0.6152
30.0940;-0.6211
30.0950;-0.6240
30.0960;-0.6240
30.0970;-0.6211
30.0980;-0.6182
30.0990;-0.6094
30.1000;-0.6006
30.1010;-0.5889
30.1020;-0.5742
30.1030;-0.5654
30.1040;-0.5479
30.1050;-0.5332
30.1060;-0.5127
30.1070;-0.4863
30.1080;-0.4600
30.1090;-0.4307
30.1100;-0.4014
30.1110;-0.3750
30.1120;-0.3486
30.1130;-0.3252
30.1140;-0.3047
30.1150;-0.2842
30.1160;-0.2637
30.1170;-0.2461
30.1180;-0.2314
30.1190;-0.2197
30.1200;-0.2080
30.1210;-0.1992
30.1220;-0.1963
30.1230;-0.1934
30.1240;-0.1875
30.1250;-0.1787
30.1260;-0.1670
30.1270;-0.1582
30.1280;-0.1523
30.1290;-0.1465
30.1300;-0.1406
30.1310;-0.1377
30.1320;-0.1318
30.1330;-0.1260
30.1340;-0.1172
30.1350;-0.1143
30.1360;-0.1055
30.1370;-0.0967
30.1380;-0.0908
30.1390;-0.0850
30.1400;-0.0850
30.1410;-0.0791
30.1420;-0.0732
30.1430;-0.0703
30.1440;-0.0674
30.1450;-0.0645
30.1460;-0.0586
30.1470;-0.0527
30.1480;-0.0498
30.1490;-0.0469
30.1500;-0.0469
30.1510;-0.0381
30.1520;-0.0381
30.1530;-0.0322
30.1540;-0.0293
30.1550;-0.0234
30.1560;-0.0176
30.1570;-0.0146
30.1580;-0.0088
30.1590;-0.0088
30.1600;-0.0059
30.1610;-0.0059
30.1620;-0.0029
30.1630;0.0000
30.1640;0.0029
30.1650;0.0088
30.1660;0.0088
30.1670;0.0117
30.1680;0.0146
30.1690;0.0205
30.1700;0.0205
30.1710;0.0234
30.1720;0.0264
30.1730;0.0322
30.1740;0.0352
30.1750;0.0352
30.1760;0.0352
30.1770;0.0381
30.1780;0.0439
30.1790;0.0469
30.1800;0.0469
30.1810;0.0527
30.1820;0.0557
30.1830;0.0557
30.1840;0.0586
30.1850;0.0586
30.1860;0.0615
30.1870;0.0645
30.1880;0.0674
30.1890;0.0732
30.1900;0.0762
30.1910;0.0791
30.1920;0.0820
30.1930;0.0820
30.1940;0.0879
30.1950;0.0879
30.1960;0.0937
30.1970;0.1025
30.1980;0.1055
30.1990;0.1113
30.2000;0.1113
30.2010;0.1143
30.2020;0.1172
30.2030;0.1201
30.2040;0.1230
30.2050;0.1289
30.2060;0.1289
30.2070;0.1348
30.2080;0.1406
30.2090;0.1406
30.2100;0.1436
30.2110;0.1436
30.2120;0.1494
30.2130;0.1553
30.2140;0.1582
30.2150;0.1611
30.2160;0.1641
30.2170;0.1699
30.2180;0.1729
30.2190;0.1787
30.2200;0.1816
30.2210;0.1875
30.2220;0.1904
30.2230;0.1963
30.2240;0.1992
30.2250;0.2051
30.2260;0.2051
30.2270;0.2080
30.2280;0.2139
30.2290;0.2197
30.2300;0.2227
30.2310;0.2314
30.2320;0.2344
30.2330;0.2373
30.2340;0.2432
30.2350;0.2461
30.2360;0.2520
30.2370;0.2578
30.2380;0.2607
30.2390;0.2637
30.2400;0.2666
30.2410;0.2666
30.2420;0.2695
30.2430;0.2754
30.2440;0.2783
30.2450;0.2812
30.2460;0.2842
30.2470;0.2842
30.2480;0.2871
30.2490;0.2930
30.2500;0.2930
30.2510;0.2959
30.2520;0.3018
30.2530;0.3018
30.2540;0.3047
30.2550;0.3047
30.2560;0.3076
30.2570;0.3076
30.2580;0.3076
30.2590;0.3076
30.2600;0.3076
30.2610;0.3105
30.2620;0.3105
30.2630;0.3076
30.2640;0.3047
30.2650;0.3047
30.2660;0.3047
30.2670;0.3018
30.2680;0.3018
30.2690;0.3018
30.2700;0.2988
30.2710;0.2930
30.2720;0.2900
30.2730;0.2871
30.2740;0.2842
30.2750;0.2812
30.2760;0.2812
30.2770;0.2754
30.2780;0.2725
30.2790;0.2695
30.2800;0.2666
30.2810;0.2607
30.2820;0.2578
30.2830;0.2520
30.2840;0.2402
30.2850;0.2314
30.2860;0.2227
30.2870;0.2109
30.2880;0.1992
30.2890;0.1904
30.2900;0.1758
30.2910;0.1641
30.2920;0.1523
30.2930;0.1436
30.2940;0.1289
30.2950;0.1172
30.2960;0.1025
30.2970;0.0908
30.2980;0.0762
30.2990;0.0645
30.3000;0.0498
30.3010;0.0410
30.3020;0.0264
30.3030;0.0088
30.3040;-0.0029
30.3050;-0.0146
30.3060;-0.0264
30.3070;-0.0410
30.3080;-0.0527
30.3090;-0.0645
30.3100;-0.0762
30.3110;-0.0937
30.3120;-0.1055
30.3130;-0.1172
30.3140;-0.1289
30.3150;-0.1406
30.3160;-0.1494
30.3170;-0.1582
30.3180;-0.1670
30.3190;-0.1787
30.3200;-0.1875
30.3210;-0.1963
30.3220;-0.2021
30.3230;-0.2109
30.3240;-0.2227
30.3250;-0.2314
30.3260;-0.2373
30.3270;-0.2402
30.3280;-0.2461
30.3290;-0.2520
30.3300;-0.2578
30.3310;-0.2607
30.3320;-0.2637
30.3330;-0.2695
30.3340;-0.2725
30.3350;-0.2783
30.3360;-0.2842
30.3370;-0.2842
30.3380;-0.2842
30.3390;-0.2871
30.3400;-0.2871
30.3410;-0.2900
30.3420;-0.2930
30.3430;-0.2930
30.3440;-0.2930
30.3450;-0.2930
30.3460;-0.2930
30.3470;-0.2930
30.3480;-0.2930
30.3490;-0.2930
30.3500;-0.2900
30.3510;-0.2842
30.3520;-0.2812
30.3530;-0.2783
30.3540;-0.2754
30.3550;-0.2754
30.3560;-0.2725
30.3570;-0.2695
30.3580;-0.2695
30.3590;-0.2695
30.3600;-0.2695
30.3610;-0.2637
30.3620;-0.2607
30.3630;-0.2637
30.3640;-0.2637
30.3650;-0.2637
30.3660;-0.2607
30.3670;-0.2549
30.3680;-0.2520
30.3690;-0.2490
30.3700;-0.2490
30.3710;-0.2490
30.3720;-0.2461
30.3730;-0.2402
30.3740;-0.2344
30.3750;-0.2285
30.3760;-0.2256
30.3770;-0.2256
30.3780;-0.2227
30.3790;-0.2168
30.3800;-0.2109
30.3810;-0.2080
30.3820;-0.2021
30.3830;-0.2021
30.3840;-0.1992
30.3850;-0.1934
30.3860;-0.1875
30.3870;-0.1875
30.3880;-0.1846
30.3890;-0.1846
30.3900;-0.1846
30.3910;-0.1787
30.3920;-0.1758
30.3930;-0.1699
30.3940;-0.1670
30.3950;-0.1641
30.3960;-0.1611
30.3970;-0.1582
30.3980;-0.1523
30.3990;-0.1494
30.4000;-0.1436
30.4010;-0.1406
30.4020;-0.1348
30.4030;-0.1318
30.4040;-0.1318
30.4050;-0.1289
30.4060;-0.1260
30.4070;-0.1260
30.4080;-0.1260
30.4090;-0.1230
30.4100;-0.1201
30.4110;-0.1172
30.4120;-0.1084
30.4130;-0.1055
30.4140;-0.1025
30.4150;-0.1025
30.4160;-0.1025
30.4170;-0.0996
30.4180;-0.0967
30.4190;-0.0937
30.4200;-0.0908
30.4210;-0.0908
30.4220;-0.0879
30.4230;-0.0879
30.4240;-0.0850
30.4250;-0.0820
30.4260;-0.0762
30.4270;-0.0732
30.4280;-0.0703
30.4290;-0.0645
30.4300;-0.0615
30.4310;-0.0615
30.4320;-0.0615
30.4330;-0.0615
30.4340;-0.0586
30.4350;-0.0557
30.4360;-0.0557
30.4370;-0.0527
30.4380;-0.0498
30.4390;-0.0498
30.4400;-0.0498
30.4410;-0.0469
30.4420;-0.0469
30.4430;-0.0469
30.4440;-0.0439
30.4450;-0.0439
30.4460;-0.0439
30.4470;-0.0439
30.4480;-0.0439
30.4490;-0.0439
30.4500;-0.0439
30.4510;-0.0439
30.4520;-0.0439
30.4530;-0.0439
30.4540;-0.0439
30.4550;-0.0439
30.4560;-0.0439
30.4570;-0.0439
30.4580;-0.0439
30.4590;-0.0469
30.4600;-0.0469
30.4610;-0.0439
30.4620;-0.0381
30.4630;-0.0352
30.4640;-0.0352
30.4650;-0.0352
30.4660;-0.0322
30.4670;-0.0322
30.4680;-0.0322
30.4690;-0.0293
30.4700;-0.0293
30.4710;-0.0293
30.4720;-0.0264
30.4730;-0.0234
30.4740;-0.0234
30.4750;-0.0234
30.4760;-0.0205
30.4770;-0.0234
30.4780;-0.0205
30.4790;-0.0176
30.4800;-0.0176
30.4810;-0.0146
30.4820;-0.0117
30.4830;-0.0117
30.4840;-0.0088
30.4850;-0.0088
30.4860;-0.0088
30.4870;-0.0088
30.4880;-0.0117
30.4890;-0.0117
30.4900;-0.0117
30.4910;-0.0117
30.4920;-0.0088
30.4930;-0.0088
30.4940;-0.0059
30.4950;-0.0088
30.4960;-0.0088
30.4970;-0.0117
30.4980;-0.0146
30.4990;-0.0146
30.5000;-0.0146
30.5010;-0.0146
30.5020;-0.0117
30.5030;-0.0117
30.5040;-0.0088
30.5050;-0.0059
30.5060;-0.0059
30.5070;-0.0059
30.5080;-0.0088
30.5090;-0.0117
30.5100;-0.0117
30.5110;-0.0117
30.5120;-0.0117
30.5130;-0.0146
30.5140;-0.0146
30.5150;-0.0146
30.5160;-0.0117
30.5170;-0.0088
30.5180;-0.0059
30.5190;-0.0059
30.5200;-0.0029
30.5210;-0.0029
30.5220;0.0000
30.5230;0.0000
30.5240;0.0000
30.5250;-0.0029
30.5260;-0.0029
30.5270;-0.0029
30.5280;-0.0059
30.5290;-0.0059
30.5300;-0.0029
30.5310;-0.0029
30.5320;0.0000
30.5330;0.0000
30.5340;0.0000
30.5350;0.0000
30.5360;0.0000
30.5370;0.0000
30.5380;0.0000
30.5390;0.0000
30.5400;0.0000
30.5410;0.0000
30.5420;0.0000
30.5430;0.0000
30.5440;0.0029
30.5450;0.0029
30.5460;0.0059
30.5470;0.0059
30.5480;0.0059
30.5490;0.0029
30.5500;0.0029
30.5510;0.0059
30.5520;0.0088
30.5530;0.0088
30.5540;0.0088
30.5550;0.0059
30.5560;0.0059
30.5570;0.0088
30.5580;0.0117
30.5590;0.0117
30.5600;0.0117
30.5610;0.0117
30.5620;0.0088
30.5630;0.0088
30.5640;0.0088
30.5650;0.0117
30.5660;0.0176
30.5670;0.0176
30.5680;0.0205
30.5690;0.0234
30.5700;0.0264
30.5710;0.0264
30.5720;0.0234
30.5730;0.0234
30.5740;0.0234
30.5750;0.0264
30.5760;0.0264
30.5770;0.0264
30.5780;0.0234
30.5790;0.0234
30.5800;0.0234
30.5810;0.0234
30.5820;0.0264
30.5830;0.0264
30.5840;0.0264
30.5850;0.0234
30.5860;0.0234
30.5870;0.0264
30.5880;0.0264
30.5890;0.0322
30.5900;0.0322
30.5910;0.0322
30.5920;0.0293
30.5930;0.0293
30.5940;0.0322
30.5950;0.0352
30.5960;0.0352
30.5970;0.0352
30.5980;0.0322
30.5990;0.0322
30.6000;0.0352
30.6010;0.0352
30.6020;0.0352
30.6030;0.0352
30.6040;0.0352
30.6050;0.0352
30.6060;0.0352
30.6070;0.0352
30.6080;0.0352
30.6090;0.0352
30.6100;0.0322
30.6110;0.0322
30.6120;0.0322
30.6130;0.0322
30.6140;0.0352
30.6150;0.0352
30.6160;0.0352
30.6170;0.0352
30.6180;0.0352
30.6190;0.0352
30.6200;0.0381
30.6210;0.0410
30.6220;0.0410
30.6230;0.0439
30.6240;0.0439
30.6250;0.0439
30.6260;0.0439
30.6270;0.0498
30.6280;0.0557
30.6290;0.0586
30.6300;0.0645
30.6310;0.0703
30.6320;0.0762
30.6330;0.0850
30.6340;0.0908
30.6350;0.0937
30.6360;0.1025
30.6370;0.1113
30.6380;0.1172
30.6390;0.1230
30.6400;0.1260
30.6410;0.1289
30.6420;0.1289
30.6430;0.1318
30.6440;0.1289
30.6450;0.1260
30.6460;0.1260
30.6470;0.1260
30.6480;0.1201
30.6490;0.1172
30.6500;0.1172
30.6510;0.1172
30.6520;0.1230
30.6530;0.1289
30.6540;0.1377
30.6550;0.1465
30.6560;0.1582
30.6570;0.1729
30.6580;0.1875
30.6590;0.2021
30.6600;0.2168
30.6610;0.2285
30.6620;0.2373
30.6630;0.2490
30.6640;0.2578
30.6650;0.2666
30.6660;0.2695
30.6670;0.2695
30.6680;0.2695
30.6690;0.2666
30.6700;0.2666
30.6710;0.2666
30.6720;0.2637
30.6730;0.2578
30.6740;0.2549
30.6750;0.2461
30.6760;0.2402
30.6770;0.2314
30.6780;0.2227
30.6790;0.2197
30.6800;0.2139
30.6810;0.2080
30.6820;0.1963
30.6830;0.1875
30.6840;0.1787
30.6850;0.1729
30.6860;0.1611
30.6870;0.1523
30.6880;0.1436
30.6890;0.1348
30.6900;0.1230
30.6910;0.1143
30.6920;0.1055
30.6930;0.0996
30.6940;0.0908
30.6950;0.0791
30.6960;0.0703
30.6970;0.0557
30.6980;0.0410
30.6990;0.0322
30.7000;0.0205
30.7010;0.0059
30.7020;-0.0029
30.7030;-0.0117
30.7040;-0.0205
30.7050;-0.0234
30.7060;-0.0264
30.7070;-0.0264
30.7080;-0.0322
30.7090;-0.0381
30.7100;-0.0439
30.7110;-0.0469
30.7120;-0.0498
30.7130;-0.0527
30.7140;-0.0586
30.7150;-0.0586
30.7160;-0.0615
30.7170;-0.0645
30.7180;-0.0674
30.7190;-0.0674
30.7200;-0.0703
30.7210;-0.0732
30.7220;-0.0762
30.7230;-0.0791
30.7240;-0.0820
30.7250;-0.0820
30.7260;-0.0850
30.7270;-0.0850
30.7280;-0.0850
30.7290;-0.0850
30.7300;-0.0850
30.7310;-0.0850
30.7320;-0.0850
30.7330;-0.0850
30.7340;-0.0850
30.7350;-0.0879
30.7360;-0.0879
30.7370;-0.0908
30.7380;-0.0908
30.7390;-0.0879
30.7400;-0.0879
30.7410;-0.0879
30.7420;-0.0850
30.7430;-0.0850
30.7440;-0.0850
30.7450;-0.0850
30.7460;-0.0850
30.7470;-0.0820
30.7480;-0.0820
30.7490;-0.0820
30.7500;-0.0820
30.7510;-0.0820
30.7520;-0.0791
30.7530;-0.0791
30.7540;-0.0791
30.7550;-0.0791
30.7560;-0.0762
30.7570;-0.0762
30.7580;-0.0762
30.7590;-0.0791
30.7600;-0.0791
30.7610;-0.0762
30.7620;-0.0762
30.7630;-0.0762
30.7640;-0.0732
30.7650;-0.0732
30.7660;-0.0732
30.7670;-0.0732
30.7680;-0.0762
30.7690;-0.0820
30.7700;-0.0850
30.7710;-0.0937
30.7720;-0.0996
30.7730;-0.1143
30.7740;-0.1260
30.7750;-0.1406
30.7760;-0.1494
30.7770;-0.1611
30.7780;-0.1699
30.7790;-0.1758
30.7800;-0.1758
30.7810;-0.1758
30.7820;-0.1758
30.7830;-0.1729
30.7840;-0.1670
30.7850;-0.1582
30.7860;-0.1494
30.7870;-0.1406
30.7880;-0.1289
30.7890;-0.1143
30.7900;-0.0967
30.7910;-0.0762
30.7920;-0.0410
30.7930;0.0029
30.7940;0.0527
30.7950;0.1172
30.7960;0.1904
30.7970;0.2754
30.7980;0.3721
30.7990;0.4658
30.8000;0.5625
30.8010;0.6533
30.8020;0.7441
30.8030;0.8379
30.8040;0.9375
30.8050;1.0400
30.8060;1.1484
30.8070;1.2510
30.8080;1.3535
30.8090;1.4531
30.8100;1.4941
30.8110;1.4941
30.8120;1.4941
30.8130;1.4941
30.8140;1.4941
30.8150;1.4941
30.8160;1.4941
30.8170;1.4941
30.8180;1.4941
30.8190;1.4941
30.8200;1.4941
30.8210;1.4941
30.8220;1.4062
30.8230;1.2715
30.8240;1.1279
30.8250;0.9727
30.8260;0.8057
30.8270;0.6357
30.8280;0.4746
30.8290;0.3281
30.8300;0.1934
30.8310;0.0703
30.8320;-0.0410
30.8330;-0.1348
30.8340;-0.2109
30.8350;-0.2754
30.8360;-0.3311
30.8370;-0.3838
30.8380;-0.4336
30.8390;-0.4805
30.8400;-0.5186
30.8410;-0.5537
30.8420;-0.5801
30.8430;-0.6006
30.8440;-0.6182
30.8450;-0.6299
30.8460;-0.6357
30.8470;-0.6357
30.8480;-0.6357
30.8490;-0.6357
30.8500;-0.6299
30.8510;-0.6211
30.8520;-0.6123
30.8530;-0.6006
30.8540;-0.5889
30.8550;-0.5771
30.8560;-0.5654
30.8570;-0.5508
30.8580;-0.5273
30.8590;-0.5039
30.8600;-0.4775
30.8610;-0.4482
30.8620;-0.4189
30.8630;-0.3896
30.8640;-0.3633
30.8650;-0.3398
30.8660;-0.3164
30.8670;-0.2930
30.8680;-0.2754
30.8690;-0.2607
30.8700;-0.2461
30.8710;-0.2344
30.8720;-0.2227
30.8730;-0.2139
30.8740;-0.2080
30.8750;-0.1992
30.8760;-0.1934
30.8770;-0.1846
30.8780;-0.1758
30.8790;-0.1699
30.8800;-0.1670
30.8810;-0.1641
30.8820;-0.1611
30.8830;-0.1553
30.8840;-0.1494
30.8850;-0.1436
30.8860;-0.1377
30.8870;-0.1348
30.8880;-0.1289
30.8890;-0.1201
30.8900;-0.1172
30.8910;-0.1143
30.8920;-0.1113
30.8930;-0.1055
30.8940;-0.0996
30.8950;-0.0996
30.8960;-0.0967
30.8970;-0.0937
30.8980;-0.0879
30.8990;-0.0820
30.9000;-0.0820
30.9010;-0.0791
30.9020;-0.0762
30.9030;-0.0732
30.9040;-0.0674
30.9050;-0.0645
30.9060;-0.0615
30.9070;-0.0586
30.9080;-0.0557
30.9090;-0.0498
30.9100;-0.0469
30.9110;-0.0439
30.9120;-0.0381
30.9130;-0.0322
30.9140;-0.0264
30.9150;-0.0234
30.9160;-0.0176
30.9170;-0.0117
30.9180;-0.0117
30.9190;-0.0059
30.9200;-0.0059
30.9210;0.0000
30.9220;0.0029
30.9230;0.0059
30.9240;0.0088
30.9250;0.0117
30.9260;0.0146
30.9270;0.0176
30.9280;0.0176
30.9290;0.0205
30.9300;0.0234
30.9310;0.0293
30.9320;0.0352
30.9330;0.0381
30.9340;0.0410
30.9350;0.0410
30.9360;0.0439
30.9370;0.0469
30.9380;0.0469
30.9390;0.0498
30.9400;0.0527
30.9410;0.0557
30.9420;0.0586
30.9430;0.0615
30.9440;0.0645
30.9450;0.0703
30.9460;0.0703
30.9470;0.0732
30.9480;0.0762
30.9490;0.0791
30.9500;0.0820
30.9510;0.0879
30.9520;0.0908
30.9530;0.0937
30.9540;0.0967
30.9550;0.0996
30.9560;0.1055
30.9570;0.1084
30.9580;0.1113
30.9590;0.1084
30.9600;0.1084
30.9610;0.1113
30.9620;0.1113
30.9630;0.1113
30.9640;0.1143
30.9650;0.1201
30.9660;0.1260
30.9670;0.1318
30.9680;0.1406
30.9690;0.1582
30.9700;0.1729
30.9710;0.1758
30.9720;0.1758
30.9730;0.1758
30.9740;0.1758
30.9750;0.1816
30.9760;0.1846
30.9770;0.1846
30.9780;0.1846
30.9790;0.1846
30.9800;0.1846
30.9810;0.1875
30.9820;0.1934
30.9830;0.1934
30.9840;0.1963
30.9850;0.1992
30.9860;0.2051
30.9870;0.2197
30.9880;0.2344
30.9890;0.2549
30.9900;0.2578
30.9910;0.2578
30.9920;0.2578
30.9930;0.2607
30.9940;0.2666
30.9950;0.2695
30.9960;0.2725
30.9970;0.2754
30.9980;0.2754
30.9990;0.2783
31.0000;0.2812
31.0010;0.2783
31.0020;0.2783
31.0030;0.2783
31.0040;0.2783
31.0050;0.2783
31.0060;0.2754
31.0070;0.2754
31.0080;0.2783
31.0090;0.2783
31.0100;0.2812
31.0110;0.2988
31.0120;0.3105
31.0130;0.3105
31.0140;0.3076
31.0150;0.3076
31.0160;0.3047
31.0170;0.3018
31.0180;0.3018
31.0190;0.2988
31.0200;0.2959
31.0210;0.2930
31.0220;0.2900
31.0230;0.2900
31.0240;0.2871
31.0250;0.2842
31.0260;0.2812
31.0270;0.2725
31.0280;0.2637
31.0290;0.2578
31.0300;0.2490
31.0310;0.2490
31.0320;0.2490
31.0330;0.2432
31.0340;0.2373
31.0350;0.2344
31.0360;0.2373
31.0370;0.2344
31.0380;0.2227
31.0390;0.2109
31.0400;0.1992
31.0410;0.1846
31.0420;0.1670
31.0430;0.1523
31.0440;0.1406
31.0450;0.1201
31.0460;0.1113
31.0470;0.0996
31.0480;0.0879
31.0490;0.0791
31.0500;0.0762
31.0510;0.0762
31.0520;0.0586
31.0530;0.0410
31.0540;0.0234
31.0550;0.0059
31.0560;-0.0146
31.0570;-0.0264
31.0580;-0.0381
31.0590;-0.0469
31.0600;-0.0557
31.0610;-0.0557
31.0620;-0.0674
31.0630;-0.0820
31.0640;-0.0937
31.0650;-0.1084
31.0660;-0.1230
31.0670;-0.1377
31.0680;-0.1494
31.0690;-0.1611
31.0700;-0.1729
31.0710;-0.1846
31.0720;-0.1963
31.0730;-0.2080
31.0740;-0.2168
31.0750;-0.2256
31.0760;-0.2344
31.0770;-0.2432
31.0780;-0.2490
31.0790;-0.2578
31.0800;-0.2637
31.0810;-0.2754
31.0820;-0.2812
31.0830;-0.2871
31.0840;-0.2900
31.0850;-0.2930
31.0860;-0.2959
31.0870;-0.2988
31.0880;-0.3018
31.0890;-0.3018
31.0900;-0.3018
31.0910;-0.3047
31.0920;-0.3076
31.0930;-0.3105
31.0940;-0.3135
31.0950;-0.3164
31.0960;-0.3193
31.0970;-0.3193
31.0980;-0.3223
31.0990;-0.3223
31.1000;-0.3252
31.1010;-0.3252
31.1020;-0.3252
31.1030;-0.3252
31.1040;-0.3252
31.1050;-0.3252
31.1060;-0.3281
31.1070;-0.3311
31.1080;-0.3281
31.1090;-0.3281
31.1100;-0.3281
31.1110;-0.3223
31.1120;-0.3076
31.1130;-0.2959
31.1140;-0.2959
31.1150;-0.2959
31.1160;-0.2959
31.1170;-0.2959
31.1180;-0.2959
31.1190;-0.2959
31.1200;-0.2930
31.1210;-0.2930
31.1220;-0.2900
31.1230;-0.2842
31.1240;-0.2812
31.1250;-0.2783
31.1260;-0.2754
31.1270;-0.2725
31.1280;-0.2695
31.1290;-0.2637
31.1300;-0.2607
31.1310;-0.2520
31.1320;-0.2490
31.1330;-0.2461
31.1340;-0.2432
31.1350;-0.2402
31.1360;-0.2402
31.1370;-0.2373
31.1380;-0.2344
31.1390;-0.2285
31.1400;-0.2256
31.1410;-0.2256
31.1420;-0.2227
31.1430;-0.2168
31.1440;-0.2168
31.1450;-0.2139
31.1460;-0.2109
31.1470;-0.2021
31.1480;-0.1992
31.1490;-0.1934
31.1500;-0.1904
31.1510;-0.1875
31.1520;-0.1846
31.1530;-0.1846
31.1540;-0.1787
31.1550;-0.1787
31.1560;-0.1758
31.1570;-0.1729
31.1580;-0.1699
31.1590;-0.1699
31.1600;-0.1670
31.1610;-0.1670
31.1620;-0.1641
31.1630;-0.1582
31.1640;-0.1523
31.1650;-0.1523
31.1660;-0.1494
31.1670;-0.1494
31.1680;-0.1465
31.1690;-0.1436
31.1700;-0.1406
31.1710;-0.1377
31.1720;-0.1318
31.1730;-0.1289
31.1740;-0.1289
31.1750;-0.1260
31.1760;-0.1230
31.1770;-0.1201
31.1780;-0.1143
31.1790;-0.1143
31.1800;-0.1113
31.1810;-0.1113
31.1820;-0.1084
31.1830;-0.1055
31.1840;-0.1055
31.1850;-0.1025
31.1860;-0.0996
31.1870;-0.0967
31.1880;-0.0937
31.1890;-0.0967
31.1900;-0.0967
31.1910;-0.0937
31.1920;-0.0937
31.1930;-0.0937
31.1940;-0.0937
31.1950;-0.0908
31.1960;-0.0879
31.1970;-0.0850
31.1980;-0.0850
31.1990;-0.0820
31.2000;-0.0791
31.2010;-0.0762
31.2020;-0.0762
31.2030;-0.0762
31.2040;-0.0762
31.2050;-0.0762
31.2060;-0.0762
31.2070;-0.0762
31.2080;-0.0762
31.2090;-0.0791
31.2100;-0.0762
31.2110;-0.0791
31.2120;-0.0762
31.2130;-0.0762
31.2140;-0.0732
31.2150;-0.0732
31.2160;-0.0732
31.2170;-0.0703
31.2180;-0.0732
31.2190;-0.0703
31.2200;-0.0703
31.2210;-0.0703
31.2220;-0.0703
31.2230;-0.0674
31.2240;-0.0645
31.2250;-0.0645
31.2260;-0.0645
31.2270;-0.0615
31.2280;-0.0586
31.2290;-0.0527
31.2300;-0.0527
31.2310;-0.0498
31.2320;-0.0527
31.2330;-0.0527
31.2340;-0.0498
31.2350;-0.0498
31.2360;-0.0498
31.2370;-0.0527
31.2380;-0.0557
31.2390;-0.0527
31.2400;-0.0557
31.2410;-0.0527
31.2420;-0.0527
31.2430;-0.0527
31.2440;-0.0527
31.2450;-0.0498
31.2460;-0.0498
31.2470;-0.0498
31.2480;-0.0527
31.2490;-0.0527
31.2500;-0.0527
31.2510;-0.0498
31.2520;-0.0527
31.2530;-0.0527
31.2540;-0.0527
31.2550;-0.0557
31.2560;-0.0586
31.2570;-0.0586
31.2580;-0.0586
31.2590;-0.0586
31.2600;-0.0586
31.2610;-0.0586
31.2620;-0.0586
31.2630;-0.0586
31.2640;-0.0586
31.2650;-0.0586
31.2660;-0.0586
31.2670;-0.0557
31.2680;-0.0557
31.2690;-0.0557
31.2700;-0.0557
31.2710;-0.0557
31.2720;-0.0557
31.2730;-0.0557
31.2740;-0.0557
31.2750;-0.0557
31.2760;-0.0557
31.2770;-0.0586
31.2780;-0.0586
31.2790;-0.0586
31.2800;-0.0586
31.2810;-0.0586
31.2820;-0.0586
31.2830;-0.0557
31.2840;-0.0527
31.2850;-0.0527
31.2860;-0.0527
31.2870;-0.0527
31.2880;-0.0498
31.2890;-0.0527
31.2900;-0.0527
31.2910;-0.0527
31.2920;-0.0527
31.2930;-0.0527
31.2940;-0.0527
31.2950;-0.0557
31.2960;-0.0586
31.2970;-0.0586
31.2980;-0.0586
31.2990;-0.0557
31.3000;-0.0527
31.3010;-0.0527
31.3020;-0.0498
31.3030;-0.0498
31.3040;-0.0469
31.3050;-0.0469
31.3060;-0.0439
31.3070;-0.0469
31.3080;-0.0469
31.3090;-0.0469
31.3100;-0.0439
31.3110;-0.0439
31.3120;-0.0381
31.3130;-0.0381
31.3140;-0.0352
31.3150;-0.0352
31.3160;-0.0352
31.3170;-0.0322
31.3180;-0.0322
31.3190;-0.0322
31.3200;-0.0352
31.3210;-0.0352
31.3220;-0.0352
31.3230;-0.0322
31.3240;-0.0322
31.3250;-0.0322
31.3260;-0.0322
31.3270;-0.0293
31.3280;-0.0293
31.3290;-0.0264
31.3300;-0.0264
31.3310;-0.0234
31.3320;-0.0234
31.3330;-0.0234
31.3340;-0.0205
31.3350;-0.0234
31.3360;-0.0234
31.3370;-0.0234
31.3380;-0.0205
31.3390;-0.0205
31.3400;-0.0205
31.3410;-0.0205
31.3420;-0.0205
31.3430;-0.0234
31.3440;-0.0234
31.3450;-0.0234
31.3460;-0.0234
31.3470;-0.0234
31.3480;-0.0205
31.3490;-0.0205
31.3500;-0.0176
31.3510;-0.0176
31.3520;-0.0146
31.3530;-0.0146
31.3540;-0.0146
31.3550;-0.0146
31.3560;-0.0117
31.3570;-0.0117
31.3580;-0.0117
31.3590;-0.0088
31.3600;-0.0059
31.3610;-0.0059
31.3620;-0.0059
31.3630;-0.0029
31.3640;-0.0029
31.3650;0.0000
31.3660;0.0029
31.3670;0.0029
31.3680;0.0029
31.3690;0.0029
31.3700;0.0029
31.3710;0.0059
31.3720;0.0059
31.3730;0.0088
31.3740;0.0117
31.3750;0.0176
31.3760;0.0234
31.3770;0.0293
31.3780;0.0352
31.3790;0.0352
31.3800;0.0410
31.3810;0.0469
31.3820;0.0498
31.3830;0.0586
31.3840;0.0645
31.3850;0.0703
31.3860;0.0732
31.3870;0.0820
31.3880;0.0850
31.3890;0.0879
31.3900;0.0879
31.3910;0.0879
31.3920;0.0850
31.3930;0.0820
31.3940;0.0791
31.3950;0.0791
31.3960;0.0791
31.3970;0.0820
31.3980;0.0850
31.3990;0.0879
31.4000;0.0937
31.4010;0.1025
31.4020;0.1113
31.4030;0.1230
31.4040;0.1348
31.4050;0.1494
31.4060;0.1641
31.4070;0.1816
31.4080;0.1934
31.4090;0.2080
31.4100;0.2197
31.4110;0.2314
31.4120;0.2402
31.4130;0.2461
31.4140;0.2520
31.4150;0.2490
31.4160;0.2461
31.4170;0.2461
31.4180;0.2432
31.4190;0.2402
31.4200;0.2314
31.4210;0.2256
31.4220;0.2139
31.4230;0.2080
31.4240;0.2021
31.4250;0.1934
31.4260;0.1875
31.4270;0.1846
31.4280;0.1816
31.4290;0.1758
31.4300;0.1641
31.4310;0.1582
31.4320;0.1494
31.4330;0.1377
31.4340;0.1289
31.4350;0.1172
31.4360;0.1055
31.4370;0.0967
31.4380;0.0908
31.4390;0.0820
31.4400;0.0732
31.4410;0.0645
31.4420;0.0527
31.4430;0.0410
31.4440;0.0264
31.4450;0.0117
31.4460;0.0000
31.4470;-0.0146
31.4480;-0.0264
31.4490;-0.0381
31.4500;-0.0469
31.4510;-0.0498
31.4520;-0.0527
31.4530;-0.0586
31.4540;-0.0586
31.4550;-0.0615
31.4560;-0.0645
31.4570;-0.0674
31.4580;-0.0674
31.4590;-0.0703
31.4600;-0.0732
31.4610;-0.0762
31.4620;-0.0850
31.4630;-0.0879
31.4640;-0.0908
31.4650;-0.0937
31.4660;-0.0937
31.4670;-0.0937
31.4680;-0.0967
31.4690;-0.0967
31.4700;-0.0996
31.4710;-0.1025
31.4720;-0.1025
31.4730;-0.1025
31.4740;-0.1055
31.4750;-0.1055
31.4760;-0.1084
31.4770;-0.1055
31.4780;-0.1055
31.4790;-0.1084
31.4800;-0.1084
31.4810;-0.1084
31.4820;-0.1084
31.4830;-0.1084
31.4840;-0.1084
31.4850;-0.1084
31.4860;-0.1084
31.4870;-0.1084
31.4880;-0.1113
31.4890;-0.1113
31.4900;-0.1113
31.4910;-0.1113
31.4920;-0.1084
31.4930;-0.1084
31.4940;-0.1084
31.4950;-0.1055
31.4960;-0.1055
31.4970;-0.1055
31.4980;-0.1025
31.4990;-0.0996
31.5000;-0.0967
31.5010;-0.0996
31.5020;-0.0996
31.5030;-0.0996
31.5040;-0.0996
31.5050;-0.0996
31.5060;-0.0996
31.5070;-0.0996
31.5080;-0.0996
31.5090;-0.1055
31.5100;-0.1025
31.5110;-0.1025
31.5120;-0.1025
31.5130;-0.1025
31.5140;-0.0996
31.5150;-0.0996
31.5160;-0.0996
31.5170;-0.0996
31.5180;-0.1055
31.5190;-0.1172
31.5200;-0.1260
31.5210;-0.1377
31.5220;-0.1494
31.5230;-0.1611
31.5240;-0.1699
31.5250;-0.1787
31.5260;-0.1846
31.5270;-0.1875
31.5280;-0.1904
31.5290;-0.1934
31.5300;-0.1963
31.5310;-0.1875
31.5320;-0.1787
31.5330;-0.1699
31.5340;-0.1611
31.5350;-0.1523
31.5360;-0.1406
31.5370;-0.1230
31.5380;-0.1025
31.5390;-0.0732
31.5400;-0.0293
31.5410;0.0176
31.5420;0.0732
31.5430;0.1406
31.5440;0.2227
31.5450;0.3164
31.5460;0.4131
31.5470;0.5068
31.5480;0.5977
31.5490;0.6885
31.5500;0.7793
31.5510;0.8760
31.5520;0.9785
31.5530;1.0811
31.5540;1.1895
31.5550;1.2920
31.5560;1.3945
31.5570;1.4795
31.5580;1.4941
31.5590;1.4941
31.5600;1.4941
31.5610;1.4941
31.5620;1.4941
31.5630;1.4941
31.5640;1.4941
31.5650;1.4941
31.5660;1.4941
31.5670;1.4941
31.5680;1.4941
31.5690;1.4561
31.5700;1.3213
31.5710;1.1807
31.5720;1.0312
31.5730;0.8672
31.5740;0.6973
31.5750;0.5273
31.5760;0.3721
31.5770;0.2285
31.5780;0.0967
31.5790;-0.0205
31.5800;-0.1230
31.5810;-0.2080
31.5820;-0.2783
31.5830;-0.3369
31.5840;-0.3896
31.5850;-0.4395
31.5860;-0.4863
31.5870;-0.5273
31.5880;-0.5625
31.5890;-0.5947
31.5900;-0.6182
31.5910;-0.6387
31.5920;-0.6562
31.5930;-0.6621
31.5940;-0.6621
31.5950;-0.6592
31.5960;-0.6592
31.5970;-0.6562
31.5980;-0.6475
31.5990;-0.6387
31.6000;-0.6299
31.6010;-0.6152
31.6020;-0.6006
31.6030;-0.5859
31.6040;-0.5713
31.6050;-0.5508
31.6060;-0.5273
31.6070;-0.5010
31.6080;-0.4717
31.6090;-0.4453
31.6100;-0.4219
31.6110;-0.3955
31.6120;-0.3721
31.6130;-0.3457
31.6140;-0.3252
31.6150;-0.3047
31.6160;-0.2871
31.6170;-0.2725
31.6180;-0.2607
31.6190;-0.2520
31.6200;-0.2432
31.6210;-0.2344
31.6220;-0.2314
31.6230;-0.2256
31.6240;-0.2168
31.6250;-0.2109
31.6260;-0.2080
31.6270;-0.1992
31.6280;-0.1934
31.6290;-0.1875
31.6300;-0.1846
31.6310;-0.1787
31.6320;-0.1758
31.6330;-0.1670
31.6340;-0.1611
31.6350;-0.1523
31.6360;-0.1465
31.6370;-0.1436
31.6380;-0.1377
31.6390;-0.1348
31.6400;-0.1318
31.6410;-0.1289
31.6420;-0.1260
31.6430;-0.1230
31.6440;-0.1201
31.6450;-0.1172
31.6460;-0.1113
31.6470;-0.1084
31.6480;-0.1025
31.6490;-0.0996
