time_s;EMG_mV
0.0000;0.0226
0.0010;0.1901
0.0020;0.1192
0.0030;0.1063
0.0040;-0.0677
0.0050;-0.1289
0.0060;-0.0645
0.0070;0.1740
0.0080;0.0677
0.0090;-0.0612
0.0100;-0.0677
0.0110;-0.0451
0.0120;-0.0387
0.0130;-0.0580
0.0140;-0.1031
0.0150;-0.0838
0.0160;-0.0419
0.0170;0.0709
0.0180;0.0902
0.0190;-0.1031
0.0200;-0.1096
0.0210;0.0677
0.0220;0.1257
0.0230;0.0645
0.0240;0.1192
0.0250;0.1192
0.0260;-0.0129
0.0270;-0.1676
0.0280;-0.0451
0.0290;0.2804
0.0300;0.3223
0.0310;0.0677
0.0320;0.0709
0.0330;0.1225
0.0340;0.1515
0.0350;-0.2030
0.0360;-0.5156
0.0370;-0.4544
0.0380;-0.4254
0.0390;-0.0902
0.0400;0.0064
0.0410;0.1482
0.0420;0.2095
0.0430;0.2965
0.0440;0.1418
0.0450;0.0193
0.0460;-0.0516
0.0470;-0.1192
0.0480;-0.1063
0.0490;-0.0290
0.0500;-0.0290
0.0510;-0.0838
0.0520;-0.0032
0.0530;0.1579
0.0540;0.2385
0.0550;0.0354
0.0560;0.0612
0.0570;-0.0999
0.0580;-0.1934
0.0590;-0.1257
0.0600;0.0000
0.0610;0.0645
0.0620;0.0258
0.0630;0.0451
0.0640;0.0516
0.0650;-0.0032
0.0660;0.0226
0.0670;0.0193
0.0680;0.0741
0.0690;-0.0677
0.0700;-0.1031
0.0710;-0.0258
0.0720;-0.1192
0.0730;-0.1547
0.0740;-0.1096
0.0750;0.2320
0.0760;0.1708
0.0770;0.2191
0.0780;0.2191
0.0790;0.2288
0.0800;-0.0580
0.0810;-0.0870
0.0820;-0.0161
0.0830;-0.0290
0.0840;0.0129
0.0850;0.1160
0.0860;-0.1096
0.0870;-0.2707
0.0880;-0.2127
0.0890;-0.0580
0.0900;-0.0032
0.0910;0.0097
0.0920;0.0129
0.0930;0.0129
0.0940;0.0129
0.0950;0.0258
0.0960;0.0258
0.0970;-0.0870
0.0980;0.0516
0.0990;0.3416
0.1000;0.3190
0.1010;0.0032
0.1020;-0.1869
0.1030;-0.2417
0.1040;-0.3706
0.1050;-0.0902
0.1060;0.0064
0.1070;-0.0161
0.1080;-0.0097
0.1090;0.0387
0.1100;0.0419
0.1110;0.0161
0.1120;-0.0258
0.1130;0.0032
0.1140;-0.0451
0.1150;0.0258
0.1160;0.0645
0.1170;-0.0064
0.1180;-0.1837
0.1190;-0.0193
0.1200;0.2288
0.1210;0.3577
0.1220;0.1192
0.1230;0.0097
0.1240;0.2159
0.1250;0.0773
0.1260;-0.0741
0.1270;-0.2127
0.1280;-0.1515
0.1290;0.0290
0.1300;0.0741
0.1310;-0.0193
0.1320;-0.0548
0.1330;-0.1611
0.1340;-0.0580
0.1350;-0.0322
0.1360;-0.1611
0.1370;-0.2159
0.1380;-0.1482
0.1390;0.0773
0.1400;0.2546
0.1410;0.1966
0.1420;0.1966
0.1430;0.1128
0.1440;-0.1031
0.1450;-0.2707
0.1460;-0.0612
0.1470;0.1225
0.1480;0.0709
0.1490;-0.1160
0.1500;-0.2159
0.1510;-0.0451
0.1520;0.1547
0.1530;0.1708
0.1540;0.2062
0.1550;0.1998
0.1560;0.0709
0.1570;0.0902
0.1580;-0.0387
0.1590;-0.1160
0.1600;-0.1354
0.1610;-0.0806
0.1620;-0.2191
0.1630;-0.1901
0.1640;-0.0193
0.1650;0.1386
0.1660;-0.0419
0.1670;-0.1128
0.1680;-0.0580
0.1690;0.1289
0.1700;0.2417
0.1710;0.1482
0.1720;0.0258
0.1730;0.0290
0.1740;0.0354
0.1750;0.0548
0.1760;0.0999
0.1770;0.1192
0.1780;-0.3319
0.1790;-0.3642
0.1800;-0.0612
0.1810;0.1096
0.1820;-0.0290
0.1830;-0.0709
0.1840;-0.0483
0.1850;0.0580
0.1860;0.0387
0.1870;0.0516
0.1880;0.0645
0.1890;0.0612
0.1900;0.1386
0.1910;0.1289
0.1920;0.1225
0.1930;0.1063
0.1940;-0.0483
0.1950;-0.3803
0.1960;-0.5446
0.1970;-0.5188
0.1980;-0.2353
0.1990;0.2062
0.2000;0.5253
0.2010;0.4673
0.2020;0.2288
0.2030;0.0580
0.2040;0.0322
0.2050;0.0064
0.2060;-0.0032
0.2070;0.0193
0.2080;-0.0064
0.2090;-0.1031
0.2100;-0.0999
0.2110;-0.0516
0.2120;-0.0290
0.2130;-0.0322
0.2140;-0.1644
0.2150;-0.0838
0.2160;0.1515
0.2170;0.0097
0.2180;-0.1192
0.2190;-0.1063
0.2200;0.2449
0.2210;0.1063
0.2220;-0.1450
0.2230;-0.1450
0.2240;-0.1192
0.2250;-0.0129
0.2260;-0.0483
0.2270;0.1128
0.2280;0.2900
0.2290;0.1998
0.2300;0.1321
0.2310;0.0451
0.2320;-0.0354
0.2330;-0.1031
0.2340;-0.1386
0.2350;-0.1096
0.2360;0.0129
0.2370;0.0967
0.2380;0.1644
0.2390;0.1031
0.2400;0.0612
0.2410;0.0226
0.2420;-0.1031
0.2430;-0.1128
0.2440;-0.1450
0.2450;-0.2643
0.2460;-0.2288
0.2470;-0.1128
0.2480;-0.0322
0.2490;0.2320
0.2500;0.2288
0.2510;0.0387
0.2520;0.0097
0.2530;-0.0258
0.2540;-0.0516
0.2550;-0.0419
0.2560;0.0354
0.2570;-0.0032
0.2580;-0.1257
0.2590;-0.0773
0.2600;0.0419
0.2610;0.2353
0.2620;0.0580
0.2630;-0.1450
0.2640;-0.0258
0.2650;0.1257
0.2660;0.1934
0.2670;0.2578
0.2680;-0.1289
0.2690;-0.3835
0.2700;-0.2900
0.2710;0.0806
0.2720;0.1579
0.2730;0.0548
0.2740;-0.0129
0.2750;-0.0193
0.2760;-0.0806
0.2770;-0.2256
0.2780;-0.1354
0.2790;0.0902
0.2800;0.2159
0.2810;0.4061
0.2820;0.2449
0.2830;0.0483
0.2840;-0.0129
0.2850;-0.0290
0.2860;-0.2417
0.2870;-0.3352
0.2880;-0.1579
0.2890;0.0612
0.2900;0.3996
0.2910;0.2675
0.2920;0.1031
0.2930;-0.0193
0.2940;-0.1966
0.2950;-0.2578
0.2960;-0.1225
0.2970;0.0451
0.2980;0.0516
0.2990;0.0129
0.3000;-0.0548
0.3010;-0.0612
0.3020;-0.0999
0.3030;-0.0999
0.3040;0.0193
0.3050;0.1354
0.3060;0.1096
0.3070;-0.0387
0.3080;-0.1772
0.3090;-0.0967
0.3100;0.1096
0.3110;0.1321
0.3120;0.0516
0.3130;0.0064
0.3140;0.0838
0.3150;0.0000
0.3160;-0.0097
0.3170;0.0161
0.3180;0.0612
0.3190;0.0999
0.3200;0.0548
0.3210;-0.0935
0.3220;-0.2385
0.3230;-0.1289
0.3240;0.1257
0.3250;0.2030
0.3260;-0.0290
0.3270;-0.2643
0.3280;-0.2320
0.3290;-0.0935
0.3300;0.0032
0.3310;0.0226
0.3320;0.2385
0.3330;0.0129
0.3340;0.0129
0.3350;0.1934
0.3360;0.0612
0.3370;0.0000
0.3380;-0.0290
0.3390;-0.0677
0.3400;-0.0258
0.3410;0.0999
0.3420;0.0709
0.3430;-0.0677
0.3440;-0.0193
0.3450;0.0226
0.3460;0.0032
0.3470;-0.0226
0.3480;-0.0226
0.3490;-0.0161
0.3500;0.0354
0.3510;0.0451
0.3520;-0.0064
0.3530;-0.1096
0.3540;-0.0806
0.3550;-0.0161
0.3560;0.0193
0.3570;-0.0032
0.3580;-0.4415
0.3590;-0.5060
0.3600;-0.1289
0.3610;0.3835
0.3620;0.4028
0.3630;0.1096
0.3640;0.2095
0.3650;0.3126
0.3660;0.3029
0.3670;-0.0322
0.3680;-0.1579
0.3690;-0.1515
0.3700;-0.1063
0.3710;-0.0290
0.3720;-0.0322
0.3730;0.0483
0.3740;0.0967
0.3750;0.1031
0.3760;-0.0161
0.3770;-0.3416
0.3780;-0.2159
0.3790;0.1805
0.3800;0.2965
0.3810;0.0870
0.3820;-0.1063
0.3830;-0.1708
0.3840;-0.1644
0.3850;-0.2353
0.3860;0.0322
0.3870;0.1515
0.3880;0.0387
0.3890;-0.3867
0.3900;-0.4802
0.3910;-0.0451
0.3920;0.6026
0.3930;0.5930
0.3940;0.2900
0.3950;-0.0322
0.3960;-0.1031
0.3970;0.0032
0.3980;-0.0419
0.3990;-0.0064
0.4000;-0.0354
0.4010;-0.0064
0.4020;-0.0097
0.4030;-0.0419
0.4040;-0.0773
0.4050;-0.0516
0.4060;-0.0322
0.4070;-0.0354
0.4080;-0.0580
0.4090;-0.1354
0.4100;-0.1547
0.4110;0.1482
0.4120;0.3674
0.4130;0.1257
0.4140;-0.0612
0.4150;-0.0741
0.4160;-0.0161
0.4170;-0.0258
0.4180;0.0354
0.4190;0.1128
0.4200;0.1257
0.4210;0.0064
0.4220;-0.0645
0.4230;-0.1837
0.4240;-0.1096
0.4250;-0.0773
0.4260;-0.1708
0.4270;-0.1096
0.4280;-0.0226
0.4290;0.0451
0.4300;0.0741
0.4310;0.0097
0.4320;-0.0226
0.4330;0.0000
0.4340;0.0999
0.4350;0.0935
0.4360;0.0161
0.4370;0.0193
0.4380;0.0032
0.4390;-0.1966
0.4400;-0.1579
0.4410;0.0064
0.4420;-0.0097
0.4430;-0.0129
0.4440;0.0483
0.4450;0.1128
0.4460;0.3513
0.4470;0.1901
0.4480;-0.1289
0.4490;-0.3223
0.4500;-0.0806
0.4510;0.1837
0.4520;0.1128
0.4530;-0.1160
0.4540;-0.0322
0.4550;0.0773
0.4560;0.1257
0.4570;0.0193
0.4580;0.0967
0.4590;0.1547
0.4600;0.0226
0.4610;-0.1772
0.4620;-0.2353
0.4630;-0.2739
0.4640;-0.2320
0.4650;0.0806
0.4660;0.2320
0.4670;0.2707
0.4680;0.0000
0.4690;-0.0032
0.4700;-0.0999
0.4710;-0.0999
0.4720;-0.1289
0.4730;-0.0741
0.4740;-0.1096
0.4750;0.0064
0.4760;0.1257
0.4770;0.1869
0.4780;0.1772
0.4790;0.0193
0.4800;-0.0258
0.4810;-0.0483
0.4820;-0.0419
0.4830;-0.1676
0.4840;-0.0354
0.4850;0.1450
0.4860;0.2256
0.4870;0.0999
0.4880;-0.0322
0.4890;-0.0677
0.4900;-0.0741
0.4910;-0.0806
0.4920;-0.0419
0.4930;-0.0451
0.4940;0.0097
0.4950;0.0387
0.4960;0.0580
0.4970;0.0741
0.4980;0.0612
0.4990;-0.0129
0.5000;-0.0741
0.5010;-0.0516
0.5020;-0.1418
0.5030;-0.1225
0.5040;-0.0709
0.5050;-0.2707
0.5060;-0.2320
0.5070;0.0097
0.5080;0.0935
0.5090;0.0999
0.5100;0.1063
0.5110;0.2610
0.5120;0.3384
0.5130;0.2610
0.5140;0.0097
0.5150;-0.0548
0.5160;-0.1772
0.5170;-0.2707
0.5180;-0.1772
0.5190;0.1192
0.5200;0.4286
0.5210;0.2320
0.5220;-0.0838
0.5230;-0.1289
0.5240;-0.3803
0.5250;-0.2514
0.5260;0.0999
0.5270;0.2191
0.5280;0.1386
0.5290;0.0483
0.5300;-0.0935
0.5310;-0.3029
0.5320;-0.4705
0.5330;-0.2868
0.5340;0.0612
0.5350;0.2417
0.5360;0.1805
0.5370;0.4737
0.5380;0.2997
0.5390;0.1128
0.5400;0.0258
0.5410;-0.1192
0.5420;-0.1257
0.5430;-0.0612
0.5440;-0.2997
0.5450;-0.3545
0.5460;0.1096
0.5470;0.4608
0.5480;0.3352
0.5490;0.0322
0.5500;-0.1450
0.5510;-0.1901
0.5520;-0.1418
0.5530;-0.0226
0.5540;0.0064
0.5550;0.0161
0.5560;-0.1289
0.5570;-0.0580
0.5580;0.1450
0.5590;0.1354
0.5600;0.0838
0.5610;0.0999
0.5620;0.0483
0.5630;-0.0193
0.5640;-0.0193
0.5650;-0.0612
0.5660;-0.1225
0.5670;-0.0483
0.5680;0.0548
0.5690;0.0451
0.5700;-0.0258
0.5710;-0.0483
0.5720;-0.0451
0.5730;0.0387
0.5740;0.0741
0.5750;-0.0902
0.5760;-0.0806
0.5770;-0.0967
0.5780;-0.2256
0.5790;-0.1966
0.5800;-0.0226
0.5810;0.0677
0.5820;0.1772
0.5830;0.1354
0.5840;0.2159
0.5850;0.0354
0.5860;-0.2997
0.5870;-0.0548
0.5880;0.3223
0.5890;0.4963
0.5900;0.2385
0.5910;-0.1772
0.5920;-0.2578
0.5930;-0.1031
0.5940;-0.0612
0.5950;-0.1354
0.5960;-0.0419
0.5970;0.1225
0.5980;0.0645
0.5990;-0.0161
0.6000;0.0064
0.6010;0.0354
0.6020;-0.0161
0.6030;-0.0516
0.6040;-0.2191
0.6050;-0.4286
0.6060;-0.5607
0.6070;0.0226
0.6080;0.5221
0.6090;0.4673
0.6100;0.1676
0.6110;0.0290
0.6120;-0.2062
0.6130;-0.2707
0.6140;-0.0322
0.6150;0.2320
0.6160;0.4318
0.6170;0.2804
0.6180;0.0741
0.6190;-0.0097
0.6200;-0.0322
0.6210;-0.0226
0.6220;-0.0645
0.6230;-0.0097
0.6240;0.0419
0.6250;-0.0516
0.6260;-0.1708
0.6270;-0.1644
0.6280;-0.1837
0.6290;-0.1128
0.6300;-0.0032
0.6310;0.1450
0.6320;0.1160
0.6330;0.0387
0.6340;-0.1096
0.6350;-0.1644
0.6360;-0.1869
0.6370;-0.0806
0.6380;-0.2030
0.6390;-0.0967
0.6400;0.0451
0.6410;0.2675
0.6420;0.4125
0.6430;0.3352
0.6440;0.1386
0.6450;0.0226
0.6460;-0.0419
0.6470;-0.0677
0.6480;-0.0548
0.6490;-0.0483
0.6500;-0.0516
0.6510;-0.0580
0.6520;-0.0290
0.6530;-0.0419
0.6540;-0.1257
0.6550;-0.0806
0.6560;-0.0161
0.6570;-0.0226
0.6580;0.0032
0.6590;0.0419
0.6600;0.1128
0.6610;0.0612
0.6620;0.0129
0.6630;0.0000
0.6640;-0.0322
0.6650;0.0741
0.6660;0.1321
0.6670;0.0645
0.6680;-0.0290
0.6690;-0.1128
0.6700;-0.1515
0.6710;-0.2385
0.6720;-0.1579
0.6730;0.1289
0.6740;-0.0612
0.6750;-0.1869
0.6760;-0.0354
0.6770;0.1611
0.6780;0.0838
0.6790;-0.1063
0.6800;0.0032
0.6810;0.1482
0.6820;0.1418
0.6830;-0.1160
0.6840;-0.2062
0.6850;0.0000
0.6860;0.5350
0.6870;0.3803
0.6880;0.0645
0.6890;-0.0097
0.6900;0.0226
0.6910;0.0709
0.6920;-0.0322
0.6930;-0.2030
0.6940;-0.1869
0.6950;-0.1257
0.6960;-0.1386
0.6970;-0.2127
0.6980;-0.0806
0.6990;0.0419
0.7000;0.2578
0.7010;0.1418
0.7020;0.0226
0.7030;-0.0032
0.7040;-0.0806
0.7050;-0.0838
0.7060;-0.0548
0.7070;-0.0548
0.7080;0.0645
0.7090;0.0806
0.7100;0.0387
0.7110;-0.0258
0.7120;-0.0902
0.7130;-0.0677
0.7140;-0.0580
0.7150;0.0580
0.7160;0.0902
0.7170;0.0709
0.7180;0.1160
0.7190;0.0290
0.7200;-0.1708
0.7210;-0.0258
0.7220;0.1998
0.7230;0.1869
0.7240;-0.0935
0.7250;-0.2578
0.7260;-0.3062
0.7270;-0.0483
0.7280;0.1579
0.7290;0.0709
0.7300;-0.0258
0.7310;-0.0193
0.7320;0.0967
0.7330;0.0773
0.7340;0.0935
0.7350;-0.0516
0.7360;-0.1063
0.7370;-0.1611
0.7380;-0.0806
0.7390;0.0967
0.7400;0.2707
0.7410;0.1805
0.7420;0.0387
0.7430;-0.0322
0.7440;-0.0999
0.7450;-0.1289
0.7460;-0.0290
0.7470;0.0580
0.7480;0.0097
0.7490;-0.0548
0.7500;0.0258
0.7510;0.0000
0.7520;-0.0967
0.7530;-0.0226
0.7540;0.0161
0.7550;0.0645
0.7560;0.1096
0.7570;0.1257
0.7580;-0.0129
0.7590;-0.2062
0.7600;-0.2546
0.7610;-0.3642
0.7620;-0.2997
0.7630;0.0483
0.7640;0.2771
0.7650;0.3706
0.7660;0.0451
0.7670;0.0032
0.7680;-0.1450
0.7690;-0.0483
0.7700;0.1418
0.7710;0.3062
0.7720;0.2030
0.7730;0.0580
0.7740;-0.0097
0.7750;-0.0548
0.7760;-0.0419
0.7770;-0.1676
0.7780;-0.0387
0.7790;0.0741
0.7800;0.1096
0.7810;0.0032
0.7820;-0.0645
0.7830;-0.0612
0.7840;-0.0483
0.7850;-0.0419
0.7860;-0.0354
0.7870;-0.0709
0.7880;-0.0999
0.7890;-0.1354
0.7900;-0.0806
0.7910;-0.0193
0.7920;0.1547
0.7930;0.2417
0.7940;0.1386
0.7950;0.0741
0.7960;0.1192
0.7970;-0.0580
0.7980;-0.2191
0.7990;-0.1031
0.8000;-0.0902
0.8010;-0.2224
0.8020;-0.1772
0.8030;0.0806
0.8040;0.0806
0.8050;-0.0419
0.8060;0.1482
0.8070;0.2707
0.8080;0.0741
0.8090;-0.1225
0.8100;0.0870
0.8110;0.0967
0.8120;0.0322
0.8130;0.0032
0.8140;0.0226
0.8150;-0.0580
0.8160;-0.2449
0.8170;-0.2191
0.8180;0.0838
0.8190;0.2739
0.8200;0.0902
0.8210;0.0548
0.8220;0.0097
0.8230;-0.1482
0.8240;-0.0516
0.8250;0.0902
0.8260;0.1321
0.8270;0.0000
0.8280;-0.0645
0.8290;-0.1676
0.8300;-0.2353
0.8310;-0.1031
0.8320;0.0773
0.8330;0.2546
0.8340;0.0935
0.8350;0.0548
0.8360;0.0000
0.8370;-0.0419
0.8380;-0.0612
0.8390;-0.0032
0.8400;0.0097
0.8410;0.0773
0.8420;-0.0516
0.8430;-0.1482
0.8440;0.0354
0.8450;0.1740
0.8460;0.1257
0.8470;-0.0387
0.8480;-0.0322
0.8490;-0.2127
0.8500;-0.1934
0.8510;-0.1128
0.8520;0.1805
0.8530;0.1644
0.8540;0.0129
0.8550;-0.1579
0.8560;-0.2191
0.8570;-0.1450
0.8580;0.1805
0.8590;0.3771
0.8600;0.2900
0.8610;0.0967
0.8620;-0.0097
0.8630;-0.1096
0.8640;-0.0677
0.8650;-0.0451
0.8660;-0.0645
0.8670;-0.2191
0.8680;-0.1482
0.8690;0.0193
0.8700;0.0935
0.8710;0.1805
0.8720;0.2159
0.8730;0.0902
0.8740;-0.0483
0.8750;-0.1450
0.8760;-0.1708
0.8770;-0.0387
0.8780;-0.1611
0.8790;-0.2062
0.8800;-0.2191
0.8810;0.0580
0.8820;0.1579
0.8830;0.2868
0.8840;0.1708
0.8850;0.0709
0.8860;-0.0064
0.8870;-0.0032
0.8880;0.0032
0.8890;0.0226
0.8900;-0.0097
0.8910;-0.1225
0.8920;-0.0902
0.8930;0.0451
0.8940;0.1386
0.8950;-0.0516
0.8960;-0.3416
0.8970;-0.2514
0.8980;0.2449
0.8990;0.1934
0.9000;-0.0580
0.9010;-0.3223
0.9020;-0.0516
0.9030;0.2578
0.9040;0.4061
0.9050;0.2836
0.9060;0.0548
0.9070;-0.2127
0.9080;-0.1869
0.9090;-0.1418
0.9100;-0.0032
0.9110;0.0645
0.9120;0.1482
0.9130;0.0999
0.9140;-0.0064
0.9150;-0.0322
0.9160;-0.0548
0.9170;-0.2417
0.9180;-0.3094
0.9190;-0.0548
0.9200;0.3126
0.9210;0.2320
0.9220;0.0999
0.9230;-0.0645
0.9240;-0.1321
0.9250;-0.1966
0.9260;0.1225
0.9270;0.0741
0.9280;0.0161
0.9290;0.0322
0.9300;0.0645
0.9310;0.0612
0.9320;0.0193
0.9330;-0.0645
0.9340;-0.2159
0.9350;-0.1966
0.9360;0.0580
0.9370;0.1611
0.9380;-0.0354
0.9390;-0.0741
0.9400;-0.0387
0.9410;0.1192
0.9420;0.1031
0.9430;0.0419
0.9440;0.0516
0.9450;0.0032
0.9460;-0.0290
0.9470;-0.1031
0.9480;-0.1321
0.9490;-0.0709
0.9500;-0.0387
0.9510;0.0612
0.9520;0.1676
0.9530;0.1063
0.9540;0.0258
0.9550;-0.0677
0.9560;-0.0290
0.9570;0.0193
0.9580;-0.0645
0.9590;-0.2449
0.9600;-0.2643
0.9610;-0.1772
0.9620;0.1386
0.9630;0.3899
0.9640;0.3996
0.9650;0.0129
0.9660;-0.1160
0.9670;-0.0322
0.9680;0.0902
0.9690;-0.1096
0.9700;-0.1321
0.9710;-0.1450
0.9720;0.1289
0.9730;0.2675
0.9740;0.1837
0.9750;-0.0064
0.9760;-0.0806
0.9770;-0.1676
0.9780;-0.1708
0.9790;-0.1063
0.9800;0.0773
0.9810;-0.0193
0.9820;-0.0322
0.9830;0.0387
0.9840;0.1450
0.9850;0.1257
0.9860;-0.0967
0.9870;-0.1354
0.9880;-0.0645
0.9890;0.0773
0.9900;0.0483
0.9910;0.0902
0.9920;0.0258
0.9930;-0.1321
0.9940;-0.1676
0.9950;-0.0290
0.9960;0.2127
0.9970;0.0967
0.9980;-0.2836
0.9990;-0.3029
1.0000;0.1063
1.0010;0.2546
1.0020;0.3996
1.0030;0.0000
1.0040;-0.1225
1.0050;-0.0129
1.0060;0.1063
1.0070;0.0129
1.0080;-0.0064
1.0090;-0.0483
1.0100;-0.0516
1.0110;0.0129
1.0120;-0.0645
1.0130;-0.2771
1.0140;-0.3642
1.0150;0.0483
1.0160;0.2481
1.0170;0.3223
1.0180;-0.0548
1.0190;-0.1225
1.0200;0.0226
1.0210;0.1386
1.0220;0.0645
1.0230;-0.0645
1.0240;-0.0451
1.0250;0.0064
1.0260;0.0516
1.0270;-0.1063
1.0280;-0.1257
1.0290;0.0709
1.0300;0.1418
1.0310;0.0483
1.0320;-0.1192
1.0330;-0.0935
1.0340;0.0451
1.0350;0.0322
1.0360;0.0000
1.0370;-0.0451
1.0380;-0.2159
1.0390;-0.3513
1.0400;-0.1740
1.0410;0.5317
1.0420;0.4318
1.0430;0.1966
1.0440;0.0516
1.0450;-0.0226
1.0460;-0.0483
1.0470;-0.1676
1.0480;-0.2256
1.0490;-0.1998
1.0500;0.1482
1.0510;0.2224
1.0520;0.0709
1.0530;-0.0612
1.0540;0.0645
1.0550;-0.0838
1.0560;-0.6413
1.0570;-0.8991
1.0580;-0.4544
1.0590;-0.0387
1.0600;0.2933
1.0610;0.1321
1.0620;1.0055
1.0630;1.0441
1.0640;0.5543
1.0650;0.1321
1.0660;-0.0806
1.0670;-0.1515
1.0680;-0.0967
1.0690;-0.0838
1.0700;-0.1289
1.0710;-0.1128
1.0720;-0.0516
1.0730;-0.0354
1.0740;-0.0258
1.0750;-0.1547
1.0760;-0.1418
1.0770;-0.1837
1.0780;-0.0806
1.0790;0.0161
1.0800;0.0032
1.0810;-0.0129
1.0820;-0.0516
1.0830;-0.1289
1.0840;-0.1063
1.0850;0.2062
1.0860;0.1611
1.0870;-0.0354
1.0880;-0.0387
1.0890;0.1869
1.0900;0.1837
1.0910;0.0645
1.0920;-0.0419
1.0930;-0.0645
1.0940;-0.0580
1.0950;-0.0193
1.0960;-0.0097
1.0970;-0.0967
1.0980;-0.3255
1.0990;-0.4189
1.1000;-0.0870
1.1010;0.4770
1.1020;0.3609
1.1030;0.0870
1.1040;0.0773
1.1050;-0.0387
1.1060;-0.0516
1.1070;-0.0516
1.1080;0.0741
1.1090;0.1063
1.1100;-0.2030
1.1110;-0.2610
1.1120;-0.0258
1.1130;0.2159
1.1140;0.0773
1.1150;0.0097
1.1160;0.0548
1.1170;0.0387
1.1180;0.0612
1.1190;0.0419
1.1200;-0.0226
1.1210;-0.0967
1.1220;-0.0935
1.1230;-0.0870
1.1240;-0.0322
1.1250;0.0290
1.1260;0.0290
1.1270;0.0354
1.1280;-0.0580
1.1290;-0.1160
1.1300;-0.0161
1.1310;0.0064
1.1320;0.0516
1.1330;0.1031
1.1340;0.0258
1.1350;-0.2997
1.1360;-0.6059
1.1370;-0.0741
1.1380;0.6220
1.1390;0.4737
1.1400;0.0806
1.1410;-0.1934
1.1420;-0.1482
1.1430;0.0612
1.1440;0.0773
1.1450;-0.0806
1.1460;-0.0129
1.1470;0.3190
1.1480;-0.0161
1.1490;-0.1644
1.1500;-0.1837
1.1510;-0.2385
1.1520;-0.2191
1.1530;0.4512
1.1540;0.3867
1.1550;0.1482
1.1560;-0.0226
1.1570;-0.1160
1.1580;-0.1192
1.1590;0.0097
1.1600;0.0064
1.1610;-0.1676
1.1620;-0.1611
1.1630;0.0580
1.1640;0.1998
1.1650;0.0516
1.1660;-0.0838
1.1670;-0.3126
1.1680;-0.3384
1.1690;0.0258
1.1700;0.2804
1.1710;0.3352
1.1720;0.1901
1.1730;0.0483
1.1740;-0.0032
1.1750;-0.0226
1.1760;-0.0999
1.1770;-0.1063
1.1780;-0.0064
1.1790;0.0548
1.1800;-0.0645
1.1810;-0.1805
1.1820;-0.2320
1.1830;-0.0226
1.1840;0.3771
1.1850;0.2417
1.1860;0.0258
1.1870;-0.0193
1.1880;-0.0645
1.1890;-0.0741
1.1900;-0.1450
1.1910;-0.0258
1.1920;-0.1966
1.1930;-0.1805
1.1940;-0.0773
1.1950;0.3803
1.1960;0.2675
1.1970;0.0226
1.1980;-0.0322
1.1990;-0.0354
1.2000;-0.0064
1.2010;-0.0129
1.2020;-0.0419
1.2030;-0.0967
1.2040;-0.1837
1.2050;-0.0935
1.2060;0.1450
1.2070;0.1611
1.2080;-0.1192
1.2090;-0.1257
1.2100;0.1063
1.2110;0.2030
1.2120;0.1063
1.2130;-0.0516
1.2140;-0.1450
1.2150;-0.1450
1.2160;0.0483
1.2170;0.1418
1.2180;0.1192
1.2190;-0.0516
1.2200;-0.1160
1.2210;-0.0548
1.2220;0.0741
1.2230;-0.0935
1.2240;-0.0483
1.2250;0.0580
1.2260;0.3319
1.2270;0.0935
1.2280;-0.0419
1.2290;-0.0967
1.2300;-0.0419
1.2310;-0.0064
1.2320;-0.0064
1.2330;-0.0451
1.2340;-0.0129
1.2350;-0.0806
1.2360;-0.4222
1.2370;-0.4286
1.2380;0.1482
1.2390;0.3384
1.2400;0.3867
1.2410;0.1611
1.2420;0.0258
1.2430;-0.0290
1.2440;-0.0709
1.2450;-0.1998
1.2460;-0.2095
1.2470;-0.0097
1.2480;0.2191
1.2490;0.0870
1.2500;0.0516
1.2510;0.0032
1.2520;0.0097
1.2530;-0.0516
1.2540;-0.1579
1.2550;-0.1160
1.2560;0.1289
1.2570;0.2095
1.2580;0.1386
1.2590;-0.0516
1.2600;-0.1257
1.2610;-0.0580
1.2620;-0.0580
1.2630;-0.1611
1.2640;-0.2062
1.2650;0.0097
1.2660;0.1869
1.2670;0.2191
1.2680;0.1257
1.2690;0.1192
1.2700;-0.0999
1.2710;-0.2578
1.2720;-0.1096
1.2730;-0.1031
1.2740;0.2353
1.2750;0.1160
1.2760;-0.0258
1.2770;0.1160
1.2780;0.1289
1.2790;-0.0645
1.2800;-0.1740
1.2810;-0.2159
1.2820;-0.0870
1.2830;0.1676
1.2840;0.1515
1.2850;0.0967
1.2860;0.0548
1.2870;-0.0967
1.2880;-0.0999
1.2890;0.0258
1.2900;0.0064
1.2910;-0.1160
1.2920;-0.2159
1.2930;-0.1579
1.2940;0.0580
1.2950;0.1644
1.2960;0.1386
1.2970;0.0064
1.2980;0.0097
1.2990;0.0935
1.3000;0.0612
1.3010;0.1289
1.3020;0.0387
1.3030;-0.0870
1.3040;-0.0645
1.3050;-0.0773
1.3060;-0.1837
1.3070;-0.1676
1.3080;0.0290
1.3090;0.1192
1.3100;0.0354
1.3110;-0.0290
1.3120;0.0129
1.3130;0.0483
1.3140;-0.0548
1.3150;-0.1644
1.3160;-0.1869
1.3170;-0.0483
1.3180;0.1257
1.3190;0.3319
1.3200;0.1547
1.3210;0.0387
1.3220;0.0935
1.3230;0.0032
1.3240;-0.0161
1.3250;-0.0516
1.3260;-0.0064
1.3270;-0.0354
1.3280;-0.1096
1.3290;-0.0612
1.3300;0.0064
1.3310;0.0258
1.3320;-0.1418
1.3330;-0.1063
1.3340;-0.0645
1.3350;-0.0483
1.3360;-0.0677
1.3370;0.0999
1.3380;0.3577
1.3390;0.2739
1.3400;0.0709
1.3410;-0.0612
1.3420;-0.2062
1.3430;-0.1128
1.3440;0.0806
1.3450;0.0999
1.3460;-0.0032
1.3470;-0.0999
1.3480;-0.1225
1.3490;-0.0548
1.3500;-0.0226
1.3510;-0.0967
1.3520;-0.0322
1.3530;0.1321
1.3540;0.1579
1.3550;0.0161
1.3560;-0.1644
1.3570;-0.0226
1.3580;0.0870
1.3590;0.2256
1.3600;0.0032
1.3610;-0.0612
1.3620;-0.1515
1.3630;-0.1515
1.3640;-0.2804
1.3650;-0.2546
1.3660;0.2514
1.3670;0.5188
1.3680;0.3255
1.3690;0.0290
1.3700;-0.0226
1.3710;-0.0902
1.3720;-0.0226
1.3730;-0.0226
1.3740;-0.2224
1.3750;-0.2707
1.3760;-0.0838
1.3770;0.1515
1.3780;0.1096
1.3790;0.1772
1.3800;0.1063
1.3810;0.0290
1.3820;-0.0451
1.3830;-0.0580
1.3840;-0.0516
1.3850;-0.0902
1.3860;-0.1031
1.3870;-0.0258
1.3880;0.1160
1.3890;-0.0097
1.3900;-0.0516
1.3910;0.0097
1.3920;0.1096
1.3930;0.0709
1.3940;-0.0161
1.3950;-0.0999
1.3960;-0.3062
1.3970;-0.2320
1.3980;0.1966
1.3990;0.3545
1.4000;0.0999
1.4010;-0.2546
1.4020;-0.3223
1.4030;0.1515
1.4040;0.3674
1.4050;0.2610
1.4060;0.0548
1.4070;-0.2965
1.4080;-0.3577
1.4090;-0.0419
1.4100;0.1998
1.4110;0.3352
1.4120;0.1515
1.4130;-0.0032
1.4140;-0.0548
1.4150;-0.1128
1.4160;-0.0935
1.4170;-0.0226
1.4180;0.0064
1.4190;-0.0580
1.4200;-0.0741
1.4210;-0.0516
1.4220;0.0999
1.4230;0.0709
1.4240;-0.0806
1.4250;-0.0709
1.4260;0.0354
1.4270;-0.0419
1.4280;-0.0645
1.4290;-0.1289
1.4300;-0.0290
1.4310;0.1096
1.4320;0.1547
1.4330;0.1063
1.4340;0.0258
1.4350;0.0064
1.4360;-0.0064
1.4370;-0.0419
1.4380;-0.0258
1.4390;-0.0483
1.4400;-0.0612
1.4410;-0.0226
1.4420;0.0709
1.4430;-0.0548
1.4440;-0.1031
1.4450;-0.0999
1.4460;-0.0258
1.4470;0.0580
1.4480;0.0935
1.4490;-0.0483
1.4500;-0.0935
1.4510;0.1644
1.4520;0.0290
1.4530;-0.0741
1.4540;-0.1547
1.4550;0.2095
1.4560;0.2610
1.4570;-0.0387
1.4580;-0.1515
1.4590;0.0773
1.4600;0.1547
1.4610;0.0999
1.4620;0.0322
1.4630;-0.0419
1.4640;-0.0419
1.4650;-0.1031
1.4660;-0.0580
1.4670;-0.2578
1.4680;-0.2320
1.4690;0.1063
1.4700;0.2062
1.4710;0.0354
1.4720;-0.0516
1.4730;0.0258
1.4740;0.0806
1.4750;0.2159
1.4760;0.0354
1.4770;-0.0580
1.4780;-0.0322
1.4790;-0.0838
1.4800;-0.0387
1.4810;-0.1031
1.4820;-0.0773
1.4830;-0.0902
1.4840;-0.0838
1.4850;0.0032
1.4860;0.1515
1.4870;0.2997
1.4880;0.0290
1.4890;-0.1160
1.4900;-0.0806
1.4910;0.0548
1.4920;0.1128
1.4930;-0.0870
1.4940;-0.1289
1.4950;-0.0870
1.4960;-0.0258
1.4970;0.1128
1.4980;0.1901
1.4990;0.0999
1.5000;-0.0258
1.5010;-0.1031
1.5020;-0.1096
1.5030;0.0258
1.5040;0.1772
1.5050;0.0290
1.5060;-0.3287
1.5070;-0.2353
1.5080;0.1482
1.5090;0.2288
1.5100;0.0967
1.5110;-0.1128
1.5120;-0.1934
1.5130;-0.0612
1.5140;0.2933
1.5150;0.3384
1.5160;0.0129
1.5170;-0.2127
1.5180;-0.0838
1.5190;-0.1289
1.5200;-0.0193
1.5210;0.0870
1.5220;0.0773
1.5230;0.0226
1.5240;-0.0709
1.5250;-0.1354
1.5260;-0.2256
1.5270;-0.1837
1.5280;0.0773
1.5290;0.2514
1.5300;0.1837
1.5310;0.0773
1.5320;-0.0483
1.5330;-0.0129
1.5340;0.0451
1.5350;0.0064
1.5360;-0.0032
1.5370;-0.0032
1.5380;-0.0226
1.5390;-0.0097
1.5400;-0.0129
1.5410;-0.0161
1.5420;-0.0064
1.5430;-0.0097
1.5440;0.0032
1.5450;-0.0032
1.5460;0.0000
1.5470;0.0032
1.5480;0.0000
1.5490;0.0097
1.5500;0.0032
1.5510;-0.0097
1.5520;-0.0032
1.5530;-0.1192
1.5540;-0.1772
1.5550;-0.1676
1.5560;-0.1676
1.5570;-0.4576
1.5580;-0.2965
1.5590;0.2449
1.5600;0.8282
1.5610;0.6542
1.5620;0.0193
1.5630;-0.1611
1.5640;0.0902
1.5650;0.1515
1.5660;0.1096
1.5670;0.1321
1.5680;0.0741
1.5690;-0.0290
1.5700;-0.1482
1.5710;-0.0999
1.5720;-0.2288
1.5730;-0.1805
1.5740;0.0645
1.5750;0.2030
1.5760;-0.0226
1.5770;-0.1869
1.5780;-0.2288
1.5790;-0.0580
1.5800;0.0516
1.5810;0.0097
1.5820;-0.0451
1.5830;-0.0677
1.5840;-0.0387
1.5850;-0.0161
1.5860;0.0290
1.5870;0.0226
1.5880;0.0193
1.5890;0.0258
1.5900;0.0290
1.5910;0.0193
1.5920;0.0161
1.5930;0.0129
1.5940;0.0161
1.5950;0.0097
1.5960;0.0129
1.5970;0.0032
1.5980;0.0064
1.5990;0.0097
1.6000;0.0097
1.6010;0.0000
1.6020;0.0032
1.6030;-0.0032
1.6040;-0.0032
1.6050;-0.0161
1.6060;0.0032
1.6070;-0.0677
1.6080;-0.1644
1.6090;-0.2900
1.6100;-0.4318
1.6110;-0.2804
1.6120;0.2836
1.6130;0.2417
1.6140;0.2514
1.6150;0.3319
1.6160;0.3545
1.6170;0.3448
1.6180;0.0645
1.6190;-0.2868
1.6200;-0.2804
1.6210;0.1289
1.6220;0.1450
1.6230;0.0419
1.6240;0.0354
1.6250;-0.3609
1.6260;-0.6091
1.6270;-0.0064
1.6280;0.2868
1.6290;0.2868
1.6300;0.1708
1.6310;-0.0258
1.6320;0.1128
1.6330;0.2320
1.6340;0.0387
1.6350;-0.1450
1.6360;-0.1901
1.6370;-0.0967
1.6380;-0.0290
1.6390;-0.0064
1.6400;-0.0258
1.6410;-0.0580
1.6420;-0.0258
1.6430;0.0000
1.6440;-0.0902
1.6450;-0.0516
1.6460;0.0580
1.6470;0.0387
1.6480;0.0387
1.6490;0.0580
1.6500;-0.0032
1.6510;-0.0387
1.6520;0.0161
1.6530;0.0000
1.6540;-0.2385
1.6550;-0.2739
1.6560;0.0806
1.6570;0.2191
1.6580;0.1579
1.6590;0.0838
1.6600;0.0000
1.6610;-0.0935
1.6620;0.0161
1.6630;0.0129
1.6640;-0.0516
1.6650;-0.1354
1.6660;-0.0773
1.6670;-0.0161
1.6680;0.1096
1.6690;0.1998
1.6700;0.2449
1.6710;0.1257
1.6720;-0.0709
1.6730;-0.0483
1.6740;-0.2224
1.6750;-0.2771
1.6760;0.0580
1.6770;0.3609
1.6780;0.1354
1.6790;-0.0516
1.6800;-0.1515
1.6810;-0.0516
1.6820;-0.1063
1.6830;-0.0645
1.6840;0.0580
1.6850;0.1096
1.6860;0.0999
1.6870;-0.0322
1.6880;-0.0419
1.6890;-0.1321
1.6900;-0.1386
1.6910;-0.0677
1.6920;0.0226
1.6930;0.0741
1.6940;0.2224
1.6950;0.0483
1.6960;-0.0612
1.6970;0.0064
1.6980;0.1257
1.6990;0.0483
1.7000;-0.1031
1.7010;-0.1547
1.7020;-0.0580
1.7030;0.0806
1.7040;-0.0548
1.7050;-0.0032
1.7060;0.1482
1.7070;-0.1257
1.7080;-0.3126
1.7090;-0.1192
1.7100;0.1321
1.7110;0.0645
1.7120;-0.0838
1.7130;-0.0612
1.7140;0.1934
1.7150;0.3255
1.7160;0.2030
1.7170;0.0097
1.7180;-0.0773
1.7190;-0.0387
1.7200;-0.0387
1.7210;-0.0032
1.7220;0.0258
1.7230;-0.1063
1.7240;-0.1515
1.7250;-0.1837
1.7260;-0.0226
1.7270;0.1482
1.7280;0.0451
1.7290;-0.0354
1.7300;0.0000
1.7310;-0.2288
1.7320;-0.4061
1.7330;0.3416
1.7340;0.6349
1.7350;0.1257
1.7360;-0.0032
1.7370;-0.0516
1.7380;-0.0516
1.7390;-0.0193
1.7400;-0.0483
1.7410;-0.0451
1.7420;-0.0806
1.7430;-0.1386
1.7440;-0.0580
1.7450;0.1128
1.7460;0.1418
1.7470;-0.0419
1.7480;-0.2288
1.7490;-0.3126
1.7500;-0.0451
1.7510;0.3158
1.7520;0.3899
1.7530;0.1450
1.7540;-0.1031
1.7550;-0.1289
1.7560;0.0000
1.7570;0.0677
1.7580;-0.1225
1.7590;-0.1063
1.7600;-0.0806
1.7610;0.0516
1.7620;0.0322
1.7630;0.1192
1.7640;0.0677
1.7650;-0.0419
1.7660;-0.0999
1.7670;-0.1257
1.7680;-0.1547
1.7690;-0.0161
1.7700;-0.0354
1.7710;0.1289
1.7720;0.2771
1.7730;0.1579
1.7740;-0.0129
1.7750;-0.0226
1.7760;0.0161
1.7770;0.0226
1.7780;-0.1096
1.7790;-0.0419
1.7800;0.0773
1.7810;0.0773
1.7820;-0.1515
1.7830;-0.2385
1.7840;-0.1128
1.7850;0.1321
1.7860;-0.0097
1.7870;0.0773
1.7880;-0.0580
1.7890;-0.1515
1.7900;-0.2868
1.7910;-0.3352
1.7920;-0.0129
1.7930;0.4157
1.7940;0.5414
1.7950;0.2030
1.7960;0.0516
1.7970;0.0483
1.7980;0.0226
1.7990;-0.0483
1.8000;-0.0612
1.8010;-0.0870
1.8020;-0.1644
1.8030;-0.1225
1.8040;-0.0838
1.8050;-0.0548
1.8060;0.0000
1.8070;0.0419
1.8080;0.0354
1.8090;0.0612
1.8100;0.1225
1.8110;0.0097
1.8120;-0.0741
1.8130;-0.1321
1.8140;0.0451
1.8150;0.1063
1.8160;0.0387
1.8170;0.0129
1.8180;0.0483
1.8190;0.0290
1.8200;-0.0548
1.8210;0.0773
1.8220;0.1805
1.8230;0.0580
1.8240;-0.0741
1.8250;-0.1063
1.8260;-0.0387
1.8270;-0.0741
1.8280;-0.1160
1.8290;-0.0838
1.8300;-0.0870
1.8310;-0.0258
1.8320;0.1257
1.8330;0.1644
1.8340;0.0451
1.8350;-0.1031
1.8360;-0.1482
1.8370;0.0000
1.8380;0.0290
1.8390;0.0226
1.8400;0.0161
1.8410;-0.0064
1.8420;-0.0097
1.8430;-0.0226
1.8440;-0.0032
1.8450;0.0161
1.8460;-0.0064
1.8470;0.0000
1.8480;-0.0967
1.8490;-0.1869
1.8500;-0.4737
1.8510;-0.3319
1.8520;0.2997
1.8530;0.7541
1.8540;0.4415
1.8550;-0.0161
1.8560;-0.1096
1.8570;-0.0032
1.8580;0.2417
1.8590;-0.0226
1.8600;-0.4673
1.8610;-0.4608
1.8620;0.0806
1.8630;0.4898
1.8640;0.5317
1.8650;0.1644
1.8660;-0.2062
1.8670;-0.2224
1.8680;-0.1257
1.8690;-0.0806
1.8700;-0.0773
1.8710;-0.0354
1.8720;-0.0064
1.8730;0.0032
1.8740;0.0483
1.8750;0.0258
1.8760;0.0226
1.8770;-0.0064
1.8780;-0.0838
1.8790;-0.0612
1.8800;-0.0322
1.8810;-0.0226
1.8820;-0.0161
1.8830;-0.0161
1.8840;0.0193
1.8850;0.0516
1.8860;0.0483
1.8870;-0.0032
1.8880;-0.1869
1.8890;-0.1450
1.8900;0.1160
1.8910;0.1321
1.8920;-0.0064
1.8930;-0.0387
1.8940;-0.0483
1.8950;-0.0161
1.8960;0.0419
1.8970;0.0387
1.8980;-0.0129
1.8990;0.0419
1.9000;0.1257
1.9010;0.2804
1.9020;-0.0741
1.9030;-0.2481
1.9040;-0.0741
1.9050;0.2385
1.9060;0.1805
1.9070;-0.0193
1.9080;-0.1160
1.9090;-0.0483
1.9100;-0.0451
1.9110;0.0161
1.9120;0.0387
1.9130;-0.0032
1.9140;-0.0580
1.9150;-0.0419
1.9160;-0.0516
1.9170;0.0097
1.9180;-0.1418
1.9190;-0.3126
1.9200;-0.0419
1.9210;0.3352
1.9220;0.2933
1.9230;0.0741
1.9240;-0.0322
1.9250;-0.0483
1.9260;0.0032
1.9270;0.0258
1.9280;-0.0322
1.9290;-0.0548
1.9300;-0.0064
1.9310;-0.0032
1.9320;0.0064
1.9330;-0.0516
1.9340;-0.0806
1.9350;0.0548
1.9360;0.0258
1.9370;-0.0483
1.9380;-0.0129
1.9390;-0.0032
1.9400;-0.0419
1.9410;-0.1031
1.9420;-0.0612
1.9430;0.0483
1.9440;0.0677
1.9450;0.0419
1.9460;-0.0226
1.9470;0.0516
1.9480;0.1128
1.9490;0.0226
1.9500;-0.1257
1.9510;-0.1418
1.9520;0.0290
1.9530;0.0967
1.9540;-0.0226
1.9550;0.0645
1.9560;0.0902
1.9570;0.1031
1.9580;-0.0999
1.9590;-0.2127
1.9600;-0.0612
1.9610;0.0226
1.9620;-0.0032
1.9630;-0.0741
1.9640;0.2836
1.9650;0.1998
1.9660;0.0773
1.9670;0.0612
1.9680;-0.0451
1.9690;-0.0516
1.9700;0.0612
1.9710;0.0709
1.9720;0.0322
1.9730;-0.1096
1.9740;-0.2159
1.9750;-0.2030
1.9760;-0.1547
1.9770;-0.0741
1.9780;0.0645
1.9790;0.0806
1.9800;-0.0064
1.9810;-0.0902
1.9820;-0.0677
1.9830;0.0097
1.9840;0.0999
1.9850;0.1611
1.9860;0.0612
1.9870;-0.0387
1.9880;-0.1869
1.9890;-0.3255
1.9900;0.0226
1.9910;0.3158
1.9920;0.2095
1.9930;-0.0838
1.9940;-0.1063
1.9950;0.1966
1.9960;0.1934
1.9970;-0.1096
1.9980;-0.2675
1.9990;-0.2610
2.0000;-0.0032
2.0010;0.1192
2.0020;0.3480
2.0030;0.2675
2.0040;0.0612
2.0050;0.0129
2.0060;-0.0226
2.0070;-0.0161
2.0080;-0.0161
2.0090;-0.0290
2.0100;-0.1515
2.0110;-0.2256
2.0120;-0.2191
2.0130;0.0967
2.0140;0.1192
2.0150;0.1386
2.0160;-0.0870
2.0170;-0.0548
2.0180;0.0193
2.0190;0.0838
2.0200;0.0387
2.0210;-0.0258
2.0220;-0.1579
2.0230;-0.1031
2.0240;-0.0419
2.0250;0.0387
2.0260;0.0097
2.0270;-0.0483
2.0280;-0.0032
2.0290;0.0000
2.0300;0.0064
2.0310;0.0548
2.0320;-0.1192
2.0330;-0.0580
2.0340;0.1289
2.0350;0.2353
2.0360;0.1901
2.0370;-0.0161
2.0380;-0.0806
2.0390;-0.1354
2.0400;-0.1257
2.0410;0.0902
2.0420;0.1482
2.0430;0.0290
2.0440;-0.1257
2.0450;-0.1354
2.0460;-0.0580
2.0470;-0.0516
2.0480;0.0419
2.0490;0.0483
2.0500;0.1063
2.0510;0.1837
2.0520;0.2159
2.0530;0.0226
2.0540;-0.1031
2.0550;-0.1096
2.0560;-0.1192
2.0570;-0.0967
2.0580;0.0483
2.0590;0.1160
2.0600;0.0838
2.0610;0.0193
2.0620;-0.0226
2.0630;-0.1450
2.0640;-0.0935
2.0650;0.0387
2.0660;0.0773
2.0670;0.0419
2.0680;-0.0226
2.0690;-0.0097
2.0700;-0.0258
2.0710;-0.0483
2.0720;-0.0129
2.0730;-0.1418
2.0740;-0.1160
2.0750;0.0226
2.0760;0.0709
2.0770;0.0161
2.0780;-0.0032
2.0790;0.0451
2.0800;-0.0806
2.0810;-0.1998
2.0820;-0.1515
2.0830;0.1386
2.0840;0.2449
2.0850;0.1901
2.0860;-0.0290
2.0870;-0.2062
2.0880;-0.2224
2.0890;-0.0806
2.0900;0.1740
2.0910;0.1450
2.0920;0.1579
2.0930;0.1611
2.0940;0.0870
2.0950;0.0548
2.0960;0.0258
2.0970;-0.1740
2.0980;-0.2127
2.0990;0.0773
2.1000;0.1450
2.1010;0.0709
2.1020;0.0451
2.1030;0.0129
2.1040;-0.0193
2.1050;-0.0999
2.1060;-0.1934
2.1070;-0.1418
2.1080;0.0483
2.1090;0.2224
2.1100;-0.0097
2.1110;-0.1031
2.1120;0.0548
2.1130;-0.0193
2.1140;-0.0645
2.1150;-0.0354
2.1160;0.0097
2.1170;0.1225
2.1180;0.0193
2.1190;-0.0097
2.1200;-0.0290
2.1210;-0.1257
2.1220;-0.0580
2.1230;0.1160
2.1240;0.2191
2.1250;-0.0387
2.1260;-0.0580
2.1270;-0.0580
2.1280;-0.0870
2.1290;-0.0741
2.1300;-0.0580
2.1310;-0.0773
2.1320;-0.0258
2.1330;0.0516
2.1340;0.1772
2.1350;0.0967
2.1360;0.0226
2.1370;-0.0193
2.1380;-0.1450
2.1390;-0.1869
2.1400;-0.0516
2.1410;-0.1128
2.1420;-0.0032
2.1430;0.1063
2.1440;0.1386
2.1450;0.0645
2.1460;0.2191
2.1470;0.1063
2.1480;-0.0419
2.1490;-0.1482
2.1500;-0.1096
2.1510;0.1515
2.1520;0.1934
2.1530;-0.0258
2.1540;-0.0290
2.1550;0.0226
2.1560;-0.0451
2.1570;-0.0773
2.1580;-0.0258
2.1590;0.0000
2.1600;-0.0741
2.1610;-0.1257
2.1620;-0.1934
2.1630;-0.0322
2.1640;0.1740
2.1650;0.0097
2.1660;-0.0516
2.1670;0.1708
2.1680;0.3126
2.1690;0.0741
2.1700;-0.1096
2.1710;-0.1160
2.1720;-0.3577
2.1730;-0.4866
2.1740;-0.1031
2.1750;0.3029
2.1760;0.3706
2.1770;0.2353
2.1780;-0.0419
2.1790;-0.1998
2.1800;-0.0516
2.1810;0.1547
2.1820;0.1128
2.1830;0.0580
2.1840;0.0032
2.1850;-0.0322
2.1860;-0.1676
2.1870;-0.1644
2.1880;-0.0161
2.1890;0.2610
2.1900;0.1289
2.1910;0.0773
2.1920;-0.0806
2.1930;-0.2062
2.1940;-0.1160
2.1950;-0.0161
2.1960;0.1160
2.1970;0.1257
2.1980;-0.0741
2.1990;-0.1031
2.2000;-0.0290
2.2010;0.1160
2.2020;0.0451
2.2030;0.0612
2.2040;0.1482
2.2050;0.1128
2.2060;-0.0548
2.2070;-0.0999
2.2080;-0.1772
2.2090;-0.0806
2.2100;0.0967
2.2110;0.0548
2.2120;-0.0548
2.2130;-0.1128
2.2140;-0.0064
2.2150;0.0387
2.2160;0.0129
2.2170;-0.0161
2.2180;-0.0806
2.2190;-0.0387
2.2200;0.0290
2.2210;-0.0258
2.2220;-0.0129
2.2230;0.0000
2.2240;-0.0032
2.2250;-0.0097
2.2260;0.0097
2.2270;0.0226
2.2280;0.0322
2.2290;0.0258
2.2300;-0.0032
2.2310;0.0032
2.2320;0.0097
2.2330;-0.0064
2.2340;0.0097
2.2350;0.0290
2.2360;0.0387
2.2370;-0.0258
2.2380;-0.0516
2.2390;-0.0161
2.2400;0.1289
2.2410;0.1096
2.2420;0.0451
2.2430;-0.0709
2.2440;-0.1063
2.2450;-0.1869
2.2460;-0.2191
2.2470;0.0709
2.2480;0.2095
2.2490;0.0741
2.2500;-0.1482
2.2510;-0.1482
2.2520;-0.0354
2.2530;0.0967
2.2540;0.2320
2.2550;0.0870
2.2560;0.0387
2.2570;0.0000
2.2580;-0.1160
2.2590;-0.0064
2.2600;0.1289
2.2610;0.0451
2.2620;-0.0677
2.2630;-0.1160
2.2640;-0.0806
2.2650;-0.0226
2.2660;0.0000
2.2670;0.0838
2.2680;0.0741
2.2690;0.0354
2.2700;-0.0645
2.2710;-0.0870
2.2720;-0.1386
2.2730;-0.1676
2.2740;-0.0773
2.2750;0.1869
2.2760;0.2385
2.2770;0.1998
2.2780;0.0612
2.2790;-0.0290
2.2800;-0.0516
2.2810;-0.0709
2.2820;-0.0838
2.2830;-0.0548
2.2840;-0.0741
2.2850;-0.0516
2.2860;0.0258
2.2870;0.0419
2.2880;0.0483
2.2890;0.0290
2.2900;-0.0387
2.2910;-0.1160
2.2920;-0.0677
2.2930;0.1225
2.2940;0.1257
2.2950;0.0548
2.2960;0.0000
2.2970;-0.0451
2.2980;-0.1031
2.2990;-0.0129
2.3000;0.0612
2.3010;0.0387
2.3020;0.0677
2.3030;0.1257
2.3040;-0.0161
2.3050;-0.0226
2.3060;-0.0258
2.3070;-0.1998
2.3080;-0.1579
2.3090;-0.0999
2.3100;-0.0645
2.3110;-0.0290
2.3120;-0.1418
2.3130;-0.1192
2.3140;0.0870
2.3150;-0.0193
2.3160;0.0129
2.3170;0.3513
2.3180;0.3577
2.3190;0.0645
2.3200;-0.0193
2.3210;0.0741
2.3220;0.0580
2.3230;-0.0419
2.3240;-0.0709
2.3250;-0.0516
2.3260;-0.0354
2.3270;-0.0419
2.3280;-0.0483
2.3290;-0.0258
2.3300;-0.0097
2.3310;0.0032
2.3320;0.0193
2.3330;-0.0483
2.3340;-0.0645
2.3350;0.0548
2.3360;-0.0032
2.3370;-0.0645
2.3380;0.0032
2.3390;0.0387
2.3400;0.0322
2.3410;0.0097
2.3420;0.0129
2.3430;-0.0129
2.3440;0.0451
2.3450;0.0129
2.3460;-0.0580
2.3470;-0.0902
2.3480;-0.0741
2.3490;-0.0741
2.3500;0.0097
2.3510;0.0999
2.3520;0.0935
2.3530;-0.0161
2.3540;-0.0419
2.3550;-0.0226
2.3560;-0.0226
2.3570;-0.0226
2.3580;-0.0032
2.3590;-0.0032
2.3600;0.0097
2.3610;0.0097
2.3620;0.0451
2.3630;0.0290
2.3640;-0.0032
2.3650;-0.0129
2.3660;-0.0064
2.3670;0.0290
2.3680;0.0032
2.3690;-0.0064
2.3700;-0.0258
2.3710;-0.0129
2.3720;-0.0193
2.3730;-0.0935
2.3740;-0.0741
2.3750;-0.0064
2.3760;-0.0064
2.3770;-0.0419
2.3780;0.0773
2.3790;0.1644
2.3800;0.1547
2.3810;-0.0097
2.3820;-0.0709
2.3830;-0.0226
2.3840;0.0387
2.3850;-0.1418
2.3860;-0.2643
2.3870;-0.0806
2.3880;0.1450
2.3890;0.2224
2.3900;0.1772
2.3910;0.1192
2.3920;-0.0290
2.3930;-0.1450
2.3940;-0.0451
2.3950;-0.0548
2.3960;-0.1289
2.3970;-0.1354
2.3980;0.0193
2.3990;0.0387
2.4000;0.0580
2.4010;0.0226
2.4020;0.0097
2.4030;0.0226
2.4040;0.1225
2.4050;0.0322
2.4060;-0.0580
2.4070;-0.0741
2.4080;-0.0548
2.4090;-0.0354
2.4100;-0.0097
2.4110;0.0354
2.4120;0.0322
2.4130;0.0226
2.4140;0.0354
2.4150;0.0193
2.4160;0.0290
2.4170;-0.0193
2.4180;0.0902
2.4190;0.1354
2.4200;0.0097
2.4210;-0.1354
2.4220;-0.1837
2.4230;-0.1579
2.4240;-0.0806
2.4250;-0.0677
2.4260;-0.0193
2.4270;0.0193
2.4280;0.0032
2.4290;0.0290
2.4300;0.0645
2.4310;0.1063
2.4320;0.1031
2.4330;0.0612
2.4340;-0.0419
2.4350;-0.1096
2.4360;0.0000
2.4370;0.0354
2.4380;0.0129
2.4390;0.0032
2.4400;0.0097
2.4410;0.0000
2.4420;-0.0097
2.4430;0.0032
2.4440;0.0097
2.4450;-0.0032
2.4460;-0.0258
2.4470;-0.0419
2.4480;-0.0129
2.4490;0.0451
2.4500;0.0967
2.4510;0.0806
2.4520;-0.0548
2.4530;-0.1321
2.4540;-0.0741
2.4550;0.0064
2.4560;0.0419
2.4570;0.0741
2.4580;0.0516
2.4590;-0.0548
2.4600;-0.0129
2.4610;-0.0322
2.4620;-0.0709
2.4630;-0.0258
2.4640;-0.0032
2.4650;0.0032
2.4660;0.0000
2.4670;0.0193
2.4680;0.0387
2.4690;0.0483
2.4700;0.0419
2.4710;0.0032
2.4720;-0.0129
2.4730;0.0032
2.4740;0.0806
2.4750;0.0773
2.4760;-0.0387
2.4770;-0.1031
2.4780;-0.0677
2.4790;-0.0354
2.4800;-0.0354
2.4810;-0.0419
2.4820;-0.0129
2.4830;-0.0387
2.4840;-0.0290
2.4850;0.0258
2.4860;0.0645
2.4870;0.0451
2.4880;0.0419
2.4890;0.0451
2.4900;0.0419
2.4910;0.0032
2.4920;-0.0097
2.4930;-0.0226
2.4940;0.0129
2.4950;0.0193
2.4960;0.0000
2.4970;-0.0161
2.4980;-0.0258
2.4990;0.0387
2.5000;0.0000
2.5010;-0.0741
2.5020;-0.0032
2.5030;0.0290
2.5040;0.0032
2.5050;-0.0161
2.5060;-0.0677
2.5070;-0.0902
2.5080;-0.0548
2.5090;-0.0258
2.5100;0.0032
2.5110;0.0870
2.5120;0.0677
2.5130;-0.0258
2.5140;-0.0516
2.5150;-0.1031
2.5160;-0.0419
2.5170;0.0548
2.5180;0.1418
2.5190;0.0387
2.5200;0.0097
2.5210;0.0741
2.5220;0.1128
2.5230;0.0677
2.5240;-0.0419
2.5250;-0.1611
2.5260;-0.1418
2.5270;-0.0516
2.5280;0.0451
2.5290;0.0870
2.5300;0.0161
2.5310;-0.0129
2.5320;0.0000
2.5330;-0.0161
2.5340;-0.0387
2.5350;-0.0548
2.5360;-0.0516
2.5370;-0.1418
2.5380;-0.0290
2.5390;0.1321
2.5400;0.1644
2.5410;0.1515
2.5420;0.0709
2.5430;-0.0322
2.5440;-0.1450
2.5450;-0.0806
2.5460;-0.0354
2.5470;0.0354
2.5480;0.0387
2.5490;0.0387
2.5500;0.0548
2.5510;0.0548
2.5520;-0.0226
2.5530;-0.0580
2.5540;-0.0226
2.5550;0.0193
2.5560;0.0806
2.5570;0.0354
2.5580;-0.0290
2.5590;-0.0935
2.5600;-0.0967
2.5610;-0.0516
2.5620;-0.0129
2.5630;0.0226
2.5640;0.0354
2.5650;-0.0322
2.5660;-0.1063
2.5670;-0.0967
2.5680;-0.0322
2.5690;0.0999
2.5700;0.1354
2.5710;0.0645
2.5720;-0.0322
2.5730;-0.0967
2.5740;0.0161
2.5750;0.0290
2.5760;-0.0322
2.5770;-0.0387
2.5780;0.0000
2.5790;0.0258
2.5800;0.0290
2.5810;0.0322
2.5820;0.0354
2.5830;0.1354
2.5840;0.2127
2.5850;0.1289
2.5860;-0.0838
2.5870;-0.1934
2.5880;-0.2707
2.5890;-0.1354
2.5900;-0.0387
2.5910;0.0741
2.5920;0.0354
2.5930;0.0193
2.5940;0.0806
2.5950;0.0773
2.5960;0.1128
2.5970;0.0870
2.5980;0.0000
2.5990;-0.1934
2.6000;-0.2191
2.6010;-0.0806
2.6020;-0.0226
2.6030;0.0226
2.6040;0.0516
2.6050;0.0354
2.6060;0.0193
2.6070;0.0129
2.6080;0.0129
2.6090;0.0193
2.6100;0.0226
2.6110;0.0580
2.6120;0.0645
2.6130;0.0483
2.6140;0.0032
2.6150;-0.0032
2.6160;0.1257
2.6170;0.1257
2.6180;0.0387
2.6190;-0.0483
2.6200;-0.2095
2.6210;-0.2417
2.6220;-0.1096
2.6230;0.0419
2.6240;0.0870
2.6250;0.0258
2.6260;-0.0548
2.6270;-0.0967
2.6280;-0.0419
2.6290;0.0387
2.6300;0.0902
2.6310;0.0967
2.6320;0.0516
2.6330;-0.0097
2.6340;-0.0129
2.6350;0.0032
2.6360;0.0354
2.6370;0.0193
2.6380;-0.0548
2.6390;-0.0612
2.6400;0.0193
2.6410;0.0258
2.6420;-0.0548
2.6430;-0.0387
2.6440;0.0483
2.6450;0.1386
2.6460;-0.0032
2.6470;-0.1418
2.6480;-0.0677
2.6490;-0.0064
2.6500;-0.0838
2.6510;-0.0741
2.6520;-0.0161
2.6530;0.0387
2.6540;0.0870
2.6550;0.1192
2.6560;0.0612
2.6570;-0.0483
2.6580;-0.0129
2.6590;-0.0161
2.6600;-0.0580
2.6610;0.0709
2.6620;0.1966
2.6630;0.0032
2.6640;-0.0612
2.6650;-0.1192
2.6660;-0.1289
2.6670;-0.0935
2.6680;-0.0258
2.6690;0.0677
2.6700;0.0677
2.6710;0.0129
2.6720;0.0193
2.6730;0.0773
2.6740;0.1740
2.6750;0.2804
2.6760;0.1869
2.6770;-0.0645
2.6780;-0.3062
2.6790;-0.2578
2.6800;-0.0516
2.6810;-0.0773
2.6820;-0.1450
2.6830;-0.0709
2.6840;0.0322
2.6850;0.0806
2.6860;-0.0290
2.6870;-0.0387
2.6880;0.0032
2.6890;0.0483
2.6900;0.0548
2.6910;0.0064
2.6920;0.0129
2.6930;0.0999
2.6940;0.0483
2.6950;-0.0580
2.6960;0.0709
2.6970;0.2771
2.6980;0.2868
2.6990;0.0483
2.7000;-0.1547
2.7010;-0.2675
2.7020;-0.2675
2.7030;-0.1644
2.7040;-0.1450
2.7050;-0.0516
2.7060;0.0838
2.7070;0.0806
2.7080;0.0258
2.7090;0.0097
2.7100;0.0032
2.7110;0.0064
2.7120;0.0161
2.7130;0.0741
2.7140;0.1482
2.7150;0.1482
2.7160;-0.0290
2.7170;-0.1128
2.7180;-0.0902
2.7190;-0.0258
2.7200;0.0129
2.7210;0.0193
2.7220;0.0129
2.7230;0.0129
2.7240;0.0290
2.7250;0.0709
2.7260;0.1257
2.7270;0.0773
2.7280;-0.0161
2.7290;-0.0902
2.7300;-0.0838
2.7310;-0.0387
2.7320;-0.0097
2.7330;-0.0322
2.7340;-0.0193
2.7350;0.0064
2.7360;-0.0032
2.7370;-0.0419
2.7380;-0.0193
2.7390;0.0419
2.7400;0.1160
2.7410;0.1418
2.7420;0.0387
2.7430;-0.0935
2.7440;-0.2159
2.7450;-0.0935
2.7460;0.0193
2.7470;-0.0419
2.7480;-0.0709
2.7490;0.0354
2.7500;0.0870
2.7510;0.1547
2.7520;0.0935
2.7530;-0.0064
2.7540;-0.0580
2.7550;-0.0129
2.7560;-0.1418
2.7570;-0.0419
2.7580;0.0902
2.7590;0.1031
2.7600;0.0483
2.7610;-0.0419
2.7620;-0.1837
2.7630;-0.1772
2.7640;0.0064
2.7650;0.0935
2.7660;0.1515
2.7670;-0.0483
2.7680;-0.1515
2.7690;-0.0806
2.7700;0.0097
2.7710;0.0226
2.7720;0.0483
2.7730;0.0516
2.7740;0.0483
2.7750;0.0290
2.7760;0.0419
2.7770;0.0290
2.7780;0.0193
2.7790;-0.0097
2.7800;0.0161
2.7810;0.1289
2.7820;0.1225
2.7830;0.0387
2.7840;-0.1321
2.7850;-0.1966
2.7860;-0.1160
2.7870;-0.0645
2.7880;0.0000
2.7890;0.0000
2.7900;0.0612
2.7910;0.2417
2.7920;0.3062
2.7930;0.2933
2.7940;0.0129
2.7950;-0.4737
2.7960;-0.4705
2.7970;-0.1772
2.7980;0.0483
2.7990;0.1418
2.8000;0.0709
2.8010;-0.0580
2.8020;-0.1289
2.8030;-0.0773
2.8040;0.0516
2.8050;0.1096
2.8060;0.1321
2.8070;0.0290
2.8080;0.0129
2.8090;0.0064
2.8100;0.0322
2.8110;0.0387
2.8120;0.1096
2.8130;0.0387
2.8140;-0.1289
2.8150;-0.0612
2.8160;-0.0129
2.8170;-0.0258
2.8180;-0.0483
2.8190;-0.0580
2.8200;0.0032
2.8210;0.0677
2.8220;0.1740
2.8230;0.1321
2.8240;0.0193
2.8250;-0.0967
2.8260;-0.2836
2.8270;-0.1096
2.8280;0.0935
2.8290;0.1192
2.8300;0.0580
2.8310;0.0193
2.8320;0.0612
2.8330;0.1225
2.8340;0.1031
2.8350;-0.0290
2.8360;-0.2320
2.8370;-0.1418
2.8380;-0.0258
2.8390;-0.0161
2.8400;-0.0322
2.8410;-0.0129
2.8420;0.0064
2.8430;0.1354
2.8440;0.0354
2.8450;-0.0902
2.8460;-0.0516
2.8470;0.0129
2.8480;0.0645
2.8490;0.0741
2.8500;0.1192
2.8510;0.1160
2.8520;0.0516
2.8530;-0.0451
2.8540;-0.1482
2.8550;-0.1354
2.8560;-0.1225
2.8570;-0.0548
2.8580;0.0064
2.8590;0.0193
2.8600;-0.0129
2.8610;0.0000
2.8620;-0.0161
2.8630;0.0097
2.8640;0.0451
2.8650;0.0451
2.8660;0.0354
2.8670;0.1386
2.8680;0.2353
2.8690;0.0097
2.8700;-0.1611
2.8710;-0.0322
2.8720;-0.0483
2.8730;-0.0741
2.8740;-0.0806
2.8750;-0.0580
2.8760;0.0419
2.8770;0.0870
2.8780;0.0806
2.8790;0.0548
2.8800;0.0129
2.8810;-0.0806
2.8820;-0.0483
2.8830;-0.0677
2.8840;-0.1611
2.8850;-0.0806
2.8860;0.0451
2.8870;0.0870
2.8880;0.1225
2.8890;0.0870
2.8900;0.0193
2.8910;0.0226
2.8920;0.0516
2.8930;0.0935
2.8940;-0.0161
2.8950;-0.1031
2.8960;-0.1450
2.8970;-0.0258
2.8980;0.1031
2.8990;0.0000
2.9000;0.0419
2.9010;-0.0258
2.9020;-0.1192
2.9030;-0.1772
2.9040;-0.0064
2.9050;0.0483
2.9060;-0.0354
2.9070;0.0806
2.9080;0.1257
2.9090;0.1418
2.9100;-0.0870
2.9110;-0.0806
2.9120;-0.0870
2.9130;-0.0354
2.9140;0.0226
2.9150;-0.0129
2.9160;0.0000
2.9170;0.0806
2.9180;0.0806
2.9190;0.0645
2.9200;0.0258
2.9210;-0.0773
2.9220;-0.0580
2.9230;0.0032
2.9240;-0.0709
2.9250;-0.0612
2.9260;-0.0935
2.9270;-0.0032
2.9280;0.1096
2.9290;0.0451
2.9300;0.1096
2.9310;0.1482
2.9320;0.0677
2.9330;0.0129
2.9340;0.0226
2.9350;-0.0226
2.9360;-0.1063
2.9370;-0.2127
2.9380;-0.1644
2.9390;-0.0645
2.9400;0.0387
2.9410;0.1289
2.9420;0.1450
2.9430;-0.0032
2.9440;-0.0483
2.9450;0.0097
2.9460;-0.0258
2.9470;0.0129
2.9480;0.0064
2.9490;-0.0193
2.9500;-0.0129
2.9510;0.0193
2.9520;0.0870
2.9530;0.0354
2.9540;-0.0645
2.9550;0.0548
2.9560;-0.0226
2.9570;0.0709
2.9580;0.2095
2.9590;0.1321
2.9600;-0.1257
2.9610;-0.2868
2.9620;-0.2224
2.9630;-0.1934
2.9640;0.0097
2.9650;0.1257
2.9660;0.0902
2.9670;0.0483
2.9680;0.0870
2.9690;0.0612
2.9700;-0.0773
2.9710;-0.0870
2.9720;0.0226
2.9730;-0.0064
2.9740;-0.0709
2.9750;-0.0419
2.9760;-0.0258
2.9770;-0.0226
2.9780;0.0741
2.9790;0.2481
2.9800;0.1386
2.9810;-0.0193
2.9820;-0.1063
2.9830;-0.1225
2.9840;-0.0354
2.9850;0.0773
2.9860;0.0870
2.9870;0.0032
2.9880;-0.0064
2.9890;-0.1128
2.9900;-0.1096
2.9910;0.0451
2.9920;0.1547
2.9930;0.1998
2.9940;-0.0935
2.9950;-0.2030
2.9960;-0.0097
2.9970;0.0677
2.9980;0.0354
2.9990;-0.0193
3.0000;-0.2481
3.0010;-0.2320
3.0020;-0.0032
3.0030;0.1450
3.0040;0.2739
3.0050;0.2546
3.0060;0.0677
3.0070;-0.1740
3.0080;-0.0741
3.0090;-0.1096
3.0100;-0.0967
3.0110;0.0129
3.0120;-0.1160
3.0130;-0.0806
3.0140;0.0451
3.0150;0.0258
3.0160;0.0935
3.0170;0.1901
3.0180;0.1805
3.0190;0.1579
3.0200;-0.1257
3.0210;-0.2159
3.0220;-0.2062
3.0230;-0.1998
3.0240;-0.0548
3.0250;0.0451
3.0260;0.0677
3.0270;0.0580
3.0280;0.0419
3.0290;0.0193
3.0300;0.0258
3.0310;0.0419
3.0320;0.0580
3.0330;0.0741
3.0340;0.0870
3.0350;0.0322
3.0360;-0.1160
3.0370;-0.0193
3.0380;0.0290
3.0390;0.0000
3.0400;-0.0032
3.0410;-0.0129
3.0420;-0.0258
3.0430;0.1063
3.0440;0.0032
3.0450;-0.0129
3.0460;-0.0387
3.0470;-0.0677
3.0480;-0.0580
3.0490;-0.0226
3.0500;0.0483
3.0510;-0.0032
3.0520;-0.0129
3.0530;0.0870
3.0540;0.1192
3.0550;0.0258
3.0560;-0.0483
3.0570;0.0129
3.0580;0.0483
3.0590;-0.0516
3.0600;-0.1772
3.0610;-0.0516
3.0620;0.0097
3.0630;-0.0773
3.0640;0.0097
3.0650;0.1257
3.0660;-0.0226
3.0670;0.0322
3.0680;0.2288
3.0690;0.1934
3.0700;-0.1418
3.0710;-0.3642
3.0720;-0.3190
3.0730;-0.1031
3.0740;0.0741
3.0750;0.0902
3.0760;0.0483
3.0770;0.1031
3.0780;0.1644
3.0790;0.1708
3.0800;0.1547
3.0810;-0.1321
3.0820;-0.1418
3.0830;-0.2675
3.0840;-0.0645
3.0850;0.0354
3.0860;-0.0451
3.0870;0.0967
3.0880;0.1096
3.0890;0.0580
3.0900;-0.0161
3.0910;-0.0290
3.0920;0.0870
3.0930;0.0580
3.0940;0.0226
3.0950;0.1128
3.0960;0.1547
3.0970;0.0258
3.0980;-0.1708
3.0990;-0.2997
3.1000;-0.1225
3.1010;0.0773
3.1020;-0.0419
3.1030;-0.0129
3.1040;-0.0354
3.1050;-0.0097
3.1060;0.0226
3.1070;0.0902
3.1080;0.1676
3.1090;0.0902
3.1100;0.0258
3.1110;0.0645
3.1120;0.0064
3.1130;-0.0483
3.1140;0.0483
3.1150;-0.2062
3.1160;-0.2353
3.1170;-0.0483
3.1180;-0.0419
3.1190;-0.0161
3.1200;0.0451
3.1210;0.0548
3.1220;0.0483
3.1230;0.0387
3.1240;0.0709
3.1250;0.1063
3.1260;0.0967
3.1270;0.1644
3.1280;0.1579
3.1290;-0.0161
3.1300;-0.2030
3.1310;-0.1708
3.1320;-0.0935
3.1330;-0.0741
3.1340;-0.0097
3.1350;0.0709
3.1360;0.0483
3.1370;0.2191
3.1380;0.0000
3.1390;-0.2224
3.1400;-0.1934
3.1410;-0.0935
3.1420;-0.1289
3.1430;-0.0709
3.1440;0.0516
3.1450;0.0097
3.1460;0.0161
3.1470;0.1740
3.1480;0.1031
3.1490;-0.0129
3.1500;0.0000
3.1510;0.0354
3.1520;0.0354
3.1530;0.0193
3.1540;0.0258
3.1550;0.0612
3.1560;0.0967
3.1570;0.0097
3.1580;-0.0838
3.1590;-0.0806
3.1600;-0.0161
3.1610;0.0483
3.1620;0.1192
3.1630;0.1096
3.1640;0.0161
3.1650;-0.1160
3.1660;-0.1354
3.1670;-0.0773
3.1680;0.0741
3.1690;-0.0741
3.1700;-0.0129
3.1710;0.1934
3.1720;0.2449
3.1730;0.1644
3.1740;-0.1418
3.1750;-0.3480
3.1760;-0.1418
3.1770;-0.0290
3.1780;-0.0709
3.1790;-0.0097
3.1800;0.0000
3.1810;0.0161
3.1820;0.0935
3.1830;0.1031
3.1840;-0.0741
3.1850;0.0161
3.1860;0.1321
3.1870;0.0161
3.1880;-0.0290
3.1890;0.0419
3.1900;-0.0032
3.1910;0.0129
3.1920;0.0451
3.1930;-0.0032
3.1940;-0.1547
3.1950;-0.1644
3.1960;-0.1031
3.1970;-0.0419
3.1980;0.0226
3.1990;0.0483
3.2000;0.0677
3.2010;0.0129
3.2020;0.0032
3.2030;0.1901
3.2040;0.2868
3.2050;0.1096
3.2060;-0.0226
3.2070;-0.2933
3.2080;-0.1225
3.2090;-0.0161
3.2100;-0.0419
3.2110;-0.0097
3.2120;0.2771
3.2130;0.4576
3.2140;0.3448
3.2150;-0.0161
3.2160;-0.6864
3.2170;-0.5285
3.2180;-0.2739
3.2190;-0.2578
3.2200;-0.0258
3.2210;0.1096
3.2220;0.1257
3.2230;0.1160
3.2240;0.1450
3.2250;0.1837
3.2260;0.1579
3.2270;-0.0226
3.2280;-0.1321
3.2290;-0.0290
3.2300;0.0064
3.2310;0.0193
3.2320;0.0387
3.2330;0.0322
3.2340;0.0290
3.2350;0.0290
3.2360;0.0322
3.2370;0.0548
3.2380;0.0193
3.2390;-0.0097
3.2400;-0.0193
3.2410;0.0129
3.2420;0.0032
3.2430;0.0161
3.2440;-0.0387
3.2450;-0.0419
3.2460;0.0999
3.2470;0.0354
3.2480;-0.0129
3.2490;-0.0419
3.2500;-0.0548
3.2510;-0.0999
3.2520;-0.1386
3.2530;0.0548
3.2540;0.0967
3.2550;-0.0064
3.2560;0.0097
3.2570;0.0258
3.2580;0.0097
3.2590;-0.0161
3.2600;-0.0741
3.2610;-0.0612
3.2620;0.0709
3.2630;0.0645
3.2640;-0.0064
3.2650;-0.0032
3.2660;-0.0806
3.2670;-0.0935
3.2680;0.0935
3.2690;0.2224
3.2700;0.0580
3.2710;-0.2224
3.2720;-0.0258
3.2730;0.0354
3.2740;-0.0709
3.2750;-0.0193
3.2760;0.0129
3.2770;0.0354
3.2780;0.0097
3.2790;0.0258
3.2800;-0.0419
3.2810;-0.1257
3.2820;0.0097
3.2830;0.1515
3.2840;0.1611
3.2850;0.0354
3.2860;-0.1740
3.2870;-0.1160
3.2880;-0.0354
3.2890;-0.0290
3.2900;0.0000
3.2910;0.0226
3.2920;0.0161
3.2930;0.0226
3.2940;0.0354
3.2950;0.0387
3.2960;0.0290
3.2970;0.0129
3.2980;0.0483
3.2990;0.0902
3.3000;-0.0290
3.3010;-0.1160
3.3020;-0.0612
3.3030;-0.0129
3.3040;-0.0064
3.3050;0.0032
3.3060;0.0064
3.3070;0.0226
3.3080;0.0226
3.3090;0.0000
3.3100;0.0902
3.3110;0.2030
3.3120;0.2159
3.3130;-0.0451
3.3140;-0.2610
3.3150;-0.2481
3.3160;-0.1321
3.3170;0.0322
3.3180;0.0129
3.3190;0.0032
3.3200;0.0097
3.3210;-0.0322
3.3220;0.0193
3.3230;0.2514
3.3240;0.1740
3.3250;-0.2449
3.3260;-0.2675
3.3270;-0.0064
3.3280;-0.0290
3.3290;0.0097
3.3300;0.1096
3.3310;0.1611
3.3320;0.1031
3.3330;0.0032
3.3340;-0.1257
3.3350;-0.1805
3.3360;-0.0806
3.3370;0.0870
3.3380;0.1128
3.3390;0.1225
3.3400;0.1225
3.3410;0.1128
3.3420;0.0032
3.3430;-0.1901
3.3440;-0.2868
3.3450;-0.1418
3.3460;-0.0290
3.3470;0.0354
3.3480;0.0967
3.3490;0.0548
3.3500;0.0709
3.3510;0.0097
3.3520;-0.1031
3.3530;-0.0516
3.3540;0.0129
3.3550;0.0580
3.3560;0.0419
3.3570;0.0387
3.3580;0.1192
3.3590;0.0516
3.3600;-0.0612
3.3610;-0.0902
3.3620;-0.0580
3.3630;0.0838
3.3640;0.1160
3.3650;-0.0290
3.3660;0.1257
3.3670;-0.0258
3.3680;-0.0580
3.3690;-0.0580
3.3700;-0.0902
3.3710;-0.1192
3.3720;-0.0290
3.3730;0.0387
3.3740;0.0741
3.3750;0.1257
3.3760;0.2159
3.3770;0.1160
3.3780;0.0129
3.3790;-0.2062
3.3800;-0.1515
3.3810;-0.1611
3.3820;-0.1418
3.3830;-0.0677
3.3840;-0.0645
3.3850;0.0097
3.3860;0.0806
3.3870;0.0387
3.3880;0.0226
3.3890;0.0483
3.3900;0.0612
3.3910;0.0709
3.3920;0.1063
3.3930;0.1096
3.3940;0.1096
3.3950;-0.0129
3.3960;-0.0419
3.3970;-0.1708
3.3980;-0.1998
3.3990;-0.0967
3.4000;0.0226
3.4010;0.0709
3.4020;0.0483
3.4030;-0.0322
3.4040;-0.0580
3.4050;0.0000
3.4060;0.1128
3.4070;0.0773
3.4080;0.0419
3.4090;0.0483
3.4100;0.0129
3.4110;-0.0226
3.4120;-0.0161
3.4130;-0.1096
3.4140;-0.1096
3.4150;0.0258
3.4160;0.0097
3.4170;0.0064
3.4180;0.0709
3.4190;-0.0483
3.4200;0.0064
3.4210;0.0741
3.4220;0.0773
3.4230;-0.0838
3.4240;-0.0483
3.4250;0.1063
3.4260;0.0806
3.4270;-0.0483
3.4280;-0.0419
3.4290;-0.0645
3.4300;-0.0419
3.4310;-0.0032
3.4320;0.0226
3.4330;0.0451
3.4340;-0.0580
3.4350;-0.1096
3.4360;-0.0161
3.4370;0.0387
3.4380;0.0580
3.4390;0.0677
3.4400;0.0645
3.4410;0.3319
3.4420;0.0516
3.4430;-0.2997
3.4440;-0.1934
3.4450;-0.1772
3.4460;-0.1837
3.4470;-0.0354
3.4480;0.0773
3.4490;0.1096
3.4500;0.0902
3.4510;0.0387
3.4520;0.0032
3.4530;0.0870
3.4540;0.1160
3.4550;0.0419
3.4560;0.0097
3.4570;-0.1192
3.4580;0.1354
3.4590;0.1354
3.4600;0.0097
3.4610;-0.2449
3.4620;-0.2804
3.4630;-0.1063
3.4640;0.0064
3.4650;0.0451
3.4660;0.0645
3.4670;0.0838
3.4680;0.0870
3.4690;0.0870
3.4700;0.0354
3.4710;-0.0419
3.4720;-0.0419
3.4730;-0.0258
3.4740;0.0226
3.4750;0.1192
3.4760;0.1740
3.4770;0.1676
3.4780;-0.0290
3.4790;-0.1289
3.4800;-0.1869
3.4810;-0.2385
3.4820;-0.1289
3.4830;-0.0226
3.4840;0.0290
3.4850;0.0387
3.4860;-0.0193
3.4870;-0.0419
3.4880;0.0032
3.4890;0.0612
3.4900;0.0902
3.4910;0.0999
3.4920;0.0419
3.4930;-0.0741
3.4940;-0.0451
3.4950;0.0548
3.4960;-0.0290
3.4970;0.0226
3.4980;0.0902
3.4990;0.1450
3.5000;0.1160
3.5010;-0.0419
3.5020;-0.1257
3.5030;0.0161
3.5040;0.2159
3.5050;-0.1386
3.5060;-0.3803
3.5070;-0.2030
3.5080;-0.0161
3.5090;0.0806
3.5100;0.1289
3.5110;0.0580
3.5120;-0.0322
3.5130;-0.0161
3.5140;-0.0193
3.5150;0.0032
3.5160;0.1096
3.5170;0.1160
3.5180;0.0226
3.5190;0.1482
3.5200;0.1515
3.5210;-0.0290
3.5220;-0.2610
3.5230;-0.2095
3.5240;-0.0419
3.5250;0.0226
3.5260;-0.0097
3.5270;-0.0032
3.5280;0.0677
3.5290;-0.0838
3.5300;-0.1031
3.5310;0.0000
3.5320;0.0129
3.5330;0.0129
3.5340;-0.0097
3.5350;0.0419
3.5360;0.0741
3.5370;0.0451
3.5380;0.2062
3.5390;0.1579
3.5400;-0.0999
3.5410;0.0064
3.5420;0.0129
3.5430;0.0935
3.5440;-0.0226
3.5450;-0.3416
3.5460;-0.3062
3.5470;-0.0806
3.5480;0.0451
3.5490;0.0902
3.5500;0.0548
3.5510;0.0064
3.5520;0.0193
3.5530;0.0387
3.5540;0.0290
3.5550;0.1031
3.5560;0.1869
3.5570;0.1805
3.5580;0.0773
3.5590;-0.1772
3.5600;-0.2546
3.5610;-0.0193
3.5620;0.2707
3.5630;0.0870
3.5640;-0.0806
3.5650;-0.1031
3.5660;-0.3062
3.5670;-0.2191
3.5680;-0.0387
3.5690;0.0612
3.5700;0.1160
3.5710;0.1096
3.5720;0.0806
3.5730;0.0290
3.5740;0.1257
3.5750;0.0258
3.5760;0.0387
3.5770;0.0129
3.5780;-0.2965
3.5790;-0.2481
3.5800;0.0483
3.5810;0.1321
3.5820;0.0709
3.5830;0.0032
3.5840;-0.0580
3.5850;-0.0161
3.5860;0.0258
3.5870;0.0354
3.5880;0.0290
3.5890;0.0226
3.5900;0.0226
3.5910;0.0226
3.5920;0.0548
3.5930;0.0387
3.5940;0.0935
3.5950;0.0806
3.5960;-0.1257
3.5970;-0.0354
3.5980;-0.0999
3.5990;-0.0161
3.6000;0.1225
3.6010;0.1386
3.6020;0.0419
3.6030;-0.0387
3.6040;-0.2127
3.6050;-0.1998
3.6060;-0.0612
3.6070;0.0322
3.6080;0.0612
3.6090;0.0773
3.6100;0.0129
3.6110;-0.0483
3.6120;0.0387
3.6130;0.1515
3.6140;0.1644
3.6150;0.0645
3.6160;-0.1031
3.6170;0.0322
3.6180;0.0677
3.6190;-0.0322
3.6200;-0.2546
3.6210;-0.3352
3.6220;-0.1482
3.6230;0.0000
3.6240;0.0709
3.6250;0.1547
3.6260;0.0999
3.6270;0.0161
3.6280;-0.0032
3.6290;0.0064
3.6300;-0.0290
3.6310;-0.0161
3.6320;0.0161
3.6330;0.0032
3.6340;0.0806
3.6350;0.0709
3.6360;0.0193
3.6370;-0.0677
3.6380;-0.0387
3.6390;-0.0161
3.6400;-0.0064
3.6410;0.0161
3.6420;0.0193
3.6430;0.0226
3.6440;0.0548
3.6450;0.0999
3.6460;0.2095
3.6470;0.0451
3.6480;-0.1676
3.6490;-0.1869
3.6500;-0.0935
3.6510;0.0226
3.6520;0.0935
3.6530;0.0129
3.6540;0.0290
3.6550;0.0483
3.6560;-0.0645
3.6570;-0.0516
3.6580;0.0032
3.6590;0.0258
3.6600;-0.0161
3.6610;-0.0645
3.6620;-0.0516
3.6630;-0.1321
3.6640;-0.0645
3.6650;0.0451
3.6660;0.0516
3.6670;0.0419
3.6680;0.0064
3.6690;-0.0290
3.6700;0.0032
3.6710;-0.0032
3.6720;-0.0097
3.6730;0.0064
3.6740;0.0516
3.6750;0.0709
3.6760;0.0548
3.6770;0.0226
3.6780;0.0097
3.6790;0.0806
3.6800;0.1611
3.6810;0.1063
3.6820;-0.1354
3.6830;-0.1611
3.6840;-0.0806
3.6850;-0.0838
3.6860;-0.0645
3.6870;-0.1063
3.6880;-0.0483
3.6890;0.1128
3.6900;0.0677
3.6910;-0.0258
3.6920;0.0773
3.6930;0.1676
3.6940;0.1934
3.6950;0.1031
3.6960;-0.0516
3.6970;-0.0967
3.6980;-0.2224
3.6990;-0.1966
3.7000;-0.0645
3.7010;0.0193
3.7020;0.0161
3.7030;-0.0322
3.7040;0.0226
3.7050;0.0129
3.7060;0.0161
3.7070;0.0354
3.7080;0.0580
3.7090;0.0580
3.7100;0.0032
3.7110;-0.1418
3.7120;-0.0806
3.7130;0.1225
3.7140;0.1289
3.7150;0.0193
3.7160;-0.0902
3.7170;-0.0129
3.7180;0.0226
3.7190;0.0097
3.7200;0.0097
3.7210;0.0226
3.7220;0.0032
3.7230;0.2030
3.7240;0.1289
3.7250;0.0387
3.7260;0.0483
3.7270;-0.1257
3.7280;-0.1257
3.7290;-0.2224
3.7300;-0.2062
3.7310;-0.0193
3.7320;0.1225
3.7330;0.0967
3.7340;0.1676
3.7350;-0.0129
3.7360;-0.3094
3.7370;-0.2030
3.7380;-0.0290
3.7390;0.0516
3.7400;0.0483
3.7410;0.0451
3.7420;0.0548
3.7430;0.0483
3.7440;0.0451
3.7450;0.0419
3.7460;0.0451
3.7470;0.0419
3.7480;0.0451
3.7490;0.0290
3.7500;-0.0161
3.7510;-0.0258
3.7520;-0.0129
3.7530;0.0354
3.7540;0.0773
3.7550;0.1837
3.7560;-0.0161
3.7570;-0.1354
3.7580;-0.2127
3.7590;-0.1192
3.7600;0.0097
3.7610;0.0129
3.7620;0.0097
3.7630;0.0097
3.7640;0.0387
3.7650;0.0161
3.7660;0.0226
3.7670;0.0419
3.7680;0.2353
3.7690;0.1386
3.7700;-0.0032
3.7710;-0.0548
3.7720;-0.2095
3.7730;-0.2256
3.7740;-0.0548
3.7750;-0.0516
3.7760;-0.1063
3.7770;-0.0129
3.7780;0.0354
3.7790;0.0387
3.7800;0.0387
3.7810;0.0773
3.7820;0.0709
3.7830;0.0483
3.7840;0.0516
3.7850;-0.0032
3.7860;-0.0064
3.7870;0.0709
3.7880;0.0838
3.7890;0.1096
3.7900;0.2030
3.7910;0.2256
3.7920;-0.2224
3.7930;-0.4576
3.7940;-0.2707
3.7950;-0.1128
3.7960;-0.0548
3.7970;0.0000
3.7980;0.0741
3.7990;0.0902
3.8000;0.1096
3.8010;0.0935
3.8020;0.0483
3.8030;0.0226
3.8040;-0.0193
3.8050;0.0516
3.8060;0.0709
3.8070;-0.1482
3.8080;-0.1450
3.8090;-0.0193
3.8100;0.0193
3.8110;0.0226
3.8120;0.0354
3.8130;0.0483
3.8140;0.0516
3.8150;0.0677
3.8160;0.1160
3.8170;-0.0258
3.8180;0.1225
3.8190;0.0612
3.8200;-0.1676
3.8210;-0.1998
3.8220;-0.1482
3.8230;-0.0161
3.8240;0.0516
3.8250;-0.0129
3.8260;-0.0161
3.8270;0.0451
3.8280;0.0677
3.8290;0.0161
3.8300;-0.0258
3.8310;0.0773
3.8320;0.0161
3.8330;-0.0354
3.8340;-0.1192
3.8350;-0.0645
3.8360;0.1063
3.8370;0.0870
3.8380;-0.0032
3.8390;-0.0354
3.8400;0.0032
3.8410;-0.0064
3.8420;0.0258
3.8430;0.1128
3.8440;0.0967
3.8450;0.0967
3.8460;-0.0451
3.8470;-0.0258
3.8480;0.0354
3.8490;0.0451
3.8500;-0.1386
3.8510;-0.2449
3.8520;-0.2224
3.8530;-0.0677
3.8540;0.0354
3.8550;0.0483
3.8560;0.0580
3.8570;0.0580
3.8580;0.0483
3.8590;0.0064
3.8600;-0.0032
3.8610;0.0161
3.8620;0.0258
3.8630;0.0548
3.8640;0.0741
3.8650;0.1289
3.8660;0.1418
3.8670;0.0612
3.8680;-0.0064
3.8690;-0.1966
3.8700;-0.1708
3.8710;-0.1225
3.8720;-0.0870
3.8730;0.0483
3.8740;0.1096
3.8750;0.1257
3.8760;0.1901
3.8770;-0.1257
3.8780;-0.2224
3.8790;-0.0902
3.8800;0.0032
3.8810;0.1386
3.8820;0.1386
3.8830;0.0741
3.8840;-0.0483
3.8850;-0.2191
3.8860;-0.1289
3.8870;0.0097
3.8880;0.0838
3.8890;0.0806
3.8900;0.0516
3.8910;0.0000
3.8920;-0.0419
3.8930;-0.0226
3.8940;-0.0419
3.8950;0.0064
3.8960;0.0580
3.8970;0.0290
3.8980;0.0226
3.8990;0.1225
3.9000;0.1289
3.9010;-0.0419
3.9020;-0.0580
3.9030;0.0354
3.9040;0.1257
3.9050;-0.1708
3.9060;-0.3255
3.9070;-0.2127
3.9080;-0.0387
3.9090;0.0322
3.9100;0.0612
3.9110;0.0838
3.9120;0.0645
3.9130;0.0612
3.9140;0.1063
3.9150;0.0226
3.9160;-0.0999
3.9170;-0.0226
3.9180;0.0387
3.9190;0.0999
3.9200;0.1354
3.9210;0.0000
3.9220;-0.0935
3.9230;-0.0677
3.9240;0.0677
3.9250;0.1998
3.9260;0.0870
3.9270;-0.0967
3.9280;-0.1289
3.9290;-0.0129
3.9300;-0.1450
3.9310;-0.1901
3.9320;-0.0838
3.9330;0.0773
3.9340;0.1708
3.9350;0.2771
3.9360;0.2095
3.9370;-0.2643
3.9380;-0.3674
3.9390;-0.1805
3.9400;0.0097
3.9410;0.0612
3.9420;0.0999
3.9430;0.1482
3.9440;0.0129
3.9450;-0.1450
3.9460;-0.1096
3.9470;0.0161
3.9480;0.0741
3.9490;0.0451
3.9500;-0.0097
3.9510;0.0129
3.9520;0.0419
3.9530;0.0709
3.9540;0.0709
3.9550;0.0741
3.9560;-0.0129
3.9570;-0.0773
3.9580;0.0064
3.9590;0.0516
3.9600;-0.0032
3.9610;-0.0548
3.9620;-0.0806
3.9630;-0.0548
3.9640;0.0290
3.9650;0.0838
3.9660;0.1289
3.9670;0.0451
3.9680;0.0483
3.9690;-0.1160
3.9700;-0.1386
3.9710;-0.1354
3.9720;-0.0773
3.9730;0.0645
3.9740;0.0935
3.9750;0.0483
3.9760;0.0483
3.9770;-0.0806
3.9780;-0.0129
3.9790;0.0354
3.9800;0.0129
3.9810;-0.0451
3.9820;-0.0193
3.9830;0.0451
3.9840;-0.0064
3.9850;-0.0709
3.9860;-0.0226
3.9870;0.1257
3.9880;0.1740
3.9890;0.0483
3.9900;0.0161
3.9910;-0.0935
3.9920;-0.1031
3.9930;-0.0516
3.9940;-0.0870
3.9950;-0.0322
3.9960;0.0226
3.9970;0.0193
3.9980;-0.0129
3.9990;-0.0387
4.0000;-0.0064
4.0010;0.0483
4.0020;0.1128
4.0030;0.1192
4.0040;0.1805
4.0050;0.1547
4.0060;0.0580
4.0070;-0.1611
4.0080;-0.4447
4.0090;-0.2353
4.0100;0.0612
4.0110;0.0451
4.0120;-0.0193
4.0130;-0.0387
4.0140;-0.0129
4.0150;0.0193
4.0160;0.0451
4.0170;0.0258
4.0180;0.0129
4.0190;0.0806
4.0200;0.0870
4.0210;0.0516
4.0220;-0.0226
4.0230;0.0097
4.0240;0.0322
4.0250;-0.0129
4.0260;0.0258
4.0270;-0.0483
4.0280;0.0032
4.0290;0.1805
4.0300;-0.0161
4.0310;-0.0677
4.0320;0.0161
4.0330;-0.0967
4.0340;-0.1257
4.0350;-0.0354
4.0360;0.1611
4.0370;0.1934
4.0380;0.0064
4.0390;-0.0773
4.0400;-0.1515
4.0410;-0.1063
4.0420;-0.0773
4.0430;-0.0451
4.0440;0.0000
4.0450;0.0773
4.0460;0.1128
4.0470;0.0258
4.0480;-0.0773
4.0490;-0.0773
4.0500;0.0129
4.0510;0.0999
4.0520;0.1289
4.0530;0.0773
4.0540;-0.0935
4.0550;-0.2127
4.0560;-0.1128
4.0570;-0.0290
4.0580;0.1321
4.0590;0.1805
4.0600;-0.0806
4.0610;-0.1031
4.0620;-0.0193
4.0630;0.0741
4.0640;0.0870
4.0650;0.0773
4.0660;0.1096
4.0670;0.0806
4.0680;0.0387
4.0690;-0.1192
4.0700;-0.1644
4.0710;-0.0838
4.0720;-0.0322
4.0730;0.0032
4.0740;0.0193
4.0750;-0.0741
4.0760;0.0032
4.0770;0.1160
4.0780;0.0838
4.0790;0.0709
4.0800;-0.0773
4.0810;-0.1257
4.0820;-0.0935
4.0830;-0.0548
4.0840;0.0129
4.0850;0.0387
4.0860;0.0322
4.0870;0.0258
4.0880;0.0226
4.0890;0.0193
4.0900;0.0387
4.0910;0.0677
4.0920;0.0999
4.0930;0.0967
4.0940;0.0097
4.0950;-0.0258
4.0960;-0.0097
4.0970;-0.0354
4.0980;-0.0548
4.0990;-0.0806
4.1000;-0.1676
4.1010;-0.0935
4.1020;0.2191
4.1030;0.2030
4.1040;-0.0677
4.1050;0.0097
4.1060;0.0064
4.1070;-0.2030
4.1080;-0.2320
4.1090;-0.1321
4.1100;0.0000
4.1110;0.0580
4.1120;0.0806
4.1130;0.0548
4.1140;0.0612
4.1150;0.0516
4.1160;0.0419
4.1170;0.0483
4.1180;0.0451
4.1190;0.0548
4.1200;0.0258
4.1210;-0.0129
4.1220;-0.0709
4.1230;-0.0193
4.1240;0.0354
4.1250;0.0580
4.1260;0.0516
4.1270;0.0226
4.1280;0.0161
4.1290;-0.0548
4.1300;-0.1708
4.1310;-0.1096
4.1320;-0.0387
4.1330;-0.0032
4.1340;0.0032
4.1350;-0.0032
4.1360;0.0064
4.1370;0.0419
4.1380;0.0483
4.1390;0.0580
4.1400;0.0322
4.1410;0.0193
4.1420;0.0419
4.1430;0.0354
4.1440;-0.0226
4.1450;-0.0838
4.1460;0.0387
4.1470;0.1482
4.1480;0.1579
4.1490;0.1418
4.1500;-0.0290
4.1510;-0.3545
4.1520;-0.2965
4.1530;-0.1450
4.1540;-0.0290
4.1550;0.0290
4.1560;0.0387
4.1570;0.0516
4.1580;0.0419
4.1590;0.0935
4.1600;0.1321
4.1610;0.1934
4.1620;0.1515
4.1630;-0.1096
4.1640;-0.1869
4.1650;0.0064
4.1660;0.1579
4.1670;0.1257
4.1680;-0.1579
4.1690;-0.2417
4.1700;-0.0387
4.1710;-0.1031
4.1720;-0.1611
4.1730;-0.0387
4.1740;0.0709
4.1750;0.0451
4.1760;-0.0129
4.1770;0.0064
4.1780;0.0741
4.1790;0.1515
4.1800;0.0032
4.1810;-0.1192
4.1820;-0.0290
4.1830;0.0387
4.1840;0.0773
4.1850;0.0193
4.1860;0.0580
4.1870;0.1096
4.1880;0.1031
4.1890;0.0483
4.1900;-0.0806
4.1910;-0.1225
4.1920;0.0097
4.1930;0.0773
4.1940;-0.0645
4.1950;-0.1579
4.1960;-0.0935
4.1970;-0.0258
4.1980;0.0193
4.1990;-0.0193
4.2000;0.0000
4.2010;0.0258
4.2020;0.0483
4.2030;0.0741
4.2040;0.0580
4.2050;0.0322
4.2060;0.0000
4.2070;0.0967
4.2080;0.1515
4.2090;0.1547
4.2100;0.0806
4.2110;-0.2095
4.2120;-0.2546
4.2130;-0.1418
4.2140;-0.1225
4.2150;0.0064
4.2160;0.0193
4.2170;-0.0677
4.2180;-0.0483
4.2190;0.0322
4.2200;0.1257
4.2210;0.0902
4.2220;0.0483
4.2230;0.0000
4.2240;-0.0612
4.2250;-0.1128
4.2260;-0.0967
4.2270;-0.0419
4.2280;0.0354
4.2290;0.0322
4.2300;0.0322
4.2310;0.0354
4.2320;0.0387
4.2330;0.0322
4.2340;0.0354
4.2350;0.0226
4.2360;0.0193
4.2370;0.0097
4.2380;0.0097
4.2390;0.0032
4.2400;0.0064
4.2410;0.0000
4.2420;-0.0129
4.2430;-0.0064
4.2440;0.0064
4.2450;0.0064
4.2460;0.0064
4.2470;0.0097
4.2480;0.0097
4.2490;0.0193
4.2500;0.0097
4.2510;-0.0032
4.2520;-0.0193
4.2530;-0.0258
4.2540;-0.0129
4.2550;-0.0161
4.2560;-0.0129
4.2570;0.0129
4.2580;0.0451
4.2590;0.0580
4.2600;0.0548
4.2610;-0.0064
4.2620;-0.0741
4.2630;-0.0935
4.2640;-0.0516
4.2650;0.0419
4.2660;0.0612
4.2670;0.0226
4.2680;-0.0097
4.2690;-0.0387
4.2700;0.0064
4.2710;0.1128
4.2720;0.2804
4.2730;-0.1031
4.2740;-0.2707
4.2750;-0.1547
4.2760;-0.0677
4.2770;-0.1096
4.2780;-0.0451
4.2790;0.0193
4.2800;0.0967
4.2810;0.1611
4.2820;0.0870
4.2830;-0.0677
4.2840;-0.0483
4.2850;0.0580
4.2860;-0.0322
4.2870;-0.0226
4.2880;-0.0322
4.2890;-0.0226
4.2900;-0.0097
4.2910;0.0387
4.2920;0.0999
4.2930;0.0838
4.2940;0.0032
4.2950;-0.0806
4.2960;-0.1063
4.2970;0.0064
4.2980;0.0516
4.2990;0.0483
4.3000;0.0193
4.3010;0.0129
4.3020;-0.0677
4.3030;-0.0773
4.3040;-0.0258
4.3050;0.0064
4.3060;0.0290
4.3070;0.0387
4.3080;-0.0258
4.3090;0.0193
4.3100;0.0451
4.3110;0.0483
4.3120;0.0387
4.3130;0.0258
4.3140;0.0709
4.3150;0.0612
4.3160;0.0193
4.3170;-0.0451
4.3180;-0.0419
4.3190;0.0032
4.3200;0.0193
4.3210;0.1482
4.3220;-0.0387
4.3230;-0.1837
4.3240;-0.1901
4.3250;0.0806
4.3260;0.2224
4.3270;0.0806
4.3280;-0.2030
4.3290;-0.3384
4.3300;-0.2868
4.3310;-0.0806
4.3320;0.0451
4.3330;0.0645
4.3340;0.0645
4.3350;0.0709
4.3360;0.0773
4.3370;0.0773
4.3380;0.0612
4.3390;0.0483
4.3400;0.0419
4.3410;0.0290
4.3420;0.0290
4.3430;0.0226
4.3440;0.0290
4.3450;0.0387
4.3460;0.0387
4.3470;0.0322
4.3480;0.0032
4.3490;-0.0290
4.3500;-0.0516
4.3510;-0.0129
4.3520;0.0193
4.3530;-0.0226
4.3540;-0.0419
4.3550;-0.0483
4.3560;-0.0129
4.3570;0.0097
4.3580;0.0097
4.3590;0.0258
4.3600;0.0419
4.3610;0.0451
4.3620;0.0580
4.3630;0.0580
4.3640;-0.0516
4.3650;-0.0935
4.3660;0.0129
4.3670;-0.0129
4.3680;-0.0741
4.3690;-0.0677
4.3700;-0.0387
4.3710;0.0161
4.3720;0.0322
4.3730;0.1837
4.3740;0.0226
4.3750;-0.0806
4.3760;-0.0773
4.3770;-0.0258
4.3780;-0.0226
4.3790;-0.0161
4.3800;0.0773
4.3810;0.0226
4.3820;0.0999
4.3830;0.2030
4.3840;0.2771
4.3850;0.0451
4.3860;-0.2095
4.3870;-0.1418
4.3880;-0.1257
4.3890;-0.1966
4.3900;-0.3352
4.3910;-0.2062
4.3920;-0.0258
4.3930;0.0580
4.3940;0.0677
4.3950;0.0741
4.3960;0.0709
4.3970;0.0612
4.3980;0.0709
4.3990;0.1225
4.4000;0.1192
4.4010;0.0902
4.4020;0.0064
4.4030;-0.0419
4.4040;0.0226
4.4050;-0.0612
4.4060;-0.1096
4.4070;-0.0387
4.4080;0.0097
4.4090;0.0226
4.4100;0.0226
4.4110;0.0129
4.4120;0.0129
4.4130;0.0000
4.4140;0.0193
4.4150;0.0226
4.4160;0.0354
4.4170;0.0354
4.4180;0.0000
4.4190;-0.0483
4.4200;-0.0580
4.4210;0.0773
4.4220;0.1418
4.4230;0.0612
4.4240;0.0612
4.4250;0.0548
4.4260;-0.0967
4.4270;-0.0645
4.4280;-0.0838
4.4290;-0.1096
4.4300;0.0580
4.4310;0.1611
4.4320;0.0709
4.4330;-0.1708
4.4340;-0.2707
4.4350;-0.2159
4.4360;-0.1289
4.4370;-0.0161
4.4380;0.0193
4.4390;0.0645
4.4400;0.1096
4.4410;0.0226
4.4420;-0.0032
4.4430;0.0516
4.4440;0.0226
4.4450;0.0580
4.4460;0.0902
4.4470;0.0612
4.4480;0.0226
4.4490;-0.0193
4.4500;-0.0193
4.4510;-0.0032
4.4520;-0.0322
4.4530;-0.0258
4.4540;0.0161
4.4550;0.0129
4.4560;0.0064
4.4570;0.0064
4.4580;0.0322
4.4590;0.2449
4.4600;0.3126
4.4610;0.1386
4.4620;-0.1289
4.4630;-0.2353
4.4640;-0.1998
4.4650;-0.3126
4.4660;-0.1966
4.4670;-0.0806
4.4680;-0.0419
4.4690;0.0064
4.4700;0.0548
4.4710;0.0902
4.4720;0.0935
4.4730;0.0709
4.4740;0.0483
4.4750;0.0322
4.4760;0.0226
4.4770;-0.0097
4.4780;-0.0097
4.4790;0.0097
4.4800;0.0193
4.4810;0.0354
4.4820;0.0161
4.4830;-0.0032
4.4840;-0.0129
4.4850;-0.0032
4.4860;0.0354
4.4870;0.0322
4.4880;0.0032
4.4890;-0.0290
4.4900;-0.0419
4.4910;-0.0129
4.4920;0.0097
4.4930;0.0226
4.4940;0.0354
4.4950;-0.0258
4.4960;-0.0516
4.4970;-0.0129
4.4980;0.0354
4.4990;0.0677
4.5000;0.0290
4.5010;-0.0322
4.5020;-0.0387
4.5030;-0.0451
4.5040;-0.0322
4.5050;-0.0354
4.5060;0.0064
4.5070;0.0419
4.5080;0.0580
4.5090;0.0580
4.5100;-0.0516
4.5110;-0.0709
4.5120;-0.0483
4.5130;0.0064
4.5140;0.0290
4.5150;0.1225
4.5160;0.1354
4.5170;0.0032
4.5180;-0.0612
4.5190;-0.0548
4.5200;-0.0258
4.5210;-0.1160
4.5220;-0.1708
4.5230;0.0226
4.5240;0.1708
4.5250;-0.0064
4.5260;-0.1611
4.5270;-0.0258
4.5280;0.0548
4.5290;0.0773
4.5300;0.0677
4.5310;-0.0483
4.5320;-0.1869
4.5330;-0.1031
4.5340;0.0064
4.5350;0.0290
4.5360;0.0483
4.5370;0.0516
4.5380;0.0516
4.5390;0.0483
4.5400;0.0548
4.5410;0.0806
4.5420;0.0967
4.5430;0.0677
4.5440;-0.0387
4.5450;-0.1289
4.5460;-0.1225
4.5470;-0.0322
4.5480;0.0064
4.5490;0.0097
4.5500;0.0193
4.5510;0.0161
4.5520;0.0226
4.5530;0.0129
4.5540;0.0129
4.5550;0.0129
4.5560;0.0129
4.5570;0.0322
4.5580;0.0483
4.5590;0.0806
4.5600;0.0097
4.5610;-0.0032
4.5620;0.0193
4.5630;-0.0129
4.5640;-0.0935
4.5650;-0.1450
4.5660;-0.1096
4.5670;-0.0677
4.5680;0.0097
4.5690;0.0354
4.5700;0.0419
4.5710;0.0548
4.5720;0.0612
4.5730;0.1225
4.5740;0.1192
4.5750;0.1031
4.5760;0.0226
4.5770;-0.1805
4.5780;-0.1418
4.5790;-0.0612
4.5800;-0.0387
4.5810;0.0645
4.5820;0.1160
4.5830;-0.0709
4.5840;-0.1966
4.5850;-0.1611
4.5860;-0.0741
4.5870;0.0064
4.5880;0.0709
4.5890;0.0677
4.5900;0.0290
4.5910;0.1160
4.5920;0.0290
4.5930;-0.0322
4.5940;0.0290
4.5950;0.0322
4.5960;-0.0129
4.5970;-0.0193
4.5980;-0.0161
4.5990;0.0097
4.6000;0.0322
4.6010;0.0354
4.6020;0.0226
4.6030;-0.0097
4.6040;-0.0161
4.6050;0.0258
4.6060;0.0419
4.6070;0.0354
4.6080;0.0516
4.6090;0.0580
4.6100;0.0032
4.6110;-0.0322
4.6120;-0.0967
4.6130;-0.0838
4.6140;-0.0032
4.6150;0.0032
4.6160;-0.0870
4.6170;-0.0806
4.6180;-0.0032
4.6190;0.0290
4.6200;0.0161
4.6210;0.0226
4.6220;0.0226
4.6230;0.0129
4.6240;0.0129
4.6250;0.0741
4.6260;0.1676
4.6270;0.2030
4.6280;0.1031
4.6290;-0.0290
4.6300;-0.2546
4.6310;-0.2836
4.6320;-0.1869
4.6330;-0.0419
4.6340;0.0322
4.6350;0.0902
4.6360;-0.0032
4.6370;0.0193
4.6380;0.0999
4.6390;0.0226
4.6400;-0.0064
4.6410;0.0064
4.6420;-0.0032
4.6430;-0.0032
4.6440;0.0677
4.6450;0.1225
4.6460;-0.0935
4.6470;-0.1257
4.6480;-0.1160
4.6490;-0.1160
4.6500;-0.0580
4.6510;0.0226
4.6520;0.0451
4.6530;0.0516
4.6540;0.0451
4.6550;0.0451
4.6560;0.0387
4.6570;0.0290
4.6580;0.0129
4.6590;0.0226
4.6600;0.0548
4.6610;0.0612
4.6620;0.0645
4.6630;0.0354
4.6640;-0.0419
4.6650;-0.1450
4.6660;-0.0935
4.6670;-0.0064
4.6680;0.0548
4.6690;0.0677
4.6700;0.0290
4.6710;-0.0483
4.6720;-0.0612
4.6730;-0.0064
4.6740;0.0387
4.6750;0.0354
4.6760;0.0161
4.6770;0.0032
4.6780;0.0838
4.6790;0.1354
4.6800;0.1386
4.6810;0.0935
4.6820;-0.1418
4.6830;-0.3287
4.6840;-0.1772
4.6850;0.0129
4.6860;0.1192
4.6870;0.2353
4.6880;0.0290
4.6890;-0.2933
4.6900;-0.3029
4.6910;-0.1547
4.6920;-0.0354
4.6930;-0.0064
4.6940;0.0483
4.6950;0.0806
4.6960;0.0838
4.6970;0.0548
4.6980;0.0548
4.6990;0.0645
4.7000;0.0580
4.7010;0.0580
4.7020;0.0290
4.7030;0.0097
4.7040;0.0064
4.7050;0.0129
4.7060;0.0226
4.7070;0.0032
4.7080;-0.0258
4.7090;-0.0129
4.7100;0.0193
4.7110;0.0129
4.7120;-0.0226
4.7130;-0.0290
4.7140;-0.0064
4.7150;0.0064
4.7160;0.0741
4.7170;0.1063
4.7180;0.0967
4.7190;0.0483
4.7200;-0.0806
4.7210;-0.1740
4.7220;-0.0419
4.7230;-0.0483
4.7240;-0.0935
4.7250;-0.0677
4.7260;-0.0354
4.7270;-0.0032
4.7280;0.0226
4.7290;0.0226
4.7300;0.0193
4.7310;0.0258
4.7320;0.0290
4.7330;0.0226
4.7340;0.0129
4.7350;0.0097
4.7360;0.0354
4.7370;0.0322
4.7380;0.0387
4.7390;0.0709
4.7400;0.0548
4.7410;0.0000
4.7420;-0.0387
4.7430;0.0580
4.7440;0.0902
4.7450;0.0258
4.7460;-0.0483
4.7470;-0.0645
4.7480;-0.0773
4.7490;-0.2224
4.7500;-0.2127
4.7510;-0.0902
4.7520;-0.0451
4.7530;-0.0064
4.7540;0.0129
4.7550;0.0290
4.7560;0.0548
4.7570;0.0580
4.7580;0.0419
4.7590;0.0483
4.7600;0.0612
4.7610;0.0870
4.7620;0.0773
4.7630;0.0677
4.7640;0.0967
4.7650;0.0999
4.7660;-0.0387
4.7670;-0.1096
4.7680;-0.1772
4.7690;-0.1160
4.7700;-0.0290
4.7710;0.0161
4.7720;0.0226
4.7730;-0.0064
4.7740;0.0032
4.7750;0.0097
4.7760;0.0258
4.7770;0.0226
4.7780;-0.0129
4.7790;-0.0032
4.7800;0.0548
4.7810;0.0645
4.7820;0.0226
4.7830;-0.0258
4.7840;-0.0322
4.7850;-0.0677
4.7860;-0.0548
4.7870;-0.0258
4.7880;-0.0161
4.7890;0.0032
4.7900;0.0064
4.7910;0.0612
4.7920;0.0838
4.7930;0.0548
4.7940;0.0419
4.7950;0.0290
4.7960;0.0161
4.7970;0.0226
4.7980;0.0516
4.7990;-0.1837
4.8000;-0.2224
4.8010;-0.0967
4.8020;-0.0129
4.8030;0.0226
4.8040;0.0483
4.8050;0.0226
4.8060;0.0290
4.8070;0.0226
4.8080;0.0258
4.8090;0.0226
4.8100;0.0097
4.8110;0.0064
4.8120;0.0129
4.8130;0.0097
4.8140;0.0290
4.8150;0.0419
4.8160;0.0129
4.8170;-0.0193
4.8180;0.0258
4.8190;0.0645
4.8200;-0.0129
4.8210;-0.0419
4.8220;0.0000
4.8230;0.0000
4.8240;-0.0226
4.8250;-0.0516
4.8260;-0.0064
4.8270;0.0161
4.8280;-0.0322
4.8290;0.0258
4.8300;0.0645
4.8310;0.0548
4.8320;0.0612
4.8330;-0.0290
4.8340;-0.0902
4.8350;-0.0967
4.8360;0.0032
4.8370;-0.0354
4.8380;-0.0709
4.8390;-0.0580
4.8400;-0.0612
4.8410;-0.0354
4.8420;0.0258
4.8430;0.0838
4.8440;0.1740
4.8450;0.2159
4.8460;0.1966
4.8470;0.0999
4.8480;-0.0773
4.8490;-0.2610
4.8500;-0.2868
4.8510;-0.1869
4.8520;-0.1192
4.8530;0.0483
4.8540;0.0838
4.8550;-0.0322
4.8560;0.0354
4.8570;0.0322
4.8580;-0.0097
4.8590;0.0354
4.8600;0.0516
4.8610;-0.0354
4.8620;-0.0129
4.8630;0.0645
4.8640;0.0612
4.8650;0.0226
4.8660;0.0064
4.8670;0.0032
4.8680;0.0032
4.8690;0.0129
4.8700;0.0129
4.8710;0.0097
4.8720;0.0193
4.8730;0.0902
4.8740;0.1128
4.8750;0.0967
4.8760;-0.0193
4.8770;-0.1418
4.8780;-0.2095
4.8790;-0.1257
4.8800;-0.0193
4.8810;0.0032
4.8820;0.0000
4.8830;0.0129
4.8840;0.0226
4.8850;0.0258
4.8860;0.0290
4.8870;0.0354
4.8880;0.0258
4.8890;0.0580
4.8900;0.1031
4.8910;0.0129
4.8920;-0.0516
4.8930;-0.0902
4.8940;-0.0806
4.8950;-0.0290
4.8960;-0.0064
4.8970;0.0064
4.8980;0.0129
4.8990;0.0193
4.9000;0.0129
4.9010;0.0354
4.9020;0.0709
4.9030;0.1031
4.9040;0.1837
4.9050;0.1934
4.9060;0.0193
4.9070;-0.0483
4.9080;-0.1901
4.9090;-0.2836
4.9100;-0.2707
4.9110;-0.1805
4.9120;-0.0548
4.9130;0.0290
4.9140;0.0645
4.9150;0.0709
4.9160;0.0709
4.9170;0.0580
4.9180;0.0451
4.9190;0.0354
4.9200;0.0354
4.9210;0.0290
4.9220;0.0129
4.9230;0.0129
4.9240;0.0193
4.9250;0.0580
4.9260;0.1128
4.9270;0.0741
4.9280;0.0129
4.9290;-0.0419
4.9300;-0.0645
4.9310;-0.0902
4.9320;-0.0645
4.9330;-0.1160
4.9340;-0.0677
4.9350;0.0129
4.9360;0.0290
4.9370;0.0129
4.9380;0.0032
4.9390;0.0032
4.9400;0.0193
4.9410;0.0193
4.9420;0.0193
4.9430;0.0097
4.9440;0.0064
4.9450;0.0064
4.9460;0.0258
4.9470;0.0258
4.9480;0.0000
4.9490;-0.0097
4.9500;0.0258
4.9510;0.0741
4.9520;0.1547
4.9530;0.1805
4.9540;0.0709
4.9550;0.0097
4.9560;-0.0387
4.9570;-0.0645
4.9580;-0.1289
4.9590;-0.3674
4.9600;-0.3996
4.9610;-0.1934
4.9620;-0.0258
4.9630;0.0677
4.9640;0.1096
4.9650;0.1096
4.9660;0.0967
4.9670;0.0709
4.9680;0.0419
4.9690;0.0258
4.9700;0.0226
4.9710;0.0645
4.9720;0.1096
4.9730;0.1063
4.9740;0.0612
4.9750;0.0032
4.9760;-0.0902
4.9770;-0.0451
4.9780;-0.0935
4.9790;-0.1031
4.9800;-0.0290
4.9810;0.0193
4.9820;0.0258
4.9830;-0.0032
4.9840;-0.0129
4.9850;0.0129
4.9860;0.0226
4.9870;0.0161
4.9880;0.0129
4.9890;0.0097
4.9900;0.0129
4.9910;0.0032
4.9920;-0.0032
4.9930;0.0000
4.9940;0.0064
4.9950;0.0000
4.9960;0.0129
4.9970;0.0226
4.9980;0.0258
4.9990;0.0354
5.0000;0.0064
5.0010;-0.0193
5.0020;-0.0451
5.0030;-0.0483
5.0040;-0.0258
5.0050;-0.0064
5.0060;0.0097
5.0070;0.0097
5.0080;0.0097
5.0090;0.0064
5.0100;0.0000
5.0110;-0.0097
5.0120;-0.0161
5.0130;-0.0097
5.0140;0.0032
5.0150;0.0000
5.0160;0.0645
5.0170;0.0806
5.0180;0.1096
5.0190;0.0902
5.0200;-0.0322
5.0210;-0.1063
5.0220;-0.0935
5.0230;-0.0516
5.0240;-0.0064
5.0250;-0.0032
5.0260;-0.0290
5.0270;-0.1096
5.0280;-0.1031
5.0290;-0.0741
5.0300;-0.0064
5.0310;0.0451
5.0320;0.0451
5.0330;0.0258
5.0340;0.0290
5.0350;0.0741
5.0360;0.0483
5.0370;0.0193
5.0380;0.0451
5.0390;0.0967
5.0400;0.0999
5.0410;0.0741
5.0420;0.0677
5.0430;-0.0226
5.0440;-0.0709
5.0450;-0.0999
5.0460;-0.0354
5.0470;-0.1031
5.0480;-0.2062
5.0490;-0.1966
5.0500;-0.1354
5.0510;-0.0580
5.0520;0.0419
5.0530;0.0806
5.0540;0.0870
5.0550;0.0709
5.0560;0.0483
5.0570;0.0483
5.0580;0.0967
5.0590;0.0870
5.0600;-0.0193
5.0610;-0.0483
5.0620;-0.0129
5.0630;0.0161
5.0640;0.0387
5.0650;0.1096
5.0660;0.0387
5.0670;-0.0483
5.0680;-0.0806
5.0690;-0.0419
5.0700;-0.0064
5.0710;0.0064
5.0720;0.0645
5.0730;0.0709
5.0740;0.0354
5.0750;-0.0258
5.0760;-0.0773
5.0770;-0.0226
5.0780;0.0258
5.0790;0.0677
5.0800;0.0548
5.0810;-0.0548
5.0820;-0.0935
5.0830;-0.0999
5.0840;-0.0612
5.0850;-0.0226
5.0860;0.0258
5.0870;0.0193
5.0880;0.0032
5.0890;-0.0097
5.0900;-0.0064
5.0910;0.0161
5.0920;0.0129
5.0930;0.0129
5.0940;0.0193
5.0950;0.0064
5.0960;0.0097
5.0970;0.0129
5.0980;0.0097
5.0990;0.0097
5.1000;0.0064
5.1010;0.0064
5.1020;0.0000
5.1030;0.0000
5.1040;0.0032
5.1050;-0.0032
5.1060;0.0064
5.1070;-0.0032
5.1080;0.0000
5.1090;-0.0032
5.1100;0.0709
5.1110;0.0902
5.1120;0.0967
5.1130;0.0387
5.1140;-0.0419
5.1150;-0.1128
5.1160;-0.1966
5.1170;-0.1547
5.1180;-0.0709
5.1190;-0.0032
5.1200;0.0258
5.1210;0.0516
5.1220;0.0516
5.1230;0.0354
5.1240;0.0161
5.1250;-0.0064
5.1260;0.0097
5.1270;0.0773
5.1280;0.0935
5.1290;-0.0516
5.1300;-0.1031
5.1310;-0.0516
5.1320;-0.0129
5.1330;-0.0064
5.1340;0.0129
5.1350;0.0129
5.1360;0.0354
5.1370;0.0741
5.1380;0.0645
5.1390;-0.0032
5.1400;-0.0419
5.1410;-0.0483
5.1420;-0.0129
5.1430;0.0483
5.1440;0.0967
5.1450;0.0451
5.1460;-0.0161
5.1470;-0.0548
5.1480;-0.0193
5.1490;0.0000
5.1500;0.0000
5.1510;-0.0032
5.1520;-0.0097
5.1530;-0.0967
5.1540;-0.1160
5.1550;-0.0838
5.1560;-0.0645
5.1570;-0.0258
5.1580;0.0290
5.1590;0.0387
5.1600;0.0451
5.1610;0.0483
5.1620;0.0451
5.1630;0.0258
5.1640;0.0193
5.1650;0.0097
5.1660;0.0097
5.1670;0.0161
5.1680;0.0032
5.1690;-0.0064
5.1700;-0.0129
5.1710;-0.0064
5.1720;0.0032
5.1730;0.0097
5.1740;0.0097
5.1750;0.0097
5.1760;0.0097
5.1770;0.0032
5.1780;0.0000
5.1790;-0.0032
5.1800;0.0032
5.1810;0.0000
5.1820;0.0000
5.1830;0.0000
5.1840;0.0032
5.1850;-0.0032
5.1860;0.0032
5.1870;0.0032
5.1880;0.0000
5.1890;0.0064
5.1900;-0.0032
5.1910;-0.0064
5.1920;0.0000
5.1930;-0.0097
5.1940;0.0032
5.1950;-0.0064
5.1960;-0.0032
5.1970;-0.0064
5.1980;-0.0032
5.1990;-0.0064
5.2000;-0.0032
5.2010;-0.0032
5.2020;-0.0032
5.2030;0.0773
5.2040;0.1676
5.2050;0.2933
5.2060;0.2578
5.2070;0.0999
5.2080;-0.0999
5.2090;-0.3738
5.2100;-0.4447
5.2110;-0.2900
5.2120;-0.1611
5.2130;-0.1354
5.2140;0.0064
5.2150;0.0935
5.2160;0.1096
5.2170;0.0773
5.2180;0.0193
5.2190;0.0290
5.2200;0.0387
5.2210;0.0193
5.2220;0.0290
5.2230;0.0516
5.2240;0.0129
5.2250;-0.0097
5.2260;0.0000
5.2270;0.0097
5.2280;-0.0064
5.2290;0.0226
5.2300;0.0226
5.2310;0.0161
5.2320;0.0226
5.2330;0.0354
5.2340;0.0258
5.2350;0.0290
5.2360;0.0193
5.2370;-0.0129
5.2380;-0.0226
5.2390;-0.0032
5.2400;-0.0032
5.2410;-0.0032
5.2420;0.0000
5.2430;-0.0032
5.2440;-0.0097
5.2450;-0.0064
5.2460;0.0000
5.2470;-0.0064
5.2480;0.0000
5.2490;0.0097
5.2500;-0.0032
5.2510;0.0064
5.2520;0.0097
5.2530;0.0000
5.2540;0.0032
5.2550;-0.0097
5.2560;0.0032
5.2570;0.0387
5.2580;0.0483
5.2590;0.0645
5.2600;0.0483
5.2610;-0.0451
5.2620;-0.1225
5.2630;-0.0612
5.2640;0.0322
5.2650;0.0612
5.2660;0.0290
5.2670;-0.0451
5.2680;-0.1096
5.2690;-0.1225
5.2700;-0.0838
5.2710;-0.0354
5.2720;0.0354
5.2730;0.0612
5.2740;0.0226
5.2750;0.0129
5.2760;0.0902
5.2770;0.1096
5.2780;0.0773
5.2790;0.0516
5.2800;-0.0516
5.2810;-0.1354
5.2820;-0.1031
5.2830;-0.0548
5.2840;-0.0097
5.2850;0.0097
5.2860;0.0451
5.2870;0.0483
5.2880;0.0354
5.2890;0.0226
5.2900;-0.0064
5.2910;-0.0064
5.2920;-0.0161
5.2930;-0.0032
5.2940;-0.0032
5.2950;-0.0161
5.2960;-0.0064
5.2970;0.0097
5.2980;0.0290
5.2990;0.0451
5.3000;0.0161
5.3010;0.0032
5.3020;0.0290
5.3030;0.0419
5.3040;-0.0258
5.3050;-0.0709
5.3060;-0.0741
5.3070;-0.0483
5.3080;-0.0097
5.3090;0.0806
5.3100;0.1160
5.3110;0.0129
5.3120;0.0354
5.3130;0.0806
5.3140;0.0806
5.3150;-0.0580
5.3160;-0.1676
5.3170;-0.1740
5.3180;-0.1450
5.3190;-0.1160
5.3200;-0.0354
5.3210;0.0226
5.3220;0.0322
5.3230;0.0451
5.3240;0.0838
5.3250;0.0902
5.3260;0.0097
5.3270;0.0032
5.3280;0.0129
5.3290;0.0226
5.3300;0.0032
5.3310;0.0129
5.3320;0.0032
5.3330;-0.0064
5.3340;0.0097
5.3350;0.0000
5.3360;0.0129
5.3370;0.0097
5.3380;0.0064
5.3390;0.0097
5.3400;0.0000
5.3410;0.0032
5.3420;0.0064
5.3430;-0.0064
5.3440;-0.0032
5.3450;-0.0064
5.3460;-0.0064
5.3470;0.0000
5.3480;0.0000
5.3490;-0.0064
5.3500;-0.0064
5.3510;-0.0032
5.3520;0.0000
5.3530;-0.0064
5.3540;0.0032
5.3550;0.0097
5.3560;0.0129
5.3570;0.0129
5.3580;0.0064
5.3590;-0.0032
5.3600;-0.0258
5.3610;-0.0161
5.3620;0.0290
5.3630;0.0773
5.3640;0.1096
5.3650;0.0677
5.3660;0.0226
5.3670;0.0741
5.3680;0.0354
5.3690;-0.1096
5.3700;-0.1289
5.3710;-0.0419
5.3720;-0.0483
5.3730;-0.0902
5.3740;-0.1063
5.3750;-0.1031
5.3760;-0.1160
5.3770;-0.1192
5.3780;-0.1031
5.3790;-0.0290
5.3800;0.1063
5.3810;0.1257
5.3820;0.0419
5.3830;0.0032
5.3840;0.0387
5.3850;0.0612
5.3860;0.0580
5.3870;0.0548
5.3880;0.0516
5.3890;0.0516
5.3900;0.0483
5.3910;0.0032
5.3920;-0.0161
5.3930;-0.0290
5.3940;-0.0097
5.3950;-0.0097
5.3960;-0.0032
5.3970;0.0032
5.3980;0.0097
5.3990;0.0032
5.4000;0.0000
5.4010;-0.0032
5.4020;-0.0032
5.4030;0.0032
5.4040;0.0032
5.4050;-0.0032
5.4060;-0.0032
5.4070;0.0000
5.4080;-0.0129
5.4090;-0.0032
5.4100;-0.0032
5.4110;0.0000
5.4120;-0.0032
5.4130;0.0097
5.4140;0.0290
5.4150;0.0226
5.4160;0.0193
5.4170;0.0773
5.4180;0.0709
5.4190;0.0516
5.4200;0.1225
5.4210;0.0612
5.4220;-0.0290
5.4230;-0.0967
5.4240;-0.1192
5.4250;-0.2449
5.4260;-0.2385
5.4270;-0.1837
5.4280;-0.0806
5.4290;0.0000
5.4300;0.0354
5.4310;0.0645
5.4320;0.0870
5.4330;0.0838
5.4340;0.0709
5.4350;0.0419
5.4360;0.0193
5.4370;0.0129
5.4380;0.0226
5.4390;0.0322
5.4400;0.0322
5.4410;0.0193
5.4420;0.0032
5.4430;-0.0097
5.4440;-0.0032
5.4450;0.0000
5.4460;0.0322
5.4470;0.0516
5.4480;0.0322
5.4490;-0.0387
5.4500;-0.0709
5.4510;-0.0387
5.4520;-0.0032
5.4530;0.0161
5.4540;0.0129
5.4550;0.0258
5.4560;0.0193
5.4570;0.0193
5.4580;0.0226
5.4590;-0.0322
5.4600;-0.0322
5.4610;-0.0419
5.4620;-0.0580
5.4630;-0.0419
5.4640;-0.0064
5.4650;0.0129
5.4660;0.0483
5.4670;0.0290
5.4680;0.0806
5.4690;0.1740
5.4700;0.2224
5.4710;0.1805
5.4720;0.0258
5.4730;-0.1031
5.4740;-0.2127
5.4750;-0.2804
5.4760;-0.2095
5.4770;-0.1289
5.4780;-0.0935
5.4790;-0.0097
5.4800;0.0032
5.4810;-0.0677
5.4820;-0.0870
5.4830;-0.0129
5.4840;0.0645
5.4850;0.1031
5.4860;0.1096
5.4870;0.0967
5.4880;0.0741
5.4890;0.0483
5.4900;0.0483
5.4910;0.0773
5.4920;0.1128
5.4930;0.1031
5.4940;0.0387
5.4950;-0.0516
5.4960;-0.0483
5.4970;-0.1869
5.4980;-0.1708
5.4990;-0.0419
5.5000;0.0258
5.5010;0.0483
5.5020;-0.0032
5.5030;-0.0161
5.5040;0.0032
5.5050;0.0322
5.5060;0.0387
5.5070;0.0387
5.5080;0.0419
5.5090;0.0161
5.5100;-0.0193
5.5110;-0.0354
5.5120;-0.0290
5.5130;0.0097
5.5140;0.0483
5.5150;0.0129
5.5160;-0.0226
5.5170;-0.0129
5.5180;0.0612
5.5190;0.1257
5.5200;0.0645
5.5210;-0.0709
5.5220;-0.1772
5.5230;-0.1772
5.5240;-0.1063
5.5250;-0.0516
5.5260;0.0000
5.5270;0.0226
5.5280;0.0387
5.5290;0.0193
5.5300;0.0129
5.5310;0.0516
5.5320;0.0999
5.5330;0.1096
5.5340;0.0548
5.5350;0.0129
5.5360;-0.0226
5.5370;-0.0935
5.5380;-0.0290
5.5390;-0.0161
5.5400;0.0226
5.5410;0.0548
5.5420;0.0000
5.5430;-0.0354
5.5440;-0.0161
5.5450;0.0032
5.5460;-0.0064
5.5470;-0.0032
5.5480;0.0645
5.5490;0.0387
5.5500;-0.0419
5.5510;-0.0354
5.5520;-0.0419
5.5530;-0.0258
5.5540;-0.0064
5.5550;0.0709
5.5560;0.0935
5.5570;0.0677
5.5580;-0.0064
5.5590;-0.0516
5.5600;-0.0451
5.5610;-0.0129
5.5620;-0.0290
5.5630;-0.0516
5.5640;-0.0548
5.5650;-0.0193
5.5660;-0.0032
5.5670;-0.0129
5.5680;-0.0258
5.5690;-0.0129
5.5700;0.0161
5.5710;0.0419
5.5720;0.0290
5.5730;0.0129
5.5740;0.0193
5.5750;0.0161
5.5760;0.0064
5.5770;0.0129
5.5780;0.0354
5.5790;0.0709
5.5800;0.0773
5.5810;0.0451
5.5820;-0.0226
5.5830;-0.0902
5.5840;-0.1096
5.5850;-0.0935
5.5860;0.0387
5.5870;0.1289
5.5880;0.1096
5.5890;0.0483
5.5900;-0.0483
5.5910;-0.1805
5.5920;-0.1901
5.5930;-0.1096
5.5940;-0.0677
5.5950;-0.0129
5.5960;0.0387
5.5970;0.0580
5.5980;0.0580
5.5990;0.0322
5.6000;0.0483
5.6010;0.0967
5.6020;0.0838
5.6030;-0.0129
5.6040;-0.0226
5.6050;-0.0193
5.6060;-0.0226
5.6070;-0.0032
5.6080;0.0097
5.6090;0.0097
5.6100;0.0032
5.6110;0.0032
5.6120;0.0000
5.6130;0.0032
5.6140;0.0097
5.6150;-0.0064
5.6160;-0.0129
5.6170;0.0161
5.6180;0.0967
5.6190;0.1031
5.6200;0.0483
5.6210;-0.0258
5.6220;-0.1354
5.6230;-0.1515
5.6240;-0.1063
5.6250;-0.0483
5.6260;0.0000
5.6270;-0.0064
5.6280;-0.0064
5.6290;-0.0032
5.6300;0.0129
5.6310;0.0322
5.6320;0.0387
5.6330;0.0226
5.6340;0.0290
5.6350;0.0354
5.6360;0.0580
5.6370;0.0451
5.6380;0.0226
5.6390;-0.0032
5.6400;-0.0419
5.6410;-0.0451
5.6420;-0.0322
5.6430;0.0000
5.6440;0.0226
5.6450;0.0193
5.6460;-0.0129
5.6470;-0.0483
5.6480;-0.0290
5.6490;0.0226
5.6500;0.0451
5.6510;0.0226
5.6520;0.0193
5.6530;0.0097
5.6540;0.0000
5.6550;0.0032
5.6560;-0.0097
5.6570;-0.0354
5.6580;-0.0226
5.6590;-0.0129
5.6600;-0.0032
5.6610;0.0226
5.6620;0.0741
5.6630;0.0612
5.6640;-0.0258
5.6650;-0.0838
5.6660;-0.0580
5.6670;-0.0129
5.6680;-0.0193
5.6690;-0.0645
5.6700;-0.0773
5.6710;-0.0064
5.6720;0.0258
5.6730;0.0226
5.6740;-0.0064
5.6750;-0.0032
5.6760;0.0097
5.6770;0.0097
5.6780;0.0354
5.6790;0.0322
5.6800;0.0097
5.6810;0.0193
5.6820;0.0290
5.6830;0.0226
5.6840;0.0226
5.6850;0.0129
5.6860;0.0097
5.6870;-0.0226
5.6880;-0.0193
5.6890;-0.0193
5.6900;-0.0097
5.6910;0.0064
5.6920;0.0032
5.6930;0.0064
5.6940;0.0000
5.6950;0.0000
5.6960;0.0032
5.6970;0.0000
5.6980;-0.0032
5.6990;0.0000
5.7000;0.0000
5.7010;0.0935
5.7020;0.1096
5.7030;0.0870
5.7040;0.0451
5.7050;-0.0290
5.7060;-0.0548
5.7070;-0.0999
5.7080;-0.1515
5.7090;-0.0483
5.7100;-0.0097
5.7110;-0.0387
5.7120;-0.0806
5.7130;-0.0935
5.7140;-0.0451
5.7150;0.0322
5.7160;0.0709
5.7170;0.1096
5.7180;0.0516
5.7190;-0.0161
5.7200;-0.0483
5.7210;-0.0612
5.7220;0.0064
5.7230;0.0193
5.7240;-0.0161
5.7250;-0.0032
5.7260;0.0097
5.7270;0.0161
5.7280;0.0226
5.7290;0.0322
5.7300;0.0354
5.7310;0.0387
5.7320;0.0193
5.7330;-0.0097
5.7340;0.0064
5.7350;-0.0129
5.7360;0.0161
5.7370;0.0290
5.7380;0.0226
5.7390;-0.0129
5.7400;-0.0516
5.7410;-0.0580
5.7420;-0.0290
5.7430;-0.0032
5.7440;0.0032
5.7450;0.0032
5.7460;0.0064
5.7470;0.0032
5.7480;0.0129
5.7490;0.0161
5.7500;0.0129
5.7510;0.0097
5.7520;0.0032
5.7530;0.0064
5.7540;0.0064
5.7550;0.0097
5.7560;0.0097
5.7570;-0.0161
5.7580;-0.0322
5.7590;-0.0354
5.7600;0.0387
5.7610;0.1063
5.7620;0.1257
5.7630;0.1192
5.7640;0.0967
5.7650;-0.0290
5.7660;-0.1772
5.7670;-0.2191
5.7680;-0.1998
5.7690;-0.0226
5.7700;0.0967
5.7710;0.1289
5.7720;0.0451
5.7730;-0.0322
5.7740;-0.0999
5.7750;-0.1611
5.7760;-0.1031
5.7770;0.0129
5.7780;0.0064
5.7790;-0.0032
5.7800;-0.0129
5.7810;0.0129
5.7820;0.0226
5.7830;0.0322
5.7840;0.0258
5.7850;0.0000
5.7860;0.0129
5.7870;0.0161
5.7880;0.0354
5.7890;0.0419
5.7900;0.0387
5.7910;0.0290
5.7920;0.0193
5.7930;0.0129
5.7940;0.0161
5.7950;0.0097
5.7960;0.0064
5.7970;0.0097
5.7980;0.0000
5.7990;0.0032
5.8000;0.0000
5.8010;0.0000
5.8020;0.0000
5.8030;0.0000
5.8040;-0.0064
5.8050;-0.0064
5.8060;0.0000
5.8070;-0.0032
5.8080;0.0000
5.8090;-0.0032
5.8100;-0.0032
5.8110;0.0097
5.8120;0.0097
5.8130;0.0161
5.8140;0.0064
5.8150;-0.0032
5.8160;0.0032
5.8170;-0.0226
5.8180;-0.0580
5.8190;-0.0290
5.8200;0.0000
5.8210;0.0226
5.8220;0.0419
5.8230;0.0226
5.8240;0.0000
5.8250;-0.0129
5.8260;-0.0064
5.8270;0.0032
5.8280;-0.0290
5.8290;-0.0226
5.8300;-0.0290
5.8310;0.0000
5.8320;0.0645
5.8330;0.0097
5.8340;-0.0548
5.8350;-0.0548
5.8360;-0.0580
5.8370;-0.0419
5.8380;-0.0322
5.8390;-0.0064
5.8400;0.0258
5.8410;0.0354
5.8420;0.0451
5.8430;0.0226
5.8440;0.0129
5.8450;0.0032
5.8460;0.0129
5.8470;0.0097
5.8480;0.0193
5.8490;0.0387
5.8500;0.0129
5.8510;0.0645
5.8520;0.0773
5.8530;-0.0064
5.8540;-0.0580
5.8550;-0.0580
5.8560;0.0000
5.8570;0.0000
5.8580;-0.0387
5.8590;-0.0580
5.8600;-0.0516
5.8610;-0.0226
5.8620;0.0097
5.8630;0.0612
5.8640;0.0032
5.8650;-0.0516
5.8660;-0.0322
5.8670;0.0064
5.8680;0.0064
5.8690;-0.0064
5.8700;-0.0129
5.8710;-0.0032
5.8720;-0.0032
5.8730;0.0097
5.8740;0.0161
5.8750;0.0129
5.8760;0.0161
5.8770;0.0226
5.8780;0.0129
5.8790;-0.0064
5.8800;-0.0064
5.8810;-0.0064
5.8820;0.0032
5.8830;0.0129
5.8840;0.0064
5.8850;0.0097
5.8860;0.0322
5.8870;0.0387
5.8880;0.0838
5.8890;0.0870
5.8900;0.0290
5.8910;-0.0161
5.8920;0.0000
5.8930;0.0097
5.8940;-0.0258
5.8950;-0.0838
5.8960;-0.1128
5.8970;-0.1031
5.8980;-0.0709
5.8990;-0.0161
5.9000;-0.0258
5.9010;-0.0645
5.9020;-0.0838
5.9030;-0.0387
5.9040;0.0258
5.9050;0.0483
5.9060;0.0741
5.9070;0.0677
5.9080;0.0612
5.9090;0.0548
5.9100;0.0419
5.9110;-0.0419
5.9120;-0.0677
5.9130;-0.0516
5.9140;0.0097
5.9150;0.0226
5.9160;0.0193
5.9170;0.0097
5.9180;0.0161
5.9190;0.0129
5.9200;0.0097
5.9210;0.0097
5.9220;0.0161
5.9230;0.0258
5.9240;0.0097
5.9250;-0.0097
5.9260;-0.0097
5.9270;0.0129
5.9280;0.0129
5.9290;0.0129
5.9300;0.0032
5.9310;-0.0064
5.9320;-0.0226
5.9330;-0.0226
5.9340;-0.0064
5.9350;-0.0032
5.9360;0.0064
5.9370;0.0097
5.9380;0.0032
5.9390;0.0000
5.9400;0.0000
5.9410;0.0193
5.9420;0.0322
5.9430;0.0064
5.9440;0.0064
5.9450;0.0741
5.9460;0.0773
5.9470;0.0064
5.9480;0.0000
5.9490;0.0709
5.9500;0.1096
5.9510;0.1386
5.9520;0.0967
5.9530;-0.1289
5.9540;-0.2868
5.9550;-0.2868
5.9560;-0.2739
5.9570;-0.1611
5.9580;-0.0741
5.9590;-0.0161
5.9600;0.0032
5.9610;0.0451
5.9620;0.0838
5.9630;0.0999
5.9640;0.0773
5.9650;0.0548
5.9660;0.0483
5.9670;0.0387
5.9680;0.0387
5.9690;0.0258
5.9700;0.0258
5.9710;0.0548
5.9720;0.0612
5.9730;0.0064
5.9740;-0.0161
5.9750;-0.0064
5.9760;-0.0032
5.9770;0.0000
5.9780;-0.0032
5.9790;0.0032
5.9800;-0.0032
5.9810;-0.0064
5.9820;-0.0032
5.9830;-0.0032
5.9840;0.0032
5.9850;-0.0032
5.9860;0.0032
5.9870;-0.0032
5.9880;-0.0064
5.9890;-0.0032
5.9900;-0.0097
5.9910;-0.0064
5.9920;-0.0129
5.9930;-0.0097
5.9940;-0.0032
5.9950;-0.0032
5.9960;0.0000
5.9970;0.0000
5.9980;0.0032
5.9990;0.0129
6.0000;0.0000
6.0010;0.0064
6.0020;0.0032
6.0030;0.0097
6.0040;0.0000
6.0050;-0.0064
6.0060;-0.0032
6.0070;-0.0032
6.0080;0.0226
6.0090;0.0419
6.0100;0.0387
6.0110;0.0226
6.0120;-0.0226
6.0130;-0.0580
6.0140;-0.0322
6.0150;-0.0032
6.0160;0.0129
6.0170;0.0580
6.0180;0.0773
6.0190;0.0999
6.0200;0.0387
6.0210;-0.0838
6.0220;-0.2224
6.0230;-0.1708
6.0240;-0.0677
6.0250;-0.0258
6.0260;0.0548
6.0270;0.0773
6.0280;0.0580
6.0290;0.0032
6.0300;-0.0580
6.0310;-0.1128
6.0320;-0.0387
6.0330;0.1063
6.0340;0.1547
6.0350;0.0516
6.0360;-0.0322
6.0370;-0.0741
6.0380;-0.0612
6.0390;-0.0258
6.0400;0.0032
6.0410;-0.0032
6.0420;0.0032
6.0430;-0.0097
6.0440;0.0000
6.0450;0.0226
6.0460;0.0451
6.0470;0.0516
6.0480;0.0258
6.0490;-0.0032
6.0500;-0.0290
6.0510;-0.0161
6.0520;0.0161
6.0530;0.0258
6.0540;0.0419
6.0550;0.0483
6.0560;0.0967
6.0570;0.0999
6.0580;0.0354
6.0590;-0.0354
6.0600;-0.0838
6.0610;-0.1128
6.0620;-0.0838
6.0630;-0.0612
6.0640;0.0032
6.0650;0.0097
6.0660;-0.0129
6.0670;-0.0097
6.0680;0.0129
6.0690;0.1031
6.0700;0.0935
6.0710;-0.0129
6.0720;-0.1031
6.0730;-0.0999
6.0740;-0.0935
6.0750;-0.0838
6.0760;-0.0290
6.0770;0.0193
6.0780;0.0451
6.0790;0.0451
6.0800;0.0516
6.0810;0.0387
6.0820;0.0419
6.0830;0.0097
6.0840;0.0226
6.0850;0.0032
6.0860;-0.0354
6.0870;-0.0032
6.0880;0.0097
6.0890;0.0064
6.0900;-0.0064
6.0910;-0.0226
6.0920;0.0097
6.0930;0.0097
6.0940;0.0483
6.0950;0.0999
6.0960;0.0645
6.0970;-0.0226
6.0980;-0.0967
6.0990;-0.0999
6.1000;-0.0806
6.1010;0.0000
6.1020;0.0258
6.1030;0.0161
6.1040;0.0226
6.1050;0.0290
6.1060;0.0677
6.1070;0.0741
6.1080;0.0290
6.1090;-0.0226
6.1100;-0.0548
6.1110;-0.0419
6.1120;0.0097
6.1130;0.0032
6.1140;-0.0612
6.1150;-0.0999
6.1160;-0.0129
6.1170;0.0258
6.1180;-0.0097
6.1190;0.0548
6.1200;0.0290
6.1210;-0.0064
6.1220;-0.0258
6.1230;0.0451
6.1240;0.0129
6.1250;-0.0580
6.1260;-0.0612
6.1270;-0.0580
6.1280;-0.0226
6.1290;0.0226
6.1300;0.0516
6.1310;0.0612
6.1320;0.0290
6.1330;-0.0226
6.1340;-0.0580
6.1350;-0.0290
6.1360;0.0097
6.1370;0.0354
6.1380;0.0580
6.1390;0.0451
6.1400;0.0226
6.1410;-0.0129
6.1420;-0.0387
6.1430;0.0129
6.1440;0.0645
6.1450;0.0419
6.1460;-0.0064
6.1470;-0.0612
6.1480;-0.0999
6.1490;-0.0516
6.1500;-0.0097
6.1510;0.0580
6.1520;0.0387
6.1530;0.0032
6.1540;0.0226
6.1550;0.0193
6.1560;-0.0129
6.1570;-0.0290
6.1580;-0.0354
6.1590;-0.0097
6.1600;-0.0064
6.1610;-0.0064
6.1620;0.0226
6.1630;0.0516
6.1640;0.0516
6.1650;0.0193
6.1660;0.0097
6.1670;-0.0226
6.1680;-0.0258
6.1690;0.0354
6.1700;0.0516
6.1710;0.0258
6.1720;-0.0838
6.1730;-0.1063
6.1740;-0.0741
6.1750;-0.0354
6.1760;0.0032
6.1770;-0.0161
6.1780;-0.0226
6.1790;-0.0097
6.1800;0.0097
6.1810;0.0226
6.1820;0.0419
6.1830;0.0354
6.1840;0.0419
6.1850;0.0516
6.1860;0.0387
6.1870;0.0193
6.1880;0.0161
6.1890;0.0580
6.1900;0.0902
6.1910;0.0870
6.1920;-0.0387
6.1930;-0.1837
6.1940;-0.2030
6.1950;-0.1289
6.1960;-0.0677
6.1970;-0.0419
6.1980;0.0129
6.1990;0.0387
6.2000;0.0354
6.2010;0.0387
6.2020;0.0419
6.2030;0.0290
6.2040;0.0322
6.2050;0.0290
6.2060;0.0354
6.2070;0.0516
6.2080;0.0419
6.2090;0.0290
6.2100;-0.0064
6.2110;-0.0451
6.2120;-0.0290
6.2130;-0.0483
6.2140;-0.0258
6.2150;0.0097
6.2160;0.0290
6.2170;0.0097
6.2180;0.0387
6.2190;0.0645
6.2200;0.0645
6.2210;0.0387
6.2220;-0.0097
6.2230;-0.0580
6.2240;-0.0580
6.2250;-0.0709
6.2260;-0.0741
6.2270;-0.0741
6.2280;-0.0129
6.2290;0.0354
6.2300;0.0580
6.2310;0.0161
6.2320;-0.0290
6.2330;-0.0677
6.2340;-0.0322
6.2350;0.0226
6.2360;0.0806
6.2370;0.0612
6.2380;0.0161
6.2390;0.0000
6.2400;-0.0161
6.2410;-0.0483
6.2420;-0.0645
6.2430;-0.0161
6.2440;0.0161
6.2450;0.0290
6.2460;0.0387
6.2470;0.0451
6.2480;0.0612
6.2490;0.0387
6.2500;0.0322
6.2510;-0.0032
6.2520;-0.1160
6.2530;-0.1160
6.2540;-0.0354
6.2550;0.0129
6.2560;0.0129
6.2570;0.0129
6.2580;0.0000
6.2590;0.0000
6.2600;0.0097
6.2610;0.0129
6.2620;0.0193
6.2630;0.0290
6.2640;0.0451
6.2650;0.0387
6.2660;0.0258
6.2670;0.0322
6.2680;0.0290
6.2690;0.0097
6.2700;-0.0258
6.2710;-0.0773
6.2720;-0.0967
6.2730;-0.0709
6.2740;-0.0580
6.2750;-0.0193
6.2760;0.0451
6.2770;0.0226
6.2780;-0.0322
6.2790;-0.0097
6.2800;0.0097
6.2810;0.0322
6.2820;0.0387
6.2830;0.0387
6.2840;0.0129
6.2850;-0.0032
6.2860;-0.0129
6.2870;-0.0064
6.2880;0.0129
6.2890;0.0258
6.2900;0.0290
6.2910;0.0097
6.2920;-0.0161
6.2930;-0.0483
6.2940;-0.0161
6.2950;0.0032
6.2960;-0.0193
6.2970;0.0097
6.2980;0.0354
6.2990;0.0354
6.3000;-0.0258
6.3010;-0.0354
6.3020;-0.0193
6.3030;0.0580
6.3040;0.0967
6.3050;0.0870
6.3060;-0.0032
6.3070;-0.0935
6.3080;-0.1289
6.3090;-0.0902
6.3100;-0.0967
6.3110;-0.0483
6.3120;-0.0064
6.3130;0.0193
6.3140;0.0322
6.3150;0.0387
6.3160;0.0677
6.3170;0.0967
6.3180;0.0935
6.3190;0.0451
6.3200;-0.0161
6.3210;-0.0902
6.3220;-0.1450
6.3230;-0.0806
6.3240;-0.0032
6.3250;0.0258
6.3260;0.0226
6.3270;0.0226
6.3280;0.0419
6.3290;0.0612
6.3300;0.0000
6.3310;-0.0064
6.3320;0.0354
6.3330;0.1160
6.3340;0.1096
6.3350;0.0999
6.3360;0.0193
6.3370;-0.0741
6.3380;-0.1418
6.3390;-0.1031
6.3400;-0.0870
6.3410;-0.0387
6.3420;-0.0129
6.3430;-0.0161
6.3440;-0.0129
6.3450;-0.0290
6.3460;-0.0226
6.3470;-0.0064
6.3480;-0.0032
6.3490;0.0161
6.3500;0.0419
6.3510;0.0322
6.3520;0.0032
6.3530;-0.0129
6.3540;0.0000
6.3550;0.0193
6.3560;0.0451
6.3570;0.0967
6.3580;0.0967
6.3590;0.0516
6.3600;0.0032
6.3610;-0.0870
6.3620;-0.1418
6.3630;-0.1096
6.3640;-0.0451
6.3650;0.0129
6.3660;0.0419
6.3670;0.0322
6.3680;0.0226
6.3690;0.0097
6.3700;0.0032
6.3710;0.0064
6.3720;0.0064
6.3730;0.0000
6.3740;0.0161
6.3750;0.0226
6.3760;0.0193
6.3770;0.0064
6.3780;0.0129
6.3790;-0.0161
6.3800;-0.0451
6.3810;-0.0129
6.3820;0.0870
6.3830;0.0483
6.3840;-0.0064
6.3850;-0.0322
6.3860;-0.0290
6.3870;-0.0806
6.3880;-0.0902
6.3890;-0.0354
6.3900;-0.0064
6.3910;0.0161
6.3920;0.0290
6.3930;0.0548
6.3940;0.0870
6.3950;0.0741
6.3960;0.0290
6.3970;-0.0322
6.3980;-0.0483
6.3990;-0.0354
6.4000;-0.0419
6.4010;-0.0290
6.4020;0.0645
6.4030;0.0935
6.4040;0.0419
6.4050;-0.0483
6.4060;-0.0999
6.4070;-0.0709
6.4080;-0.0161
6.4090;0.0999
6.4100;0.0806
6.4110;0.0258
6.4120;-0.0935
6.4130;-0.1579
6.4140;-0.1096
6.4150;-0.0258
6.4160;-0.0322
6.4170;0.0290
6.4180;0.1063
6.4190;0.0999
6.4200;0.0838
6.4210;0.0516
6.4220;0.0290
6.4230;-0.0516
6.4240;-0.0258
6.4250;0.0161
6.4260;0.0387
6.4270;-0.1063
6.4280;-0.2062
6.4290;-0.1257
6.4300;-0.0258
6.4310;0.0258
6.4320;0.0451
6.4330;0.0451
6.4340;0.0709
6.4350;0.0516
6.4360;0.0064
6.4370;0.0226
6.4380;0.0419
6.4390;0.0354
6.4400;0.0290
6.4410;0.0258
6.4420;0.0032
6.4430;-0.0226
6.4440;-0.0322
6.4450;-0.0258
6.4460;-0.0032
6.4470;0.0032
6.4480;0.0064
6.4490;0.0193
6.4500;0.0193
6.4510;0.0161
6.4520;0.0193
6.4530;0.0741
6.4540;0.0709
6.4550;0.0483
6.4560;-0.0548
6.4570;-0.0838
6.4580;-0.0935
6.4590;-0.0838
6.4600;-0.0354
6.4610;-0.0258
6.4620;-0.0258
6.4630;-0.0097
6.4640;0.0226
6.4650;0.0322
6.4660;0.0226
6.4670;0.0548
6.4680;0.1128
6.4690;0.1225
6.4700;0.0419
6.4710;-0.0322
6.4720;-0.1192
6.4730;-0.1547
6.4740;-0.0838
6.4750;-0.0258
6.4760;0.0129
6.4770;0.0032
6.4780;0.0129
6.4790;0.0451
6.4800;0.0516
6.4810;-0.0129
6.4820;-0.0516
6.4830;-0.0161
6.4840;0.0097
6.4850;0.0129
6.4860;0.0354
6.4870;0.0548
6.4880;0.0773
6.4890;0.0806
6.4900;0.0806
6.4910;0.0419
6.4920;-0.0516
6.4930;-0.1354
6.4940;-0.1482
6.4950;-0.1128
6.4960;-0.0709
6.4970;-0.0129
6.4980;0.0290
6.4990;0.0354
6.5000;0.0483
6.5010;0.0645
6.5020;0.0645
6.5030;0.0580
6.5040;0.0226
6.5050;-0.0161
6.5060;-0.0483
6.5070;-0.0451
6.5080;0.0226
6.5090;0.0677
6.5100;0.0580
6.5110;0.0483
6.5120;-0.0032
6.5130;-0.1031
6.5140;-0.1096
6.5150;-0.0645
6.5160;-0.0258
6.5170;-0.0097
6.5180;0.0032
6.5190;0.0741
6.5200;0.0902
6.5210;0.0354
6.5220;-0.0129
6.5230;-0.0612
6.5240;-0.0580
6.5250;-0.0451
6.5260;-0.0064
6.5270;0.0161
6.5280;0.0645
6.5290;0.0612
6.5300;0.0064
6.5310;0.0097
6.5320;0.0773
6.5330;0.1128
6.5340;0.0548
6.5350;-0.0258
6.5360;-0.1257
6.5370;-0.1515
6.5380;-0.0902
6.5390;-0.0322
6.5400;-0.0129
6.5410;0.0129
6.5420;0.0483
6.5430;0.0354
6.5440;0.0387
6.5450;0.0290
6.5460;0.0000
6.5470;-0.0193
6.5480;-0.0129
6.5490;0.0129
6.5500;0.0129
6.5510;0.0032
6.5520;-0.0129
6.5530;-0.0161
6.5540;-0.0064
6.5550;0.0129
6.5560;0.0290
6.5570;0.0290
6.5580;0.0419
6.5590;0.0226
6.5600;-0.0290
6.5610;-0.0548
6.5620;-0.0387
6.5630;0.0032
6.5640;0.0387
6.5650;0.0548
6.5660;0.0580
6.5670;0.0161
6.5680;-0.0226
6.5690;-0.0226
6.5700;-0.0354
6.5710;-0.0322
6.5720;-0.0677
6.5730;-0.0902
6.5740;-0.0516
6.5750;-0.0161
6.5760;0.0129
6.5770;0.0161
6.5780;0.0290
6.5790;0.0483
6.5800;0.0451
6.5810;0.0000
6.5820;-0.0226
6.5830;-0.0161
6.5840;0.0161
6.5850;0.0064
6.5860;-0.0226
6.5870;-0.0129
6.5880;0.0032
6.5890;0.0387
6.5900;0.0387
6.5910;0.0129
6.5920;0.0064
6.5930;0.0226
6.5940;0.0161
6.5950;-0.0032
6.5960;-0.0032
6.5970;-0.0097
6.5980;0.0000
6.5990;-0.0064
6.6000;0.0097
6.6010;0.0226
6.6020;0.0226
6.6030;0.0354
6.6040;0.0226
6.6050;0.0064
6.6060;-0.0709
6.6070;-0.1225
6.6080;-0.0773
6.6090;-0.0226
6.6100;0.0193
6.6110;0.0483
6.6120;0.0580
6.6130;0.0741
6.6140;0.0645
6.6150;0.0226
6.6160;-0.0548
6.6170;-0.0838
6.6180;-0.0838
6.6190;-0.0709
6.6200;-0.0419
6.6210;0.0032
6.6220;0.0193
6.6230;0.0129
6.6240;0.0226
6.6250;0.0226
6.6260;0.0258
6.6270;0.0258
6.6280;0.0129
6.6290;0.0032
6.6300;0.0097
6.6310;0.0032
6.6320;0.0097
6.6330;0.0129
6.6340;0.0129
6.6350;0.0097
6.6360;0.0161
6.6370;0.0064
6.6380;0.0354
6.6390;0.0548
6.6400;0.0612
6.6410;0.0741
6.6420;0.0806
6.6430;0.0032
6.6440;-0.0967
6.6450;-0.1676
6.6460;-0.1644
6.6470;-0.1644
6.6480;-0.0838
6.6490;0.0290
6.6500;0.0258
6.6510;0.0516
6.6520;0.0516
6.6530;0.0354
6.6540;0.0258
6.6550;0.0129
6.6560;0.0258
6.6570;0.0193
6.6580;-0.0097
6.6590;0.0032
6.6600;-0.0032
6.6610;0.0161
6.6620;0.0064
6.6630;-0.0161
6.6640;-0.0161
6.6650;-0.0193
6.6660;-0.0097
6.6670;0.0161
6.6680;0.0483
6.6690;0.0483
6.6700;0.0387
6.6710;0.0516
6.6720;0.0226
6.6730;-0.0419
6.6740;-0.0902
6.6750;-0.0999
6.6760;-0.0773
6.6770;-0.0290
6.6780;0.0032
6.6790;0.0226
6.6800;0.0226
6.6810;0.0226
6.6820;0.0290
6.6830;0.0612
6.6840;0.0773
6.6850;0.0451
6.6860;0.0193
6.6870;-0.0483
6.6880;-0.0580
6.6890;-0.0387
6.6900;-0.0354
6.6910;-0.0193
6.6920;-0.0129
6.6930;0.0000
6.6940;0.0064
6.6950;0.0161
6.6960;0.0290
6.6970;0.0226
6.6980;0.0161
6.6990;0.0129
6.7000;0.0032
6.7010;0.0226
6.7020;-0.0193
6.7030;-0.0516
6.7040;-0.0161
6.7050;0.0161
6.7060;0.0290
6.7070;0.0193
6.7080;-0.0193
6.7090;-0.0129
6.7100;-0.0129
6.7110;-0.0419
6.7120;-0.0290
6.7130;0.0032
6.7140;0.0322
6.7150;0.0870
6.7160;0.1160
6.7170;0.0322
6.7180;0.0032
6.7190;-0.0516
6.7200;-0.0870
6.7210;-0.0935
6.7220;-0.0709
6.7230;-0.0548
6.7240;-0.0387
6.7250;-0.0290
6.7260;-0.0032
6.7270;0.0193
6.7280;0.0451
6.7290;0.0516
6.7300;0.0483
6.7310;0.0967
6.7320;0.1321
6.7330;0.0870
6.7340;0.0322
6.7350;-0.0322
6.7360;-0.0902
6.7370;-0.1450
6.7380;-0.1450
6.7390;-0.0709
6.7400;-0.0290
6.7410;0.0064
6.7420;0.0097
6.7430;0.0097
6.7440;0.0226
6.7450;0.0193
6.7460;0.0290
6.7470;0.0451
6.7480;0.0677
6.7490;0.0773
6.7500;0.0612
6.7510;0.0032
6.7520;-0.0193
6.7530;-0.0129
6.7540;-0.0322
6.7550;0.0032
6.7560;0.0258
6.7570;-0.0451
6.7580;-0.0838
6.7590;-0.0645
6.7600;0.0064
6.7610;0.0451
6.7620;0.0193
6.7630;-0.0161
6.7640;-0.0451
6.7650;-0.0548
6.7660;-0.0258
6.7670;0.0032
6.7680;0.0129
6.7690;0.0290
6.7700;0.0258
6.7710;0.0258
6.7720;0.0193
6.7730;0.0193
6.7740;0.0064
6.7750;0.0032
6.7760;0.0032
6.7770;0.0032
6.7780;0.0129
6.7790;0.0193
6.7800;-0.0032
6.7810;-0.0193
6.7820;-0.0129
6.7830;-0.0064
6.7840;-0.0032
6.7850;0.0000
6.7860;0.0129
6.7870;0.0354
6.7880;0.0451
6.7890;0.0451
6.7900;0.0064
6.7910;-0.0354
6.7920;-0.0483
6.7930;-0.0290
6.7940;-0.0419
6.7950;-0.0129
6.7960;0.0193
6.7970;0.0000
6.7980;-0.0193
6.7990;-0.0226
6.8000;-0.0258
6.8010;-0.0129
6.8020;0.0064
6.8030;0.0129
6.8040;0.0097
6.8050;0.0000
6.8060;-0.0193
6.8070;-0.0322
6.8080;-0.0064
6.8090;0.0451
6.8100;0.0387
6.8110;0.0354
6.8120;0.0354
6.8130;0.0322
6.8140;0.1096
6.8150;0.1160
6.8160;0.0967
6.8170;-0.0129
6.8180;-0.0838
6.8190;-0.1869
6.8200;-0.2224
6.8210;-0.1837
6.8220;-0.0741
6.8230;-0.0097
6.8240;0.0193
6.8250;0.0354
6.8260;0.0419
6.8270;0.0451
6.8280;0.0483
6.8290;0.0451
6.8300;0.0129
6.8310;0.0032
6.8320;0.0097
6.8330;0.0226
6.8340;0.0290
6.8350;0.0387
6.8360;0.0226
6.8370;0.0032
6.8380;-0.0032
6.8390;0.0097
6.8400;0.0064
6.8410;0.0097
6.8420;0.0064
6.8430;0.0000
6.8440;-0.0032
6.8450;0.0032
6.8460;-0.0161
6.8470;-0.0064
6.8480;0.0064
6.8490;-0.0064
6.8500;0.0000
6.8510;0.0000
6.8520;-0.0161
6.8530;-0.0290
6.8540;-0.0322
6.8550;-0.0387
6.8560;-0.0226
6.8570;-0.0032
6.8580;0.0193
6.8590;0.0193
6.8600;0.0451
6.8610;0.0064
6.8620;-0.0193
6.8630;0.0097
6.8640;0.0516
6.8650;0.0580
6.8660;0.0806
6.8670;-0.0032
6.8680;-0.0741
6.8690;-0.0870
6.8700;-0.0709
6.8710;-0.0322
6.8720;0.0129
6.8730;-0.0032
6.8740;-0.0258
6.8750;0.0000
6.8760;0.0258
6.8770;0.0064
6.8780;-0.0129
6.8790;-0.0064
6.8800;0.0000
6.8810;0.0226
6.8820;0.0258
6.8830;0.0226
6.8840;0.0193
6.8850;0.0129
6.8860;0.0032
6.8870;0.0000
6.8880;0.0000
6.8890;-0.0129
6.8900;-0.0064
6.8910;0.0032
6.8920;0.0226
6.8930;0.0193
6.8940;0.0032
6.8950;0.0097
6.8960;0.0322
6.8970;0.0129
6.8980;0.0161
6.8990;-0.0064
6.9000;-0.0806
6.9010;-0.0870
6.9020;-0.0612
6.9030;-0.0097
6.9040;0.0161
6.9050;0.0226
6.9060;0.0580
6.9070;0.0580
6.9080;0.0741
6.9090;0.0516
6.9100;0.0032
6.9110;-0.0516
6.9120;-0.0612
6.9130;-0.0483
6.9140;-0.0226
6.9150;-0.0322
6.9160;-0.0387
6.9170;-0.0645
6.9180;-0.0419
6.9190;-0.0354
6.9200;0.0064
6.9210;0.0419
6.9220;0.0483
6.9230;0.0451
6.9240;0.0419
6.9250;-0.0064
6.9260;-0.0129
6.9270;0.0032
6.9280;0.0548
6.9290;-0.0064
6.9300;-0.0580
6.9310;-0.0258
6.9320;0.0226
6.9330;0.0322
6.9340;0.0612
6.9350;0.0612
6.9360;0.0097
6.9370;0.0258
6.9380;0.0612
6.9390;-0.0097
6.9400;-0.0870
6.9410;-0.0580
6.9420;-0.0580
6.9430;-0.0773
6.9440;-0.0193
6.9450;0.0129
6.9460;0.0322
6.9470;0.0161
6.9480;0.0032
6.9490;-0.0064
6.9500;-0.0258
6.9510;0.0161
6.9520;0.0612
6.9530;0.0645
6.9540;0.0258
6.9550;-0.0419
6.9560;-0.0580
6.9570;-0.0806
6.9580;-0.0354
6.9590;0.0000
6.9600;0.0129
6.9610;0.0193
6.9620;0.0226
6.9630;0.0129
6.9640;0.0161
6.9650;0.0161
6.9660;0.0097
6.9670;0.0161
6.9680;0.0064
6.9690;0.0000
6.9700;-0.0032
6.9710;0.0032
6.9720;0.0000
6.9730;-0.0064
6.9740;-0.0032
6.9750;0.0000
6.9760;0.0193
6.9770;0.0290
6.9780;0.0322
6.9790;0.0097
6.9800;-0.0193
6.9810;-0.0451
6.9820;-0.0451
6.9830;-0.0226
6.9840;-0.0064
6.9850;-0.0032
6.9860;0.0097
6.9870;0.0161
6.9880;0.0451
6.9890;0.0612
6.9900;0.0226
6.9910;-0.0161
6.9920;-0.0483
6.9930;-0.0838
6.9940;-0.0516
6.9950;-0.0226
6.9960;0.0483
6.9970;0.0322
6.9980;-0.0129
6.9990;0.0129
7.0000;0.0258
7.0010;0.0516
7.0020;0.0483
7.0030;0.0193
7.0040;0.0451
7.0050;0.0741
7.0060;0.0354
7.0070;-0.0419
7.0080;-0.1160
7.0090;-0.1547
7.0100;-0.1257
7.0110;-0.1031
7.0120;-0.0419
7.0130;0.0290
7.0140;0.0580
7.0150;0.0516
7.0160;0.0516
7.0170;0.0258
7.0180;0.0161
7.0190;0.0193
7.0200;0.0226
7.0210;0.0322
7.0220;0.0258
7.0230;-0.0064
7.0240;-0.0354
7.0250;-0.0193
7.0260;0.0097
7.0270;0.0161
7.0280;0.0097
7.0290;0.0354
7.0300;0.0161
7.0310;-0.0193
7.0320;-0.0226
7.0330;-0.0161
7.0340;0.0032
7.0350;0.0064
7.0360;-0.0064
7.0370;0.0129
7.0380;0.0032
7.0390;-0.0064
7.0400;0.0064
7.0410;0.0000
7.0420;0.0032
7.0430;0.0000
7.0440;0.0097
7.0450;-0.0032
7.0460;0.0000
7.0470;0.0000
7.0480;0.0000
7.0490;0.0000
7.0500;0.0000
7.0510;0.0064
7.0520;0.0161
7.0530;0.0097
7.0540;0.0064
7.0550;0.0064
7.0560;0.0226
7.0570;0.0226
7.0580;0.0483
7.0590;0.0419
7.0600;-0.0129
7.0610;-0.0161
7.0620;0.0129
7.0630;-0.0097
7.0640;-0.0645
7.0650;-0.0290
7.0660;0.1225
7.0670;0.1386
7.0680;0.0322
7.0690;-0.1354
7.0700;-0.2771
7.0710;-0.2417
7.0720;-0.0967
7.0730;-0.0354
7.0740;0.0097
7.0750;0.0290
7.0760;0.0387
7.0770;0.0387
7.0780;0.0451
7.0790;0.0290
7.0800;0.0354
7.0810;0.0483
7.0820;0.0451
7.0830;0.0483
7.0840;0.0387
7.0850;0.0226
7.0860;0.0129
7.0870;0.0032
7.0880;0.0064
7.0890;0.0064
7.0900;-0.0032
7.0910;-0.0032
7.0920;-0.0064
7.0930;0.0193
7.0940;0.0226
7.0950;-0.0097
7.0960;-0.0193
7.0970;-0.0097
7.0980;-0.0064
7.0990;-0.0097
7.1000;-0.0064
7.1010;0.0129
7.1020;0.0000
7.1030;-0.0161
7.1040;-0.0258
7.1050;-0.0322
7.1060;-0.0064
7.1070;0.0000
7.1080;-0.0064
7.1090;0.0032
7.1100;0.0193
7.1110;0.0387
7.1120;0.0483
7.1130;0.0129
7.1140;-0.0064
7.1150;-0.0129
7.1160;0.0097
7.1170;-0.0516
7.1180;-0.0709
7.1190;-0.0032
7.1200;0.0322
7.1210;0.0097
7.1220;-0.0097
7.1230;-0.0097
7.1240;-0.0193
7.1250;-0.0064
7.1260;0.0129
7.1270;0.0483
7.1280;0.1192
7.1290;0.0999
7.1300;0.0451
7.1310;-0.0161
7.1320;-0.0902
7.1330;-0.1482
7.1340;-0.1031
7.1350;-0.0387
7.1360;-0.0064
7.1370;-0.0451
7.1380;-0.0548
7.1390;-0.0064
7.1400;0.0354
7.1410;0.0483
7.1420;0.0290
7.1430;0.0129
7.1440;-0.0064
7.1450;-0.0032
7.1460;0.0290
7.1470;0.0129
7.1480;0.0193
7.1490;0.0258
7.1500;0.0290
7.1510;0.0258
7.1520;0.0129
7.1530;-0.0032
7.1540;-0.0032
7.1550;-0.0129
7.1560;-0.0064
7.1570;0.0032
7.1580;0.0129
7.1590;0.0097
7.1600;0.0032
7.1610;-0.0322
7.1620;-0.0258
7.1630;0.0290
7.1640;0.0483
7.1650;0.0741
7.1660;0.0226
7.1670;-0.0677
7.1680;-0.0838
7.1690;-0.0354
7.1700;0.0193
7.1710;0.0129
7.1720;0.0129
7.1730;0.0064
7.1740;0.0000
7.1750;-0.0032
7.1760;-0.0193
7.1770;-0.0129
7.1780;-0.0258
7.1790;0.0000
7.1800;0.0129
7.1810;0.0354
7.1820;0.0387
7.1830;0.0322
7.1840;0.0999
7.1850;0.0999
7.1860;0.0483
7.1870;-0.0483
7.1880;-0.1482
7.1890;-0.1676
7.1900;-0.1611
7.1910;-0.0902
7.1920;-0.0064
7.1930;-0.0032
7.1940;0.0097
7.1950;0.0354
7.1960;0.0548
7.1970;0.0419
7.1980;0.0580
7.1990;0.0483
7.2000;0.0290
7.2010;0.0226
7.2020;0.0161
7.2030;0.0000
7.2040;0.0097
7.2050;0.0193
7.2060;0.0322
7.2070;0.0064
7.2080;-0.0226
7.2090;-0.0322
7.2100;-0.0322
7.2110;-0.0258
7.2120;-0.0226
7.2130;-0.0258
7.2140;0.0161
7.2150;-0.0032
7.2160;0.0226
7.2170;0.0419
7.2180;0.0064
7.2190;0.0000
7.2200;-0.0032
7.2210;-0.0097
7.2220;0.0000
7.2230;0.0000
7.2240;0.0000
7.2250;-0.0032
7.2260;-0.0258
7.2270;-0.0161
7.2280;-0.0129
7.2290;0.0161
7.2300;0.0483
7.2310;0.0387
7.2320;-0.0032
7.2330;-0.0322
7.2340;-0.0290
7.2350;-0.0064
7.2360;0.0258
7.2370;0.0129
7.2380;-0.0032
7.2390;-0.0451
7.2400;-0.0354
7.2410;0.0193
7.2420;0.0322
7.2430;0.0226
7.2440;-0.0032
7.2450;-0.0193
7.2460;0.0032
7.2470;0.0258
7.2480;0.0387
7.2490;0.0226
7.2500;0.0000
7.2510;-0.0097
7.2520;-0.0032
7.2530;-0.0226
7.2540;0.0129
7.2550;0.0387
7.2560;0.0612
7.2570;0.0032
7.2580;-0.0838
7.2590;-0.1225
7.2600;-0.1128
7.2610;-0.0645
7.2620;0.0064
7.2630;0.0032
7.2640;0.0129
7.2650;0.0387
7.2660;0.0516
7.2670;0.0354
7.2680;0.0129
7.2690;0.0097
7.2700;0.0258
7.2710;0.0387
7.2720;0.0387
7.2730;0.0097
7.2740;-0.0097
7.2750;-0.0483
7.2760;-0.0516
7.2770;-0.0290
7.2780;0.0387
7.2790;0.0516
7.2800;0.0451
7.2810;0.0193
7.2820;-0.0387
7.2830;-0.0806
7.2840;-0.0645
7.2850;-0.0290
7.2860;0.0064
7.2870;0.0451
7.2880;0.0483
7.2890;0.0064
7.2900;0.0032
7.2910;0.0000
7.2920;-0.0354
7.2930;-0.0226
7.2940;-0.0097
7.2950;0.0032
7.2960;0.0097
7.2970;0.0064
7.2980;0.0161
7.2990;0.0483
7.3000;0.0258
7.3010;-0.0193
7.3020;-0.0258
7.3030;-0.0161
7.3040;-0.0290
7.3050;-0.0161
7.3060;0.0032
7.3070;-0.0097
7.3080;-0.0064
7.3090;0.0226
7.3100;0.0322
7.3110;0.0483
7.3120;0.0483
7.3130;0.0483
7.3140;-0.0258
7.3150;-0.0902
7.3160;-0.0483
7.3170;-0.0097
7.3180;0.0064
7.3190;0.0000
7.3200;-0.0097
7.3210;-0.0129
7.3220;-0.0419
7.3230;-0.0129
7.3240;0.0161
7.3250;0.0064
7.3260;-0.0032
7.3270;-0.0097
7.3280;0.0000
7.3290;0.0032
7.3300;0.0064
7.3310;0.0129
7.3320;0.0193
7.3330;0.0097
7.3340;0.0129
7.3350;0.0097
7.3360;0.0097
7.3370;0.0129
7.3380;0.0354
7.3390;0.0290
7.3400;0.0193
7.3410;0.0097
7.3420;-0.0258
7.3430;-0.0258
7.3440;-0.0258
7.3450;-0.0129
7.3460;-0.0129
7.3470;-0.0226
7.3480;-0.0097
7.3490;0.0064
7.3500;0.0354
7.3510;0.0806
7.3520;0.0677
7.3530;0.0193
7.3540;-0.0387
7.3550;-0.0548
7.3560;-0.0193
7.3570;-0.0129
7.3580;-0.0193
7.3590;-0.0354
7.3600;-0.0806
7.3610;-0.0483
7.3620;-0.0548
7.3630;-0.0322
7.3640;0.0064
7.3650;0.0129
7.3660;0.0387
7.3670;0.0451
7.3680;0.0483
7.3690;0.0451
7.3700;0.0258
7.3710;-0.0064
7.3720;0.0064
7.3730;0.0580
7.3740;0.1128
7.3750;0.1450
7.3760;0.0709
7.3770;-0.0870
7.3780;-0.2030
7.3790;-0.2610
7.3800;-0.1547
7.3810;-0.0322
7.3820;0.0419
7.3830;0.0387
7.3840;0.0258
7.3850;0.0290
7.3860;0.0387
7.3870;0.0290
7.3880;0.0290
7.3890;0.0290
7.3900;0.0258
7.3910;0.0129
7.3920;-0.0064
7.3930;-0.0064
7.3940;-0.0129
7.3950;-0.0032
7.3960;0.0097
7.3970;0.0258
7.3980;0.0258
7.3990;0.0290
7.4000;0.0129
7.4010;-0.0032
7.4020;-0.0322
7.4030;-0.0354
7.4040;-0.0322
7.4050;-0.0032
7.4060;0.0097
7.4070;0.0419
7.4080;0.0226
7.4090;-0.0097
7.4100;-0.0226
7.4110;-0.0064
7.4120;-0.0064
7.4130;0.0000
7.4140;0.0064
7.4150;0.0000
7.4160;0.0097
7.4170;0.0064
7.4180;0.0097
7.4190;0.0129
7.4200;0.0161
7.4210;0.0097
7.4220;-0.0161
7.4230;-0.0258
7.4240;-0.0097
7.4250;0.0000
7.4260;-0.0161
7.4270;-0.0097
7.4280;-0.0129
7.4290;-0.0290
7.4300;-0.0322
7.4310;0.0000
7.4320;0.0290
7.4330;0.0290
7.4340;0.0677
7.4350;-0.0064
7.4360;-0.0483
7.4370;-0.0483
7.4380;-0.0258
7.4390;-0.0064
7.4400;0.0161
7.4410;0.0290
7.4420;0.0387
7.4430;0.0419
7.4440;0.0516
7.4450;0.0097
7.4460;-0.0097
7.4470;-0.0322
7.4480;-0.0741
7.4490;0.0032
7.4500;0.0580
7.4510;0.0032
7.4520;-0.0548
7.4530;-0.0741
7.4540;-0.0419
7.4550;-0.0226
7.4560;-0.0226
7.4570;-0.0387
7.4580;0.0129
7.4590;0.0548
7.4600;0.0580
7.4610;0.0129
7.4620;-0.0129
7.4630;-0.0097
7.4640;0.0000
7.4650;0.0032
7.4660;0.0226
7.4670;0.0129
7.4680;0.0032
7.4690;-0.0032
7.4700;0.0000
7.4710;0.0097
7.4720;0.0097
7.4730;0.0129
7.4740;0.0097
7.4750;0.0129
7.4760;0.0129
7.4770;-0.0097
7.4780;-0.0097
7.4790;-0.0032
7.4800;-0.0064
7.4810;0.0032
7.4820;0.0193
7.4830;0.0193
7.4840;0.0258
7.4850;-0.0064
7.4860;-0.0129
7.4870;-0.0193
7.4880;-0.0161
7.4890;-0.0161
7.4900;-0.0129
7.4910;-0.0161
7.4920;-0.0226
7.4930;-0.0097
7.4940;-0.0064
7.4950;0.0097
7.4960;0.0226
7.4970;0.0129
7.4980;0.0097
7.4990;0.0161
7.5000;0.0806
7.5010;0.1160
7.5020;0.1031
7.5030;0.0548
7.5040;-0.0387
7.5050;-0.1611
7.5060;-0.1966
7.5070;-0.1450
7.5080;-0.0806
7.5090;-0.0290
7.5100;-0.0032
7.5110;0.0387
7.5120;0.0548
7.5130;0.0419
7.5140;0.0483
7.5150;0.0258
7.5160;0.0129
7.5170;-0.0032
7.5180;-0.0064
7.5190;-0.0032
7.5200;0.0032
7.5210;0.0032
7.5220;0.0097
7.5230;0.0064
7.5240;0.0064
7.5250;0.0032
7.5260;0.0226
7.5270;0.0193
7.5280;0.0193
7.5290;0.0097
7.5300;-0.0129
7.5310;-0.0129
7.5320;-0.0354
7.5330;0.0064
7.5340;0.0097
7.5350;-0.0226
7.5360;-0.0290
7.5370;-0.0032
7.5380;0.0322
7.5390;0.0451
7.5400;0.0483
7.5410;0.0129
7.5420;-0.0226
7.5430;-0.0161
7.5440;0.0064
7.5450;0.0032
7.5460;-0.0064
7.5470;-0.0097
7.5480;-0.0161
7.5490;-0.0322
7.5500;-0.0226
7.5510;-0.0226
7.5520;-0.0226
7.5530;-0.0129
7.5540;-0.0226
7.5550;-0.0161
7.5560;-0.0064
7.5570;-0.0032
7.5580;0.0290
7.5590;0.0483
7.5600;0.0322
7.5610;0.0129
7.5620;-0.0161
7.5630;-0.0290
7.5640;-0.0129
7.5650;0.0258
7.5660;0.1063
7.5670;0.1386
7.5680;0.1418
7.5690;0.0387
7.5700;-0.0806
7.5710;-0.1676
7.5720;-0.1676
7.5730;-0.1192
7.5740;-0.0612
7.5750;-0.0193
7.5760;0.0032
7.5770;0.0064
7.5780;0.0064
7.5790;0.0290
7.5800;0.0354
7.5810;0.0258
7.5820;0.0290
7.5830;-0.0032
7.5840;0.0258
7.5850;0.0129
7.5860;0.0161
7.5870;0.0129
7.5880;0.0000
7.5890;0.0064
7.5900;0.0032
7.5910;0.0097
7.5920;0.0097
7.5930;0.0290
7.5940;0.0419
7.5950;0.0226
7.5960;-0.0032
7.5970;-0.0193
7.5980;-0.0387
7.5990;-0.0064
7.6000;-0.0032
7.6010;-0.0032
7.6020;-0.0064
7.6030;0.0000
7.6040;0.0193
7.6050;-0.0258
7.6060;-0.0032
7.6070;0.0129
7.6080;0.0258
7.6090;0.0064
7.6100;-0.0677
7.6110;-0.0548
7.6120;-0.0516
7.6130;-0.0258
7.6140;0.0032
7.6150;0.0290
7.6160;0.0290
7.6170;0.0451
7.6180;0.0387
7.6190;0.0226
7.6200;-0.0161
7.6210;-0.0612
7.6220;-0.0451
7.6230;-0.0129
7.6240;-0.0032
7.6250;0.0032
7.6260;0.0161
7.6270;0.0161
7.6280;0.0193
7.6290;0.0483
7.6300;0.0322
7.6310;0.0290
7.6320;0.0000
7.6330;-0.0354
7.6340;-0.0451
7.6350;-0.0322
7.6360;-0.0064
7.6370;0.0193
7.6380;0.0226
7.6390;0.0161
7.6400;0.0226
7.6410;0.0387
7.6420;0.0548
7.6430;0.0580
7.6440;0.0129
7.6450;-0.0129
7.6460;-0.0483
7.6470;-0.0838
7.6480;-0.0902
7.6490;-0.0870
7.6500;-0.0773
7.6510;-0.0193
7.6520;0.0387
7.6530;0.0612
7.6540;0.0258
7.6550;0.0161
7.6560;0.0258
7.6570;0.0129
7.6580;0.0064
7.6590;-0.0161
7.6600;-0.0193
7.6610;-0.0129
7.6620;-0.0097
7.6630;-0.0064
7.6640;0.0032
7.6650;0.0193
7.6660;0.0387
7.6670;0.0129
7.6680;-0.0129
7.6690;-0.0097
7.6700;-0.0032
7.6710;0.0129
7.6720;0.0064
7.6730;0.0097
7.6740;0.0064
7.6750;0.0000
7.6760;-0.0032
7.6770;0.0000
7.6780;0.0064
7.6790;0.0000
7.6800;-0.0064
7.6810;-0.0064
7.6820;-0.0032
7.6830;0.0064
7.6840;0.0097
7.6850;0.0064
7.6860;0.0097
7.6870;0.0129
7.6880;0.0097
7.6890;0.0290
7.6900;0.0645
7.6910;0.0773
7.6920;0.0773
7.6930;0.0419
7.6940;-0.0258
7.6950;-0.1192
7.6960;-0.1708
7.6970;-0.1772
7.6980;-0.1160
7.6990;-0.0064
7.7000;0.0806
7.7010;0.0290
7.7020;-0.0226
7.7030;0.0032
7.7040;0.0354
7.7050;0.0516
7.7060;0.0548
7.7070;0.0516
7.7080;0.0193
7.7090;-0.0161
7.7100;-0.0290
7.7110;-0.0354
7.7120;-0.0226
7.7130;-0.0064
7.7140;-0.0064
7.7150;0.0000
7.7160;0.0032
7.7170;0.0064
7.7180;0.0097
7.7190;0.0097
7.7200;0.0032
7.7210;0.0129
7.7220;0.0354
7.7230;0.0290
7.7240;0.0258
7.7250;-0.0258
7.7260;-0.0161
7.7270;-0.0129
7.7280;0.0000
7.7290;0.0000
7.7300;-0.0129
7.7310;-0.0064
7.7320;-0.0064
7.7330;0.0258
7.7340;0.0612
7.7350;0.0451
7.7360;0.0516
7.7370;0.0645
7.7380;0.0097
7.7390;-0.0483
7.7400;-0.0999
7.7410;-0.1096
7.7420;-0.0838
7.7430;-0.0548
7.7440;-0.0097
7.7450;0.0387
7.7460;0.0645
7.7470;0.0709
7.7480;0.0451
7.7490;0.0290
7.7500;-0.0064
7.7510;-0.0258
7.7520;-0.0580
7.7530;-0.0548
7.7540;-0.0322
7.7550;0.0226
7.7560;0.0645
7.7570;0.0000
7.7580;-0.0741
7.7590;-0.0612
7.7600;-0.0226
7.7610;0.0129
7.7620;0.0161
7.7630;0.0193
7.7640;0.0161
7.7650;0.0097
7.7660;0.0226
7.7670;0.0354
7.7680;0.0516
7.7690;0.0516
7.7700;0.0193
7.7710;0.0097
7.7720;-0.0226
7.7730;-0.0773
7.7740;-0.0483
7.7750;-0.0290
7.7760;-0.0258
7.7770;-0.0258
7.7780;-0.0064
7.7790;0.0161
7.7800;0.0193
7.7810;0.0354
7.7820;0.0354
7.7830;0.0064
7.7840;-0.0161
7.7850;-0.0193
7.7860;-0.0064
7.7870;0.0097
7.7880;0.0226
7.7890;0.0161
7.7900;0.0032
7.7910;0.0064
7.7920;0.0032
7.7930;0.0097
7.7940;0.0032
7.7950;0.0193
7.7960;0.0064
7.7970;-0.0032
7.7980;-0.0161
7.7990;-0.0161
7.8000;0.0064
7.8010;-0.0032
7.8020;-0.0129
7.8030;0.0322
7.8040;0.0645
7.8050;0.0064
7.8060;-0.0129
7.8070;-0.0258
7.8080;-0.0258
7.8090;-0.0258
7.8100;0.0354
7.8110;0.0354
7.8120;-0.0129
7.8130;-0.0451
7.8140;-0.0548
7.8150;-0.0322
7.8160;-0.0354
7.8170;-0.0129
7.8180;0.0064
7.8190;0.0129
7.8200;-0.0032
7.8210;-0.0097
7.8220;-0.0032
7.8230;0.0097
7.8240;0.0161
7.8250;0.0161
7.8260;0.0129
7.8270;-0.0032
7.8280;-0.0226
7.8290;-0.0322
7.8300;-0.0161
7.8310;0.0064
7.8320;0.0322
7.8330;0.0419
7.8340;0.0387
7.8350;0.0451
7.8360;0.0322
7.8370;-0.0129
7.8380;-0.0354
7.8390;-0.0322
7.8400;-0.0161
7.8410;-0.0097
7.8420;-0.0193
7.8430;-0.0032
7.8440;0.0161
7.8450;0.0161
7.8460;-0.0064
7.8470;-0.0226
7.8480;-0.0032
7.8490;0.0064
7.8500;-0.0064
7.8510;-0.0129
7.8520;-0.0064
7.8530;-0.0064
7.8540;-0.0032
7.8550;0.0000
7.8560;0.0322
7.8570;0.0290
7.8580;-0.0258
7.8590;-0.0290
7.8600;0.0129
7.8610;0.0548
7.8620;0.0645
7.8630;0.0064
7.8640;-0.0516
7.8650;-0.0516
7.8660;-0.0258
7.8670;-0.0226
7.8680;-0.0097
7.8690;0.0064
7.8700;0.0000
7.8710;0.0097
7.8720;0.0354
7.8730;0.0451
7.8740;0.0451
7.8750;0.0161
7.8760;-0.0064
7.8770;-0.0548
7.8780;-0.0645
7.8790;0.0000
7.8800;0.0516
7.8810;0.0483
7.8820;0.0032
7.8830;-0.0548
7.8840;-0.0612
7.8850;-0.0451
7.8860;-0.0258
7.8870;-0.0129
7.8880;0.0097
7.8890;0.0290
7.8900;0.0322
7.8910;0.0258
7.8920;0.0064
7.8930;0.0000
7.8940;0.0097
7.8950;-0.0064
7.8960;-0.0064
7.8970;-0.0129
7.8980;0.0032
7.8990;0.0097
7.9000;0.0064
7.9010;0.0032
7.9020;0.0000
7.9030;-0.0032
7.9040;0.0129
7.9050;0.0161
7.9060;0.0290
7.9070;0.0290
7.9080;0.0000
7.9090;-0.0129
7.9100;-0.0032
7.9110;-0.0161
7.9120;-0.0419
7.9130;0.0000
7.9140;0.0226
7.9150;-0.0129
7.9160;-0.0483
7.9170;-0.0806
7.9180;-0.0483
7.9190;0.0193
7.9200;0.0161
7.9210;0.0290
7.9220;0.0612
7.9230;0.0612
7.9240;0.0000
7.9250;-0.0193
7.9260;0.0064
7.9270;0.0032
7.9280;-0.0226
7.9290;-0.0548
7.9300;-0.0645
7.9310;-0.0548
7.9320;-0.0193
7.9330;0.0451
7.9340;0.0451
7.9350;0.0000
7.9360;0.0064
7.9370;0.0064
7.9380;0.0129
7.9390;0.0193
7.9400;0.0483
7.9410;0.0838
7.9420;0.0548
7.9430;0.0290
7.9440;-0.0193
7.9450;-0.0645
7.9460;-0.0806
7.9470;-0.0935
7.9480;-0.0483
7.9490;-0.0032
7.9500;0.0129
7.9510;0.0097
7.9520;0.0064
7.9530;0.0129
7.9540;0.0129
7.9550;0.0064
7.9560;0.0129
7.9570;0.0193
7.9580;0.0290
7.9590;0.0226
7.9600;0.0193
7.9610;0.0129
7.9620;0.0064
7.9630;-0.0290
7.9640;-0.0612
7.9650;-0.0612
7.9660;-0.0193
7.9670;0.0097
7.9680;-0.0032
7.9690;0.0000
7.9700;0.0258
7.9710;0.0354
7.9720;0.0097
7.9730;0.0064
7.9740;0.0032
7.9750;-0.0064
7.9760;-0.0258
7.9770;-0.0419
7.9780;-0.0161
7.9790;0.0290
7.9800;0.0773
7.9810;0.0516
7.9820;-0.0064
7.9830;-0.0322
7.9840;-0.0258
7.9850;-0.0290
7.9860;-0.0258
7.9870;-0.0193
7.9880;0.0000
7.9890;0.0129
7.9900;0.0290
7.9910;0.0419
7.9920;0.0548
7.9930;0.0097
7.9940;-0.0322
7.9950;-0.0387
7.9960;-0.0322
7.9970;-0.0516
7.9980;-0.0387
7.9990;-0.0129
8.0000;0.0161
8.0010;0.0354
8.0020;0.0226
8.0030;0.0064
8.0040;0.0161
8.0050;0.0483
8.0060;0.0935
8.0070;0.0773
8.0080;0.0258
8.0090;-0.0290
8.0100;-0.1063
8.0110;-0.1321
8.0120;-0.1192
8.0130;-0.0419
8.0140;0.0419
8.0150;0.0548
8.0160;0.0483
8.0170;0.0000
8.0180;-0.0161
8.0190;0.0516
8.0200;0.0516
8.0210;0.0226
8.0220;-0.0097
8.0230;-0.0580
8.0240;-0.0806
8.0250;-0.0419
8.0260;-0.0032
8.0270;0.0226
8.0280;0.0387
8.0290;0.0290
8.0300;0.0097
8.0310;-0.0064
8.0320;-0.0032
8.0330;-0.0226
8.0340;-0.0097
8.0350;-0.0032
8.0360;0.0097
8.0370;0.0097
8.0380;0.0161
8.0390;0.0064
8.0400;0.0000
8.0410;0.0097
8.0420;0.0258
8.0430;0.0258
8.0440;0.0097
8.0450;-0.0258
8.0460;-0.0064
8.0470;0.0258
8.0480;-0.0097
8.0490;-0.0451
8.0500;-0.0064
8.0510;0.0322
8.0520;0.0226
8.0530;0.0032
8.0540;0.0000
8.0550;-0.0032
8.0560;-0.0129
8.0570;-0.0032
8.0580;0.0097
8.0590;0.0290
8.0600;0.0354
8.0610;0.0290
8.0620;0.0451
8.0630;0.0322
8.0640;-0.0032
8.0650;-0.0677
8.0660;-0.1128
8.0670;-0.1257
8.0680;-0.0677
8.0690;0.0097
8.0700;0.0290
8.0710;0.0129
8.0720;-0.0129
8.0730;-0.0226
8.0740;-0.0097
8.0750;0.0097
8.0760;0.0226
8.0770;0.0322
8.0780;0.0226
8.0790;0.0290
8.0800;0.0226
8.0810;0.0226
8.0820;0.0419
8.0830;0.0838
8.0840;0.0709
8.0850;0.0226
8.0860;-0.0354
8.0870;-0.1192
8.0880;-0.1321
8.0890;-0.0677
8.0900;-0.0258
8.0910;0.0129
8.0920;0.0193
8.0930;-0.0032
8.0940;0.0161
8.0950;-0.0032
8.0960;0.0645
8.0970;0.0032
8.0980;-0.0516
8.0990;-0.0322
8.1000;0.0097
8.1010;0.0193
8.1020;0.0226
8.1030;0.0097
8.1040;0.0161
8.1050;0.0064
8.1060;0.0064
8.1070;0.0097
8.1080;0.0064
8.1090;0.0000
8.1100;0.0032
8.1110;-0.0064
8.1120;-0.0032
8.1130;0.0129
8.1140;0.0290
8.1150;-0.0032
8.1160;-0.0226
8.1170;-0.0193
8.1180;-0.0097
8.1190;-0.0032
8.1200;0.0000
8.1210;0.0129
8.1220;0.0226
8.1230;0.0161
8.1240;0.0000
8.1250;0.0000
8.1260;-0.0097
8.1270;-0.0322
8.1280;-0.0322
8.1290;-0.0097
8.1300;0.0354
8.1310;0.0516
8.1320;0.0354
8.1330;0.0226
8.1340;0.0161
8.1350;0.0161
8.1360;-0.0548
8.1370;-0.0645
8.1380;-0.0870
8.1390;-0.0419
8.1400;0.0193
8.1410;0.0097
8.1420;-0.0064
8.1430;-0.0290
8.1440;-0.0258
8.1450;-0.0129
8.1460;-0.0129
8.1470;-0.0032
8.1480;0.0032
8.1490;0.0129
8.1500;0.0226
8.1510;0.0226
8.1520;0.0258
8.1530;0.0161
8.1540;0.0129
8.1550;0.0129
8.1560;0.0290
8.1570;0.0354
8.1580;0.0290
8.1590;0.0064
8.1600;-0.0193
8.1610;-0.0129
8.1620;0.0097
8.1630;0.0097
8.1640;0.0354
8.1650;0.0193
8.1660;-0.0032
8.1670;-0.0419
8.1680;-0.0870
8.1690;-0.0709
8.1700;-0.0258
8.1710;0.0451
8.1720;0.0290
8.1730;-0.0129
8.1740;0.0161
8.1750;0.0354
8.1760;0.0161
8.1770;-0.0129
8.1780;-0.0483
8.1790;-0.0226
8.1800;-0.0032
8.1810;0.0193
8.1820;0.0032
8.1830;0.0129
8.1840;0.0097
8.1850;-0.0226
8.1860;-0.0387
8.1870;-0.0387
8.1880;-0.0032
8.1890;0.0226
8.1900;0.0483
8.1910;0.0806
8.1920;0.0451
8.1930;0.0226
8.1940;0.0419
8.1950;0.0226
8.1960;-0.0387
8.1970;-0.0902
8.1980;-0.0838
8.1990;-0.0645
8.2000;-0.0226
8.2010;-0.0032
8.2020;0.0226
8.2030;0.0258
8.2040;0.0161
8.2050;0.0290
8.2060;0.0290
8.2070;0.0226
8.2080;0.0064
8.2090;-0.0097
8.2100;0.0129
8.2110;0.0032
8.2120;-0.0129
8.2130;-0.0226
8.2140;-0.0193
8.2150;-0.0193
8.2160;0.0193
8.2170;0.0226
8.2180;-0.0226
8.2190;-0.0129
8.2200;-0.0161
8.2210;-0.0161
8.2220;0.0032
8.2230;0.0258
8.2240;0.0677
8.2250;0.0419
8.2260;-0.0129
8.2270;-0.0226
8.2280;-0.0290
8.2290;-0.0258
8.2300;-0.0258
8.2310;-0.0193
8.2320;-0.0258
8.2330;-0.0032
8.2340;0.0097
8.2350;0.0129
8.2360;0.0161
8.2370;0.0129
8.2380;0.0193
8.2390;0.0097
8.2400;0.0129
8.2410;0.0161
8.2420;0.0097
8.2430;0.0000
8.2440;-0.0226
8.2450;-0.0516
8.2460;-0.0290
8.2470;-0.0290
8.2480;-0.0129
8.2490;0.0097
8.2500;0.0226
8.2510;0.0258
8.2520;0.0258
8.2530;0.0226
8.2540;0.0097
8.2550;0.0032
8.2560;0.0097
8.2570;0.0097
8.2580;0.0000
8.2590;-0.0129
8.2600;-0.0032
8.2610;0.0193
8.2620;0.0193
8.2630;-0.0097
8.2640;-0.0258
8.2650;-0.0387
8.2660;-0.0258
8.2670;0.0000
8.2680;0.0161
8.2690;-0.0064
8.2700;-0.0580
8.2710;-0.0645
8.2720;-0.0193
8.2730;0.0097
8.2740;0.0419
8.2750;0.0354
8.2760;0.0097
8.2770;0.0322
8.2780;0.0902
8.2790;0.1063
8.2800;0.0516
8.2810;-0.0483
8.2820;-0.1063
8.2830;-0.0806
8.2840;-0.0419
8.2850;0.0193
8.2860;0.0226
8.2870;-0.0548
8.2880;-0.0838
8.2890;-0.0193
8.2900;0.0032
8.2910;-0.0032
8.2920;0.0097
8.2930;0.0193
8.2940;0.0161
8.2950;0.0097
8.2960;0.0290
8.2970;0.0354
8.2980;0.0290
8.2990;0.0064
8.3000;-0.0097
8.3010;0.0097
8.3020;0.0161
8.3030;-0.0064
8.3040;-0.0097
8.3050;-0.0161
8.3060;0.0000
8.3070;0.0097
8.3080;0.0032
8.3090;0.0000
8.3100;-0.0064
8.3110;0.0097
8.3120;0.0161
8.3130;0.0129
8.3140;0.0226
8.3150;0.0226
8.3160;0.0419
8.3170;0.0032
8.3180;-0.0290
8.3190;-0.0290
8.3200;-0.0387
8.3210;-0.0516
8.3220;-0.0064
8.3230;-0.0129
8.3240;-0.0483
8.3250;-0.0516
8.3260;-0.0290
8.3270;0.0000
8.3280;0.0193
8.3290;0.0226
8.3300;0.0290
8.3310;0.0290
8.3320;0.0354
8.3330;0.0419
8.3340;0.0032
8.3350;0.0032
8.3360;0.0097
8.3370;-0.0097
8.3380;-0.0097
8.3390;0.0193
8.3400;0.0677
8.3410;0.0612
8.3420;-0.0129
8.3430;-0.0548
8.3440;-0.0677
8.3450;-0.0580
8.3460;-0.0516
8.3470;-0.0516
8.3480;-0.0387
8.3490;0.0290
8.3500;0.0580
8.3510;0.0516
8.3520;0.0161
8.3530;-0.0129
8.3540;-0.0064
8.3550;-0.0064
8.3560;0.0064
8.3570;0.0322
8.3580;0.0322
8.3590;0.0290
8.3600;0.0097
8.3610;-0.0129
8.3620;-0.0419
8.3630;-0.0193
8.3640;0.0387
8.3650;0.0773
8.3660;0.0645
8.3670;0.0226
8.3680;-0.0226
8.3690;-0.0612
8.3700;-0.0806
8.3710;-0.1289
8.3720;-0.0902
8.3730;-0.0419
8.3740;0.0032
8.3750;0.0161
8.3760;0.0226
8.3770;0.0193
8.3780;0.0193
8.3790;0.0193
8.3800;0.0290
8.3810;0.0419
8.3820;0.0387
8.3830;0.0354
8.3840;0.0032
8.3850;-0.0129
8.3860;-0.0290
8.3870;-0.0129
8.3880;0.0032
8.3890;0.0032
8.3900;0.0000
8.3910;0.0193
8.3920;0.0097
8.3930;0.0000
8.3940;-0.0064
8.3950;-0.0258
8.3960;-0.0032
8.3970;0.0064
8.3980;0.0129
8.3990;0.0032
8.4000;-0.0129
8.4010;0.0000
8.4020;-0.0032
8.4030;0.0032
8.4040;-0.0064
8.4050;-0.0032
8.4060;0.0097
8.4070;0.0226
8.4080;0.0226
8.4090;0.0193
8.4100;0.0516
8.4110;0.0902
8.4120;0.0193
8.4130;-0.1031
8.4140;-0.1128
8.4150;-0.0612
8.4160;-0.0129
8.4170;0.0000
8.4180;-0.0226
8.4190;-0.0387
8.4200;-0.0290
8.4210;0.0000
8.4220;0.0516
8.4230;0.0773
8.4240;0.0806
8.4250;-0.0161
8.4260;-0.0902
8.4270;-0.0999
8.4280;-0.0580
8.4290;-0.0226
8.4300;0.0258
8.4310;0.0451
8.4320;0.0483
8.4330;0.0097
8.4340;0.0032
8.4350;0.0064
8.4360;0.0064
8.4370;0.0258
8.4380;0.0258
8.4390;0.0226
8.4400;0.0129
8.4410;-0.0032
8.4420;-0.0129
8.4430;-0.0032
8.4440;-0.0097
8.4450;0.0516
8.4460;0.0773
8.4470;0.0258
8.4480;-0.0322
8.4490;-0.0580
8.4500;-0.0773
8.4510;-0.0902
8.4520;-0.0387
8.4530;0.0064
8.4540;0.0193
8.4550;0.0129
8.4560;0.0097
8.4570;-0.0064
8.4580;0.0097
8.4590;0.0000
8.4600;0.0064
8.4610;0.0097
8.4620;0.0451
8.4630;0.0709
8.4640;0.1063
8.4650;0.0677
8.4660;0.0193
8.4670;-0.0064
8.4680;-0.0677
8.4690;-0.0580
8.4700;-0.0290
8.4710;-0.0902
8.4720;-0.0838
8.4730;-0.0419
8.4740;0.0322
8.4750;0.0548
8.4760;0.0451
8.4770;0.0387
8.4780;0.0193
8.4790;-0.0161
8.4800;-0.0741
8.4810;-0.0806
8.4820;-0.0612
8.4830;-0.0193
8.4840;0.0193
8.4850;0.0322
8.4860;0.0258
8.4870;0.0226
8.4880;0.0290
8.4890;0.0387
8.4900;0.0451
8.4910;0.0419
8.4920;0.0129
8.4930;-0.0258
8.4940;-0.0516
8.4950;-0.0193
8.4960;0.0032
8.4970;-0.0032
8.4980;0.0000
8.4990;0.0258
8.5000;0.0000
8.5010;-0.0129
8.5020;-0.0032
8.5030;0.0129
8.5040;0.0129
8.5050;0.0129
8.5060;-0.0064
8.5070;0.0064
8.5080;0.0226
8.5090;0.0354
8.5100;0.0354
8.5110;0.0354
8.5120;0.0032
8.5130;-0.0419
8.5140;-0.0387
8.5150;-0.0387
8.5160;-0.0064
8.5170;-0.0773
8.5180;-0.0645
8.5190;0.0097
8.5200;0.0773
8.5210;0.0709
8.5220;0.0387
8.5230;-0.0032
8.5240;0.0193
8.5250;-0.0258
8.5260;-0.0129
8.5270;-0.0806
8.5280;-0.1257
8.5290;-0.0806
8.5300;-0.0290
8.5310;-0.0161
8.5320;0.0032
8.5330;0.0226
8.5340;0.0419
8.5350;0.0322
8.5360;0.0290
8.5370;0.0258
8.5380;0.0258
8.5390;0.0258
8.5400;0.0193
8.5410;0.0129
8.5420;0.0097
8.5430;0.0064
8.5440;0.0032
8.5450;0.0064
8.5460;0.0064
8.5470;-0.0032
8.5480;-0.0032
8.5490;0.0032
8.5500;-0.0097
8.5510;-0.0064
8.5520;-0.0064
8.5530;0.0032
8.5540;0.0129
8.5550;0.0000
8.5560;-0.0161
8.5570;-0.0161
8.5580;0.0000
8.5590;-0.0032
8.5600;-0.0032
8.5610;0.0129
8.5620;0.0354
8.5630;0.0290
8.5640;0.0064
8.5650;-0.0290
8.5660;-0.0322
8.5670;-0.0354
8.5680;-0.0097
8.5690;0.0258
8.5700;0.0354
8.5710;0.0097
8.5720;-0.0290
8.5730;-0.0548
8.5740;-0.0129
8.5750;0.0999
8.5760;0.2127
8.5770;0.1708
8.5780;0.0967
8.5790;-0.0902
8.5800;-0.1805
8.5810;-0.2127
8.5820;-0.2385
8.5830;-0.1966
8.5840;-0.1096
8.5850;-0.0322
8.5860;0.0516
8.5870;0.0999
8.5880;0.1225
8.5890;0.1192
8.5900;0.0548
8.5910;-0.0354
8.5920;-0.0612
8.5930;-0.0645
8.5940;0.0097
8.5950;0.0548
8.5960;0.0612
8.5970;0.0709
8.5980;0.0161
8.5990;0.0097
8.6000;0.0129
8.6010;0.0000
8.6020;0.0129
8.6030;0.0032
8.6040;-0.0322
8.6050;-0.0483
8.6060;0.0419
8.6070;0.1031
8.6080;0.0741
8.6090;0.0193
8.6100;-0.0387
8.6110;-0.0161
8.6120;-0.0387
8.6130;-0.0741
8.6140;-0.0806
8.6150;-0.1676
8.6160;-0.1482
8.6170;-0.0161
8.6180;0.1063
8.6190;0.1515
8.6200;0.1160
8.6210;0.0548
8.6220;0.0032
8.6230;-0.0419
8.6240;-0.0226
8.6250;-0.0226
8.6260;-0.0838
8.6270;-0.0902
8.6280;-0.0419
8.6290;0.0161
8.6300;0.0290
8.6310;0.0354
8.6320;0.0290
8.6330;0.0258
8.6340;0.0322
8.6350;0.0354
8.6360;0.0387
8.6370;0.0322
8.6380;0.0161
8.6390;0.0193
8.6400;-0.0129
8.6410;-0.0354
8.6420;-0.0193
8.6430;0.0226
8.6440;0.0451
8.6450;0.0129
8.6460;0.0064
8.6470;-0.0387
8.6480;-0.0258
8.6490;-0.0193
8.6500;0.0193
8.6510;0.0193
8.6520;-0.0322
8.6530;-0.0354
8.6540;0.0097
8.6550;0.0580
8.6560;0.0870
8.6570;0.0773
8.6580;0.0612
8.6590;-0.0064
8.6600;-0.0483
8.6610;-0.0064
8.6620;-0.0645
8.6630;-0.1128
8.6640;-0.1160
8.6650;-0.1160
8.6660;-0.1096
8.6670;-0.0226
8.6680;0.0483
8.6690;0.0612
8.6700;0.0677
8.6710;0.0612
8.6720;0.0226
8.6730;0.0193
8.6740;0.0000
8.6750;-0.0129
8.6760;-0.0258
8.6770;-0.0290
8.6780;0.0580
8.6790;0.0870
8.6800;0.0483
8.6810;-0.0064
8.6820;-0.0709
8.6830;-0.0967
8.6840;-0.0645
8.6850;0.0064
8.6860;0.0290
8.6870;0.0322
8.6880;0.0226
8.6890;0.0354
8.6900;0.0290
8.6910;0.0258
8.6920;0.0387
8.6930;0.0580
8.6940;0.0322
8.6950;-0.0322
8.6960;-0.0516
8.6970;-0.0129
8.6980;-0.0032
8.6990;-0.0516
8.7000;-0.0741
8.7010;-0.0290
8.7020;-0.0129
8.7030;0.0064
8.7040;0.0419
8.7050;0.0612
8.7060;0.0902
8.7070;0.0258
8.7080;0.0354
8.7090;0.0773
8.7100;0.0193
8.7110;-0.0354
8.7120;0.0258
8.7130;0.0129
8.7140;-0.0580
8.7150;-0.1096
8.7160;-0.0999
8.7170;-0.1031
8.7180;-0.1192
8.7190;-0.0354
8.7200;0.0032
8.7210;0.0129
8.7220;0.0709
8.7230;0.2385
8.7240;0.1966
8.7250;-0.1031
8.7260;-0.2191
8.7270;-0.1063
8.7280;-0.0677
8.7290;-0.0612
8.7300;0.0000
8.7310;0.0451
8.7320;0.0612
8.7330;0.0612
8.7340;0.0516
8.7350;0.0322
8.7360;0.0226
8.7370;0.0064
8.7380;0.0097
8.7390;0.0193
8.7400;0.0064
8.7410;0.0097
8.7420;0.0064
8.7430;0.0064
8.7440;0.0032
8.7450;0.0516
8.7460;0.0741
8.7470;0.1063
8.7480;0.1031
8.7490;0.0064
8.7500;-0.1450
8.7510;-0.2127
8.7520;-0.1418
8.7530;-0.0483
8.7540;0.0000
8.7550;0.0290
8.7560;0.0193
8.7570;0.0483
8.7580;0.0548
8.7590;0.0483
8.7600;0.0290
8.7610;0.0645
8.7620;0.0193
8.7630;-0.0354
8.7640;-0.0064
8.7650;0.0064
8.7660;-0.0258
8.7670;-0.0064
8.7680;0.0226
8.7690;0.0129
8.7700;-0.0097
8.7710;-0.0645
8.7720;-0.0773
8.7730;-0.0387
8.7740;-0.0064
8.7750;0.0032
8.7760;0.0193
8.7770;0.0032
8.7780;0.0193
8.7790;0.0354
8.7800;0.0129
8.7810;0.0290
8.7820;-0.0226
8.7830;-0.0032
8.7840;-0.0161
8.7850;0.0032
8.7860;0.0419
8.7870;-0.0354
8.7880;-0.0612
8.7890;0.0064
8.7900;0.0387
8.7910;0.0161
8.7920;0.0193
8.7930;0.0516
8.7940;0.0773
8.7950;-0.1160
8.7960;-0.1321
8.7970;-0.0580
8.7980;-0.0161
8.7990;0.0064
8.8000;0.0258
8.8010;0.0322
8.8020;0.0612
8.8030;0.1257
8.8040;0.1869
8.8050;0.1772
8.8060;0.0773
8.8070;-0.0516
8.8080;-0.1386
8.8090;-0.2804
8.8100;-0.2417
8.8110;-0.0935
8.8120;-0.0064
8.8130;0.0354
8.8140;0.0677
8.8150;0.0419
8.8160;0.0258
8.8170;0.0483
8.8180;0.0548
8.8190;0.0419
8.8200;0.0387
8.8210;0.0902
8.8220;0.0483
8.8230;-0.0419
8.8240;-0.0419
8.8250;-0.0290
8.8260;-0.0290
8.8270;-0.0161
8.8280;-0.0967
8.8290;-0.1515
8.8300;-0.1225
8.8310;-0.0451
8.8320;-0.0129
8.8330;0.0645
8.8340;0.1547
8.8350;0.1740
8.8360;0.1579
8.8370;0.0322
8.8380;-0.0999
8.8390;-0.1289
8.8400;-0.0741
8.8410;0.0516
8.8420;0.0612
8.8430;-0.0129
8.8440;-0.0419
8.8450;-0.0064
8.8460;0.0322
8.8470;0.0483
8.8480;0.0451
8.8490;0.0483
8.8500;0.1031
8.8510;0.0516
8.8520;0.0097
8.8530;-0.0226
8.8540;-0.1386
8.8550;-0.1225
8.8560;-0.0032
8.8570;-0.0451
8.8580;0.0354
8.8590;0.1031
8.8600;0.0516
8.8610;0.0419
8.8620;-0.1063
8.8630;-0.2062
8.8640;-0.1869
8.8650;-0.0902
8.8660;-0.0129
8.8670;0.0612
8.8680;0.1482
8.8690;0.0806
8.8700;0.0290
8.8710;0.0387
8.8720;0.0226
8.8730;-0.0032
8.8740;0.0097
8.8750;0.0258
8.8760;0.0290
8.8770;0.0258
8.8780;0.0129
8.8790;0.0387
8.8800;0.0451
8.8810;0.0580
8.8820;0.2546
8.8830;0.1225
8.8840;-0.0709
8.8850;-0.1547
8.8860;-0.2062
8.8870;-0.2385
8.8880;-0.1547
8.8890;-0.0193
8.8900;0.0419
8.8910;0.1225
8.8920;0.1031
8.8930;0.0677
8.8940;-0.0226
8.8950;-0.0838
8.8960;-0.0902
8.8970;-0.0516
8.8980;0.1998
8.8990;0.3867
8.9000;0.3416
8.9010;0.1160
8.9020;-0.2191
8.9030;-0.4286
8.9040;-0.3964
8.9050;-0.2288
8.9060;-0.0967
8.9070;-0.0064
8.9080;0.0354
8.9090;0.0741
8.9100;0.0516
8.9110;0.0709
8.9120;0.2288
8.9130;0.2191
8.9140;0.1128
8.9150;0.0000
8.9160;-0.1869
8.9170;-0.1901
8.9180;-0.0645
8.9190;0.0226
8.9200;0.0226
8.9210;-0.0129
8.9220;0.0258
8.9230;0.0258
8.9240;0.0548
8.9250;0.0580
8.9260;0.0129
8.9270;-0.0258
8.9280;-0.0161
8.9290;-0.0129
8.9300;-0.0838
8.9310;0.0193
8.9320;0.1644
8.9330;0.1063
8.9340;0.0000
8.9350;-0.0032
8.9360;0.0000
8.9370;-0.0354
8.9380;-0.0612
8.9390;-0.0129
8.9400;0.0548
8.9410;0.0258
8.9420;-0.0483
8.9430;-0.0935
8.9440;-0.1096
8.9450;-0.0902
8.9460;-0.0161
8.9470;0.0258
8.9480;0.0354
8.9490;0.0322
8.9500;0.0064
8.9510;-0.0064
8.9520;0.0032
8.9530;0.0258
8.9540;0.0387
8.9550;0.0354
8.9560;0.0161
8.9570;0.0097
8.9580;0.0612
8.9590;0.0773
8.9600;0.0967
8.9610;0.1225
8.9620;0.1192
8.9630;-0.1547
8.9640;-0.1998
8.9650;-0.0967
8.9660;0.0000
8.9670;-0.0064
8.9680;-0.0258
8.9690;-0.0999
8.9700;-0.1515
8.9710;-0.0161
8.9720;0.0451
8.9730;0.0097
8.9740;0.0709
8.9750;0.0838
8.9760;0.0226
8.9770;-0.0548
8.9780;-0.0516
8.9790;-0.0548
8.9800;-0.0097
8.9810;0.0193
8.9820;0.0097
8.9830;0.0290
8.9840;0.0387
8.9850;0.0322
8.9860;0.0387
8.9870;-0.0451
8.9880;0.0451
8.9890;0.2030
8.9900;0.1869
8.9910;-0.0709
8.9920;-0.1901
8.9930;-0.0935
8.9940;-0.0773
8.9950;-0.0677
8.9960;-0.0032
8.9970;0.1289
8.9980;0.1386
8.9990;0.0419
9.0000;-0.0258
9.0010;0.0838
9.0020;0.1096
9.0030;0.0193
9.0040;-0.0580
9.0050;-0.1321
9.0060;-0.2481
9.0070;-0.2191
9.0080;-0.1289
9.0090;0.0129
9.0100;0.0097
9.0110;0.0258
9.0120;0.0419
9.0130;0.0419
9.0140;0.0258
9.0150;-0.0064
9.0160;-0.0129
9.0170;0.0258
9.0180;0.0516
9.0190;0.0645
9.0200;0.0483
9.0210;0.0258
9.0220;0.0483
9.0230;0.0645
9.0240;0.0419
9.0250;-0.0548
9.0260;-0.0612
9.0270;0.1257
9.0280;0.3126
9.0290;0.1354
9.0300;-0.1934
9.0310;-0.3029
9.0320;-0.2481
9.0330;-0.1031
9.0340;0.0773
9.0350;0.1418
9.0360;0.0870
9.0370;0.0290
9.0380;-0.0064
9.0390;-0.0935
9.0400;-0.0258
9.0410;0.1869
9.0420;0.3287
9.0430;0.0032
9.0440;-0.2062
9.0450;-0.2256
9.0460;-0.1515
9.0470;-0.0483
9.0480;-0.1128
9.0490;-0.1354
9.0500;-0.1289
9.0510;0.0032
9.0520;0.1579
9.0530;0.2449
9.0540;0.1418
9.0550;0.0483
9.0560;0.0354
9.0570;-0.1031
9.0580;-0.2062
9.0590;-0.1192
9.0600;0.0226
9.0610;0.0773
9.0620;0.1386
9.0630;0.0838
9.0640;-0.0161
9.0650;-0.0741
9.0660;-0.0483
9.0670;0.0645
9.0680;0.2481
9.0690;0.1837
9.0700;-0.0354
9.0710;-0.0419
9.0720;-0.2675
9.0730;-0.1225
9.0740;0.0000
9.0750;-0.0129
9.0760;-0.1031
9.0770;-0.1128
9.0780;-0.0161
9.0790;0.0451
9.0800;0.0677
9.0810;0.0838
9.0820;0.0097
9.0830;-0.0226
9.0840;0.0129
9.0850;0.0193
9.0860;0.0064
9.0870;0.0097
9.0880;0.0097
9.0890;0.0193
9.0900;0.0645
9.0910;0.1096
9.0920;-0.0258
9.0930;-0.0032
9.0940;0.0773
9.0950;0.0741
9.0960;0.0548
9.0970;0.0354
9.0980;-0.0548
9.0990;-0.0806
9.1000;-0.0419
9.1010;-0.0032
9.1020;-0.0580
9.1030;-0.1934
9.1040;-0.0967
9.1050;0.0902
9.1060;0.0580
9.1070;-0.0226
9.1080;-0.0451
9.1090;-0.0419
9.1100;0.0193
9.1110;0.0548
9.1120;0.0097
9.1130;-0.0483
9.1140;-0.0419
9.1150;-0.0064
9.1160;0.0483
9.1170;0.0354
9.1180;0.0258
9.1190;0.1031
9.1200;0.1063
9.1210;0.0806
9.1220;-0.0773
9.1230;-0.1128
9.1240;0.0032
9.1250;0.0773
9.1260;0.0451
9.1270;-0.0773
9.1280;-0.0548
9.1290;-0.0838
9.1300;-0.0677
9.1310;0.0000
9.1320;0.0161
9.1330;-0.0032
9.1340;-0.0290
9.1350;-0.0580
9.1360;-0.0097
9.1370;0.0290
9.1380;0.0322
9.1390;0.0226
9.1400;0.0419
9.1410;0.0419
9.1420;0.0064
9.1430;0.0000
9.1440;0.0258
9.1450;0.0161
9.1460;0.0193
9.1470;-0.0290
9.1480;-0.0387
9.1490;0.0773
9.1500;0.1063
9.1510;0.0516
9.1520;0.0709
9.1530;0.0902
9.1540;-0.0064
9.1550;-0.1676
9.1560;-0.0999
9.1570;0.0645
9.1580;0.0451
9.1590;-0.0419
9.1600;-0.0516
9.1610;-0.1192
9.1620;-0.2288
9.1630;-0.1966
9.1640;0.0354
9.1650;0.0967
9.1660;-0.0064
9.1670;-0.0161
9.1680;-0.0161
9.1690;0.0387
9.1700;0.0645
9.1710;0.0451
9.1720;0.0419
9.1730;0.0999
9.1740;0.0870
9.1750;0.0354
9.1760;-0.0226
9.1770;-0.0322
9.1780;0.0354
9.1790;0.0226
9.1800;-0.0161
9.1810;-0.0709
9.1820;-0.0935
9.1830;-0.0354
9.1840;0.0290
9.1850;0.0226
9.1860;0.0580
9.1870;0.0967
9.1880;0.0677
9.1890;0.0032
9.1900;-0.0258
9.1910;-0.0580
9.1920;-0.0838
9.1930;-0.0097
9.1940;-0.0645
9.1950;-0.0709
9.1960;-0.0097
9.1970;0.0097
9.1980;0.0193
9.1990;0.0258
9.2000;0.0193
9.2010;0.0193
9.2020;0.0290
9.2030;0.0226
9.2040;0.0258
9.2050;0.0580
9.2060;0.0419
9.2070;-0.0161
9.2080;0.0419
9.2090;0.0677
9.2100;-0.0258
9.2110;-0.0322
9.2120;-0.0226
9.2130;-0.0387
9.2140;0.0064
9.2150;-0.0129
9.2160;-0.0451
9.2170;-0.0354
9.2180;0.0032
9.2190;0.0000
9.2200;0.0097
9.2210;0.0000
9.2220;-0.1354
9.2230;-0.0548
9.2240;0.0516
9.2250;0.0129
9.2260;-0.0193
9.2270;-0.0032
9.2280;-0.0451
9.2290;0.0161
9.2300;0.0838
9.2310;0.0097
9.2320;-0.0258
9.2330;0.0387
9.2340;0.0967
9.2350;0.0064
9.2360;-0.0387
9.2370;-0.0773
9.2380;-0.1515
9.2390;-0.0677
9.2400;0.0097
9.2410;0.0483
9.2420;0.0451
9.2430;0.1096
9.2440;0.0773
9.2450;0.0226
9.2460;0.0516
9.2470;-0.0548
9.2480;-0.0902
9.2490;-0.0580
9.2500;0.0032
9.2510;0.0226
9.2520;0.0161
9.2530;0.0097
9.2540;0.0129
9.2550;0.0129
9.2560;0.0129
9.2570;0.0161
9.2580;0.0258
9.2590;-0.0258
9.2600;-0.0548
9.2610;-0.0419
9.2620;0.0129
9.2630;0.0773
9.2640;0.0677
9.2650;0.0483
9.2660;0.0387
9.2670;0.0258
9.2680;-0.0097
9.2690;0.0580
9.2700;0.0354
9.2710;-0.1644
9.2720;-0.1321
9.2730;-0.0387
9.2740;0.0000
9.2750;0.0387
9.2760;0.1031
9.2770;0.0451
9.2780;-0.0645
9.2790;-0.0580
9.2800;-0.0419
9.2810;0.0387
9.2820;0.0161
9.2830;-0.1225
9.2840;-0.1031
9.2850;-0.0935
9.2860;0.1450
9.2870;0.0290
9.2880;-0.0999
9.2890;-0.1031
9.2900;0.0161
9.2910;0.0999
9.2920;0.0097
9.2930;-0.0193
9.2940;0.0193
9.2950;0.0354
9.2960;0.0483
9.2970;0.0741
9.2980;0.0064
9.2990;-0.0032
9.3000;-0.0064
9.3010;0.0129
9.3020;0.0064
9.3030;0.0032
9.3040;0.0354
9.3050;0.0419
9.3060;0.0516
9.3070;-0.0612
9.3080;-0.0645
9.3090;-0.0226
9.3100;0.0064
9.3110;0.0032
9.3120;0.0129
9.3130;-0.0097
9.3140;0.0032
9.3150;-0.0258
9.3160;-0.0419
9.3170;0.0064
9.3180;0.0741
9.3190;0.0967
9.3200;0.0548
9.3210;0.0097
9.3220;0.0129
9.3230;-0.0290
9.3240;-0.1354
9.3250;-0.0999
9.3260;-0.0258
9.3270;-0.0064
9.3280;-0.0193
9.3290;0.0032
9.3300;0.1418
9.3310;0.2030
9.3320;0.2127
9.3330;0.1579
9.3340;0.0097
9.3350;-0.0709
9.3360;-0.2900
9.3370;-0.5060
9.3380;-0.2546
9.3390;-0.0387
9.3400;0.0064
9.3410;0.0226
9.3420;0.0387
9.3430;0.0612
9.3440;0.0806
9.3450;0.0773
9.3460;0.0838
9.3470;0.0677
9.3480;0.0612
9.3490;0.0290
9.3500;-0.0161
9.3510;-0.0935
9.3520;-0.0290
9.3530;0.1257
9.3540;0.1386
9.3550;0.0516
9.3560;0.0902
9.3570;0.0322
9.3580;-0.0322
9.3590;0.0483
9.3600;-0.0226
9.3610;-0.1740
9.3620;-0.1611
9.3630;-0.0935
9.3640;-0.0064
9.3650;0.0451
9.3660;0.0387
9.3670;0.0000
9.3680;-0.0097
9.3690;0.0322
9.3700;0.1096
9.3710;0.0999
9.3720;0.0451
9.3730;-0.0548
9.3740;-0.1289
9.3750;-0.0935
9.3760;-0.0064
9.3770;0.0935
9.3780;0.0838
9.3790;0.0032
9.3800;-0.0580
9.3810;-0.0870
9.3820;-0.0645
9.3830;0.0064
9.3840;0.1160
9.3850;0.1031
9.3860;-0.0709
9.3870;-0.0645
9.3880;-0.0226
9.3890;0.0226
9.3900;0.0451
9.3910;0.0290
9.3920;0.0193
9.3930;-0.0226
9.3940;0.0580
9.3950;0.0129
9.3960;-0.1192
9.3970;-0.0967
9.3980;-0.1063
9.3990;-0.0580
9.4000;-0.1160
9.4010;-0.0354
9.4020;0.3029
9.4030;0.2030
9.4040;0.0838
9.4050;0.1676
9.4060;0.1225
9.4070;-0.0419
9.4080;-0.2449
9.4090;-0.2900
9.4100;-0.2030
9.4110;-0.0097
9.4120;0.0902
9.4130;0.1321
9.4140;0.0451
9.4150;-0.0967
9.4160;-0.0354
9.4170;0.0354
9.4180;0.0483
9.4190;0.0226
9.4200;0.0193
9.4210;0.0387
9.4220;0.0129
9.4230;0.1128
9.4240;-0.0387
9.4250;-0.1579
9.4260;-0.0129
9.4270;0.0773
9.4280;0.1515
9.4290;0.1289
9.4300;0.0902
9.4310;-0.1257
9.4320;-0.2771
9.4330;-0.1192
9.4340;0.0226
9.4350;0.0129
9.4360;-0.0387
9.4370;0.0000
9.4380;0.0064
9.4390;0.0129
9.4400;0.1354
9.4410;0.2062
9.4420;0.1289
9.4430;0.0741
9.4440;0.0354
9.4450;-0.0741
9.4460;-0.2675
9.4470;-0.2159
9.4480;-0.0612
9.4490;-0.0354
9.4500;0.0161
9.4510;0.0322
9.4520;-0.0064
9.4530;0.0193
9.4540;0.0516
9.4550;0.0483
9.4560;0.1611
9.4570;0.1934
9.4580;-0.0129
9.4590;-0.0806
9.4600;-0.1128
9.4610;-0.0612
9.4620;0.0226
9.4630;0.0451
9.4640;-0.0258
9.4650;-0.0032
9.4660;-0.0806
9.4670;-0.0548
9.4680;0.0226
9.4690;0.0419
9.4700;-0.0516
9.4710;-0.0483
9.4720;-0.0419
9.4730;-0.0129
9.4740;0.0999
9.4750;0.0032
9.4760;-0.0161
9.4770;0.1515
9.4780;0.0612
9.4790;-0.0290
9.4800;-0.0451
9.4810;-0.0902
9.4820;-0.0806
9.4830;0.0000
9.4840;0.1096
9.4850;0.1257
9.4860;0.0419
9.4870;-0.0451
9.4880;-0.0032
9.4890;-0.0516
9.4900;-0.1096
9.4910;0.0451
9.4920;0.2320
9.4930;0.2707
9.4940;0.1676
9.4950;-0.0161
9.4960;-0.2514
9.4970;-0.5253
9.4980;-0.4157
9.4990;-0.0773
9.5000;0.1128
9.5010;0.0290
9.5020;-0.0419
9.5030;0.0322
9.5040;0.0838
9.5050;0.0806
9.5060;0.0741
9.5070;0.0709
9.5080;0.0387
9.5090;0.0290
9.5100;0.0709
9.5110;0.0645
9.5120;0.0419
9.5130;0.1257
9.5140;-0.0193
9.5150;-0.1386
9.5160;-0.0645
9.5170;-0.0129
9.5180;0.0129
9.5190;0.0773
9.5200;0.0838
9.5210;0.0999
9.5220;0.2288
9.5230;0.0451
9.5240;-0.1450
9.5250;-0.1611
9.5260;-0.2385
9.5270;-0.0902
9.5280;0.0387
9.5290;0.0645
9.5300;0.0838
9.5310;0.0290
9.5320;0.0902
9.5330;-0.0548
9.5340;-0.1708
9.5350;-0.1998
9.5360;-0.1063
9.5370;0.0032
9.5380;0.0548
9.5390;0.0193
9.5400;-0.0999
9.5410;-0.0451
9.5420;0.1966
9.5430;0.1708
9.5440;-0.0580
9.5450;-0.0677
9.5460;0.0226
9.5470;0.1257
9.5480;0.1289
9.5490;0.1321
9.5500;-0.0741
9.5510;-0.2578
9.5520;-0.1063
9.5530;-0.0161
9.5540;0.0290
9.5550;0.0548
9.5560;0.1225
9.5570;0.2095
9.5580;0.1450
9.5590;0.0548
9.5600;-0.1289
9.5610;-0.0516
9.5620;-0.1837
9.5630;-0.1160
9.5640;0.0129
9.5650;-0.0129
9.5660;-0.1192
9.5670;-0.1257
9.5680;-0.0161
9.5690;0.0580
9.5700;0.0580
9.5710;0.0709
9.5720;0.0806
9.5730;0.0677
9.5740;-0.0161
9.5750;-0.0290
9.5760;0.0516
9.5770;0.0838
9.5780;0.0032
9.5790;0.0290
9.5800;0.0226
9.5810;0.0226
9.5820;0.0838
9.5830;0.0580
9.5840;-0.0419
9.5850;-0.3480
9.5860;-0.2030
9.5870;-0.0258
9.5880;0.1289
9.5890;0.0516
9.5900;-0.0451
9.5910;0.0258
9.5920;0.1225
9.5930;0.0935
9.5940;-0.0870
9.5950;-0.1225
9.5960;-0.0354
9.5970;0.0290
9.5980;-0.0419
9.5990;-0.0580
9.6000;0.1386
9.6010;0.4705
9.6020;0.2804
9.6030;0.0612
9.6040;-0.2610
9.6050;-0.3609
9.6060;-0.2030
9.6070;-0.0387
9.6080;-0.0226
9.6090;0.0290
9.6100;-0.0677
9.6110;-0.1354
9.6120;-0.0935
9.6130;0.0548
9.6140;0.1644
9.6150;0.2449
9.6160;0.1160
9.6170;-0.0612
9.6180;-0.0999
9.6190;-0.2675
9.6200;-0.1160
9.6210;0.0902
9.6220;0.0741
9.6230;0.1063
9.6240;0.1482
9.6250;0.1128
9.6260;0.0677
9.6270;0.0483
9.6280;0.0097
9.6290;-0.0612
9.6300;0.0387
9.6310;-0.1837
9.6320;-0.3545
9.6330;-0.1644
9.6340;0.0193
9.6350;0.2417
9.6360;0.3835
9.6370;0.3126
9.6380;0.1740
9.6390;-0.0806
9.6400;-0.2739
9.6410;-0.0999
9.6420;-0.0580
9.6430;-0.1063
9.6440;-0.1740
9.6450;-0.0064
9.6460;-0.0064
9.6470;-0.1579
9.6480;-0.0032
9.6490;0.2095
9.6500;0.1321
9.6510;0.0290
9.6520;-0.2481
9.6530;-0.2643
9.6540;-0.1644
9.6550;-0.0322
9.6560;0.0290
9.6570;0.0580
9.6580;0.0838
9.6590;0.1031
9.6600;0.0967
9.6610;0.0902
9.6620;0.0773
9.6630;0.1611
9.6640;0.2514
9.6650;0.2675
9.6660;0.1257
9.6670;-0.1063
9.6680;-0.4447
9.6690;-0.3352
9.6700;0.0129
9.6710;0.1740
9.6720;0.1966
9.6730;-0.0097
9.6740;-0.2320
9.6750;-0.1160
9.6760;-0.1096
9.6770;0.0483
9.6780;0.3094
9.6790;0.4093
9.6800;0.3706
9.6810;-0.0419
9.6820;-0.4931
9.6830;-0.4673
9.6840;-0.3062
9.6850;-0.2481
9.6860;-0.0580
9.6870;0.0773
9.6880;-0.0129
9.6890;0.0645
9.6900;0.1192
9.6910;0.2288
9.6920;0.3255
9.6930;0.3480
9.6940;0.1321
9.6950;-0.1611
9.6960;-0.3029
9.6970;-0.1547
9.6980;0.0967
9.6990;0.1998
9.7000;-0.0322
9.7010;-0.3352
9.7020;-0.1934
9.7030;-0.0064
9.7040;0.0838
9.7050;0.0580
9.7060;0.0322
9.7070;0.0354
9.7080;0.0483
9.7090;0.0677
9.7100;0.1321
9.7110;0.0612
9.7120;-0.0999
9.7130;-0.0645
9.7140;0.0741
9.7150;0.0354
9.7160;-0.1676
9.7170;-0.1450
9.7180;0.0516
9.7190;0.1225
9.7200;0.2739
9.7210;0.2095
9.7220;-0.0645
9.7230;-0.3416
9.7240;-0.3642
9.7250;-0.1386
9.7260;0.0032
9.7270;0.0226
9.7280;0.0161
9.7290;0.0612
9.7300;0.1160
9.7310;0.0902
9.7320;0.1515
9.7330;0.0999
9.7340;0.1579
9.7350;0.0870
9.7360;0.0193
9.7370;0.0999
9.7380;-0.2804
9.7390;-0.3738
9.7400;0.1031
9.7410;0.3738
9.7420;0.0387
9.7430;-0.4157
9.7440;-0.4222
9.7450;-0.0580
9.7460;0.0354
9.7470;-0.0709
9.7480;0.0838
9.7490;0.1676
9.7500;0.1547
9.7510;0.1998
9.7520;-0.1289
9.7530;-0.1579
9.7540;0.0709
9.7550;0.0967
9.7560;0.3223
9.7570;0.4093
9.7580;0.3448
9.7590;0.1063
9.7600;-0.6639
9.7610;-0.8121
9.7620;-0.5221
9.7630;-0.1837
9.7640;0.1257
9.7650;0.2610
9.7660;0.2610
9.7670;0.1676
9.7680;0.3223
9.7690;0.0097
9.7700;-0.2449
9.7710;-0.1096
9.7720;0.0290
9.7730;0.0677
9.7740;0.0741
9.7750;0.0483
9.7760;0.0451
9.7770;0.0483
9.7780;0.0000
9.7790;0.0516
9.7800;0.1901
9.7810;0.1934
9.7820;0.0677
9.7830;0.0032
9.7840;-0.1128
9.7850;-0.2481
9.7860;-0.2191
9.7870;-0.0741
9.7880;0.0645
9.7890;0.0902
9.7900;0.0193
9.7910;-0.0129
9.7920;-0.0032
9.7930;-0.1031
9.7940;-0.0226
9.7950;0.0161
9.7960;0.0290
9.7970;0.1547
9.7980;0.1386
9.7990;0.0161
9.8000;0.0387
9.8010;0.0935
9.8020;0.1740
9.8030;-0.2771
9.8040;-0.4415
9.8050;-0.1063
9.8060;-0.0322
9.8070;-0.1579
9.8080;-0.2449
9.8090;-0.0677
9.8100;0.0870
9.8110;0.1289
9.8120;0.0999
9.8130;0.1192
9.8140;0.0838
9.8150;0.1257
9.8160;0.1128
9.8170;0.0451
9.8180;0.0097
9.8190;0.1740
9.8200;0.2804
9.8210;0.0806
9.8220;-0.2514
9.8230;-0.2707
9.8240;-0.0838
9.8250;-0.0548
9.8260;-0.0129
9.8270;0.1257
9.8280;0.1869
9.8290;0.2095
9.8300;-0.3899
9.8310;-0.4479
9.8320;-0.0064
9.8330;0.0483
9.8340;-0.1676
9.8350;0.0451
9.8360;0.2095
9.8370;0.2256
9.8380;0.0838
9.8390;-0.1482
9.8400;-0.1160
9.8410;-0.1289
9.8420;-0.1031
9.8430;0.0773
9.8440;0.0451
9.8450;0.2159
9.8460;0.2771
9.8470;0.2030
9.8480;-0.0806
9.8490;-0.2417
9.8500;-0.3319
9.8510;-0.0838
9.8520;0.0451
9.8530;-0.0161
9.8540;0.0451
9.8550;0.1096
9.8560;0.1192
9.8570;0.0548
9.8580;0.0516
9.8590;-0.0902
9.8600;0.0064
9.8610;0.0451
9.8620;0.0161
9.8630;0.3255
9.8640;0.2030
9.8650;-0.2095
9.8660;-0.3384
9.8670;-0.1321
9.8680;-0.0645
9.8690;-0.2095
9.8700;-0.0419
9.8710;0.1031
9.8720;0.1128
9.8730;0.1901
9.8740;0.0419
9.8750;0.0000
9.8760;-0.1837
9.8770;-0.2771
9.8780;0.0645
9.8790;0.1225
9.8800;0.1708
9.8810;0.1805
9.8820;-0.0290
9.8830;-0.0064
9.8840;-0.0580
9.8850;-0.0580
9.8860;-0.0741
9.8870;-0.0226
9.8880;0.1482
9.8890;-0.0902
9.8900;-0.1031
9.8910;0.0097
9.8920;0.0709
9.8930;0.1805
9.8940;0.1805
9.8950;0.0645
9.8960;-0.0677
9.8970;-0.1482
9.8980;-0.1579
9.8990;-0.0387
9.9000;0.0709
9.9010;-0.0677
9.9020;0.0000
9.9030;0.1579
9.9040;0.3029
9.9050;0.0387
9.9060;-0.2965
9.9070;-0.4189
9.9080;-0.2095
9.9090;-0.1063
9.9100;0.0387
9.9110;0.0902
9.9120;0.2191
9.9130;0.3899
9.9140;0.4189
9.9150;0.1740
9.9160;-0.1676
9.9170;-0.5479
9.9180;-0.4383
9.9190;-0.1386
9.9200;-0.0773
9.9210;0.0806
9.9220;0.1321
9.9230;0.1386
9.9240;0.1740
9.9250;0.3803
9.9260;0.0419
9.9270;-0.3352
9.9280;-0.3190
9.9290;-0.1418
9.9300;0.0773
9.9310;0.1579
9.9320;0.2449
9.9330;0.2127
9.9340;0.0387
9.9350;-0.1354
9.9360;-0.1096
9.9370;0.0226
9.9380;0.3932
9.9390;0.2933
9.9400;0.0709
9.9410;-0.3319
9.9420;-0.6639
9.9430;-0.3706
9.9440;-0.1321
9.9450;0.0032
9.9460;-0.0064
9.9470;-0.0806
9.9480;0.1096
9.9490;0.2514
9.9500;0.3158
9.9510;0.1515
9.9520;-0.0387
9.9530;-0.0483
9.9540;-0.1354
9.9550;-0.0935
9.9560;0.0612
9.9570;0.1805
9.9580;0.0709
9.9590;-0.0387
9.9600;-0.0419
9.9610;-0.0741
9.9620;-0.0387
9.9630;0.0419
9.9640;0.0451
9.9650;0.0032
9.9660;-0.0451
9.9670;0.0935
9.9680;0.2836
9.9690;0.2481
9.9700;0.0064
9.9710;-0.1192
9.9720;-0.0741
9.9730;-0.1418
9.9740;-0.1160
9.9750;-0.0483
9.9760;-0.1031
9.9770;0.1031
9.9780;0.2127
9.9790;0.0870
9.9800;-0.5607
9.9810;-0.3513
9.9820;-0.1515
9.9830;0.2385
9.9840;0.1966
9.9850;-0.1966
9.9860;0.0129
9.9870;0.3480
9.9880;0.2127
9.9890;0.1257
9.9900;-0.0645
9.9910;-0.0516
9.9920;-0.0129
9.9930;-0.0902
9.9940;-0.1450
9.9950;-0.1063
9.9960;-0.0806
9.9970;-0.0193
9.9980;-0.0419
9.9990;0.2095
10.0000;0.3190
10.0010;0.1740
10.0020;-0.0838
10.0030;-0.1063
10.0040;-0.2546
10.0050;-0.0419
10.0060;0.0451
10.0070;0.0129
10.0080;0.1901
10.0090;0.2546
10.0100;0.1998
10.0110;-0.2288
10.0120;-0.3190
10.0130;-0.2804
10.0140;0.0387
10.0150;0.2707
10.0160;0.2836
10.0170;0.0064
10.0180;-0.2900
10.0190;-0.3062
10.0200;-0.0677
10.0210;0.0097
10.0220;0.1192
10.0230;0.1482
10.0240;0.1063
10.0250;0.1547
10.0260;-0.0806
10.0270;-0.1482
10.0280;-0.0773
10.0290;0.1998
10.0300;0.2449
10.0310;0.0645
10.0320;-0.1192
10.0330;-0.0902
10.0340;0.2320
10.0350;-0.0741
10.0360;-0.1708
10.0370;-0.3803
10.0380;-0.1289
10.0390;0.1225
10.0400;0.3158
10.0410;0.1998
10.0420;0.0290
10.0430;-0.2739
10.0440;-0.1611
10.0450;-0.0226
10.0460;-0.1321
10.0470;-0.2191
10.0480;-0.0226
10.0490;0.3126
10.0500;0.1869
10.0510;-0.1128
10.0520;-0.0097
10.0530;0.0419
10.0540;0.1096
10.0550;0.0612
10.0560;-0.0838
10.0570;-0.2449
10.0580;-0.1676
10.0590;-0.0870
10.0600;-0.0548
10.0610;0.1611
10.0620;0.3932
10.0630;0.5769
10.0640;0.2481
10.0650;0.1192
10.0660;0.6735
10.0670;0.9507
10.0680;-0.0773
10.0690;-1.6500
10.0700;-1.2891
10.0710;-0.2095
10.0720;0.1740
10.0730;0.1740
10.0740;-0.2610
10.0750;-0.4576
10.0760;-0.1579
10.0770;0.0387
10.0780;0.1386
10.0790;0.2030
10.0800;0.2933
10.0810;0.3674
10.0820;0.2481
10.0830;-0.0741
10.0840;-0.2578
10.0850;-0.0258
10.0860;0.2771
10.0870;0.3094
10.0880;0.0741
10.0890;0.0677
10.0900;0.0451
10.0910;-0.0999
10.0920;0.0677
10.0930;-0.1450
10.0940;-0.3642
10.0950;-0.1192
10.0960;0.0000
10.0970;0.0354
10.0980;0.0612
10.0990;0.1515
10.1000;0.5188
10.1010;0.6735
10.1020;0.6510
10.1030;-0.5736
10.1040;-1.1473
10.1050;-0.4383
10.1060;-0.0032
10.1070;0.0000
10.1080;-0.0226
10.1090;0.1321
10.1100;0.2256
10.1110;-0.1482
10.1120;-0.2288
10.1130;-0.0741
10.1140;-0.0935
10.1150;0.0838
10.1160;0.1450
10.1170;0.1031
10.1180;0.1515
10.1190;0.2030
10.1200;0.1321
10.1210;-0.0967
10.1220;-0.1354
10.1230;0.3899
10.1240;0.3319
10.1250;0.1998
10.1260;-0.3738
10.1270;-0.6284
10.1280;-0.1837
10.1290;0.2675
10.1300;0.6187
10.1310;0.2771
10.1320;-0.5672
10.1330;-0.9152
10.1340;-0.3319
10.1350;0.1418
10.1360;0.3223
10.1370;0.5736
10.1380;0.6832
10.1390;0.0709
10.1400;-0.2643
10.1410;-0.1676
10.1420;-0.6445
10.1430;-0.5188
10.1440;-0.1772
10.1450;-0.0290
10.1460;-0.0097
10.1470;0.1225
10.1480;0.0709
10.1490;-0.0032
10.1500;0.2836
10.1510;0.4576
10.1520;0.2771
10.1530;-0.0935
10.1540;-0.1740
10.1550;-0.0967
10.1560;0.1998
10.1570;0.5027
10.1580;0.4544
10.1590;0.3835
10.1600;-0.5865
10.1610;-1.0828
10.1620;-0.4673
10.1630;-0.1418
10.1640;0.2675
10.1650;0.4544
10.1660;0.2804
10.1670;-0.1354
10.1680;-0.4093
10.1690;0.0806
10.1700;0.4802
10.1710;0.2804
10.1720;-0.0129
10.1730;-0.4737
10.1740;-0.3899
10.1750;-0.1096
10.1760;-0.0516
10.1770;0.0387
10.1780;0.3319
10.1790;0.2159
10.1800;0.4512
10.1810;0.3223
10.1820;-0.3609
10.1830;-0.5479
10.1840;-0.4093
10.1850;0.0097
10.1860;0.3158
10.1870;0.3932
10.1880;0.0870
10.1890;-0.4995
10.1900;-0.2224
10.1910;0.0677
10.1920;0.0838
10.1930;-0.0516
10.1940;-0.2481
10.1950;-0.0838
10.1960;0.1644
10.1970;0.1482
10.1980;0.1160
10.1990;0.0645
10.2000;0.1805
10.2010;0.4479
10.2020;0.7348
10.2030;0.7090
10.2040;-0.0354
10.2050;-0.2707
10.2060;-1.3181
10.2070;-1.0764
10.2080;-0.4125
10.2090;-0.0322
10.2100;0.1354
10.2110;0.3448
10.2120;0.4254
10.2130;0.3255
10.2140;0.0645
10.2150;0.2288
10.2160;0.1998
10.2170;-0.2127
10.2180;-0.2836
10.2190;-0.2610
10.2200;0.0032
10.2210;0.0645
10.2220;-0.1354
10.2230;-0.1289
10.2240;-0.0580
10.2250;0.0451
10.2260;-0.0064
10.2270;-0.0483
10.2280;0.0902
10.2290;0.0806
10.2300;0.1934
10.2310;0.5221
10.2320;0.5543
10.2330;-0.1160
10.2340;-0.4770
10.2350;-0.3352
10.2360;-0.2481
10.2370;-0.0516
10.2380;0.1869
10.2390;0.1192
10.2400;0.1482
10.2410;0.1257
10.2420;0.3190
10.2430;0.1192
10.2440;-0.6381
10.2450;-0.2997
10.2460;0.0258
10.2470;-0.2095
10.2480;-0.0806
10.2490;0.0419
10.2500;0.0193
10.2510;-0.1192
10.2520;-0.1450
10.2530;0.2062
10.2540;0.5221
10.2550;0.3190
10.2560;0.0097
10.2570;-0.3352
10.2580;-0.5479
10.2590;-0.2836
10.2600;0.1160
10.2610;0.0741
10.2620;0.0902
10.2630;0.5479
10.2640;0.4995
10.2650;0.1547
10.2660;-0.4286
10.2670;-0.0516
10.2680;0.0226
10.2690;-0.3126
10.2700;-0.2191
10.2710;-0.1354
10.2720;0.0677
10.2730;0.2095
10.2740;0.3319
10.2750;0.1031
10.2760;-0.1676
10.2770;-0.2610
10.2780;-0.3126
10.2790;-0.0419
10.2800;-0.0258
10.2810;0.0097
10.2820;0.2868
10.2830;0.3352
10.2840;0.1644
10.2850;0.1515
10.2860;-0.0580
10.2870;-0.1772
10.2880;-0.1998
10.2890;0.5124
10.2900;0.3867
10.2910;-0.3352
10.2920;-1.0216
10.2930;-0.6735
10.2940;-0.2030
10.2950;-0.0161
10.2960;0.1128
10.2970;0.3223
10.2980;0.5092
10.2990;0.4866
10.3000;-0.1063
10.3010;-0.2868
10.3020;0.0838
10.3030;0.3609
10.3040;0.0548
10.3050;0.1257
10.3060;-0.3062
10.3070;-0.1450
10.3080;0.0419
10.3090;0.2481
10.3100;0.3255
10.3110;0.5285
10.3120;0.1901
10.3130;-1.0506
10.3140;-0.9217
10.3150;-0.4447
10.3160;-0.1031
10.3170;0.1482
10.3180;0.2546
10.3190;0.1579
10.3200;0.1257
10.3210;0.1708
10.3220;0.1805
10.3230;0.2062
10.3240;0.1354
10.3250;0.0387
10.3260;-0.0516
10.3270;-0.1418
10.3280;-0.1579
10.3290;0.0290
10.3300;0.0451
10.3310;0.1354
10.3320;0.1096
10.3330;-0.2095
10.3340;-0.1772
10.3350;0.0483
10.3360;0.0870
10.3370;-0.0741
10.3380;-0.0612
10.3390;0.0258
10.3400;0.1676
10.3410;0.2965
10.3420;0.4931
10.3430;0.3384
10.3440;-0.1450
10.3450;-0.2288
10.3460;-0.2062
10.3470;0.1740
10.3480;-0.5317
10.3490;-0.5253
10.3500;-0.2353
10.3510;-0.1708
10.3520;0.1547
10.3530;0.2385
10.3540;-0.0226
10.3550;-0.2965
10.3560;-0.1160
10.3570;0.1579
10.3580;0.3706
10.3590;0.3674
10.3600;0.0870
10.3610;-0.3223
10.3620;-0.2159
10.3630;0.0451
10.3640;0.0290
10.3650;0.2191
10.3660;-0.1708
10.3670;-0.2159
10.3680;-0.0709
10.3690;0.1063
10.3700;0.2320
10.3710;0.3577
10.3720;0.2256
10.3730;-0.1740
10.3740;-0.3835
10.3750;-0.0064
10.3760;0.0999
10.3770;0.2449
10.3780;0.2546
10.3790;-0.2868
10.3800;-0.4641
10.3810;-0.1708
10.3820;-0.0064
10.3830;0.0806
10.3840;0.0000
10.3850;0.0580
10.3860;0.1676
10.3870;0.3029
10.3880;-0.0322
10.3890;0.1192
10.3900;0.3190
10.3910;0.3996
10.3920;0.2191
10.3930;0.1772
10.3940;-0.5865
10.3950;-0.8927
10.3960;-0.6671
10.3970;-0.4834
10.3980;-0.1901
10.3990;0.1128
10.4000;0.2320
10.4010;0.4286
10.4020;0.4318
10.4030;0.0097
10.4040;0.0999
10.4050;0.3706
10.4060;-0.1386
10.4070;-0.3352
10.4080;-0.2481
10.4090;-0.0902
10.4100;0.0387
10.4110;0.0290
10.4120;0.0677
10.4130;0.0322
10.4140;0.1515
10.4150;0.3416
10.4160;0.4351
10.4170;0.2675
10.4180;-0.0935
10.4190;-0.5350
10.4200;-0.2191
10.4210;0.6574
10.4220;1.0087
10.4230;1.4792
10.4240;0.3190
10.4250;-1.6500
10.4260;-1.6500
10.4270;-0.7509
10.4280;-0.0580
10.4290;0.0645
10.4300;0.1611
10.4310;0.2353
10.4320;0.2739
10.4330;0.0193
10.4340;-0.1160
10.4350;-0.0451
10.4360;0.0258
10.4370;0.2191
10.4380;0.2320
10.4390;0.6091
10.4400;0.7380
10.4410;0.4447
10.4420;-0.3126
10.4430;-0.7541
10.4440;-0.4737
10.4450;0.0290
10.4460;0.2062
10.4470;-0.1354
10.4480;-0.1031
10.4490;0.1450
10.4500;0.0967
10.4510;0.3964
10.4520;0.6155
10.4530;0.4931
10.4540;-0.5865
10.4550;-1.0699
10.4560;-0.2062
10.4570;0.0419
10.4580;-0.4093
10.4590;0.0129
10.4600;0.2095
10.4610;0.0387
10.4620;0.1547
10.4630;0.2739
10.4640;0.1966
10.4650;-0.0419
10.4660;-0.2191
10.4670;-0.1611
10.4680;0.1096
10.4690;0.3932
10.4700;0.3803
10.4710;0.3545
10.4720;0.1321
10.4730;0.0548
10.4740;-0.4351
10.4750;-0.6445
10.4760;-0.3513
10.4770;-0.1708
10.4780;0.0870
10.4790;0.1128
10.4800;-0.0483
10.4810;-0.1031
10.4820;-0.2546
10.4830;-0.0032
10.4840;0.1128
10.4850;0.1966
10.4860;0.1225
10.4870;0.0741
10.4880;0.0483
10.4890;0.0161
10.4900;0.0226
10.4910;0.3609
10.4920;0.8186
10.4930;0.8830
10.4940;-0.6478
10.4950;-0.8733
10.4960;-0.8024
10.4970;-0.3126
10.4980;-0.0645
10.4990;0.0967
10.5000;0.1869
10.5010;0.2997
10.5020;0.2771
10.5030;0.5253
10.5040;0.4898
10.5050;-0.3319
10.5060;-0.6671
10.5070;-0.5543
10.5080;-0.2578
10.5090;-0.0516
10.5100;0.0773
10.5110;0.2030
10.5120;0.2836
10.5130;0.0097
10.5140;-0.3642
10.5150;-0.2095
10.5160;0.6026
10.5170;0.1128
10.5180;0.0064
10.5190;0.0419
10.5200;-0.0226
10.5210;-0.0322
10.5220;-0.0516
10.5230;0.0870
10.5240;0.2030
10.5250;0.0967
10.5260;-0.0741
10.5270;0.2836
10.5280;0.7702
10.5290;0.6639
10.5300;-1.1054
10.5310;-1.1247
10.5320;-0.6381
10.5330;-0.3545
10.5340;0.0709
10.5350;0.0580
10.5360;0.1482
10.5370;0.2127
10.5380;0.1418
10.5390;0.0902
10.5400;0.1192
10.5410;0.1740
10.5420;0.4544
10.5430;0.4479
10.5440;-0.2868
10.5450;-0.4061
10.5460;-0.1031
10.5470;0.1515
10.5480;0.0193
10.5490;0.0483
10.5500;0.3384
10.5510;0.4125
10.5520;0.4061
10.5530;-0.1772
10.5540;-0.9217
10.5550;-0.7348
10.5560;-0.2900
10.5570;-0.1354
10.5580;0.0516
10.5590;0.0290
10.5600;-0.1450
10.5610;0.0612
10.5620;0.6187
10.5630;0.6187
10.5640;-0.1418
10.5650;-0.4157
10.5660;-0.0322
10.5670;0.1611
10.5680;0.2675
10.5690;0.5317
10.5700;0.8862
10.5710;0.2997
10.5720;-1.2149
10.5730;-0.8895
10.5740;-0.4093
10.5750;-0.2288
10.5760;-0.1257
10.5770;0.0773
10.5780;0.3029
10.5790;0.7605
10.5800;0.8250
10.5810;0.5543
10.5820;-0.8476
10.5830;-1.2955
10.5840;-0.6961
10.5850;-0.0580
10.5860;0.2514
10.5870;0.3577
10.5880;0.2191
10.5890;0.1063
10.5900;0.4189
10.5910;0.4608
10.5920;0.2417
10.5930;-0.1063
10.5940;-0.6349
10.5950;-0.2385
10.5960;0.1257
10.5970;-0.0354
10.5980;-0.0838
10.5990;-0.0097
10.6000;0.2836
10.6010;0.2514
10.6020;0.1321
10.6030;0.1128
10.6040;0.3223
10.6050;-0.2095
10.6060;-0.8121
10.6070;-0.5350
10.6080;-0.2062
10.6090;0.0612
10.6100;0.1160
10.6110;0.2127
10.6120;0.3190
10.6130;0.2965
10.6140;0.2030
10.6150;0.1418
10.6160;-0.0741
10.6170;-0.4770
10.6180;-0.2868
10.6190;-0.0612
10.6200;0.0612
10.6210;0.0000
10.6220;-0.0354
10.6230;0.0097
10.6240;0.0709
10.6250;0.2836
10.6260;0.5124
10.6270;0.7799
10.6280;0.0902
10.6290;-0.3255
10.6300;-0.3964
10.6310;-0.5769
10.6320;-0.3964
10.6330;-0.2707
10.6340;0.0870
10.6350;0.4157
10.6360;0.0193
10.6370;-0.0387
10.6380;0.3416
10.6390;0.5769
10.6400;0.2191
10.6410;0.0387
10.6420;-0.9056
10.6430;-0.8637
10.6440;-0.3674
10.6450;-0.0129
10.6460;0.2191
10.6470;0.2514
10.6480;0.1998
10.6490;0.2030
10.6500;-0.2288
10.6510;-0.1676
10.6520;0.2771
10.6530;0.6091
10.6540;0.7090
10.6550;-0.0258
10.6560;-0.9217
10.6570;-0.7154
10.6580;-0.1901
10.6590;0.2353
10.6600;0.4351
10.6610;0.4447
10.6620;-0.0387
10.6630;-0.2546
10.6640;0.0806
10.6650;0.2385
10.6660;0.0451
10.6670;0.0741
10.6680;-0.4351
10.6690;-0.2675
10.6700;-0.0935
10.6710;0.1257
10.6720;0.0773
10.6730;0.2030
10.6740;0.0773
10.6750;-0.1740
10.6760;0.2643
10.6770;0.3899
10.6780;0.2095
10.6790;-0.6510
10.6800;-0.2933
10.6810;-0.0193
10.6820;0.4608
10.6830;0.6735
10.6840;0.0226
10.6850;-0.7058
10.6860;-1.0828
10.6870;-0.3899
10.6880;0.2771
10.6890;0.2578
10.6900;0.1386
10.6910;0.1644
10.6920;0.0290
10.6930;0.0806
10.6940;0.2288
10.6950;0.3577
10.6960;0.1998
10.6970;0.0999
10.6980;-0.2514
10.6990;-0.5833
10.7000;-0.4544
10.7010;-0.0226
10.7020;0.2320
10.7030;0.1966
10.7040;0.3771
10.7050;0.8476
10.7060;0.9732
10.7070;0.1192
10.7080;-1.2665
10.7090;-1.0860
10.7100;-0.3255
10.7110;-0.1418
10.7120;-0.2643
10.7130;-0.1160
10.7140;0.1805
10.7150;0.1644
10.7160;0.1740
10.7170;0.2900
10.7180;0.2804
10.7190;0.2804
10.7200;0.0451
10.7210;-0.0548
10.7220;-0.0806
10.7230;-0.0709
10.7240;-0.0419
10.7250;0.1192
10.7260;0.2546
10.7270;0.2836
10.7280;0.0226
10.7290;0.0902
10.7300;0.2965
10.7310;-0.1257
10.7320;-0.2385
10.7330;0.0999
10.7340;-0.2739
10.7350;-0.2288
10.7360;-0.8508
10.7370;-0.7638
10.7380;-0.1901
10.7390;0.1128
10.7400;0.1321
10.7410;0.1321
10.7420;0.1547
10.7430;0.1611
10.7440;0.2191
10.7450;0.3384
10.7460;0.2900
10.7470;0.1547
10.7480;0.0290
10.7490;-0.0516
10.7500;-0.1547
10.7510;0.0967
10.7520;0.4576
10.7530;0.4318
10.7540;0.0387
10.7550;-0.0967
10.7560;-0.1418
10.7570;-0.5511
10.7580;-0.6478
10.7590;-0.1289
10.7600;0.2707
10.7610;0.3029
10.7620;0.2675
10.7630;0.1450
10.7640;-0.2191
10.7650;-0.2997
10.7660;-0.1418
10.7670;-0.1128
10.7680;0.0193
10.7690;-0.4061
10.7700;-0.1515
10.7710;0.2707
10.7720;0.4125
10.7730;0.1579
10.7740;0.1418
10.7750;0.3287
10.7760;-0.1579
10.7770;-0.2707
10.7780;-0.1321
10.7790;-0.0387
10.7800;0.2095
10.7810;0.7928
10.7820;0.8314
10.7830;0.7896
10.7840;-0.6220
10.7850;-1.6210
10.7860;-1.1312
10.7870;-0.4931
10.7880;-0.3126
10.7890;0.0580
10.7900;0.2933
10.7910;0.5253
10.7920;0.7670
10.7930;0.6220
10.7940;-0.1708
10.7950;-0.8927
10.7960;-0.3416
10.7970;0.6993
10.7980;0.5704
10.7990;-0.3094
10.8000;-0.2481
10.8010;0.0741
10.8020;0.0548
10.8030;-0.0935
10.8040;-0.0387
10.8050;0.1547
10.8060;0.1901
10.8070;0.1482
10.8080;0.1450
10.8090;-0.1096
10.8100;-0.0806
10.8110;0.1031
10.8120;-0.0645
10.8130;-0.4383
10.8140;0.2095
10.8150;0.6961
10.8160;0.5382
10.8170;-0.7638
10.8180;-0.9797
10.8190;-0.3126
10.8200;0.0451
10.8210;0.2224
10.8220;0.1611
10.8230;0.0354
10.8240;-0.1450
10.8250;-0.0612
10.8260;0.0741
10.8270;0.1128
10.8280;0.0741
10.8290;0.1386
10.8300;0.3319
10.8310;0.0838
10.8320;-0.2191
10.8330;0.1289
10.8340;0.8701
10.8350;0.3577
10.8360;-0.4737
10.8370;-0.9281
10.8380;-0.8637
10.8390;-0.1676
10.8400;0.1644
10.8410;0.2675
10.8420;0.2997
10.8430;-0.0193
10.8440;-0.2610
10.8450;-0.0419
10.8460;0.2030
10.8470;0.2707
10.8480;0.1321
10.8490;0.1998
10.8500;0.5511
10.8510;-0.1418
10.8520;-0.6639
10.8530;-0.4737
10.8540;-0.1354
10.8550;0.0548
10.8560;0.3126
10.8570;0.5092
10.8580;0.4898
10.8590;-0.1482
10.8600;-0.7605
10.8610;-0.6187
10.8620;-0.0226
10.8630;0.5188
10.8640;0.2610
10.8650;-0.2643
10.8660;-0.3642
10.8670;0.6735
10.8680;1.2278
10.8690;-0.2159
10.8700;-1.0989
10.8710;-0.6864
10.8720;-0.2127
10.8730;-0.0773
10.8740;-0.0064
10.8750;0.2288
10.8760;0.3964
10.8770;-0.0838
10.8780;-0.0870
10.8790;0.1676
10.8800;0.4222
10.8810;0.0097
10.8820;0.1579
10.8830;0.2417
10.8840;-0.2997
10.8850;-0.3384
10.8860;-0.0806
10.8870;-0.0419
10.8880;-0.0161
10.8890;0.0000
10.8900;0.7767
10.8910;1.6436
10.8920;0.9926
10.8930;-0.6606
10.8940;-1.6500
10.8950;-1.3374
10.8960;-0.6478
10.8970;-0.4931
10.8980;0.1837
10.8990;0.4866
10.9000;0.3062
10.9010;-0.2707
10.9020;-0.0967
10.9030;-0.1740
10.9040;-0.0516
10.9050;0.5317
10.9060;0.5897
10.9070;0.2739
10.9080;0.1386
10.9090;0.0741
10.9100;0.0838
10.9110;0.9797
10.9120;1.0796
10.9130;0.3609
10.9140;-1.2021
10.9150;-1.6500
10.9160;-0.4254
10.9170;-0.0290
10.9180;0.1096
10.9190;-0.3094
10.9200;0.1354
10.9210;0.2965
10.9220;-0.0645
10.9230;-0.6026
10.9240;-0.1934
10.9250;0.0999
10.9260;0.2933
10.9270;0.2900
10.9280;0.4254
10.9290;0.3448
10.9300;0.0741
10.9310;-0.1289
10.9320;0.0290
10.9330;0.3094
10.9340;0.3255
10.9350;-0.2417
10.9360;-0.6896
10.9370;-0.1450
10.9380;0.2900
10.9390;0.2965
10.9400;-0.3480
10.9410;-0.4125
10.9420;-0.0677
10.9430;-0.1096
10.9440;0.1321
10.9450;0.0226
10.9460;-0.0935
10.9470;-0.1160
10.9480;-0.3126
10.9490;0.7122
10.9500;1.0796
10.9510;-0.0548
10.9520;-0.6478
10.9530;-0.6059
10.9540;-0.3706
10.9550;0.0516
10.9560;0.2965
10.9570;0.4641
10.9580;0.4963
10.9590;0.4415
10.9600;0.0064
10.9610;0.3513
10.9620;0.2771
10.9630;-0.9346
10.9640;-0.9056
10.9650;-0.9088
10.9660;-0.3513
10.9670;0.5640
10.9680;1.2987
10.9690;0.8153
10.9700;-0.6091
10.9710;-1.0893
10.9720;-0.4189
10.9730;0.1031
10.9740;0.2610
10.9750;0.2449
10.9760;0.4479
10.9770;0.5769
10.9780;0.3319
10.9790;0.2771
10.9800;-0.6896
10.9810;-1.1279
10.9820;-0.5575
10.9830;0.2933
10.9840;0.0870
10.9850;0.4447
10.9860;0.5640
10.9870;0.5446
10.9880;-0.4802
10.9890;-0.9507
10.9900;-0.5543
10.9910;-0.0677
10.9920;0.0161
10.9930;-0.0226
10.9940;-0.1354
10.9950;0.0322
10.9960;0.3803
10.9970;0.7509
10.9980;0.7380
10.9990;0.8604
11.0000;0.4189
11.0010;-0.5930
11.0020;-0.4479
11.0030;-0.6349
11.0040;-0.6864
11.0050;-0.1160
11.0060;0.4608
11.0070;0.8862
11.0080;1.0119
11.0090;-0.3126
11.0100;-1.6500
11.0110;-0.9088
11.0120;-0.3352
11.0130;-0.0419
11.0140;0.2965
11.0150;0.4447
11.0160;0.2675
11.0170;0.1708
11.0180;0.1772
11.0190;0.2900
11.0200;0.2707
11.0210;-0.0870
11.0220;-0.3771
11.0230;-0.0741
11.0240;0.2159
11.0250;0.2965
11.0260;0.4737
11.0270;0.1934
11.0280;0.2643
11.0290;0.1386
11.0300;-0.3287
11.0310;-1.1440
11.0320;-1.0151
11.0330;-0.5156
11.0340;-0.1225
11.0350;0.4576
11.0360;0.4608
11.0370;0.3158
11.0380;0.2449
11.0390;-0.3255
11.0400;-0.0806
11.0410;0.4963
11.0420;0.2030
11.0430;-0.6155
11.0440;-0.4641
11.0450;-0.0612
11.0460;0.1676
11.0470;0.3319
11.0480;0.5833
11.0490;0.2159
11.0500;0.2610
11.0510;0.3996
11.0520;0.1676
11.0530;-0.5640
11.0540;-0.4995
11.0550;-0.0129
11.0560;-0.1966
11.0570;-0.2030
11.0580;0.0097
11.0590;0.1096
11.0600;0.2578
11.0610;0.6123
11.0620;0.5446
11.0630;0.0161
11.0640;-0.4737
11.0650;-0.8443
11.0660;-0.6606
11.0670;-0.5736
11.0680;-0.1805
11.0690;0.1063
11.0700;0.2191
11.0710;0.2353
11.0720;0.1772
11.0730;0.1676
11.0740;0.2675
11.0750;0.3158
11.0760;0.4898
11.0770;0.3480
11.0780;-0.6091
11.0790;-0.5736
11.0800;0.1515
11.0810;0.1096
11.0820;-0.0967
11.0830;-0.1611
11.0840;-0.0193
11.0850;0.2739
11.0860;0.6026
11.0870;0.3126
11.0880;-0.3126
11.0890;-0.5382
11.0900;0.3094
11.0910;0.5124
11.0920;0.1031
11.0930;-0.7509
11.0940;-0.7444
11.0950;0.0451
11.0960;0.0773
11.0970;-0.1354
11.0980;-0.1966
11.0990;0.1289
11.1000;0.7315
11.1010;0.3480
11.1020;-0.4318
11.1030;-0.1192
11.1040;0.3223
11.1050;0.3126
11.1060;0.2030
11.1070;-0.1160
11.1080;-0.4770
11.1090;-0.1676
11.1100;-0.0258
11.1110;-0.5221
11.1120;-0.3867
11.1130;0.1579
11.1140;-0.2514
11.1150;-0.2610
11.1160;0.3480
11.1170;0.3577
11.1180;0.7670
11.1190;0.6929
11.1200;0.0193
11.1210;-0.4061
11.1220;-0.6703
11.1230;-0.4544
11.1240;-0.2224
11.1250;-0.1096
11.1260;0.0645
11.1270;0.0451
11.1280;0.2224
11.1290;0.2481
11.1300;0.1063
11.1310;0.0548
11.1320;0.0645
11.1330;0.0935
11.1340;0.5221
11.1350;0.1547
11.1360;0.1031
11.1370;0.0451
11.1380;0.4222
11.1390;0.6413
11.1400;-0.2771
11.1410;-1.0506
11.1420;-0.2514
11.1430;-0.2127
11.1440;-0.3964
11.1450;-0.1547
11.1460;-0.3738
11.1470;0.0290
11.1480;0.1772
11.1490;0.2030
11.1500;0.0870
11.1510;-0.0902
11.1520;-0.1515
11.1530;-0.0709
11.1540;0.0226
11.1550;0.0483
11.1560;0.2868
11.1570;0.5801
11.1580;0.4222
11.1590;-0.1547
11.1600;-0.3255
11.1610;-0.4093
11.1620;0.1321
11.1630;0.0000
11.1640;-0.4061
11.1650;-0.0806
11.1660;0.1837
11.1670;-0.0741
11.1680;-0.2739
11.1690;0.1547
11.1700;0.2771
11.1710;0.1482
11.1720;0.0258
11.1730;-0.0258
11.1740;0.2868
11.1750;0.4770
11.1760;0.8830
11.1770;0.4351
11.1780;-0.4447
11.1790;-1.2923
11.1800;-0.9249
11.1810;-0.1031
11.1820;0.2997
11.1830;0.0773
11.1840;-0.0806
11.1850;-0.0483
11.1860;0.1225
11.1870;0.2353
11.1880;0.1096
11.1890;-0.2159
11.1900;-0.1611
11.1910;0.1192
11.1920;0.2095
11.1930;0.2836
11.1940;0.3094
11.1950;-0.0258
11.1960;-0.2933
11.1970;0.1482
11.1980;-0.3352
11.1990;-0.1547
11.2000;0.0870
11.2010;0.1644
11.2020;0.0322
11.2030;-0.0935
11.2040;-0.0902
11.2050;0.5188
11.2060;0.4673
11.2070;0.4544
11.2080;-0.1579
11.2090;-1.1859
11.2100;-1.1505
11.2110;0.0580
11.2120;0.1128
11.2130;0.6155
11.2140;0.8411
11.2150;0.3674
11.2160;-0.1096
11.2170;0.0064
11.2180;-0.7251
11.2190;-0.5865
11.2200;-0.2095
11.2210;-0.0612
11.2220;0.0612
11.2230;0.1611
11.2240;0.2062
11.2250;-0.0548
11.2260;0.3448
11.2270;0.2868
11.2280;-0.0548
11.2290;-0.0290
11.2300;0.1192
11.2310;0.0322
11.2320;-0.1644
11.2330;0.2417
11.2340;0.3609
11.2350;0.1354
11.2360;-0.5736
11.2370;-0.5736
11.2380;0.0645
11.2390;0.6026
11.2400;-0.0129
11.2410;-0.6252
11.2420;-0.2804
11.2430;0.0902
11.2440;0.3964
11.2450;0.6091
11.2460;-0.3480
11.2470;-0.3899
11.2480;0.0516
11.2490;0.2836
11.2500;0.3996
11.2510;0.7605
11.2520;0.6993
11.2530;0.6187
11.2540;-1.2601
11.2550;-1.5340
11.2560;-0.7315
11.2570;-0.4157
11.2580;-0.0806
11.2590;0.0999
11.2600;0.1837
11.2610;0.1837
11.2620;0.1450
11.2630;0.1354
11.2640;0.1708
11.2650;0.2353
11.2660;0.1676
11.2670;0.1482
11.2680;0.1676
11.2690;0.0709
11.2700;0.0129
11.2710;0.0580
11.2720;-0.0387
11.2730;-0.1063
11.2740;-0.1515
11.2750;0.0354
11.2760;-0.0516
11.2770;-0.0226
11.2780;0.6993
11.2790;1.0184
11.2800;0.5575
11.2810;-1.1827
11.2820;-1.3567
11.2830;-0.3803
11.2840;0.1225
11.2850;0.1934
11.2860;0.0870
11.2870;0.7090
11.2880;1.4599
11.2890;1.1569
11.2900;-1.4856
11.2910;-1.6500
11.2920;-0.9539
11.2930;-0.3674
11.2940;-0.0064
11.2950;0.1450
11.2960;0.3513
11.2970;0.4834
11.2980;0.4479
11.2990;0.1676
11.3000;-0.3513
11.3010;-0.1128
11.3020;0.2353
11.3030;0.0258
11.3040;0.0580
11.3050;0.2288
11.3060;0.4222
11.3070;0.0773
11.3080;-0.3029
11.3090;-0.2224
11.3100;0.0741
11.3110;0.0806
11.3120;-0.0354
11.3130;-0.1644
11.3140;-0.0483
11.3150;0.3577
11.3160;0.1837
11.3170;0.0193
11.3180;0.0935
11.3190;-0.1160
11.3200;-0.0838
11.3210;0.0290
11.3220;0.0870
11.3230;0.1515
11.3240;-0.0161
11.3250;0.0806
11.3260;0.3932
11.3270;0.2288
11.3280;-0.4705
11.3290;0.0935
11.3300;0.1515
11.3310;0.2514
11.3320;0.2062
11.3330;-0.6993
11.3340;-1.2214
11.3350;-0.0902
11.3360;0.5930
11.3370;0.0290
11.3380;-0.6445
11.3390;-0.4157
11.3400;-0.0290
11.3410;0.2030
11.3420;0.2320
11.3430;0.2417
11.3440;0.1482
11.3450;0.0354
11.3460;-0.0290
11.3470;0.0935
11.3480;0.1644
11.3490;0.2320
11.3500;0.0580
11.3510;-0.2320
11.3520;0.1418
11.3530;0.8604
11.3540;1.1988
11.3550;0.7315
11.3560;-1.6500
11.3570;-0.9475
11.3580;-0.3899
11.3590;-0.3416
11.3600;0.2868
11.3610;0.1676
11.3620;-0.6220
11.3630;-0.3964
11.3640;0.0419
11.3650;0.4318
11.3660;0.3642
11.3670;0.5221
11.3680;0.4222
11.3690;0.1225
11.3700;-0.2062
11.3710;-0.6735
11.3720;-0.7831
11.3730;-0.1869
11.3740;0.0838
11.3750;0.1225
11.3760;0.0612
11.3770;0.1934
11.3780;0.2030
11.3790;0.1772
11.3800;0.1321
11.3810;0.1418
11.3820;0.1740
11.3830;0.1579
11.3840;-0.0419
11.3850;-0.2546
11.3860;0.0773
11.3870;0.2353
11.3880;-0.0226
11.3890;-0.1805
11.3900;-0.1289
11.3910;-0.0773
11.3920;-0.0387
11.3930;0.0483
11.3940;0.0161
11.3950;0.5027
11.3960;0.2256
11.3970;-0.3803
11.3980;-0.6800
11.3990;-0.3094
11.4000;0.1321
11.4010;0.1450
11.4020;0.1354
11.4030;-0.0161
11.4040;-0.2353
11.4050;-0.2610
11.4060;0.2449
11.4070;0.4544
11.4080;0.3577
11.4090;0.1611
11.4100;-0.4061
11.4110;-0.3513
11.4120;-0.0258
11.4130;0.2030
11.4140;0.4770
11.4150;0.4351
11.4160;-0.1257
11.4170;-0.3126
11.4180;-0.6961
11.4190;-0.0322
11.4200;0.0548
11.4210;-0.1354
11.4220;-0.2449
11.4230;0.1096
11.4240;0.2546
11.4250;0.2159
11.4260;0.1225
11.4270;0.6445
11.4280;0.6123
11.4290;0.1063
11.4300;-0.1901
11.4310;0.0322
11.4320;-0.3352
11.4330;-1.4760
11.4340;-1.1247
11.4350;-0.1901
11.4360;0.1934
11.4370;0.0999
11.4380;0.0387
11.4390;0.4189
11.4400;0.7638
11.4410;0.5865
11.4420;0.0387
11.4430;-0.5317
11.4440;-0.2675
11.4450;-0.0354
11.4460;0.2224
11.4470;0.2385
11.4480;0.1708
11.4490;0.1128
11.4500;0.2836
11.4510;0.4254
11.4520;0.0709
11.4530;-0.4544
11.4540;0.1031
11.4550;1.1440
11.4560;0.4995
11.4570;-1.6500
11.4580;-1.6500
11.4590;-0.3674
11.4600;0.2804
11.4610;0.2288
11.4620;0.2191
11.4630;0.0193
11.4640;0.1772
11.4650;0.1644
11.4660;-0.0645
11.4670;-0.0806
11.4680;0.1257
11.4690;0.1128
11.4700;0.0741
11.4710;0.2514
11.4720;0.3609
11.4730;0.1740
11.4740;0.0580
11.4750;-0.0387
11.4760;0.5575
11.4770;-0.0290
11.4780;-0.6639
11.4790;-0.4931
11.4800;-0.1676
11.4810;0.0290
11.4820;0.0000
11.4830;0.1225
11.4840;0.2546
11.4850;0.1257
11.4860;-0.2417
11.4870;-0.2868
11.4880;-0.0741
11.4890;-0.0548
11.4900;0.0902
11.4910;0.5382
11.4920;0.2578
11.4930;-0.3480
11.4940;-0.2514
11.4950;-0.1547
11.4960;0.0870
11.4970;0.0967
11.4980;0.0612
11.4990;-0.1772
11.5000;0.0097
11.5010;0.1450
11.5020;0.0483
11.5030;-0.0677
11.5040;0.1321
11.5050;0.2320
11.5060;0.2224
11.5070;0.3319
11.5080;0.4351
11.5090;-0.0258
11.5100;-0.4931
11.5110;-0.8572
11.5120;-0.1031
11.5130;0.0548
11.5140;0.2739
11.5150;0.6381
11.5160;0.6671
11.5170;-0.6993
11.5180;-1.1892
11.5190;-0.8250
11.5200;0.1644
11.5210;0.5382
11.5220;-0.0258
11.5230;-0.2771
11.5240;0.0129
11.5250;0.2159
11.5260;0.2933
11.5270;0.1192
11.5280;0.1644
11.5290;0.2514
11.5300;-0.2675
11.5310;-0.1998
11.5320;0.1644
11.5330;0.2578
11.5340;-0.2417
11.5350;-0.2707
11.5360;0.1837
11.5370;0.2836
11.5380;0.2320
11.5390;1.2375
11.5400;0.9346
11.5410;-0.0580
11.5420;-1.4566
11.5430;-0.4898
11.5440;0.7090
11.5450;-0.6026
11.5460;-1.3825
11.5470;-0.7251
11.5480;-0.0677
11.5490;0.1128
11.5500;0.1321
11.5510;0.0516
11.5520;0.1579
11.5530;0.2159
11.5540;0.2610
11.5550;0.1515
11.5560;0.2546
11.5570;0.3126
11.5580;-0.0064
11.5590;0.0387
11.5600;0.1805
11.5610;0.1289
11.5620;0.0677
11.5630;-0.0032
11.5640;0.0999
11.5650;0.3190
11.5660;0.3448
11.5670;-0.2610
11.5680;-0.4512
11.5690;-0.0193
11.5700;0.7251
11.5710;1.3116
11.5720;-0.8089
11.5730;-1.6500
11.5740;-1.0925
11.5750;-0.1805
11.5760;0.1966
11.5770;0.2997
11.5780;0.2514
11.5790;0.1225
11.5800;0.0645
11.5810;0.0838
11.5820;0.2062
11.5830;0.3416
11.5840;0.2675
11.5850;0.1579
11.5860;0.1160
11.5870;0.1354
11.5880;0.4931
11.5890;0.0645
11.5900;-0.8282
11.5910;-0.3384
11.5920;-0.1708
11.5930;-0.2288
11.5940;-0.1450
11.5950;0.1869
11.5960;0.3609
11.5970;0.2449
11.5980;0.0935
11.5990;0.1934
11.6000;-0.0677
11.6010;-0.1805
11.6020;-0.1257
11.6030;0.0483
11.6040;0.1869
11.6050;-0.1031
11.6060;-0.2353
11.6070;-0.3126
11.6080;-0.1386
11.6090;-0.0322
11.6100;-0.0129
11.6110;0.0741
11.6120;0.1160
11.6130;0.4028
11.6140;0.2449
11.6150;0.1482
11.6160;0.0193
11.6170;-0.0870
11.6180;-0.1837
11.6190;0.2030
11.6200;0.8121
11.6210;0.6316
11.6220;-0.1418
11.6230;-0.6735
11.6240;0.1160
11.6250;-0.0580
11.6260;-1.5146
11.6270;-0.9894
11.6280;-0.3932
11.6290;0.0161
11.6300;0.0387
11.6310;0.1837
11.6320;0.4802
11.6330;0.7831
11.6340;-0.1031
11.6350;-0.2965
11.6360;0.3094
11.6370;0.0773
11.6380;0.1289
11.6390;0.2159
11.6400;0.0580
11.6410;-0.0677
11.6420;0.0097
11.6430;0.5253
11.6440;0.7219
11.6450;0.3996
11.6460;-0.7283
11.6470;-0.6961
11.6480;-0.3642
11.6490;-0.1579
11.6500;-0.2514
11.6510;0.0032
11.6520;-0.0548
11.6530;0.0902
11.6540;-0.0483
11.6550;-0.2578
11.6560;0.0870
11.6570;0.5382
11.6580;0.4189
11.6590;-0.0419
11.6600;-0.5446
11.6610;0.2739
11.6620;0.7444
11.6630;0.6252
11.6640;-0.1160
11.6650;-1.0603
11.6660;-0.6800
11.6670;-0.1772
11.6680;0.1063
11.6690;0.0548
11.6700;0.1354
11.6710;0.1257
11.6720;0.1450
11.6730;0.4189
11.6740;0.2449
11.6750;-0.2288
11.6760;-0.5640
11.6770;-0.1579
11.6780;0.0967
11.6790;0.2514
11.6800;0.2836
11.6810;0.1805
11.6820;-0.1031
11.6830;-0.2320
11.6840;-0.0645
11.6850;0.0709
11.6860;0.0419
11.6870;-0.1869
11.6880;-0.1869
11.6890;-0.0870
11.6900;0.0226
11.6910;0.1837
11.6920;0.2256
11.6930;0.3029
11.6940;0.3867
11.6950;0.0483
11.6960;-0.2449
11.6970;-0.5511
11.6980;-0.2514
11.6990;0.1031
11.7000;0.0902
11.7010;0.1934
11.7020;0.0548
11.7030;-0.1289
11.7040;-0.0322
11.7050;-0.3126
11.7060;-0.3416
11.7070;-0.0935
11.7080;0.1644
11.7090;0.2449
11.7100;0.5188
11.7110;0.6091
11.7120;0.3899
11.7130;0.1418
11.7140;0.4737
11.7150;-0.6671
11.7160;-1.1988
11.7170;-0.8959
11.7180;-0.4705
11.7190;-0.0677
11.7200;0.2546
11.7210;0.3094
11.7220;0.3867
11.7230;0.6703
11.7240;0.5027
11.7250;-0.0129
11.7260;-0.6349
11.7270;-0.4641
11.7280;-0.2095
11.7290;0.2127
11.7300;0.2997
11.7310;0.0161
11.7320;-0.0935
11.7330;-0.0097
11.7340;0.0870
11.7350;0.4351
11.7360;0.4254
11.7370;0.1998
11.7380;0.2771
11.7390;0.0322
11.7400;-1.3793
11.7410;-1.0474
11.7420;-0.5124
11.7430;-0.1257
11.7440;0.5414
11.7450;0.5962
11.7460;0.4963
11.7470;0.4512
11.7480;0.2256
11.7490;0.1966
11.7500;-0.5060
11.7510;-0.3126
11.7520;0.3352
11.7530;-0.3062
11.7540;-0.0806
11.7550;0.1128
11.7560;0.4157
11.7570;0.4093
11.7580;0.0483
11.7590;-0.3287
11.7600;-0.4705
11.7610;-0.3255
11.7620;-0.2062
11.7630;-0.0645
11.7640;0.3352
11.7650;0.2804
11.7660;0.7896
11.7670;0.5317
11.7680;0.0806
11.7690;-0.8347
11.7700;-1.2278
11.7710;0.0258
11.7720;-0.0097
11.7730;-0.2288
11.7740;-0.2707
11.7750;0.0419
11.7760;0.3480
11.7770;0.1128
11.7780;0.1386
11.7790;0.5446
11.7800;0.2610
11.7810;0.0612
11.7820;-0.2514
11.7830;-0.1869
11.7840;-0.1321
11.7850;-0.1257
11.7860;-0.0387
11.7870;0.1063
11.7880;-0.0322
11.7890;0.0064
11.7900;0.3190
11.7910;0.2514
11.7920;0.1096
11.7930;0.3932
11.7940;0.3480
11.7950;-0.4383
11.7960;-0.7122
11.7970;-0.4383
11.7980;-0.2030
11.7990;0.1257
11.8000;0.4866
11.8010;-0.0129
11.8020;-0.2062
11.8030;-0.2320
11.8040;0.2191
11.8050;0.1450
11.8060;-0.1676
11.8070;-0.1354
11.8080;0.0902
11.8090;0.0612
11.8100;-0.3384
11.8110;-0.0709
11.8120;0.8411
11.8130;1.3471
11.8140;0.9668
11.8150;-1.0184
11.8160;-1.3084
11.8170;-0.5704
11.8180;-0.1289
11.8190;-0.1934
11.8200;-0.1547
11.8210;0.2933
11.8220;-0.2353
11.8230;-0.0064
11.8240;0.4479
11.8250;0.5575
11.8260;0.4093
11.8270;-0.2868
11.8280;-0.6510
11.8290;0.1579
11.8300;0.6703
11.8310;0.1837
11.8320;-1.0989
11.8330;-0.4512
11.8340;0.1515
11.8350;0.3996
11.8360;0.2385
11.8370;0.1740
11.8380;0.1740
11.8390;-0.2804
11.8400;-0.6091
11.8410;-0.2385
11.8420;-0.0483
11.8430;-0.0226
11.8440;0.1934
11.8450;0.1160
11.8460;0.0451
11.8470;-0.0032
11.8480;0.0870
11.8490;0.1998
11.8500;0.2385
11.8510;0.3513
11.8520;0.6445
11.8530;0.1966
11.8540;-0.6381
11.8550;-0.5446
11.8560;-0.1289
11.8570;0.0097
11.8580;0.0161
11.8590;0.0387
11.8600;0.1063
11.8610;0.3190
11.8620;0.3867
11.8630;0.7187
11.8640;0.4351
11.8650;-1.2955
11.8660;-1.0667
11.8670;-0.4802
11.8680;-0.2256
11.8690;0.0806
11.8700;0.1740
11.8710;0.0870
11.8720;0.1482
11.8730;0.0226
11.8740;0.4931
11.8750;1.2568
11.8760;1.2117
11.8770;-0.6832
11.8780;-1.5952
11.8790;-0.2771
11.8800;-0.1611
11.8810;0.1063
11.8820;0.1160
11.8830;0.1611
11.8840;-0.4093
11.8850;-0.6993
11.8860;-0.2900
11.8870;0.0483
11.8880;0.2804
11.8890;0.2997
11.8900;0.3738
11.8910;0.2256
11.8920;0.1579
11.8930;0.1096
11.8940;-0.0516
11.8950;-0.0419
11.8960;-0.3577
11.8970;0.1257
11.8980;0.7380
11.8990;0.1386
11.9000;-0.3384
11.9010;-0.2062
11.9020;-0.0773
11.9030;-0.0806
11.9040;-0.0645
11.9050;-0.1418
11.9060;-0.1096
11.9070;0.1096
11.9080;0.3094
11.9090;-0.0709
11.9100;-0.0999
11.9110;0.1934
11.9120;0.2836
11.9130;0.1998
11.9140;0.0967
11.9150;-0.4802
11.9160;-0.9185
11.9170;-0.0580
11.9180;0.2868
11.9190;0.3867
11.9200;0.1998
11.9210;-0.0226
11.9220;0.0032
11.9230;-0.1934
11.9240;-0.1966
11.9250;0.0129
11.9260;-0.0226
11.9270;-0.0741
11.9280;0.0419
11.9290;0.2578
11.9300;0.0516
11.9310;-0.0387
11.9320;0.2578
11.9330;-0.0226
11.9340;-0.1386
11.9350;-0.0032
11.9360;0.4770
11.9370;1.4147
11.9380;1.6436
11.9390;0.2417
11.9400;-1.6500
11.9410;-1.6500
11.9420;-0.7477
11.9430;-0.0226
11.9440;0.2707
11.9450;0.5446
11.9460;0.3255
11.9470;0.0967
11.9480;0.1192
11.9490;0.2836
11.9500;0.2675
11.9510;0.1740
11.9520;0.2836
11.9530;0.3964
11.9540;0.2707
11.9550;-0.1225
11.9560;-0.0999
11.9570;-0.0773
11.9580;-0.2030
11.9590;-0.1450
11.9600;-0.1515
11.9610;-0.0967
11.9620;0.0709
11.9630;0.0451
11.9640;0.1160
11.9650;0.3996
11.9660;0.5124
11.9670;0.2836
11.9680;-1.3438
11.9690;-0.8282
11.9700;0.0516
11.9710;0.3190
11.9720;-0.0226
11.9730;-0.1515
11.9740;0.2256
11.9750;0.2256
11.9760;0.0935
11.9770;0.1386
11.9780;0.2353
11.9790;0.0161
11.9800;-0.2965
11.9810;-0.1869
11.9820;0.0193
11.9830;-0.0064
11.9840;-0.1031
11.9850;-0.2868
11.9860;0.1611
11.9870;0.8089
11.9880;0.3867
11.9890;-0.3029
11.9900;-0.3738
11.9910;0.1031
11.9920;-0.0516
11.9930;-0.2836
11.9940;-0.0935
11.9950;0.1644
11.9960;0.3352
11.9970;0.8572
11.9980;0.5317
11.9990;-0.8057
12.0000;-1.4051
12.0010;-0.4705
12.0020;-0.0483
12.0030;0.0193
12.0040;0.2127
12.0050;0.4834
12.0060;0.6542
12.0070;0.7090
12.0080;-0.4028
12.0090;-0.5704
12.0100;-0.1321
12.0110;-0.0677
12.0120;-0.0451
12.0130;0.3287
12.0140;0.4995
12.0150;-0.4931
12.0160;-0.8701
12.0170;-0.3803
12.0180;0.0645
12.0190;0.1450
12.0200;0.0806
12.0210;0.1676
12.0220;0.5865
12.0230;0.3867
12.0240;-0.2481
12.0250;-0.4608
12.0260;0.0193
12.0270;-0.0419
12.0280;0.0967
12.0290;-0.0193
12.0300;0.0838
12.0310;0.0161
12.0320;-0.0580
12.0330;0.0226
12.0340;-0.0064
12.0350;0.2771
12.0360;0.3029
12.0370;0.2256
12.0380;-0.4576
12.0390;-0.3642
12.0400;0.0483
12.0410;0.1482
12.0420;0.1386
12.0430;0.3062
12.0440;0.3964
12.0450;0.3803
12.0460;-0.5382
12.0470;-0.5543
12.0480;-0.3223
12.0490;0.3319
12.0500;0.6929
12.0510;0.7283
12.0520;-0.1805
12.0530;-0.2997
12.0540;-0.1225
12.0550;-0.4479
12.0560;-1.0087
12.0570;-0.3771
12.0580;0.2933
12.0590;0.3706
12.0600;-0.2353
12.0610;-0.5124
12.0620;-0.0999
12.0630;0.1515
12.0640;0.0000
12.0650;-0.0677
12.0660;0.0483
12.0670;0.2804
12.0680;0.6735
12.0690;0.7090
12.0700;0.3899
12.0710;0.0258
12.0720;-0.6768
12.0730;-0.6252
12.0740;-0.6606
12.0750;-0.2095
12.0760;0.1257
12.0770;-0.0032
12.0780;0.0097
12.0790;0.1515
12.0800;0.3352
12.0810;0.3545
12.0820;0.1676
12.0830;-0.0677
12.0840;0.0741
12.0850;0.2643
12.0860;0.6703
12.0870;0.2868
12.0880;-0.3577
12.0890;-0.2933
12.0900;-0.7090
12.0910;-0.4608
12.0920;-0.1257
12.0930;-0.0354
12.0940;-0.0064
12.0950;0.0999
12.0960;0.0516
12.0970;-0.3062
12.0980;-0.2385
12.0990;0.1805
12.1000;0.8379
12.1010;0.5188
12.1020;-0.1450
12.1030;-0.0773
12.1040;-0.0580
12.1050;-0.0902
12.1060;-0.0419
12.1070;0.0226
12.1080;0.1257
12.1090;0.4576
12.1100;1.2214
12.1110;0.9378
12.1120;-0.4125
12.1130;-1.5533
12.1140;-1.0570
12.1150;-0.4093
12.1160;-0.7799
12.1170;-0.3706
12.1180;-0.1321
12.1190;0.0967
12.1200;0.1225
12.1210;0.0516
12.1220;0.1225
12.1230;0.3513
12.1240;0.5253
12.1250;0.5188
12.1260;0.3319
12.1270;0.0226
12.1280;-0.2030
12.1290;-0.1837
12.1300;0.0322
12.1310;0.1934
12.1320;0.0064
12.1330;-0.0548
12.1340;-0.0548
12.1350;0.1676
12.1360;0.3996
12.1370;0.2288
12.1380;0.2610
12.1390;0.4705
12.1400;0.1192
12.1410;-0.7315
12.1420;-0.5801
12.1430;0.0193
12.1440;0.1289
12.1450;0.0612
12.1460;-0.6059
12.1470;-0.8347
12.1480;-0.7960
12.1490;-0.0612
12.1500;0.2288
12.1510;0.4318
12.1520;0.6671
12.1530;0.3029
12.1540;-0.0870
12.1550;0.1676
12.1560;0.1096
12.1570;-0.2707
12.1580;-0.8508
12.1590;0.0580
12.1600;0.4866
12.1610;0.3352
12.1620;0.0773
12.1630;-0.1837
12.1640;-0.2127
12.1650;-0.0193
12.1660;0.2353
12.1670;0.2771
12.1680;0.0032
12.1690;-0.0226
12.1700;0.2868
12.1710;0.4028
12.1720;-0.1901
12.1730;-0.3319
12.1740;-0.1096
12.1750;-0.0709
12.1760;0.0161
12.1770;-0.1386
12.1780;-0.0097
12.1790;0.0032
12.1800;0.1225
12.1810;0.0516
12.1820;-0.2062
12.1830;-0.0838
12.1840;0.1128
12.1850;0.1998
12.1860;0.2353
12.1870;-0.0741
12.1880;-0.0064
12.1890;-0.1708
12.1900;0.1805
12.1910;0.5027
12.1920;0.1354
12.1930;-0.2256
12.1940;-0.6703
12.1950;-0.6478
12.1960;-0.2095
12.1970;0.0870
12.1980;-0.2224
12.1990;-0.1547
12.2000;0.1289
12.2010;0.3803
12.2020;0.3771
12.2030;0.2288
12.2040;0.1031
12.2050;0.0548
12.2060;0.1289
12.2070;0.1772
12.2080;-0.3642
12.2090;-0.1257
12.2100;0.1192
12.2110;0.3158
12.2120;0.1386
12.2130;-0.3255
12.2140;-0.4093
12.2150;-0.0967
12.2160;1.1634
12.2170;0.8153
12.2180;0.2191
12.2190;-1.2149
12.2200;-0.8669
12.2210;-0.1257
12.2220;-0.1289
12.2230;-0.2707
12.2240;0.1225
12.2250;-0.0451
12.2260;-0.1611
12.2270;-0.0548
12.2280;0.0612
12.2290;0.0612
12.2300;0.1257
12.2310;0.2610
12.2320;0.3126
12.2330;0.2868
12.2340;0.0419
12.2350;-0.1096
12.2360;-0.1644
12.2370;0.0902
12.2380;0.0226
12.2390;-0.2643
12.2400;-0.1450
12.2410;-0.0064
12.2420;0.1611
12.2430;0.1192
12.2440;0.2610
12.2450;0.5769
12.2460;0.6671
12.2470;0.1128
12.2480;-1.3696
12.2490;-0.9926
12.2500;-0.2804
12.2510;0.4898
12.2520;0.5704
12.2530;-0.4254
12.2540;-0.1257
12.2550;0.4673
12.2560;0.1289
12.2570;-0.5382
12.2580;-0.1966
12.2590;-0.0902
12.2600;0.0548
12.2610;0.4415
12.2620;0.1869
12.2630;0.2159
12.2640;0.1579
12.2650;-0.1289
12.2660;0.0129
12.2670;-0.1611
12.2680;0.2030
12.2690;0.7444
12.2700;0.5897
12.2710;-0.1676
12.2720;-1.6500
12.2730;-0.9958
12.2740;-0.0806
12.2750;0.2256
12.2760;0.0806
12.2770;0.0806
12.2780;0.1257
12.2790;0.2546
12.2800;-0.0935
12.2810;0.0902
12.2820;0.0935
12.2830;0.0516
12.2840;-0.0387
12.2850;0.1579
12.2860;0.1289
12.2870;0.0709
12.2880;-0.1386
12.2890;-0.1225
12.2900;0.0709
12.2910;-0.2191
12.2920;0.1998
12.2930;0.2288
12.2940;0.0935
12.2950;0.0032
12.2960;0.1837
12.2970;0.5221
12.2980;0.2965
12.2990;-0.5962
12.3000;-0.6606
12.3010;-0.0419
12.3020;0.0741
12.3030;-0.1450
12.3040;-0.0709
12.3050;0.1418
12.3060;0.1096
12.3070;0.0032
12.3080;0.1901
12.3090;0.1966
12.3100;-0.1386
12.3110;0.0419
12.3120;-0.2320
12.3130;-0.4544
12.3140;-0.4061
12.3150;-0.0773
12.3160;0.1934
12.3170;0.4770
12.3180;0.6123
12.3190;0.1192
12.3200;-0.0773
12.3210;-0.0741
12.3220;-0.1289
12.3230;-0.1547
12.3240;0.1837
12.3250;0.6284
12.3260;0.3835
12.3270;-1.0087
12.3280;-1.0570
12.3290;0.1998
12.3300;0.1837
12.3310;0.1418
12.3320;0.5188
12.3330;0.2030
12.3340;-0.3674
12.3350;-0.5092
12.3360;-0.1031
12.3370;-0.0097
12.3380;-0.1740
12.3390;0.1934
12.3400;-0.0612
12.3410;0.1515
12.3420;0.2610
12.3430;-0.1386
12.3440;-0.1063
12.3450;0.0226
12.3460;0.4125
12.3470;0.2288
12.3480;0.3738
12.3490;0.9378
12.3500;0.5188
12.3510;-1.3922
12.3520;-1.1279
12.3530;-0.5833
12.3540;-0.1869
12.3550;0.0999
12.3560;0.4093
12.3570;0.3158
12.3580;0.2288
12.3590;0.1063
12.3600;-0.0902
12.3610;-0.0354
12.3620;-0.0032
12.3630;0.2353
12.3640;0.2030
12.3650;-0.0097
12.3660;0.0032
12.3670;0.1418
12.3680;0.0967
12.3690;-0.0773
12.3700;0.1934
12.3710;0.2288
12.3720;0.0773
12.3730;-0.2062
12.3740;-0.1063
12.3750;-0.1805
12.3760;-0.0870
12.3770;-0.1837
12.3780;-0.4898
12.3790;-0.2546
12.3800;-0.0064
12.3810;-0.0709
12.3820;-0.0129
12.3830;0.0870
12.3840;0.2256
12.3850;0.2127
12.3860;0.1418
12.3870;0.1515
12.3880;0.0806
12.3890;0.0838
12.3900;0.2836
12.3910;0.2030
12.3920;0.1869
12.3930;-0.2771
12.3940;-0.4318
12.3950;0.4222
12.3960;-0.2385
12.3970;-0.7025
12.3980;-0.3158
12.3990;-0.1934
12.4000;-0.0902
12.4010;0.0677
12.4020;0.0709
12.4030;0.0741
12.4040;0.0999
12.4050;0.3835
12.4060;0.2191
12.4070;-0.5479
12.4080;-0.6091
12.4090;-0.0322
12.4100;0.6155
12.4110;0.7122
12.4120;0.2385
12.4130;-0.0902
12.4140;0.1708
12.4150;0.3964
12.4160;-0.0677
12.4170;-0.4898
12.4180;0.0064
12.4190;0.3287
12.4200;0.2836
12.4210;-0.2320
12.4220;-0.4222
12.4230;-0.1547
12.4240;-0.0709
12.4250;-0.0806
12.4260;0.1998
12.4270;0.7444
12.4280;0.0838
12.4290;-0.1998
12.4300;-0.0290
12.4310;-0.2191
12.4320;-0.6349
12.4330;-0.5994
12.4340;-0.2320
12.4350;0.3287
12.4360;-0.0645
12.4370;-0.5446
12.4380;-0.1192
12.4390;0.1805
12.4400;0.3964
12.4410;0.7412
12.4420;0.5769
12.4430;-0.0548
12.4440;-0.2256
12.4450;-0.4931
12.4460;-0.2191
12.4470;-0.0645
12.4480;0.1482
12.4490;0.0999
12.4500;0.2127
12.4510;0.3674
12.4520;-0.0677
12.4530;-0.1225
12.4540;0.1547
12.4550;0.0967
12.4560;-0.1515
12.4570;-0.2481
12.4580;-0.2385
12.4590;0.0161
12.4600;-0.0226
12.4610;0.1063
12.4620;0.1579
12.4630;0.3223
12.4640;0.1482
12.4650;0.0161
12.4660;-0.3319
12.4670;-0.3223
12.4680;-0.0773
12.4690;-0.0258
12.4700;-0.0999
12.4710;-0.0129
12.4720;0.1708
12.4730;0.5446
12.4740;0.7928
12.4750;0.2836
12.4760;-0.3996
12.4770;-0.5221
12.4780;-0.1354
12.4790;-0.4125
12.4800;-0.3545
12.4810;0.0902
12.4820;0.0032
12.4830;-0.4318
12.4840;0.1257
12.4850;0.1772
12.4860;0.1901
12.4870;0.0838
12.4880;-0.0548
12.4890;-0.0129
12.4900;-0.1289
12.4910;0.0000
12.4920;0.1515
12.4930;0.2320
12.4940;0.1482
12.4950;-0.0580
12.4960;-0.0354
12.4970;0.2095
12.4980;0.2256
12.4990;0.1289
12.5000;-0.4286
12.5010;-0.4512
12.5020;-0.1579
12.5030;0.2675
12.5040;0.3738
12.5050;-0.1611
12.5060;0.3287
12.5070;0.3062
12.5080;-0.1547
12.5090;-0.2997
12.5100;0.1031
12.5110;0.2514
12.5120;-0.4093
12.5130;-0.5027
12.5140;-0.2514
12.5150;0.0387
12.5160;-0.0806
12.5170;-0.0612
12.5180;0.2127
12.5190;0.4898
12.5200;0.5188
12.5210;-0.6639
12.5220;-0.8991
12.5230;0.2095
12.5240;0.7670
12.5250;0.6155
12.5260;-0.0838
12.5270;0.0322
12.5280;-0.0741
12.5290;-0.1321
12.5300;0.1128
12.5310;0.4802
12.5320;0.2739
12.5330;-0.6639
12.5340;-0.9765
12.5350;-0.5060
12.5360;0.0000
12.5370;0.1063
12.5380;0.2481
12.5390;0.1515
12.5400;0.0612
12.5410;0.4641
12.5420;0.6284
12.5430;0.4254
12.5440;-0.2159
12.5450;-0.8701
12.5460;-0.4028
12.5470;0.0354
12.5480;0.0709
12.5490;0.1869
12.5500;0.2675
12.5510;0.1289
12.5520;-0.2997
12.5530;-0.5285
12.5540;-0.2643
12.5550;-0.1805
12.5560;0.1547
12.5570;0.5479
12.5580;0.4222
12.5590;-0.0612
12.5600;-0.0290
12.5610;-0.1740
12.5620;-0.2191
12.5630;0.0419
12.5640;0.1031
12.5650;0.0419
12.5660;-0.0064
12.5670;0.0902
12.5680;0.3126
12.5690;0.2256
12.5700;0.0870
12.5710;-0.0516
12.5720;-0.1740
12.5730;0.0870
12.5740;0.2288
12.5750;-0.0645
12.5760;-0.3835
12.5770;0.0773
12.5780;1.0474
12.5790;1.1440
12.5800;-0.4061
12.5810;-1.6500
12.5820;-1.4663
12.5830;-0.2320
12.5840;0.2288
12.5850;0.5253
12.5860;0.0709
12.5870;-0.3803
12.5880;-0.0193
12.5890;0.1063
12.5900;0.1869
12.5910;0.2417
12.5920;0.3835
12.5930;0.5543
12.5940;0.1837
12.5950;-0.4770
12.5960;-0.8766
12.5970;-0.4286
12.5980;0.0226
12.5990;0.3771
12.6000;0.2514
12.6010;-0.0193
12.6020;-0.3932
12.6030;-0.1837
12.6040;0.5188
12.6050;0.6703
12.6060;0.4512
12.6070;0.1160
12.6080;0.0290
12.6090;0.4189
12.6100;-0.1482
12.6110;-0.5479
12.6120;-0.4512
12.6130;0.0677
12.6140;0.2288
12.6150;0.0870
12.6160;-0.2546
12.6170;-0.0226
12.6180;0.1321
12.6190;0.1934
12.6200;0.1579
12.6210;-0.2578
12.6220;-0.5575
12.6230;-0.3609
12.6240;0.1063
12.6250;0.2643
12.6260;0.4512
12.6270;0.4834
12.6280;0.1160
12.6290;-0.4125
12.6300;-0.4157
12.6310;-0.2095
12.6320;-0.3416
12.6330;-0.3513
12.6340;-0.2191
12.6350;0.3964
12.6360;0.3352
12.6370;-0.0193
12.6380;0.2675
12.6390;0.2675
12.6400;0.2675
12.6410;0.2030
12.6420;0.1611
12.6430;0.0548
12.6440;-0.1579
12.6450;-0.3126
12.6460;-0.2933
12.6470;-0.1225
12.6480;-0.1450
12.6490;-0.1579
12.6500;-0.2481
12.6510;-0.1160
12.6520;0.4898
12.6530;0.4447
12.6540;0.1934
12.6550;-0.2804
12.6560;-0.2643
12.6570;0.0709
12.6580;0.0967
12.6590;-0.0999
12.6600;0.0258
12.6610;0.1063
12.6620;-0.0419
12.6630;0.1096
12.6640;0.1225
12.6650;-0.4061
12.6660;-0.2739
12.6670;-0.1708
12.6680;0.1031
12.6690;0.2965
12.6700;0.3545
12.6710;0.0645
12.6720;0.0483
12.6730;-0.2836
12.6740;-0.2933
12.6750;0.0677
12.6760;0.4608
12.6770;0.4479
12.6780;0.1934
12.6790;-0.2288
12.6800;-0.2256
12.6810;-0.3255
12.6820;-0.1998
12.6830;-0.2256
12.6840;0.2546
12.6850;-0.1805
12.6860;-0.0290
12.6870;-0.2062
12.6880;0.3609
12.6890;0.0322
12.6900;-0.1579
12.6910;0.2062
12.6920;-0.3319
12.6930;-0.1257
12.6940;0.1708
12.6950;0.0193
12.6960;0.0290
12.6970;0.1386
12.6980;0.0226
12.6990;-0.2030
12.7000;0.0870
12.7010;0.4479
12.7020;-0.0773
12.7030;-0.4995
12.7040;-0.1128
12.7050;0.1450
12.7060;0.1321
12.7070;0.1031
12.7080;0.1901
12.7090;0.0419
12.7100;-0.0677
12.7110;-0.1547
12.7120;-0.3029
12.7130;-0.1805
12.7140;0.1611
12.7150;0.2965
12.7160;0.1257
12.7170;-0.1901
12.7180;-0.1450
12.7190;-0.0322
12.7200;0.0999
12.7210;-0.0419
12.7220;-0.1354
12.7230;0.0516
12.7240;0.3803
12.7250;0.1128
12.7260;-0.0548
12.7270;0.0290
12.7280;0.1676
12.7290;0.0870
12.7300;0.0999
12.7310;0.2868
12.7320;0.3480
12.7330;-0.2062
12.7340;-0.6864
12.7350;-0.3416
12.7360;-0.0548
12.7370;0.1257
12.7380;-0.0516
12.7390;-0.0935
12.7400;-0.2127
12.7410;-0.2127
12.7420;0.0580
12.7430;0.1386
12.7440;-0.2675
12.7450;-0.0612
12.7460;0.5640
12.7470;0.3803
12.7480;0.0612
12.7490;-0.0838
12.7500;0.1547
12.7510;0.0741
12.7520;-0.2288
12.7530;-0.3803
12.7540;-0.2481
12.7550;-0.2062
12.7560;0.1386
12.7570;0.4189
12.7580;0.3738
12.7590;0.1644
12.7600;0.0097
12.7610;-0.1096
12.7620;-0.0193
12.7630;0.0709
12.7640;0.0322
12.7650;-0.0451
12.7660;-0.3319
12.7670;-0.5414
12.7680;-0.3255
12.7690;0.1321
12.7700;0.5833
12.7710;0.5575
12.7720;0.3319
12.7730;0.3255
12.7740;-0.5027
12.7750;-0.7573
12.7760;-0.5317
12.7770;-0.3738
12.7780;0.0097
12.7790;0.1772
12.7800;0.1515
12.7810;0.0483
12.7820;0.0999
12.7830;0.2997
12.7840;0.3190
12.7850;0.2675
12.7860;-0.0064
12.7870;-0.1321
12.7880;-0.1354
12.7890;-0.0129
12.7900;0.0773
12.7910;0.1708
12.7920;0.2062
12.7930;0.6896
12.7940;0.5060
12.7950;-0.3642
12.7960;-0.6381
12.7970;-0.6091
12.7980;-0.2804
12.7990;0.2062
12.8000;-0.0870
12.8010;-0.6639
12.8020;-0.6220
12.8030;-0.4834
12.8040;0.0806
12.8050;0.5317
12.8060;0.5479
12.8070;0.3835
12.8080;0.2997
12.8090;0.1805
12.8100;-0.1192
12.8110;-0.1644
12.8120;-0.0935
12.8130;0.0097
12.8140;0.1805
12.8150;0.3029
12.8160;0.0645
12.8170;-0.0935
12.8180;0.0097
12.8190;-0.0032
12.8200;-0.0226
12.8210;-0.0258
12.8220;-0.0516
12.8230;-0.1708
12.8240;-0.1837
12.8250;0.1515
12.8260;0.4351
12.8270;0.3255
12.8280;0.0806
12.8290;-0.2868
12.8300;-0.2610
12.8310;-0.4093
12.8320;-0.1901
12.8330;-0.0967
12.8340;-0.1289
12.8350;-0.2191
12.8360;0.0516
12.8370;0.2997
12.8380;0.2288
12.8390;0.3867
12.8400;0.7187
12.8410;-0.0483
12.8420;-0.4351
12.8430;0.1192
12.8440;-0.2675
12.8450;-0.4866
12.8460;-0.3899
12.8470;-0.2353
12.8480;0.0516
12.8490;0.1611
12.8500;-0.0097
12.8510;0.0032
12.8520;0.0838
12.8530;0.1998
12.8540;0.1418
12.8550;0.2707
12.8560;0.0612
12.8570;0.0097
12.8580;0.0129
12.8590;0.0064
12.8600;0.0902
12.8610;-0.0838
12.8620;-0.0161
12.8630;-0.1096
12.8640;0.0483
12.8650;0.0902
12.8660;0.2449
12.8670;0.2417
12.8680;-0.2256
12.8690;-0.4898
12.8700;-0.2675
12.8710;0.0290
12.8720;0.2385
12.8730;0.0870
12.8740;-0.0097
12.8750;-0.0258
12.8760;-0.1096
12.8770;-0.1644
12.8780;-0.1772
12.8790;-0.0806
12.8800;0.0612
12.8810;0.1869
12.8820;0.0902
12.8830;-0.1515
12.8840;-0.1579
12.8850;0.0870
12.8860;0.3094
12.8870;-0.1031
12.8880;-0.0999
12.8890;0.0902
12.8900;0.2578
12.8910;-0.0483
12.8920;-0.0032
12.8930;0.0290
12.8940;0.0806
12.8950;0.0419
12.8960;-0.0935
12.8970;-0.3416
12.8980;-0.2288
12.8990;0.1418
12.9000;0.3835
12.9010;0.2965
12.9020;0.2256
12.9030;0.2771
12.9040;0.4125
12.9050;0.1579
12.9060;-0.2095
12.9070;-0.3642
12.9080;-0.2900
12.9090;-0.2643
12.9100;-0.5188
12.9110;-0.4125
12.9120;-0.1418
12.9130;-0.0161
12.9140;-0.0935
12.9150;0.0838
12.9160;0.0483
12.9170;0.0483
12.9180;0.3416
12.9190;0.1644
12.9200;0.1901
12.9210;0.3577
12.9220;0.2868
12.9230;-0.2256
12.9240;-0.0773
12.9250;0.4673
12.9260;-0.6220
12.9270;-0.6059
12.9280;-0.0999
12.9290;0.1128
12.9300;0.0999
12.9310;-0.0516
12.9320;-0.0129
12.9330;0.1676
12.9340;0.2417
12.9350;0.1482
12.9360;-0.1644
12.9370;-0.2159
12.9380;0.0290
12.9390;0.0548
12.9400;-0.2353
12.9410;0.0000
12.9420;0.3029
12.9430;0.6284
12.9440;0.1289
12.9450;-0.2095
12.9460;-0.2288
12.9470;0.0258
12.9480;0.2675
12.9490;-0.0902
12.9500;-0.4189
12.9510;-0.3480
12.9520;-0.0258
12.9530;0.1772
12.9540;0.1257
12.9550;-0.1096
12.9560;-0.1289
12.9570;0.0709
12.9580;0.0161
12.9590;0.0387
12.9600;0.0322
12.9610;-0.0838
12.9620;-0.3932
12.9630;-0.4351
12.9640;0.3287
12.9650;0.4125
12.9660;0.1096
12.9670;-0.0870
12.9680;-0.0838
12.9690;0.0419
12.9700;0.7477
12.9710;0.3384
12.9720;0.1386
12.9730;-0.0193
12.9740;-0.1676
12.9750;-0.2804
12.9760;-0.4383
12.9770;-0.3158
12.9780;-0.0290
12.9790;-0.2191
12.9800;-0.1740
12.9810;0.0516
12.9820;0.1321
12.9830;0.1934
12.9840;0.3319
12.9850;0.1676
12.9860;-0.0129
12.9870;-0.0645
12.9880;0.0193
12.9890;0.1772
12.9900;0.3706
12.9910;0.4093
12.9920;0.0483
12.9930;-0.6735
12.9940;-0.8089
12.9950;-0.2481
12.9960;0.3158
12.9970;0.2546
12.9980;-0.1547
12.9990;-0.2449
13.0000;-0.2449
13.0010;-0.1063
13.0020;0.0129
13.0030;0.1805
13.0040;0.1128
13.0050;-0.0193
13.0060;0.0935
13.0070;0.0032
13.0080;-0.0677
13.0090;-0.0387
13.0100;0.1225
13.0110;0.3771
13.0120;0.2030
13.0130;0.0967
13.0140;-0.0129
13.0150;-0.0290
13.0160;-0.0258
13.0170;0.0258
13.0180;0.1837
13.0190;-0.0580
13.0200;-0.2159
13.0210;-0.1676
13.0220;-0.0193
13.0230;-0.0226
13.0240;-0.0064
13.0250;-0.0709
13.0260;-0.0999
13.0270;-0.1289
13.0280;-0.1708
13.0290;-0.0451
13.0300;0.0548
13.0310;0.0870
13.0320;0.0483
13.0330;0.1708
13.0340;0.0677
13.0350;0.0000
13.0360;0.2030
13.0370;0.2610
13.0380;0.1966
13.0390;0.0193
13.0400;-0.0773
13.0410;-0.1225
13.0420;-0.1192
13.0430;0.0902
13.0440;0.1160
13.0450;-0.1354
13.0460;0.2675
13.0470;0.4028
13.0480;0.0451
13.0490;-0.5994
13.0500;-0.5833
13.0510;-0.5640
13.0520;-0.2771
13.0530;-0.1063
13.0540;-0.0129
13.0550;-0.1966
13.0560;-0.1386
13.0570;-0.0645
13.0580;0.2288
13.0590;0.3706
13.0600;0.4931
13.0610;0.1547
13.0620;0.0645
13.0630;0.3577
13.0640;0.1257
13.0650;0.0097
13.0660;0.0387
13.0670;0.0902
13.0680;0.1676
13.0690;0.3190
13.0700;0.3094
13.0710;-0.4673
13.0720;-0.8701
13.0730;-0.1708
13.0740;-0.1611
13.0750;-0.3480
13.0760;-0.0193
13.0770;-0.0387
13.0780;-0.0773
13.0790;-0.0419
13.0800;0.3706
13.0810;0.3642
13.0820;0.2900
13.0830;0.2385
13.0840;0.1579
13.0850;0.2095
13.0860;0.2417
13.0870;-0.1837
13.0880;-0.4931
13.0890;-0.3126
13.0900;0.0258
13.0910;0.3996
13.0920;0.1482
13.0930;0.0806
13.0940;-0.1289
13.0950;-0.4931
13.0960;-0.3062
13.0970;-0.1257
13.0980;0.0290
13.0990;0.2481
13.1000;0.1837
13.1010;0.0580
13.1020;0.0483
13.1030;0.2030
13.1040;0.2159
13.1050;0.0193
13.1060;-0.2159
13.1070;-0.5672
13.1080;-0.4898
13.1090;-0.1579
13.1100;0.2062
13.1110;0.2933
13.1120;0.0000
13.1130;-0.2353
13.1140;-0.0645
13.1150;0.1418
13.1160;0.1934
13.1170;0.1289
13.1180;0.0290
13.1190;-0.0870
13.1200;0.0161
13.1210;0.1901
13.1220;0.0193
13.1230;-0.1934
13.1240;-0.0902
13.1250;-0.0387
13.1260;0.1128
13.1270;0.2256
13.1280;0.2610
13.1290;0.1515
13.1300;0.0354
13.1310;-0.0516
13.1320;-0.0483
13.1330;-0.1096
13.1340;-0.1031
13.1350;-0.0129
13.1360;0.0258
13.1370;-0.0935
13.1380;-0.3964
13.1390;-0.2804
13.1400;0.6349
13.1410;0.7638
13.1420;0.3867
13.1430;0.0548
13.1440;-0.7509
13.1450;-0.5221
13.1460;-0.0580
13.1470;-0.0580
13.1480;-0.2997
13.1490;-0.1547
13.1500;-0.0419
13.1510;0.1386
13.1520;-0.0612
13.1530;-0.1515
13.1540;0.1934
13.1550;0.2997
13.1560;-0.2417
13.1570;-0.2320
13.1580;0.1257
13.1590;0.3029
13.1600;0.2514
13.1610;0.1418
13.1620;0.0612
13.1630;0.0419
13.1640;-0.0032
13.1650;-0.1386
13.1660;-0.2449
13.1670;-0.0999
13.1680;0.2095
13.1690;-0.0387
13.1700;-0.2546
13.1710;0.3706
13.1720;0.6896
13.1730;0.1805
13.1740;-0.2191
13.1750;-0.2610
13.1760;-0.2481
13.1770;-0.2256
13.1780;-0.3867
13.1790;-0.1869
13.1800;-0.0193
13.1810;0.0709
13.1820;0.2062
13.1830;0.3126
13.1840;0.2256
13.1850;-0.1772
13.1860;-0.3126
13.1870;-0.0773
13.1880;0.1676
13.1890;0.1482
13.1900;0.0000
13.1910;0.0451
13.1920;-0.1579
13.1930;-0.2933
13.1940;-0.0064
13.1950;0.1257
13.1960;-0.0741
13.1970;0.1547
13.1980;0.3158
13.1990;0.1901
13.2000;0.0097
13.2010;-0.1966
13.2020;-0.1579
13.2030;-0.0741
13.2040;-0.0709
13.2050;-0.0161
13.2060;0.0193
13.2070;0.0902
13.2080;-0.0064
13.2090;-0.0097
13.2100;0.1418
13.2110;0.0645
13.2120;0.0193
13.2130;-0.0387
13.2140;0.0226
13.2150;0.0677
13.2160;-0.1450
13.2170;-0.2836
13.2180;-0.0516
13.2190;0.1547
13.2200;0.0999
13.2210;0.0064
13.2220;-0.0290
13.2230;0.0290
13.2240;-0.1225
13.2250;-0.2900
13.2260;-0.4061
13.2270;0.0451
13.2280;0.2836
13.2290;0.3094
13.2300;0.1225
13.2310;0.1257
13.2320;0.0322
13.2330;0.3545
13.2340;0.2159
13.2350;0.1547
13.2360;-0.2385
13.2370;-0.1611
13.2380;-0.0902
13.2390;-0.1289
13.2400;-0.1289
13.2410;-0.1676
13.2420;0.1740
13.2430;0.2546
13.2440;0.3513
13.2450;0.1998
13.2460;-0.0870
13.2470;-0.2965
13.2480;-0.2224
13.2490;-0.0032
13.2500;-0.1676
13.2510;-0.4770
13.2520;-0.2288
13.2530;0.0129
13.2540;0.0000
13.2550;0.0354
13.2560;0.1160
13.2570;0.1837
13.2580;-0.3190
13.2590;-0.3223
13.2600;-0.1063
13.2610;0.2675
13.2620;0.3352
13.2630;0.5833
13.2640;0.3319
13.2650;0.0387
13.2660;-0.2707
13.2670;-0.3932
13.2680;-0.2739
13.2690;0.1644
13.2700;0.2030
13.2710;-0.0741
13.2720;-0.0129
13.2730;0.1418
13.2740;-0.0129
13.2750;-0.0226
13.2760;0.0193
13.2770;0.3029
13.2780;0.3706
13.2790;0.2288
13.2800;-0.3223
13.2810;-0.4028
13.2820;-0.2675
13.2830;-0.0290
13.2840;0.0548
13.2850;0.0290
13.2860;-0.3126
13.2870;-0.4286
13.2880;-0.0387
13.2890;0.5769
13.2900;0.5027
13.2910;0.1386
13.2920;-0.2030
13.2930;-0.2707
13.2940;-0.3416
13.2950;-0.2675
13.2960;-0.0677
13.2970;0.3609
13.2980;0.3223
13.2990;0.1321
13.3000;-0.0290
13.3010;-0.0741
13.3020;-0.0032
13.3030;-0.0580
13.3040;0.0000
13.3050;0.0806
13.3060;0.0548
13.3070;0.1063
13.3080;-0.0483
13.3090;-0.1579
13.3100;0.0226
13.3110;0.0097
13.3120;-0.1676
13.3130;-0.1321
13.3140;0.0290
13.3150;0.0645
13.3160;0.1321
13.3170;0.1257
13.3180;-0.0451
13.3190;-0.1450
13.3200;-0.0709
13.3210;0.1128
13.3220;0.1837
13.3230;0.5221
13.3240;0.3835
13.3250;-0.2256
13.3260;-0.3384
13.3270;-0.3126
13.3280;-0.2739
13.3290;-0.2675
13.3300;-0.1901
13.3310;-0.0451
13.3320;-0.1289
13.3330;0.0097
13.3340;0.1934
13.3350;0.1515
13.3360;-0.0516
13.3370;-0.1257
13.3380;0.2224
13.3390;0.3513
13.3400;0.3674
13.3410;-0.0354
13.3420;-0.0097
13.3430;0.0838
13.3440;0.0322
13.3450;-0.0129
13.3460;-0.0999
13.3470;-0.0902
13.3480;-0.0290
13.3490;0.0000
13.3500;0.0193
13.3510;-0.0709
13.3520;-0.0226
13.3530;0.0226
13.3540;-0.1354
13.3550;-0.1482
13.3560;-0.1966
13.3570;-0.1676
13.3580;-0.0935
13.3590;0.0161
13.3600;0.0322
13.3610;0.1644
13.3620;-0.1321
13.3630;-0.0322
13.3640;-0.3094
13.3650;0.0290
13.3660;0.4608
13.3670;0.3448
13.3680;-0.0806
13.3690;0.2288
13.3700;0.3223
13.3710;0.0516
13.3720;-0.0451
13.3730;-0.0806
13.3740;-0.0226
13.3750;-0.0258
13.3760;-0.1031
13.3770;-0.0387
13.3780;-0.0645
13.3790;0.0838
13.3800;0.1515
13.3810;-0.0226
13.3820;-0.0419
13.3830;0.2481
13.3840;0.2546
13.3850;-0.2514
13.3860;-0.5221
13.3870;-0.5253
13.3880;-0.0032
13.3890;0.3480
13.3900;0.2127
13.3910;-0.2481
13.3920;-0.4705
13.3930;-0.1869
13.3940;0.1708
13.3950;0.2095
13.3960;0.0967
13.3970;0.0226
13.3980;0.1321
13.3990;-0.0032
13.4000;-0.1515
13.4010;-0.2804
13.4020;-0.0902
13.4030;0.2900
13.4040;0.4028
13.4050;0.4157
13.4060;0.1772
13.4070;-0.0129
13.4080;-0.0258
13.4090;-0.1192
13.4100;-0.2385
13.4110;-0.1869
13.4120;0.0387
13.4130;0.1482
13.4140;-0.1515
13.4150;-0.1934
13.4160;0.1837
13.4170;0.3577
13.4180;0.0451
13.4190;-0.2739
13.4200;-0.2610
13.4210;-0.2771
13.4220;-0.1515
13.4230;0.2095
13.4240;0.4222
13.4250;0.2707
13.4260;0.0870
13.4270;0.0387
13.4280;-0.0483
13.4290;-0.1321
13.4300;-0.1515
13.4310;0.0967
13.4320;0.3094
13.4330;0.1515
13.4340;-0.0516
13.4350;-0.2159
13.4360;-0.2353
13.4370;-0.4512
13.4380;-0.3223
13.4390;0.0935
13.4400;0.3642
13.4410;0.2514
13.4420;-0.0483
13.4430;-0.0290
13.4440;0.2159
13.4450;0.3480
13.4460;-0.0935
13.4470;-0.1225
13.4480;-0.3126
13.4490;-0.3158
13.4500;-0.2095
13.4510;-0.0967
13.4520;-0.0354
13.4530;-0.0677
13.4540;0.0741
13.4550;0.2320
13.4560;0.2191
13.4570;0.0773
13.4580;0.0258
13.4590;0.0193
13.4600;-0.3513
13.4610;-0.5124
13.4620;-0.0580
13.4630;0.7025
13.4640;0.8927
13.4650;0.5092
13.4660;0.0097
13.4670;-0.4641
13.4680;-0.4576
13.4690;-0.3062
13.4700;-0.2965
13.4710;-0.3223
13.4720;-0.0290
13.4730;0.1192
13.4740;0.4189
13.4750;0.2933
13.4760;0.1611
13.4770;0.1901
13.4780;0.0870
13.4790;-0.1869
13.4800;-0.2643
13.4810;-0.2159
13.4820;-0.1450
13.4830;0.1225
13.4840;0.3384
13.4850;0.1966
13.4860;-0.4415
13.4870;-0.4544
13.4880;0.0032
13.4890;0.1063
13.4900;0.0902
13.4910;0.0548
13.4920;0.0097
13.4930;-0.0097
13.4940;0.3867
13.4950;0.3158
13.4960;-0.0741
13.4970;-0.0516
13.4980;-0.0032
13.4990;-0.2256
13.5000;-0.6316
13.5010;-0.5962
13.5020;0.0322
13.5030;0.3996
13.5040;0.4737
13.5050;0.3513
13.5060;0.1805
13.5070;0.0516
13.5080;-0.0773
13.5090;-0.1708
13.5100;0.0419
13.5110;0.0709
13.5120;-0.0741
13.5130;-0.1482
13.5140;-0.0741
13.5150;-0.0032
13.5160;0.0000
13.5170;0.0161
13.5180;-0.0064
13.5190;0.1354
13.5200;0.1289
13.5210;0.1063
13.5220;-0.0838
13.5230;-0.2449
13.5240;-0.1450
13.5250;0.0000
13.5260;0.0483
13.5270;-0.1579
13.5280;0.0000
13.5290;-0.0290
13.5300;-0.2514
13.5310;-0.1096
13.5320;0.3126
13.5330;0.2385
13.5340;0.3706
13.5350;0.4479
13.5360;0.0870
13.5370;-0.4447
13.5380;-0.6316
13.5390;-0.2288
13.5400;0.3352
13.5410;0.1354
13.5420;0.2900
13.5430;0.2191
13.5440;-0.0677
13.5450;-0.2320
13.5460;-0.1966
13.5470;-0.2030
13.5480;-0.1515
13.5490;-0.0032
13.5500;0.1225
13.5510;0.1708
13.5520;0.2643
13.5530;0.2481
13.5540;-0.0161
13.5550;-0.3255
13.5560;-0.2224
13.5570;-0.1644
13.5580;-0.0322
13.5590;0.0000
13.5600;0.0709
13.5610;0.1096
13.5620;0.2546
13.5630;0.1482
13.5640;0.0645
13.5650;0.0548
13.5660;-0.0193
13.5670;-0.1482
13.5680;-0.2643
13.5690;-0.0999
13.5700;-0.0773
13.5710;0.0226
13.5720;0.0645
13.5730;0.1257
13.5740;0.1805
13.5750;0.2127
13.5760;-0.0129
13.5770;-0.5543
13.5780;-0.6639
13.5790;0.2095
13.5800;1.0022
13.5810;0.4608
13.5820;-0.2771
13.5830;-0.3513
13.5840;-0.0161
13.5850;0.1805
13.5860;0.1031
13.5870;-0.2481
13.5880;-0.3126
13.5890;-0.1676
13.5900;-0.1579
13.5910;-0.1515
13.5920;-0.3158
13.5930;-0.2288
13.5940;0.2159
13.5950;0.5704
13.5960;0.4608
13.5970;0.2675
13.5980;-0.0322
13.5990;-0.2062
13.6000;-0.1192
13.6010;-0.0677
13.6020;0.0161
13.6030;0.1418
13.6040;0.2417
13.6050;0.1708
13.6060;-0.1708
13.6070;-0.4737
13.6080;-0.6316
13.6090;-0.1869
13.6100;0.3190
13.6110;0.6059
13.6120;0.4028
13.6130;0.0677
13.6140;0.0097
13.6150;0.0032
13.6160;-0.1192
13.6170;-0.1966
13.6180;-0.0902
13.6190;-0.0935
13.6200;-0.0838
13.6210;0.0290
13.6220;0.0290
13.6230;-0.3674
13.6240;-0.6091
13.6250;-0.2610
13.6260;0.6510
13.6270;0.8476
13.6280;0.5027
13.6290;0.2514
13.6300;0.0419
13.6310;-0.2159
13.6320;-0.3771
13.6330;-0.3964
13.6340;-0.1740
13.6350;-0.1096
13.6360;-0.2546
13.6370;-0.1418
13.6380;0.2127
13.6390;0.2868
13.6400;0.1869
13.6410;0.1482
13.6420;0.2385
13.6430;0.1708
13.6440;0.0387
13.6450;-0.4061
13.6460;-0.4834
13.6470;-0.0709
13.6480;0.1160
13.6490;0.0838
13.6500;-0.2417
13.6510;-0.0387
13.6520;0.0483
13.6530;-0.1096
13.6540;-0.3126
13.6550;-0.2030
13.6560;0.0548
13.6570;0.3384
13.6580;0.0806
13.6590;0.1740
13.6600;0.3480
13.6610;0.1547
13.6620;-0.2353
13.6630;-0.5285
13.6640;-0.2256
13.6650;0.0451
13.6660;0.5672
13.6670;0.3835
13.6680;0.2449
13.6690;0.3899
13.6700;0.1031
13.6710;-0.1676
13.6720;-0.0967
13.6730;-0.3867
13.6740;-0.3545
13.6750;-0.0935
13.6760;0.1805
13.6770;0.2610
13.6780;-0.0354
13.6790;-0.2610
13.6800;-0.1869
13.6810;-0.1901
13.6820;-0.0999
13.6830;0.1128
13.6840;0.2707
13.6850;0.2030
13.6860;-0.0193
13.6870;-0.2546
13.6880;-0.3094
13.6890;-0.2514
13.6900;-0.0193
13.6910;-0.0354
13.6920;0.1321
13.6930;0.0773
13.6940;-0.1740
13.6950;-0.1386
13.6960;0.3577
13.6970;0.3158
13.6980;0.4093
13.6990;0.4222
13.7000;0.1805
13.7010;-0.2320
13.7020;-0.4383
13.7030;-0.4512
13.7040;-0.1515
13.7050;0.2417
13.7060;0.4093
13.7070;0.4512
13.7080;0.2320
13.7090;-0.0773
13.7100;-0.4189
13.7110;-0.4415
13.7120;-0.1772
13.7130;-0.0354
13.7140;0.0129
13.7150;-0.1031
13.7160;0.0451
13.7170;0.1934
13.7180;-0.0064
13.7190;-0.1869
13.7200;-0.4415
13.7210;-0.2030
13.7220;0.2546
13.7230;0.3287
13.7240;0.3384
13.7250;0.2320
13.7260;-0.0870
13.7270;-0.0451
13.7280;0.0967
13.7290;-0.0967
13.7300;-0.1805
13.7310;-0.4318
13.7320;-0.3513
13.7330;0.1257
13.7340;0.7219
13.7350;0.2288
13.7360;-0.1772
13.7370;-0.1225
13.7380;0.1063
13.7390;0.1160
13.7400;0.1289
13.7410;0.1482
13.7420;0.1192
13.7430;-0.1740
13.7440;-0.2804
13.7450;-0.1321
13.7460;0.1579
13.7470;0.2385
13.7480;0.0709
13.7490;-0.1805
13.7500;-0.3513
13.7510;-0.0193
13.7520;0.0322
13.7530;-0.1482
13.7540;-0.2900
13.7550;-0.3029
13.7560;-0.2804
13.7570;0.1579
13.7580;0.4834
13.7590;0.3803
13.7600;-0.2256
13.7610;-0.2385
13.7620;0.0032
13.7630;0.2417
13.7640;0.4318
13.7650;0.2256
13.7660;-0.1515
13.7670;-0.1482
13.7680;-0.0322
13.7690;0.0258
13.7700;0.0870
13.7710;0.0387
13.7720;-0.0161
13.7730;-0.0387
13.7740;-0.1450
13.7750;-0.1031
13.7760;-0.0483
13.7770;0.0032
13.7780;-0.0322
13.7790;0.0645
13.7800;0.4093
13.7810;0.0483
13.7820;-0.1805
13.7830;-0.2127
13.7840;-0.0226
13.7850;0.0290
13.7860;-0.1063
13.7870;-0.2062
13.7880;0.0258
13.7890;0.0226
13.7900;-0.2965
13.7910;0.1740
13.7920;0.2030
13.7930;0.0451
13.7940;0.2449
13.7950;0.4061
13.7960;0.1547
13.7970;-0.3771
13.7980;-0.4512
13.7990;-0.1128
13.8000;0.3803
13.8010;0.4125
13.8020;0.0709
13.8030;-0.2095
13.8040;-0.2062
13.8050;-0.0709
13.8060;0.1063
13.8070;0.1740
13.8080;0.1515
13.8090;0.1225
13.8100;-0.1901
13.8110;-0.6832
13.8120;-0.6606
13.8130;-0.0902
13.8140;0.3545
13.8150;-0.1482
13.8160;-0.2836
13.8170;0.0935
13.8180;0.4866
13.8190;0.2546
13.8200;0.0967
13.8210;0.0451
13.8220;0.0806
13.8230;0.1837
13.8240;0.0838
13.8250;-0.1128
13.8260;-0.2095
13.8270;0.0000
13.8280;0.1289
13.8290;-0.0999
13.8300;-0.2449
13.8310;0.1386
13.8320;0.5092
13.8330;0.4512
13.8340;0.3642
13.8350;-0.0548
13.8360;-0.6123
13.8370;-0.6800
13.8380;-0.4318
13.8390;-0.1450
13.8400;-0.3803
13.8410;-0.3738
13.8420;0.2514
13.8430;0.5769
13.8440;0.2449
13.8450;0.1998
13.8460;0.2675
13.8470;0.1772
13.8480;0.0451
13.8490;-0.0387
13.8500;-0.1031
13.8510;-0.1418
13.8520;-0.0161
13.8530;0.0838
13.8540;-0.0838
13.8550;-0.3062
13.8560;-0.1676
13.8570;0.3964
13.8580;0.3319
13.8590;0.3545
13.8600;0.1257
13.8610;-0.1644
13.8620;-0.4189
13.8630;-0.4834
13.8640;-0.2643
13.8650;0.1128
13.8660;0.2095
13.8670;0.1901
13.8680;0.0451
13.8690;0.0032
13.8700;0.0193
13.8710;0.0387
13.8720;0.0064
13.8730;-0.0741
13.8740;-0.0258
13.8750;0.0870
13.8760;0.0902
13.8770;-0.0516
13.8780;-0.1192
13.8790;0.2900
13.8800;0.5188
13.8810;0.3674
13.8820;-0.1966
13.8830;-0.6993
13.8840;-0.7605
13.8850;-0.3932
13.8860;0.0612
13.8870;0.1354
13.8880;0.0290
13.8890;-0.0612
13.8900;0.0548
13.8910;-0.0870
13.8920;0.0483
13.8930;0.3062
13.8940;0.2288
13.8950;0.1482
13.8960;0.0773
13.8970;-0.1321
13.8980;-0.1708
13.8990;0.1063
13.9000;0.2417
13.9010;0.1257
13.9020;0.0322
13.9030;-0.0806
13.9040;-0.0322
13.9050;-0.1160
13.9060;0.0580
13.9070;-0.1418
13.9080;-0.2643
13.9090;-0.4866
13.9100;-0.1031
13.9110;0.2095
13.9120;0.4286
13.9130;0.4641
13.9140;0.2643
13.9150;-0.2030
13.9160;-0.1418
13.9170;0.0838
13.9180;0.1031
13.9190;0.0935
13.9200;-0.0226
13.9210;0.0064
13.9220;-0.0741
13.9230;-0.1031
13.9240;-0.2062
13.9250;-0.1160
13.9260;-0.0645
13.9270;0.0097
13.9280;0.0354
13.9290;-0.0322
13.9300;-0.0290
13.9310;0.0226
13.9320;0.0064
13.9330;0.0097
13.9340;0.0258
13.9350;-0.0677
13.9360;-0.4770
13.9370;-0.7251
13.9380;-0.0451
13.9390;0.8379
13.9400;0.5446
13.9410;0.3062
13.9420;0.2256
13.9430;0.1031
13.9440;-0.0032
13.9450;0.0516
13.9460;-0.0097
13.9470;-0.1708
13.9480;-0.0419
13.9490;0.0226
13.9500;0.1063
13.9510;0.0258
13.9520;-0.3062
13.9530;-0.4770
13.9540;-0.2739
13.9550;-0.0032
13.9560;0.1031
13.9570;0.0483
13.9580;-0.0129
13.9590;-0.0129
13.9600;0.0129
13.9610;0.0226
13.9620;-0.0129
13.9630;0.0064
13.9640;-0.2675
13.9650;-0.1225
13.9660;0.2643
13.9670;0.2546
13.9680;0.1418
13.9690;0.2353
13.9700;0.3480
13.9710;0.0967
13.9720;-0.1063
13.9730;-0.2353
13.9740;-0.1515
13.9750;0.1837
13.9760;0.4125
13.9770;0.1805
13.9780;-0.1901
13.9790;-0.4995
13.9800;-0.4770
13.9810;-0.4866
13.9820;-0.8057
13.9830;-0.7154
13.9840;0.2030
13.9850;1.4212
13.9860;0.7412
13.9870;0.0838
13.9880;-0.1934
13.9890;-0.0451
13.9900;0.3158
13.9910;0.3448
13.9920;0.2546
13.9930;0.2159
13.9940;0.0709
13.9950;-0.1998
13.9960;-0.1740
13.9970;-0.2030
13.9980;-0.2417
13.9990;-0.2643
14.0000;-0.2320
14.0010;-0.2288
14.0020;-0.1966
14.0030;0.0064
14.0040;0.1676
14.0050;0.1321
14.0060;-0.0387
14.0070;-0.0838
14.0080;-0.2481
14.0090;0.0064
14.0100;0.3094
14.0110;0.1966
14.0120;0.0806
14.0130;0.0129
14.0140;-0.0548
14.0150;-0.2095
14.0160;-0.1192
14.0170;0.1321
14.0180;0.2997
14.0190;0.2095
14.0200;-0.0806
14.0210;-0.2224
14.0220;-0.2353
14.0230;-0.0161
14.0240;0.3609
14.0250;0.2449
14.0260;0.1160
14.0270;-0.0677
14.0280;-0.0967
14.0290;-0.3384
14.0300;-0.3642
14.0310;0.1547
14.0320;0.2256
14.0330;-0.1772
14.0340;0.0258
14.0350;0.4931
14.0360;-0.0612
14.0370;-0.2385
14.0380;0.0741
14.0390;0.1934
14.0400;-0.0032
14.0410;-0.2610
14.0420;-0.1482
14.0430;0.2643
14.0440;0.1837
14.0450;-0.0032
14.0460;-0.5027
14.0470;-1.0151
14.0480;-1.1537
14.0490;0.1386
14.0500;1.0989
14.0510;0.9313
14.0520;0.4898
14.0530;0.1515
14.0540;0.0451
14.0550;0.1676
14.0560;0.0516
14.0570;-0.0354
14.0580;-0.0516
14.0590;-0.0935
14.0600;-0.1837
14.0610;-0.2739
14.0620;-0.1579
14.0630;0.3835
14.0640;0.2933
14.0650;0.0064
14.0660;-0.2675
14.0670;-0.4157
14.0680;-0.1063
14.0690;0.0161
14.0700;0.0870
14.0710;0.0580
14.0720;-0.1225
14.0730;-0.1579
14.0740;-0.0097
14.0750;0.1579
14.0760;0.1063
14.0770;0.0032
14.0780;0.0000
14.0790;-0.0322
14.0800;-0.0612
14.0810;-0.0161
14.0820;-0.1031
14.0830;-0.0999
14.0840;0.0741
14.0850;0.0870
14.0860;0.0387
14.0870;0.0548
14.0880;-0.0258
14.0890;-0.1160
14.0900;0.0483
14.0910;0.1998
14.0920;0.1966
14.0930;-0.1934
14.0940;-0.5027
14.0950;-0.3996
14.0960;-0.1096
14.0970;0.5962
14.0980;1.0151
14.0990;0.4254
14.1000;-0.1515
14.1010;-0.4093
14.1020;-0.6445
14.1030;-0.3287
14.1040;0.0806
14.1050;0.3867
14.1060;0.1869
14.1070;0.0838
14.1080;-0.0580
14.1090;-0.1192
14.1100;-0.3899
14.1110;-0.6316
14.1120;-0.1063
14.1130;0.6349
14.1140;0.5317
14.1150;0.1386
14.1160;0.1934
14.1170;0.0709
14.1180;-0.3738
14.1190;-0.2191
14.1200;-0.0419
14.1210;0.0387
14.1220;0.2062
14.1230;0.3513
14.1240;0.0870
14.1250;-0.1386
14.1260;-0.2578
14.1270;-0.1676
14.1280;-0.2062
14.1290;-0.1676
14.1300;-0.1031
14.1310;0.1386
14.1320;0.0032
14.1330;0.1708
14.1340;0.1225
14.1350;0.0193
14.1360;-0.2675
14.1370;-0.1386
14.1380;0.4286
14.1390;0.5672
14.1400;0.1257
14.1410;-0.1192
14.1420;-0.4125
14.1430;-0.5962
14.1440;-0.2385
14.1450;0.3642
14.1460;0.3190
14.1470;0.1031
14.1480;-0.7799
14.1490;-0.6155
14.1500;0.4995
14.1510;1.0151
14.1520;0.4673
14.1530;-0.0935
14.1540;-0.3287
14.1550;-0.1160
14.1560;0.1418
14.1570;0.1257
14.1580;-0.1063
14.1590;-0.1096
14.1600;-0.2288
14.1610;-0.0677
14.1620;-0.0677
14.1630;-0.0483
14.1640;-0.0032
14.1650;0.1482
14.1660;0.1676
14.1670;0.0483
14.1680;-0.1708
14.1690;-0.1354
14.1700;0.1547
14.1710;0.2836
14.1720;-0.0129
14.1730;-0.1192
14.1740;-0.1257
14.1750;-0.0129
14.1760;-0.1063
14.1770;-0.1934
14.1780;-0.1321
14.1790;-0.1547
14.1800;-0.2739
14.1810;-0.3577
14.1820;0.1386
14.1830;0.3158
14.1840;0.6059
14.1850;0.8057
14.1860;0.3448
14.1870;-0.1450
14.1880;-0.3513
14.1890;-0.2127
14.1900;-0.0580
14.1910;-0.0258
14.1920;-0.1128
14.1930;-0.2320
14.1940;-0.2095
14.1950;-0.1063
14.1960;0.0097
14.1970;0.2836
14.1980;0.1966
14.1990;0.0902
14.2000;0.0612
14.2010;-0.0387
14.2020;-0.2385
14.2030;-0.2256
14.2040;-0.0032
14.2050;-0.0161
14.2060;-0.2675
14.2070;-0.3706
14.2080;-0.0806
14.2090;-0.0129
14.2100;0.3384
14.2110;0.6510
14.2120;0.4415
14.2130;0.0226
14.2140;-0.0935
14.2150;0.0161
14.2160;0.0000
14.2170;-0.0645
14.2180;-0.1644
14.2190;-0.1418
14.2200;0.0354
14.2210;0.2062
14.2220;0.0483
14.2230;-0.0677
14.2240;-0.2578
14.2250;-0.2804
14.2260;-0.0902
14.2270;0.1257
14.2280;0.0290
14.2290;-0.0419
14.2300;0.0097
14.2310;-0.0322
14.2320;0.1482
14.2330;0.0677
14.2340;-0.1547
14.2350;-0.0645
14.2360;0.3287
14.2370;0.4222
14.2380;0.2836
14.2390;-0.1063
14.2400;-0.3319
14.2410;-0.2224
14.2420;-0.1579
14.2430;-0.0935
14.2440;-0.1482
14.2450;-0.1321
14.2460;0.0419
14.2470;0.2062
14.2480;0.1160
14.2490;0.0226
14.2500;0.0097
14.2510;-0.0806
14.2520;-0.0129
14.2530;0.0999
14.2540;0.1225
14.2550;-0.0677
14.2560;0.0193
14.2570;0.2643
14.2580;0.1547
14.2590;-0.1450
14.2600;-0.4157
14.2610;-0.3513
14.2620;-0.1354
14.2630;0.2127
14.2640;-0.0290
14.2650;-0.2546
14.2660;-0.2191
14.2670;-0.2643
14.2680;-0.2643
14.2690;-0.0032
14.2700;0.3867
14.2710;0.7219
14.2720;0.5833
14.2730;0.2320
14.2740;0.1160
14.2750;-0.0451
14.2760;-0.1644
14.2770;-0.1418
14.2780;-0.0516
14.2790;-0.0419
14.2800;-0.0645
14.2810;-0.0129
14.2820;0.0645
14.2830;0.0773
14.2840;0.0064
14.2850;-0.1160
14.2860;-0.3190
14.2870;-0.2546
14.2880;0.0806
14.2890;0.1805
14.2900;0.0451
14.2910;-0.0935
14.2920;-0.2224
14.2930;-0.1354
14.2940;0.0387
14.2950;0.2127
14.2960;0.0612
14.2970;0.0064
14.2980;-0.0387
14.2990;-0.0032
14.3000;0.0290
14.3010;0.1128
14.3020;0.1031
14.3030;-0.2997
14.3040;-0.5382
14.3050;-0.2643
14.3060;0.1031
14.3070;0.3835
14.3080;0.4737
14.3090;0.4512
14.3100;0.2159
14.3110;-0.0935
14.3120;-0.0516
14.3130;-0.0161
14.3140;-0.1225
14.3150;-0.4189
14.3160;-0.3835
14.3170;0.1289
14.3180;0.2868
14.3190;0.3190
14.3200;0.0387
14.3210;-0.0354
14.3220;-0.0032
14.3230;0.0483
14.3240;0.0935
14.3250;0.0226
14.3260;-0.0258
14.3270;-0.0516
14.3280;0.0097
14.3290;-0.1257
14.3300;-0.1031
14.3310;-0.0193
14.3320;-0.0032
14.3330;-0.1644
14.3340;-0.1515
14.3350;-0.0483
14.3360;0.0097
14.3370;-0.0838
14.3380;0.0064
14.3390;0.0677
14.3400;-0.0419
14.3410;0.0677
14.3420;0.1321
14.3430;0.3062
14.3440;0.1096
14.3450;-0.1611
14.3460;-0.0709
14.3470;0.0741
14.3480;-0.0064
14.3490;-0.1934
14.3500;-0.0612
14.3510;0.1418
14.3520;0.1257
14.3530;0.0483
14.3540;0.0000
14.3550;0.0000
14.3560;-0.0548
14.3570;-0.1386
14.3580;-0.2804
14.3590;-0.2900
14.3600;0.0258
14.3610;0.4125
14.3620;0.2385
14.3630;0.0354
14.3640;0.0097
14.3650;-0.0677
14.3660;-0.0161
14.3670;0.0387
14.3680;-0.0322
14.3690;-0.0258
14.3700;0.0709
14.3710;-0.0387
14.3720;-0.0258
14.3730;0.1450
14.3740;0.0419
14.3750;-0.0064
14.3760;-0.0548
14.3770;-0.1031
14.3780;-0.0902
14.3790;-0.0838
14.3800;-0.0870
14.3810;-0.1805
14.3820;-0.0741
14.3830;-0.0129
14.3840;0.1772
14.3850;0.2191
14.3860;0.1869
14.3870;0.0548
14.3880;-0.0548
14.3890;0.0580
14.3900;0.0354
14.3910;-0.0935
14.3920;-0.2062
14.3930;-0.0741
14.3940;0.2933
14.3950;0.3803
14.3960;0.2095
14.3970;-0.3352
14.3980;-0.3771
14.3990;-0.2353
14.4000;-0.1128
14.4010;-0.2095
14.4020;0.0032
14.4030;0.2159
14.4040;0.1837
14.4050;0.0193
14.4060;0.0741
14.4070;0.1096
14.4080;-0.0032
14.4090;-0.1450
14.4100;-0.2095
14.4110;-0.0645
14.4120;0.0580
14.4130;0.2191
14.4140;0.2546
14.4150;0.1450
14.4160;-0.1257
14.4170;-0.1676
14.4180;-0.1837
14.4190;-0.1128
14.4200;-0.0967
14.4210;0.1998
14.4220;0.4351
14.4230;0.1192
14.4240;-0.0258
14.4250;-0.0161
14.4260;-0.0226
14.4270;-0.0709
14.4280;-0.0806
14.4290;-0.0645
14.4300;-0.0226
14.4310;-0.2095
14.4320;-0.2965
14.4330;-0.1031
14.4340;0.1740
14.4350;0.0902
14.4360;0.0612
14.4370;0.0999
14.4380;0.1128
14.4390;0.0645
14.4400;-0.0580
14.4410;-0.2578
14.4420;-0.1257
14.4430;0.1257
14.4440;0.2030
14.4450;-0.0516
14.4460;0.2353
14.4470;0.0097
14.4480;-0.0967
14.4490;-0.1096
14.4500;-0.0645
14.4510;0.0097
14.4520;0.1644
14.4530;-0.0516
14.4540;-0.1901
14.4550;0.2385
14.4560;0.3223
14.4570;0.1354
14.4580;-0.1547
14.4590;-0.1901
14.4600;-0.1128
14.4610;-0.0741
14.4620;-0.0773
14.4630;-0.2288
14.4640;-0.1515
14.4650;0.0677
14.4660;0.1482
14.4670;0.0290
14.4680;-0.0032
14.4690;-0.0354
14.4700;-0.0935
14.4710;-0.2449
14.4720;-0.2675
14.4730;0.3513
14.4740;0.4770
14.4750;0.2933
14.4760;0.1450
14.4770;0.1805
14.4780;0.1740
14.4790;0.0548
14.4800;-0.1257
14.4810;-0.2868
14.4820;-0.3706
14.4830;-0.1805
14.4840;0.0226
14.4850;0.0451
14.4860;-0.0226
14.4870;-0.1482
14.4880;-0.0354
14.4890;0.2546
14.4900;0.0354
14.4910;-0.1869
14.4920;0.1772
14.4930;0.1031
14.4940;-0.1837
14.4950;-0.1257
14.4960;-0.0999
14.4970;-0.3255
14.4980;0.0000
14.4990;0.3932
14.5000;0.3513
14.5010;0.1676
14.5020;0.0967
14.5030;-0.0226
14.5040;-0.0806
14.5050;-0.0226
14.5060;-0.0097
14.5070;-0.0483
14.5080;-0.0709
14.5090;-0.0677
14.5100;-0.1160
14.5110;-0.1160
14.5120;-0.1128
14.5130;-0.0097
14.5140;0.0935
14.5150;0.0612
14.5160;0.0032
14.5170;-0.0645
14.5180;-0.0580
14.5190;-0.1547
14.5200;-0.0838
14.5210;0.2675
14.5220;0.1805
14.5230;0.0967
14.5240;-0.0129
14.5250;-0.0483
14.5260;-0.1934
14.5270;-0.2288
14.5280;-0.1772
14.5290;0.1128
14.5300;0.2643
14.5310;0.0322
14.5320;0.1128
14.5330;0.1740
14.5340;0.0806
14.5350;-0.0612
14.5360;0.1192
14.5370;0.1354
14.5380;0.0161
14.5390;-0.0806
14.5400;-0.0451
14.5410;0.0387
14.5420;-0.0483
14.5430;-0.0516
14.5440;0.1160
14.5450;0.1128
14.5460;-0.0161
14.5470;-0.3319
14.5480;-0.5769
14.5490;-0.4061
14.5500;0.3255
14.5510;0.0000
14.5520;-0.1160
14.5530;0.0387
14.5540;0.4383
14.5550;0.5704
14.5560;0.1611
14.5570;-0.1321
14.5580;-0.0838
14.5590;-0.0097
14.5600;-0.0773
14.5610;-0.3223
14.5620;-0.6445
14.5630;-0.3062
14.5640;0.3545
14.5650;0.4028
14.5660;0.3319
14.5670;0.2449
14.5680;0.0451
14.5690;-0.0419
14.5700;0.0677
14.5710;0.0193
14.5720;-0.0226
14.5730;0.0097
14.5740;-0.0161
14.5750;-0.0419
14.5760;-0.0161
14.5770;-0.0032
14.5780;-0.0387
14.5790;-0.0548
14.5800;-0.0612
14.5810;-0.0548
14.5820;0.0258
14.5830;-0.0999
14.5840;-0.2481
14.5850;-0.1160
14.5860;0.0741
14.5870;0.1998
14.5880;0.2062
14.5890;0.0290
14.5900;-0.1515
14.5910;-0.1225
14.5920;-0.0258
14.5930;-0.0645
14.5940;-0.0902
14.5950;0.0226
14.5960;0.0483
14.5970;0.0516
14.5980;0.0773
14.5990;0.0226
14.6000;-0.0290
14.6010;0.0064
14.6020;-0.0129
14.6030;-0.1450
14.6040;-0.4963
14.6050;-0.3126
14.6060;0.3577
14.6070;0.6187
14.6080;0.3738
14.6090;0.0516
14.6100;-0.1579
14.6110;0.0097
14.6120;0.1676
14.6130;-0.0773
14.6140;-0.2900
14.6150;-0.1257
14.6160;0.0902
14.6170;0.0612
14.6180;0.2062
14.6190;0.1676
14.6200;0.1225
14.6210;0.0064
14.6220;-0.1837
14.6230;-0.4608
14.6240;-0.1837
14.6250;0.1225
14.6260;-0.0290
14.6270;-0.0967
14.6280;0.0967
14.6290;0.1128
14.6300;0.0902
14.6310;0.0290
14.6320;-0.0290
14.6330;0.0354
14.6340;0.0387
14.6350;-0.0548
14.6360;-0.0354
14.6370;-0.1579
14.6380;-0.3674
14.6390;-0.4479
14.6400;-0.0064
14.6410;0.4608
14.6420;0.3803
14.6430;0.1676
14.6440;0.0806
14.6450;0.1386
14.6460;0.0387
14.6470;-0.0548
14.6480;-0.0806
14.6490;0.0000
14.6500;0.0322
14.6510;-0.0354
14.6520;-0.0677
14.6530;0.0129
14.6540;-0.0419
14.6550;-0.0032
14.6560;0.0516
14.6570;0.0419
14.6580;0.0032
14.6590;-0.0193
14.6600;-0.0258
14.6610;-0.0129
14.6620;-0.0451
14.6630;0.0193
14.6640;0.0226
14.6650;0.0097
14.6660;-0.0064
14.6670;-0.0032
14.6680;-0.0032
14.6690;-0.0129
14.6700;-0.0064
14.6710;-0.0226
14.6720;-0.0354
14.6730;-0.0902
14.6740;-0.3126
14.6750;-0.4737
14.6760;0.1547
14.6770;0.5736
14.6780;0.1869
14.6790;-0.0612
14.6800;0.0580
14.6810;0.1934
14.6820;0.1289
14.6830;0.0097
14.6840;-0.0226
14.6850;0.0580
14.6860;0.0258
14.6870;-0.0741
14.6880;-0.1901
14.6890;-0.2739
14.6900;-0.0677
14.6910;0.1708
14.6920;0.0612
14.6930;-0.3029
14.6940;-0.2804
14.6950;0.0548
14.6960;0.3545
14.6970;0.2514
14.6980;0.1450
14.6990;0.2417
14.7000;0.0000
14.7010;-0.2062
14.7020;-0.1225
14.7030;0.0193
14.7040;-0.0193
14.7050;0.0193
14.7060;-0.0193
14.7070;-0.0290
14.7080;-0.2159
14.7090;-0.4673
14.7100;-0.3706
14.7110;-0.0161
14.7120;0.3416
14.7130;-0.0483
14.7140;0.2836
14.7150;0.5285
14.7160;0.2868
14.7170;0.2030
14.7180;0.2417
14.7190;-0.0612
14.7200;-0.2159
14.7210;-0.2256
14.7220;-0.1515
14.7230;-0.2771
14.7240;-0.2997
14.7250;-0.2868
14.7260;-0.0193
14.7270;0.3416
14.7280;0.4125
14.7290;0.4125
14.7300;-0.0129
14.7310;-0.3867
14.7320;-0.4544
14.7330;-0.0354
14.7340;0.4963
14.7350;0.3190
14.7360;0.1547
14.7370;-0.0161
14.7380;-0.1354
14.7390;-0.1160
14.7400;-0.0258
14.7410;0.0064
14.7420;0.0773
14.7430;0.0226
14.7440;-0.1031
14.7450;-0.1321
14.7460;-0.1128
14.7470;-0.0741
14.7480;-0.0387
14.7490;-0.0322
14.7500;-0.0902
14.7510;-0.0387
14.7520;0.0870
14.7530;0.0000
14.7540;-0.0387
14.7550;-0.0741
14.7560;0.0483
14.7570;0.0290
14.7580;0.0290
14.7590;0.1482
14.7600;-0.0226
14.7610;-0.1579
14.7620;0.0387
14.7630;0.2288
14.7640;0.0451
14.7650;-0.0773
14.7660;-0.0677
14.7670;0.0709
14.7680;0.2353
14.7690;-0.2159
14.7700;-0.7992
14.7710;-0.5350
14.7720;0.3964
14.7730;0.4479
14.7740;0.1418
14.7750;0.4512
14.7760;0.3899
14.7770;0.1063
14.7780;0.0870
14.7790;0.0516
14.7800;-0.0516
14.7810;-0.3126
14.7820;-0.2288
14.7830;-0.0161
14.7840;0.0709
14.7850;0.0741
14.7860;0.0483
14.7870;-0.4898
14.7880;-1.0345
14.7890;-0.7122
14.7900;0.1805
14.7910;0.7928
14.7920;0.9217
14.7930;0.6252
14.7940;0.1579
14.7950;-0.1869
14.7960;-0.2675
14.7970;-0.1225
14.7980;0.0935
14.7990;0.0677
14.8000;-0.2739
14.8010;-0.1547
14.8020;-0.1096
14.8030;0.0161
14.8040;0.3480
14.8050;0.1869
14.8060;-0.1547
14.8070;-0.2127
14.8080;-0.1837
14.8090;-0.0322
14.8100;-0.0967
14.8110;-0.0806
14.8120;0.0999
14.8130;0.1128
14.8140;-0.0806
14.8150;-0.3287
14.8160;0.0935
14.8170;0.4222
14.8180;0.3771
14.8190;0.0935
14.8200;-0.0612
14.8210;-0.0709
14.8220;-0.0387
14.8230;-0.0226
14.8240;0.0226
14.8250;0.0645
14.8260;0.0000
14.8270;-0.0902
14.8280;0.0097
14.8290;0.0064
14.8300;0.0000
14.8310;0.0258
14.8320;0.0226
14.8330;0.0387
14.8340;0.0902
14.8350;-0.0806
14.8360;-0.5253
14.8370;-0.5962
14.8380;-0.0806
14.8390;0.1901
14.8400;0.2836
14.8410;0.2095
14.8420;0.0806
14.8430;-0.0451
14.8440;-0.0580
14.8450;-0.0129
14.8460;0.0548
14.8470;0.0193
14.8480;-0.0258
14.8490;-0.0999
14.8500;-0.0645
14.8510;0.0290
14.8520;0.1450
14.8530;-0.0838
14.8540;-0.3480
14.8550;-0.4061
14.8560;0.0000
14.8570;0.4222
14.8580;0.5930
14.8590;0.5511
14.8600;0.0838
14.8610;0.0773
14.8620;-0.1160
14.8630;-0.2385
14.8640;-0.1579
14.8650;0.0097
14.8660;0.1386
14.8670;-0.1418
14.8680;-0.2514
14.8690;-0.0419
14.8700;-0.0226
14.8710;-0.0193
14.8720;0.0354
14.8730;0.0645
14.8740;0.0709
14.8750;0.0709
14.8760;-0.0451
14.8770;-0.1192
14.8780;0.0097
14.8790;0.0226
14.8800;0.0612
14.8810;0.0645
14.8820;-0.0193
14.8830;-0.0612
14.8840;-0.3223
14.8850;-0.3642
14.8860;0.1354
14.8870;0.3448
14.8880;0.0935
14.8890;0.0516
14.8900;0.1128
14.8910;0.0999
14.8920;0.0097
14.8930;-0.0032
14.8940;-0.0612
14.8950;-0.0741
14.8960;0.0000
14.8970;0.1192
14.8980;0.0741
14.8990;-0.0580
14.9000;-0.1869
14.9010;-0.2127
14.9020;-0.1805
14.9030;0.0064
14.9040;0.2675
14.9050;0.0322
14.9060;-0.3062
14.9070;-0.4673
14.9080;-0.0419
14.9090;0.3867
14.9100;0.4351
14.9110;0.3674
14.9120;0.1128
14.9130;-0.0806
14.9140;-0.0580
14.9150;-0.0419
14.9160;-0.0129
14.9170;-0.0226
14.9180;-0.0806
14.9190;-0.2578
14.9200;-0.3319
14.9210;-0.0097
14.9220;0.3513
14.9230;0.4479
14.9240;0.0741
14.9250;-0.1644
14.9260;-0.1354
14.9270;-0.0032
14.9280;0.0935
14.9290;0.0548
14.9300;-0.0645
14.9310;-0.2191
14.9320;-0.0645
14.9330;0.1805
14.9340;0.1515
14.9350;-0.1611
14.9360;-0.1450
14.9370;-0.0645
14.9380;-0.0290
14.9390;-0.0064
14.9400;-0.0838
14.9410;-0.1160
14.9420;-0.0097
14.9430;0.1579
14.9440;0.1482
14.9450;-0.0032
14.9460;0.0354
14.9470;0.1128
14.9480;0.0677
14.9490;-0.0451
14.9500;-0.0548
14.9510;0.0000
14.9520;0.1160
14.9530;-0.0032
14.9540;-0.2739
14.9550;-0.6284
14.9560;-0.4544
14.9570;-0.0870
14.9580;0.6961
14.9590;0.6606
14.9600;-0.0258
14.9610;-0.1644
14.9620;0.0322
14.9630;0.1611
14.9640;0.0773
14.9650;0.1128
14.9660;0.2739
14.9670;0.1225
14.9680;0.0387
14.9690;-0.0032
14.9700;-0.0548
14.9710;-0.1740
14.9720;-0.1515
14.9730;-0.0806
14.9740;-0.0838
14.9750;-0.0838
14.9760;-0.0580
14.9770;0.0064
14.9780;-0.0612
14.9790;-0.1096
14.9800;-0.0967
14.9810;0.0580
14.9820;0.0806
14.9830;0.2127
14.9840;0.0902
14.9850;-0.1257
14.9860;-0.1354
14.9870;-0.0290
14.9880;0.0677
14.9890;0.0516
14.9900;-0.1192
14.9910;-0.0806
14.9920;0.1676
14.9930;0.2224
14.9940;0.0451
14.9950;-0.2739
14.9960;-0.3642
14.9970;-0.0902
14.9980;0.5253
14.9990;0.3448
15.0000;-0.0870
15.0010;-0.2449
15.0020;-0.0741
15.0030;-0.0290
15.0040;-0.1547
15.0050;-0.0677
15.0060;0.1579
15.0070;0.1998
15.0080;0.1063
15.0090;0.0773
15.0100;0.0032
15.0110;-0.0838
15.0120;-0.1772
15.0130;0.0000
15.0140;0.1772
15.0150;0.1386
15.0160;-0.1063
15.0170;-0.3352
15.0180;-0.1257
15.0190;0.1354
15.0200;-0.1096
15.0210;-0.0999
15.0220;0.0354
15.0230;-0.1289
15.0240;-0.2127
15.0250;-0.3223
15.0260;-0.1354
15.0270;0.6059
15.0280;0.5156
15.0290;0.2385
15.0300;0.1740
15.0310;0.0806
15.0320;-0.2739
15.0330;0.0290
15.0340;-0.0645
15.0350;-0.1418
15.0360;-0.0548
15.0370;0.0645
15.0380;0.0226
15.0390;-0.0064
15.0400;-0.0226
15.0410;-0.0193
15.0420;-0.0064
15.0430;0.0032
15.0440;-0.0064
15.0450;-0.0161
15.0460;-0.0129
15.0470;-0.0226
15.0480;-0.0516
15.0490;-0.0032
15.0500;0.0193
15.0510;0.0612
15.0520;0.0645
15.0530;0.0580
15.0540;0.0516
15.0550;0.0419
15.0560;-0.0935
15.0570;-0.1579
15.0580;-0.0580
15.0590;-0.0773
15.0600;-0.1063
15.0610;0.0999
15.0620;0.0290
15.0630;-0.1772
15.0640;-0.2481
15.0650;0.0161
15.0660;0.4157
15.0670;0.3416
15.0680;0.0516
15.0690;-0.1966
15.0700;-0.1837
15.0710;-0.0838
15.0720;0.0870
15.0730;0.1160
15.0740;0.0000
15.0750;-0.1031
15.0760;-0.0258
15.0770;-0.0258
15.0780;0.0097
15.0790;0.0999
15.0800;0.0226
15.0810;-0.0226
15.0820;-0.0838
15.0830;-0.2062
15.0840;0.0516
15.0850;0.2578
15.0860;0.2191
15.0870;-0.0387
15.0880;-0.0032
15.0890;-0.0902
15.0900;-0.3899
15.0910;-0.5897
15.0920;-0.2675
15.0930;0.4963
15.0940;0.4608
15.0950;0.3545
15.0960;0.1740
15.0970;0.2191
15.0980;0.2546
15.0990;0.1805
15.1000;0.0226
15.1010;-0.3738
15.1020;-0.5736
15.1030;-0.4286
15.1040;-0.2256
15.1050;-0.0258
15.1060;0.1869
15.1070;0.1772
15.1080;-0.1644
15.1090;-0.2353
15.1100;0.1031
15.1110;0.2675
15.1120;0.1869
15.1130;0.0677
15.1140;0.0612
15.1150;0.0000
15.1160;-0.0709
15.1170;0.0516
15.1180;0.1160
15.1190;0.0967
15.1200;-0.0483
15.1210;-0.1031
15.1220;-0.0967
15.1230;-0.0999
15.1240;-0.1611
15.1250;-0.2385
15.1260;0.0064
15.1270;0.2288
15.1280;0.0935
15.1290;-0.4157
15.1300;-0.3674
15.1310;-0.0902
15.1320;0.3062
15.1330;0.6445
15.1340;0.4254
15.1350;0.2353
15.1360;0.0612
15.1370;-0.0935
15.1380;-0.1192
15.1390;-0.0741
15.1400;-0.0387
15.1410;-0.0483
15.1420;-0.0322
15.1430;-0.0322
15.1440;-0.0290
15.1450;-0.0258
15.1460;-0.0354
15.1470;-0.0322
15.1480;-0.0290
15.1490;-0.0258
15.1500;-0.0226
15.1510;-0.0290
15.1520;-0.0129
15.1530;0.0483
15.1540;0.1354
15.1550;0.1257
15.1560;0.0773
15.1570;0.0097
15.1580;-0.0999
15.1590;-0.1450
15.1600;-0.1031
15.1610;-0.1837
15.1620;-0.1547
15.1630;-0.0451
15.1640;0.1515
15.1650;0.0387
15.1660;-0.0935
15.1670;-0.1676
15.1680;-0.0258
15.1690;0.0451
15.1700;0.0612
15.1710;0.0451
15.1720;0.0935
15.1730;0.0902
15.1740;0.0741
15.1750;0.0354
15.1760;0.0258
15.1770;-0.0387
15.1780;0.0000
15.1790;0.0741
15.1800;0.0290
15.1810;-0.0709
15.1820;-0.0580
15.1830;0.0000
15.1840;-0.0032
15.1850;-0.1418
15.1860;-0.6220
15.1870;-0.5833
15.1880;0.1611
15.1890;0.6800
15.1900;0.5672
15.1910;0.5350
15.1920;0.2417
15.1930;-0.0999
15.1940;-0.1482
15.1950;-0.0741
15.1960;-0.0387
15.1970;-0.0612
15.1980;0.0290
15.1990;-0.0290
15.2000;-0.0387
15.2010;0.0483
15.2020;0.0032
15.2030;-0.0838
15.2040;-0.0806
15.2050;-0.2030
15.2060;-0.2062
15.2070;-0.1192
15.2080;0.0000
15.2090;0.0032
15.2100;-0.0902
15.2110;-0.1644
15.2120;-0.0419
15.2130;0.1644
15.2140;0.3674
15.2150;0.1611
15.2160;-0.0064
15.2170;-0.0902
15.2180;-0.0387
15.2190;-0.0129
15.2200;0.0612
15.2210;0.1418
15.2220;0.0548
15.2230;0.0258
15.2240;-0.0354
15.2250;-0.1418
15.2260;-0.0999
15.2270;-0.0451
15.2280;-0.0226
15.2290;-0.0129
15.2300;0.0064
15.2310;0.0354
15.2320;0.0258
15.2330;-0.0226
15.2340;0.0000
15.2350;0.0580
15.2360;0.0226
15.2370;0.0290
15.2380;0.0226
15.2390;0.0354
15.2400;0.0097
15.2410;-0.0451
15.2420;-0.0258
15.2430;-0.1418
15.2440;-0.3126
15.2450;-0.1192
15.2460;0.3126
15.2470;0.3867
15.2480;0.1708
15.2490;0.0193
15.2500;-0.1547
15.2510;-0.2062
15.2520;-0.1257
15.2530;-0.0387
15.2540;0.0097
15.2550;0.0322
15.2560;0.0258
15.2570;0.0483
15.2580;0.0612
15.2590;0.0354
15.2600;0.0193
15.2610;0.0161
15.2620;-0.0419
15.2630;-0.0935
15.2640;-0.0773
15.2650;-0.0580
15.2660;0.0000
15.2670;-0.1257
15.2680;-0.1063
15.2690;0.0677
15.2700;0.1934
15.2710;0.0741
15.2720;0.0645
15.2730;0.0516
15.2740;0.0161
15.2750;-0.0354
15.2760;-0.0322
15.2770;0.0226
15.2780;0.1354
15.2790;0.0161
15.2800;-0.1321
15.2810;-0.0709
15.2820;0.0032
15.2830;0.0000
15.2840;0.0354
15.2850;0.0064
15.2860;-0.0967
15.2870;0.0129
15.2880;0.1386
15.2890;0.0419
15.2900;-0.1192
15.2910;-0.0612
15.2920;-0.0226
15.2930;0.0097
15.2940;0.0580
15.2950;0.0419
15.2960;0.0419
15.2970;0.0290
15.2980;0.0129
15.2990;0.0258
15.3000;-0.0097
15.3010;-0.0226
15.3020;-0.1354
15.3030;-0.1837
15.3040;-0.1418
15.3050;-0.0064
15.3060;0.0645
15.3070;0.1482
15.3080;0.1418
15.3090;0.0516
15.3100;-0.0097
15.3110;-0.0226
15.3120;0.0000
15.3130;-0.0516
15.3140;-0.1450
15.3150;-0.1482
15.3160;-0.0999
15.3170;-0.0419
15.3180;0.0709
15.3190;0.0097
15.3200;-0.0097
15.3210;0.0129
15.3220;0.0709
15.3230;0.1740
15.3240;0.0967
15.3250;0.0677
15.3260;-0.0097
15.3270;0.0097
15.3280;0.1063
15.3290;0.0806
15.3300;-0.0129
15.3310;-0.0741
15.3320;-0.0806
15.3330;-0.0645
15.3340;-0.0838
15.3350;-0.0999
15.3360;-0.0161
15.3370;-0.0387
15.3380;0.0032
15.3390;0.0226
15.3400;-0.1031
15.3410;-0.0645
15.3420;0.1547
15.3430;0.2868
15.3440;0.1257
15.3450;-0.0322
15.3460;-0.1096
15.3470;-0.2095
15.3480;-0.2127
15.3490;-0.0387
15.3500;0.0290
15.3510;0.0193
15.3520;0.0354
15.3530;0.0677
15.3540;0.0967
15.3550;-0.0064
15.3560;-0.3738
15.3570;-0.2159
15.3580;0.2965
15.3590;0.3674
15.3600;-0.0226
15.3610;-0.2191
15.3620;-0.1289
15.3630;0.0193
15.3640;0.1031
15.3650;0.1257
15.3660;0.0741
15.3670;0.0193
15.3680;0.0354
15.3690;0.0516
15.3700;-0.0064
15.3710;0.0000
15.3720;0.0193
15.3730;0.0645
15.3740;0.0387
15.3750;0.0322
15.3760;0.0161
15.3770;-0.0161
15.3780;-0.0580
15.3790;-0.0741
15.3800;-0.0451
15.3810;-0.0290
15.3820;-0.0161
15.3830;0.0064
15.3840;0.0097
15.3850;0.0354
15.3860;0.0290
15.3870;-0.0258
15.3880;-0.0097
15.3890;0.0064
15.3900;-0.0129
15.3910;0.0516
15.3920;0.1192
15.3930;0.0967
15.3940;-0.0483
15.3950;-0.1031
15.3960;-0.1579
15.3970;-0.1547
15.3980;-0.1096
15.3990;-0.0129
15.4000;-0.0129
15.4010;0.0097
15.4020;-0.0193
15.4030;-0.0419
15.4040;0.0258
15.4050;0.0387
15.4060;0.0387
15.4070;0.0548
15.4080;0.0999
15.4090;0.0935
15.4100;0.0516
15.4110;0.0612
15.4120;-0.0129
15.4130;-0.0806
15.4140;-0.0451
15.4150;0.0193
15.4160;0.0612
15.4170;0.0226
15.4180;0.0000
15.4190;0.0000
15.4200;-0.0097
15.4210;-0.0677
15.4220;-0.0806
15.4230;-0.0032
15.4240;0.0129
15.4250;-0.0290
15.4260;-0.0161
15.4270;0.0097
15.4280;0.0097
15.4290;0.0097
15.4300;-0.0258
15.4310;0.0097
15.4320;0.0226
15.4330;0.0226
15.4340;0.0354
15.4350;0.0773
15.4360;0.1063
15.4370;0.0709
15.4380;-0.0097
15.4390;-0.0258
15.4400;0.0483
15.4410;0.0548
15.4420;-0.0032
15.4430;-0.1096
15.4440;-0.2224
15.4450;-0.1289
15.4460;-0.0773
15.4470;-0.0226
15.4480;-0.0806
15.4490;-0.1644
15.4500;-0.0387
15.4510;-0.0064
15.4520;0.0258
15.4530;0.0870
15.4540;0.1192
15.4550;0.1257
15.4560;0.0419
15.4570;0.0161
15.4580;0.0032
15.4590;-0.0032
15.4600;-0.0419
15.4610;-0.0129
15.4620;-0.0193
15.4630;0.0064
15.4640;0.0612
15.4650;0.0000
15.4660;-0.0097
15.4670;-0.0193
15.4680;0.0000
15.4690;0.0354
15.4700;0.0226
15.4710;-0.0612
15.4720;-0.0935
15.4730;0.0097
15.4740;0.0902
15.4750;0.0806
15.4760;0.0258
15.4770;-0.0354
15.4780;0.0097
15.4790;0.0967
15.4800;0.0354
15.4810;0.0387
15.4820;0.0451
15.4830;0.0645
15.4840;-0.0387
15.4850;-0.1547
15.4860;-0.1998
15.4870;-0.1386
15.4880;-0.0226
15.4890;-0.0419
15.4900;0.0677
15.4910;0.1805
15.4920;0.1740
15.4930;0.1611
15.4940;0.1225
15.4950;-0.0741
15.4960;-0.2578
15.4970;-0.3352
15.4980;-0.2224
15.4990;-0.0258
15.5000;0.0387
15.5010;0.0451
15.5020;0.0709
15.5030;0.0741
15.5040;0.0516
15.5050;0.1063
15.5060;0.1321
15.5070;0.0258
15.5080;-0.0516
15.5090;-0.0354
15.5100;0.0387
15.5110;0.0161
15.5120;0.0290
15.5130;-0.0129
15.5140;-0.1096
15.5150;-0.0483
15.5160;-0.0612
15.5170;-0.0516
15.5180;-0.0064
15.5190;-0.0161
15.5200;0.0483
15.5210;0.0419
15.5220;0.0258
15.5230;0.0290
15.5240;0.0290
15.5250;0.0032
15.5260;-0.0226
15.5270;-0.0322
15.5280;0.0258
15.5290;0.0870
15.5300;0.0226
15.5310;0.0290
15.5320;0.0838
15.5330;0.0580
15.5340;0.0677
15.5350;0.0258
15.5360;-0.0612
15.5370;-0.0709
15.5380;-0.0741
15.5390;-0.1096
15.5400;-0.1160
15.5410;-0.0741
15.5420;0.0064
15.5430;-0.0226
15.5440;-0.1096
15.5450;-0.0806
15.5460;0.0483
15.5470;0.1482
15.5480;0.1192
15.5490;0.0032
15.5500;-0.1289
15.5510;-0.0806
15.5520;0.0032
15.5530;0.1579
15.5540;0.2546
15.5550;0.1772
15.5560;0.0709
15.5570;-0.1192
15.5580;-0.3062
15.5590;-0.3094
15.5600;-0.1547
15.5610;-0.0129
15.5620;0.0387
15.5630;0.0935
15.5640;0.1644
15.5650;0.1837
15.5660;0.1998
15.5670;0.0773
15.5680;-0.1096
15.5690;-0.0709
15.5700;-0.0967
15.5710;-0.0902
15.5720;-0.0967
15.5730;-0.0773
15.5740;-0.0677
15.5750;-0.0548
15.5760;0.0226
15.5770;0.1482
15.5780;0.0838
15.5790;0.0097
15.5800;-0.0290
15.5810;0.0032
15.5820;0.0193
15.5830;0.0097
15.5840;0.0129
15.5850;0.0290
15.5860;0.0612
15.5870;0.0645
15.5880;0.0354
15.5890;0.0483
15.5900;0.0806
15.5910;0.0258
15.5920;-0.0483
15.5930;-0.1418
15.5940;-0.2127
15.5950;-0.1418
15.5960;-0.0967
15.5970;-0.0290
15.5980;0.0258
15.5990;0.0483
15.6000;0.0548
15.6010;0.0612
15.6020;0.1063
15.6030;0.1289
15.6040;0.0451
15.6050;-0.0709
15.6060;-0.1096
15.6070;-0.0161
15.6080;0.0226
15.6090;-0.0419
15.6100;0.0258
15.6110;0.0516
15.6120;0.0838
15.6130;0.0741
15.6140;-0.1096
15.6150;-0.1579
15.6160;-0.0645
15.6170;-0.0354
15.6180;0.0064
15.6190;0.0322
15.6200;0.0226
15.6210;-0.0161
15.6220;-0.0129
15.6230;0.0580
15.6240;0.1257
15.6250;0.0258
15.6260;-0.0064
15.6270;-0.0451
15.6280;-0.0806
15.6290;-0.0032
15.6300;0.0032
15.6310;-0.1515
15.6320;-0.1515
15.6330;-0.0097
15.6340;0.1063
15.6350;0.1547
15.6360;0.1257
15.6370;-0.0032
15.6380;-0.0806
15.6390;0.0580
15.6400;0.1644
15.6410;0.0419
15.6420;-0.0773
15.6430;-0.0709
15.6440;-0.0870
15.6450;-0.0838
15.6460;-0.0322
15.6470;-0.0258
15.6480;-0.0773
15.6490;-0.0838
15.6500;0.0000
15.6510;0.0451
15.6520;0.0354
15.6530;0.0387
15.6540;0.0999
15.6550;0.0999
15.6560;0.0161
15.6570;-0.0129
15.6580;-0.0290
15.6590;0.0032
15.6600;0.0580
15.6610;0.0580
15.6620;0.0451
15.6630;-0.0226
15.6640;-0.0999
15.6650;-0.0548
15.6660;0.0161
15.6670;0.0097
15.6680;0.0064
15.6690;0.0516
15.6700;-0.0129
15.6710;-0.0258
15.6720;0.0193
15.6730;0.0258
15.6740;-0.0645
15.6750;-0.0548
15.6760;0.1418
15.6770;0.1192
15.6780;0.0999
15.6790;0.0419
15.6800;-0.1096
15.6810;-0.2030
15.6820;-0.1676
15.6830;-0.1450
15.6840;-0.1192
15.6850;-0.0193
15.6860;0.0548
15.6870;0.1031
15.6880;0.1096
15.6890;0.0709
15.6900;-0.0226
15.6910;-0.0483
15.6920;-0.0322
15.6930;-0.0032
15.6940;0.0290
15.6950;0.0483
15.6960;0.0645
15.6970;0.0806
15.6980;0.0354
15.6990;-0.0935
15.7000;-0.0451
15.7010;0.0226
15.7020;0.0580
15.7030;0.1063
15.7040;0.0709
15.7050;0.0741
15.7060;0.1063
15.7070;-0.0129
15.7080;-0.1772
15.7090;-0.1482
15.7100;-0.0773
15.7110;0.0354
15.7120;0.0935
15.7130;-0.0645
15.7140;-0.1837
15.7150;-0.1708
15.7160;-0.0741
15.7170;0.0226
15.7180;0.0483
15.7190;0.0548
15.7200;0.0741
15.7210;0.1772
15.7220;0.1740
15.7230;0.0870
15.7240;0.0258
15.7250;0.0000
15.7260;0.0064
15.7270;-0.1450
15.7280;-0.1257
15.7290;-0.0483
15.7300;-0.0935
15.7310;-0.0193
15.7320;0.0709
15.7330;0.1354
15.7340;0.1289
15.7350;0.0580
15.7360;0.0129
15.7370;-0.0258
15.7380;-0.0419
15.7390;-0.1031
15.7400;-0.1063
15.7410;-0.0612
15.7420;-0.0290
15.7430;0.0032
15.7440;0.0645
15.7450;0.0483
15.7460;-0.1128
15.7470;-0.0806
15.7480;0.0483
15.7490;0.0967
15.7500;0.0773
15.7510;0.1192
15.7520;0.1708
15.7530;0.1805
15.7540;-0.0967
15.7550;-0.2546
15.7560;-0.0290
15.7570;-0.0129
15.7580;-0.0806
15.7590;-0.1708
15.7600;-0.1354
15.7610;0.0226
15.7620;0.1354
15.7630;0.1225
15.7640;0.0226
15.7650;-0.0419
15.7660;-0.0258
15.7670;-0.0161
15.7680;-0.0032
15.7690;0.0483
15.7700;0.0290
15.7710;-0.0097
15.7720;0.0064
15.7730;-0.0258
15.7740;-0.0129
15.7750;0.0161
15.7760;0.0193
15.7770;0.0387
15.7780;0.0258
15.7790;-0.0032
15.7800;0.0354
15.7810;0.1031
15.7820;0.1998
15.7830;0.2449
15.7840;0.0773
15.7850;-0.1611
15.7860;-0.3255
15.7870;-0.2578
15.7880;-0.0419
15.7890;-0.0032
15.7900;0.0161
15.7910;-0.0387
15.7920;-0.1063
15.7930;-0.0226
15.7940;0.0612
15.7950;0.0806
15.7960;-0.0064
15.7970;-0.0354
15.7980;0.0806
15.7990;0.1160
15.8000;0.0193
15.8010;-0.0935
15.8020;-0.0677
15.8030;-0.0451
15.8040;-0.0032
15.8050;0.0419
15.8060;0.0999
15.8070;0.1257
15.8080;0.2256
15.8090;0.1579
15.8100;0.1515
15.8110;0.1354
15.8120;-0.4544
15.8130;-0.6252
15.8140;-0.2191
15.8150;-0.0580
15.8160;0.0129
15.8170;0.0548
15.8180;0.0806
15.8190;0.0806
15.8200;0.0806
15.8210;0.0516
15.8220;0.0548
15.8230;0.0902
15.8240;0.0290
15.8250;0.0322
15.8260;0.0483
15.8270;0.0516
15.8280;0.0902
15.8290;0.0741
15.8300;-0.0129
15.8310;-0.0935
15.8320;-0.1063
15.8330;-0.0935
15.8340;-0.0612
15.8350;-0.0580
15.8360;0.0387
15.8370;0.0999
15.8380;0.0580
15.8390;-0.0516
15.8400;-0.0709
15.8410;0.0032
15.8420;0.0354
15.8430;0.0226
15.8440;0.0161
15.8450;-0.0129
15.8460;0.0354
15.8470;-0.0193
15.8480;0.0129
15.8490;0.0999
15.8500;0.0677
15.8510;0.0548
15.8520;0.2449
15.8530;0.0806
15.8540;-0.2127
15.8550;-0.2514
15.8560;-0.2353
15.8570;-0.2224
15.8580;-0.0902
15.8590;0.0097
15.8600;0.0419
15.8610;0.0419
15.8620;0.0387
15.8630;0.1160
15.8640;0.1225
15.8650;0.0322
15.8660;-0.0322
15.8670;-0.0451
15.8680;-0.0064
15.8690;0.0290
15.8700;0.0290
15.8710;0.0258
15.8720;0.0387
15.8730;0.0902
15.8740;0.0935
15.8750;0.0193
15.8760;0.0129
15.8770;0.0870
15.8780;-0.0612
15.8790;-0.0999
15.8800;-0.0870
15.8810;-0.0580
15.8820;-0.0741
15.8830;-0.0354
15.8840;0.0483
15.8850;0.0999
15.8860;0.0773
15.8870;-0.0032
15.8880;-0.1031
15.8890;-0.0902
15.8900;-0.0838
15.8910;-0.0193
15.8920;0.0741
15.8930;0.0645
15.8940;0.0548
15.8950;0.0387
15.8960;0.1837
15.8970;0.1901
15.8980;-0.1515
15.8990;-0.2900
15.9000;-0.1611
15.9010;-0.0548
15.9020;0.0483
15.9030;0.0451
15.9040;0.0387
15.9050;0.0290
15.9060;0.0645
15.9070;0.0548
15.9080;-0.0129
15.9090;-0.1547
15.9100;-0.1579
15.9110;-0.0387
15.9120;0.0677
15.9130;0.1160
15.9140;0.0870
15.9150;0.0258
15.9160;0.0226
15.9170;0.0161
15.9180;0.0161
15.9190;-0.0451
15.9200;-0.0516
15.9210;-0.0161
15.9220;-0.0580
15.9230;-0.0516
15.9240;0.0290
15.9250;0.1740
15.9260;0.2191
15.9270;0.1934
15.9280;0.3190
15.9290;0.0483
15.9300;-0.2449
15.9310;-0.3480
15.9320;-0.3255
15.9330;-0.3029
15.9340;-0.1966
15.9350;-0.0290
15.9360;0.1225
15.9370;0.1128
15.9380;0.0580
15.9390;0.1547
15.9400;0.2353
15.9410;0.1321
15.9420;0.0322
15.9430;-0.0806
15.9440;-0.1482
15.9450;-0.1418
15.9460;-0.0516
15.9470;0.0000
15.9480;0.0129
15.9490;0.0967
15.9500;0.1257
15.9510;0.1225
15.9520;0.1257
15.9530;0.0193
15.9540;-0.1354
15.9550;-0.1289
15.9560;-0.1450
15.9570;-0.0548
15.9580;0.0258
15.9590;0.0322
15.9600;0.0419
15.9610;0.1031
15.9620;-0.0064
15.9630;-0.0612
15.9640;-0.0548
15.9650;0.0548
15.9660;0.1225
15.9670;0.0645
15.9680;-0.0322
15.9690;-0.0129
15.9700;0.1386
15.9710;-0.0548
15.9720;-0.1063
15.9730;0.0451
15.9740;0.1192
15.9750;0.0000
15.9760;-0.0741
15.9770;-0.1128
15.9780;-0.1386
15.9790;-0.1386
15.9800;-0.0258
15.9810;0.1998
15.9820;0.2546
15.9830;0.1257
15.9840;-0.1031
15.9850;-0.3577
15.9860;-0.1869
15.9870;-0.0226
15.9880;0.0000
15.9890;0.0226
15.9900;0.0064
15.9910;-0.0129
15.9920;0.0548
15.9930;0.1644
15.9940;0.1901
15.9950;0.0226
15.9960;-0.0999
15.9970;-0.0516
15.9980;-0.0354
15.9990;-0.0773
16.0000;0.0129
16.0010;0.0290
16.0020;0.0226
16.0030;0.1547
16.0040;0.1966
16.0050;0.0483
16.0060;-0.1579
16.0070;-0.1225
16.0080;0.0129
16.0090;-0.0709
16.0100;-0.1063
16.0110;-0.0322
16.0120;0.0258
16.0130;0.0677
16.0140;0.0967
16.0150;0.0451
16.0160;-0.0290
16.0170;0.0999
16.0180;0.1386
16.0190;-0.0129
16.0200;-0.1676
16.0210;0.0097
16.0220;0.1063
16.0230;0.1547
16.0240;0.0902
16.0250;-0.1450
16.0260;-0.3448
16.0270;-0.3223
16.0280;-0.1321
16.0290;0.0516
16.0300;0.1321
16.0310;0.0000
16.0320;-0.1257
16.0330;-0.0580
16.0340;0.0902
16.0350;0.1225
16.0360;0.0773
16.0370;0.0902
16.0380;0.1063
16.0390;0.0258
16.0400;-0.0354
16.0410;-0.0129
16.0420;0.0000
16.0430;0.0677
16.0440;0.0709
16.0450;0.0709
16.0460;0.0612
16.0470;0.0451
16.0480;0.0387
16.0490;-0.0645
16.0500;0.0097
16.0510;0.0354
16.0520;-0.0999
16.0530;-0.1644
16.0540;-0.0419
16.0550;-0.0193
16.0560;-0.1321
16.0570;-0.1321
16.0580;-0.0548
16.0590;-0.0161
16.0600;0.0322
16.0610;0.0870
16.0620;0.0677
16.0630;0.0000
16.0640;0.0870
16.0650;0.1676
16.0660;0.2127
16.0670;0.0258
16.0680;-0.1676
16.0690;-0.1160
16.0700;-0.0677
16.0710;0.0161
16.0720;0.0935
16.0730;-0.0387
16.0740;-0.0032
16.0750;-0.0645
16.0760;-0.0226
16.0770;0.0677
16.0780;0.0226
16.0790;-0.0935
16.0800;-0.0967
16.0810;-0.1321
16.0820;-0.0773
16.0830;0.0258
16.0840;0.0773
16.0850;0.1225
16.0860;0.0902
16.0870;0.0741
16.0880;0.1579
16.0890;-0.0193
16.0900;-0.1805
16.0910;-0.1225
16.0920;0.1096
16.0930;0.1321
16.0940;0.0677
16.0950;-0.0419
16.0960;-0.1386
16.0970;-0.1289
16.0980;-0.1354
16.0990;0.0806
16.1000;0.2256
16.1010;0.1225
16.1020;-0.0258
16.1030;-0.1128
16.1040;-0.0935
16.1050;-0.0612
16.1060;0.1225
16.1070;0.0645
16.1080;0.0935
16.1090;0.1515
16.1100;-0.0193
16.1110;-0.1934
16.1120;-0.1579
16.1130;-0.2417
16.1140;-0.1128
16.1150;0.1547
16.1160;0.1096
16.1170;0.0258
16.1180;-0.0645
16.1190;-0.0548
16.1200;0.0000
16.1210;0.0677
16.1220;0.1676
16.1230;0.0902
16.1240;-0.0387
16.1250;-0.0580
16.1260;-0.0741
16.1270;-0.0838
16.1280;-0.0193
16.1290;0.0226
16.1300;0.0419
16.1310;0.0645
16.1320;0.0999
16.1330;0.0773
16.1340;-0.0032
16.1350;-0.0161
16.1360;-0.1192
16.1370;0.0032
16.1380;0.0258
16.1390;-0.1354
16.1400;-0.0129
16.1410;0.1031
16.1420;-0.0129
16.1430;0.0032
16.1440;-0.0806
16.1450;-0.0902
16.1460;-0.0161
16.1470;0.0161
16.1480;0.0999
16.1490;0.1225
16.1500;0.0548
16.1510;-0.0387
16.1520;-0.1063
16.1530;-0.0677
16.1540;0.0806
16.1550;-0.0322
16.1560;0.0129
16.1570;0.1321
16.1580;0.2353
16.1590;0.1869
16.1600;-0.0419
16.1610;-0.0967
16.1620;-0.1708
16.1630;-0.1611
16.1640;-0.1128
16.1650;-0.2030
16.1660;-0.1644
16.1670;-0.0741
16.1680;0.0226
16.1690;0.0741
16.1700;0.1160
16.1710;0.0741
16.1720;0.0226
16.1730;-0.0516
16.1740;0.0612
16.1750;0.2707
16.1760;0.2353
16.1770;-0.0064
16.1780;-0.0935
16.1790;-0.0999
16.1800;-0.1128
16.1810;-0.1611
16.1820;0.0258
16.1830;0.1096
16.1840;0.1096
16.1850;0.0580
16.1860;0.1515
16.1870;-0.0419
16.1880;-0.3352
16.1890;-0.1676
16.1900;-0.0226
16.1910;0.0645
16.1920;0.1031
16.1930;0.0902
16.1940;0.0870
16.1950;0.0741
16.1960;0.0451
16.1970;-0.0064
16.1980;-0.0967
16.1990;-0.1321
16.2000;-0.0645
16.2010;-0.0645
16.2020;-0.0870
16.2030;0.0483
16.2040;0.0741
16.2050;0.0709
16.2060;0.0226
16.2070;0.0097
16.2080;0.0999
16.2090;0.0806
16.2100;0.0967
16.2110;0.0097
16.2120;-0.0773
16.2130;-0.1418
16.2140;-0.0645
16.2150;-0.1289
16.2160;-0.1257
16.2170;-0.0290
16.2180;0.0387
16.2190;0.0773
16.2200;0.0097
16.2210;0.0193
16.2220;0.0387
16.2230;0.0677
16.2240;0.0709
16.2250;0.0451
16.2260;-0.0193
16.2270;-0.0806
16.2280;-0.0258
16.2290;0.0161
16.2300;-0.0064
16.2310;-0.0161
16.2320;0.0032
16.2330;0.0129
16.2340;0.0741
16.2350;0.1128
16.2360;0.0967
16.2370;0.0032
16.2380;-0.1225
16.2390;-0.1418
16.2400;-0.0354
16.2410;0.0000
16.2420;-0.0483
16.2430;-0.0161
16.2440;0.0419
16.2450;0.0967
16.2460;0.0999
16.2470;0.0999
16.2480;0.2481
16.2490;-0.0451
16.2500;-0.3384
16.2510;-0.2224
16.2520;-0.1998
16.2530;0.0612
16.2540;0.1644
16.2550;-0.0580
16.2560;0.0193
16.2570;-0.0516
16.2580;-0.0902
16.2590;0.0226
16.2600;0.0773
16.2610;0.0645
16.2620;0.0709
16.2630;0.0451
16.2640;-0.0129
16.2650;-0.0387
16.2660;-0.0258
16.2670;-0.0129
16.2680;0.1418
16.2690;0.1837
16.2700;-0.0354
16.2710;-0.0387
16.2720;-0.1805
16.2730;-0.1515
16.2740;-0.0322
16.2750;-0.0709
16.2760;-0.0451
16.2770;-0.0064
16.2780;0.0419
16.2790;0.1257
16.2800;0.1611
16.2810;0.0935
16.2820;0.0870
16.2830;0.0258
16.2840;-0.2739
16.2850;-0.2353
16.2860;-0.1096
16.2870;0.0000
16.2880;0.0516
16.2890;0.0773
16.2900;0.1772
16.2910;0.0902
16.2920;-0.0451
16.2930;0.0226
16.2940;0.0419
16.2950;-0.0290
16.2960;-0.0064
16.2970;-0.0322
16.2980;-0.0290
16.2990;0.0580
16.3000;0.1547
16.3010;0.0806
16.3020;-0.0354
16.3030;0.0000
16.3040;0.0097
16.3050;-0.0902
16.3060;-0.1547
16.3070;-0.1160
16.3080;-0.0161
16.3090;0.0773
16.3100;0.0870
16.3110;-0.0387
16.3120;-0.0451
16.3130;0.0548
16.3140;0.2320
16.3150;0.1837
16.3160;-0.0419
16.3170;-0.1418
16.3180;-0.1257
16.3190;-0.2191
16.3200;-0.2353
16.3210;-0.1450
16.3220;-0.0193
16.3230;0.0645
16.3240;0.0741
16.3250;0.0677
16.3260;0.0709
16.3270;0.0548
16.3280;0.0516
16.3290;0.0354
16.3300;0.0322
16.3310;0.0290
16.3320;0.0193
16.3330;0.0290
16.3340;0.0387
16.3350;0.0161
16.3360;0.0032
16.3370;0.0709
16.3380;-0.0612
16.3390;-0.0322
16.3400;0.0097
16.3410;0.1128
16.3420;0.0483
16.3430;-0.1547
16.3440;-0.1096
16.3450;-0.0290
16.3460;-0.0032
16.3470;0.0419
16.3480;0.0483
16.3490;-0.0483
16.3500;-0.0483
16.3510;0.0000
16.3520;-0.0032
16.3530;-0.0516
16.3540;-0.0419
16.3550;0.0322
16.3560;0.0548
16.3570;-0.0387
16.3580;-0.0129
16.3590;0.1128
16.3600;0.0967
16.3610;0.0387
16.3620;0.1128
16.3630;0.1192
16.3640;0.0129
16.3650;-0.0870
16.3660;-0.1998
16.3670;-0.0612
16.3680;0.1160
16.3690;0.0226
16.3700;-0.1837
16.3710;-0.2127
16.3720;-0.1192
16.3730;0.0161
16.3740;0.1031
16.3750;0.1257
16.3760;0.0773
16.3770;-0.1160
16.3780;-0.1386
16.3790;0.0226
16.3800;0.1354
16.3810;0.0258
16.3820;0.0838
16.3830;-0.0387
16.3840;-0.0354
16.3850;0.1321
16.3860;-0.0483
16.3870;-0.1031
16.3880;-0.0032
16.3890;0.0451
16.3900;0.0709
16.3910;-0.0516
16.3920;-0.0612
16.3930;-0.0064
16.3940;0.0322
16.3950;0.0548
16.3960;0.0709
16.3970;0.0226
16.3980;0.0032
16.3990;0.0645
16.4000;0.1708
16.4010;0.0516
16.4020;-0.0838
16.4030;-0.0902
16.4040;-0.0709
16.4050;-0.0290
16.4060;-0.0193
16.4070;0.1644
16.4080;0.3352
16.4090;-0.2191
16.4100;-0.4447
16.4110;-0.3190
16.4120;-0.2030
16.4130;-0.0483
16.4140;0.0870
16.4150;0.1031
16.4160;0.1063
16.4170;0.0773
16.4180;0.0516
16.4190;0.0032
16.4200;-0.0129
16.4210;0.0322
16.4220;0.0773
16.4230;0.1063
16.4240;0.1257
16.4250;-0.0064
16.4260;-0.0129
16.4270;0.0741
16.4280;-0.0902
16.4290;-0.1611
16.4300;-0.0322
16.4310;0.1289
16.4320;-0.0064
16.4330;-0.0290
16.4340;-0.0806
16.4350;-0.0258
16.4360;0.0322
16.4370;0.0258
16.4380;0.0290
16.4390;0.0290
16.4400;0.0483
16.4410;0.0290
16.4420;-0.0129
16.4430;0.0129
16.4440;0.0870
16.4450;0.1418
16.4460;0.2159
16.4470;0.0967
16.4480;-0.0677
16.4490;-0.0032
16.4500;-0.1450
16.4510;-0.4995
16.4520;-0.4415
16.4530;-0.1869
16.4540;0.0354
16.4550;0.0709
16.4560;0.0451
16.4570;0.0516
16.4580;0.0838
16.4590;0.0902
16.4600;0.0999
16.4610;0.0999
16.4620;0.0419
16.4630;-0.0097
16.4640;0.0193
16.4650;0.0290
16.4660;0.0322
16.4670;0.0290
16.4680;0.0290
16.4690;-0.0032
16.4700;0.0226
16.4710;0.0290
16.4720;-0.0097
16.4730;-0.0258
16.4740;0.0741
16.4750;0.1644
16.4760;-0.0806
16.4770;-0.1740
16.4780;-0.0935
16.4790;0.0129
16.4800;0.1386
16.4810;0.3094
16.4820;0.0773
16.4830;-0.1676
16.4840;-0.2256
16.4850;-0.2353
16.4860;-0.1386
16.4870;0.0226
16.4880;0.1998
16.4890;0.2159
16.4900;0.0161
16.4910;-0.2062
16.4920;-0.2610
16.4930;-0.1386
16.4940;0.0451
16.4950;0.0773
16.4960;0.0419
16.4970;0.0741
16.4980;0.0129
16.4990;-0.0548
16.5000;0.0064
16.5010;0.0032
16.5020;0.0129
16.5030;0.1547
16.5040;0.1708
16.5050;0.0322
16.5060;0.0612
16.5070;0.0838
16.5080;-0.0064
16.5090;-0.1934
16.5100;-0.1450
16.5110;0.0580
16.5120;0.0548
16.5130;-0.0322
16.5140;-0.1289
16.5150;-0.1611
16.5160;-0.0612
16.5170;-0.0032
16.5180;0.0354
16.5190;0.0419
16.5200;0.0258
16.5210;0.0193
16.5220;0.0322
16.5230;0.0516
16.5240;0.1128
16.5250;0.1772
16.5260;0.1354
16.5270;0.2868
16.5280;0.0387
16.5290;-0.3545
16.5300;-0.2675
16.5310;-0.1321
16.5320;-0.1547
16.5330;-0.0935
16.5340;0.0258
16.5350;0.0516
16.5360;0.0258
16.5370;-0.0193
16.5380;-0.0161
16.5390;0.0226
16.5400;0.0451
16.5410;0.0645
16.5420;0.0580
16.5430;0.0322
16.5440;0.0097
16.5450;-0.0161
16.5460;-0.0032
16.5470;0.0161
16.5480;0.0741
16.5490;0.1063
16.5500;0.0999
16.5510;0.0258
16.5520;-0.1321
16.5530;-0.0999
16.5540;0.0451
16.5550;0.1740
16.5560;-0.0548
16.5570;-0.1966
16.5580;-0.1934
16.5590;0.0000
16.5600;0.1354
16.5610;0.0387
16.5620;-0.0193
16.5630;-0.1192
16.5640;-0.1031
16.5650;0.0806
16.5660;0.2030
16.5670;0.1096
16.5680;-0.0226
16.5690;-0.1386
16.5700;-0.1257
16.5710;-0.0193
16.5720;-0.1192
16.5730;-0.0258
16.5740;0.0902
16.5750;0.0677
16.5760;-0.1160
16.5770;-0.0226
16.5780;0.0580
16.5790;0.0354
16.5800;0.0193
16.5810;-0.0193
16.5820;-0.0161
16.5830;0.0516
16.5840;0.0806
16.5850;0.0806
16.5860;0.0226
16.5870;-0.0483
16.5880;-0.0419
16.5890;-0.0032
16.5900;0.0000
16.5910;0.0354
16.5920;0.0741
16.5930;0.0999
16.5940;0.0000
16.5950;0.0000
16.5960;0.1257
16.5970;-0.1515
16.5980;-0.1644
16.5990;-0.1031
16.6000;-0.0806
16.6010;-0.0612
16.6020;-0.0354
16.6030;0.0290
16.6040;0.1321
16.6050;0.1128
16.6060;0.0838
16.6070;-0.0354
16.6080;0.0097
16.6090;-0.1450
16.6100;-0.1579
16.6110;-0.0354
16.6120;0.0258
16.6130;0.0483
16.6140;0.1096
16.6150;0.1257
16.6160;0.0741
16.6170;-0.0161
16.6180;-0.0806
16.6190;-0.0258
16.6200;-0.0322
16.6210;0.0902
16.6220;0.1257
16.6230;0.0773
16.6240;-0.0097
16.6250;-0.2159
16.6260;-0.1611
16.6270;-0.1031
16.6280;0.0193
16.6290;0.1611
16.6300;-0.0838
16.6310;-0.1321
16.6320;-0.0548
16.6330;0.0322
16.6340;0.0999
16.6350;0.0387
16.6360;0.0129
16.6370;0.1418
16.6380;0.2385
16.6390;0.0387
16.6400;-0.0516
16.6410;-0.1192
16.6420;-0.0548
16.6430;-0.0773
16.6440;-0.0902
16.6450;-0.0580
16.6460;-0.0129
16.6470;-0.0451
16.6480;-0.0161
16.6490;0.0354
16.6500;0.0645
16.6510;0.1934
16.6520;0.2353
16.6530;0.0902
16.6540;-0.0773
16.6550;-0.1579
16.6560;-0.0258
16.6570;-0.0290
16.6580;-0.1289
16.6590;-0.1611
16.6600;-0.1031
16.6610;-0.0097
16.6620;0.0806
16.6630;0.0935
16.6640;0.0354
16.6650;0.0226
16.6660;0.0419
16.6670;0.0258
16.6680;0.0161
16.6690;-0.1225
16.6700;-0.0838
16.6710;0.0032
16.6720;0.0516
16.6730;0.0483
16.6740;0.0548
16.6750;0.0709
16.6760;0.0999
16.6770;0.0645
16.6780;0.0064
16.6790;0.0258
16.6800;0.0548
16.6810;-0.1225
16.6820;-0.0612
16.6830;-0.0645
16.6840;-0.1676
16.6850;-0.1289
16.6860;0.0483
16.6870;0.1160
16.6880;-0.0645
16.6890;-0.0129
16.6900;0.0451
16.6910;0.0516
16.6920;-0.0258
16.6930;-0.0290
16.6940;0.0193
16.6950;0.0967
16.6960;0.0677
16.6970;-0.0290
16.6980;-0.0967
16.6990;-0.0419
16.7000;0.0677
16.7010;0.0354
16.7020;0.0226
16.7030;0.0709
16.7040;0.0645
16.7050;0.0032
16.7060;-0.1998
16.7070;-0.1418
16.7080;-0.0097
16.7090;0.0516
16.7100;0.1063
16.7110;0.1160
16.7120;0.1515
16.7130;0.0999
16.7140;-0.1418
16.7150;-0.2707
16.7160;-0.0902
16.7170;0.0097
16.7180;0.0129
16.7190;0.0226
16.7200;-0.0612
16.7210;-0.0419
16.7220;0.0258
16.7230;0.0226
16.7240;0.0032
16.7250;0.0032
16.7260;0.1837
16.7270;0.1515
16.7280;0.0387
16.7290;0.1225
16.7300;0.0290
16.7310;-0.1450
16.7320;-0.1805
16.7330;-0.1611
16.7340;-0.1354
16.7350;-0.0806
16.7360;-0.0193
16.7370;0.0354
16.7380;0.0870
16.7390;0.0645
16.7400;0.0226
16.7410;0.0387
16.7420;0.0999
16.7430;-0.0419
16.7440;-0.0290
16.7450;-0.0193
16.7460;0.0032
16.7470;0.0451
16.7480;0.0483
16.7490;-0.0097
16.7500;-0.0258
16.7510;-0.0129
16.7520;0.0064
16.7530;0.0226
16.7540;0.0258
16.7550;0.0097
16.7560;-0.0161
16.7570;0.0000
16.7580;-0.0064
16.7590;0.0193
16.7600;0.1515
16.7610;0.1837
16.7620;0.1257
16.7630;0.0322
16.7640;-0.2481
16.7650;-0.3029
16.7660;-0.1515
16.7670;-0.0709
16.7680;0.0000
16.7690;0.0290
16.7700;0.0387
16.7710;0.1096
16.7720;0.1321
16.7730;-0.0419
16.7740;-0.0999
16.7750;-0.0548
16.7760;-0.0967
16.7770;-0.0580
16.7780;0.0387
16.7790;0.0902
16.7800;0.0548
16.7810;-0.0032
16.7820;0.0193
16.7830;0.0000
16.7840;-0.0387
16.7850;0.0032
16.7860;0.0419
16.7870;-0.0419
16.7880;-0.0129
16.7890;0.0193
16.7900;0.1482
16.7910;0.2062
16.7920;-0.0516
16.7930;-0.1257
16.7940;-0.1644
16.7950;-0.0612
16.7960;0.1772
16.7970;0.3029
16.7980;0.1128
16.7990;-0.0870
16.8000;-0.2481
16.8010;-0.1708
16.8020;-0.1160
16.8030;-0.0870
16.8040;0.0226
16.8050;0.1063
16.8060;0.0709
16.8070;-0.0129
16.8080;-0.0645
16.8090;-0.0161
16.8100;-0.0290
16.8110;-0.0451
16.8120;-0.0129
16.8130;0.0483
16.8140;0.0773
16.8150;0.1192
16.8160;-0.0032
16.8170;-0.0161
16.8180;0.0451
16.8190;-0.0290
16.8200;-0.1031
16.8210;-0.0387
16.8220;0.0032
16.8230;0.0161
16.8240;0.0290
16.8250;0.0516
16.8260;0.0258
16.8270;0.0354
16.8280;0.0290
16.8290;0.0483
16.8300;0.0032
16.8310;-0.0064
16.8320;0.0322
16.8330;0.0451
16.8340;0.0612
16.8350;0.0773
16.8360;0.1096
16.8370;-0.0258
16.8380;-0.1869
16.8390;-0.2965
16.8400;-0.2127
16.8410;-0.0258
16.8420;0.0967
16.8430;-0.1805
16.8440;-0.0516
16.8450;0.1805
16.8460;0.1096
16.8470;-0.0032
16.8480;-0.0548
16.8490;-0.0032
16.8500;0.0258
16.8510;0.0322
16.8520;0.0129
16.8530;0.0548
16.8540;0.0677
16.8550;-0.0419
16.8560;-0.0161
16.8570;0.1031
16.8580;0.1321
16.8590;0.0870
16.8600;0.0097
16.8610;-0.1225
16.8620;-0.1289
16.8630;-0.0451
16.8640;0.0387
16.8650;0.0387
16.8660;-0.0290
16.8670;-0.1837
16.8680;-0.0838
16.8690;-0.0064
16.8700;0.0258
16.8710;0.0419
16.8720;0.0516
16.8730;0.0580
16.8740;0.1160
16.8750;0.1257
16.8760;0.0129
16.8770;-0.1321
16.8780;-0.1418
16.8790;-0.0354
16.8800;0.0129
16.8810;0.0193
16.8820;0.0129
16.8830;0.0064
16.8840;0.0322
16.8850;0.0516
16.8860;0.0354
16.8870;0.0354
16.8880;0.1547
16.8890;0.2062
16.8900;-0.1805
16.8910;-0.2191
16.8920;-0.0161
16.8930;0.1901
16.8940;0.0516
16.8950;-0.3158
16.8960;-0.2997
16.8970;-0.1063
16.8980;-0.0097
16.8990;0.0387
16.9000;0.0483
16.9010;0.0516
16.9020;0.0322
16.9030;0.0354
16.9040;0.0935
16.9050;0.1515
16.9060;0.1128
16.9070;0.0032
16.9080;-0.0516
16.9090;0.0000
16.9100;0.0161
16.9110;0.0354
16.9120;-0.0290
16.9130;-0.0548
16.9140;-0.0709
16.9150;-0.0548
16.9160;-0.0097
16.9170;0.0838
16.9180;0.0548
16.9190;-0.0516
16.9200;-0.0483
16.9210;-0.0677
16.9220;-0.0935
16.9230;0.0000
16.9240;0.0645
16.9250;0.0548
16.9260;0.0516
16.9270;0.1450
16.9280;0.3480
16.9290;0.1289
16.9300;-0.3771
16.9310;-0.3287
16.9320;-0.1160
16.9330;-0.0064
16.9340;0.0129
16.9350;-0.0612
16.9360;-0.0548
16.9370;0.0193
16.9380;0.0483
16.9390;0.0580
16.9400;0.0773
16.9410;0.0677
16.9420;0.0290
16.9430;-0.0032
16.9440;-0.0387
16.9450;-0.0419
16.9460;0.0032
16.9470;0.0258
16.9480;0.0129
16.9490;0.0193
16.9500;0.0612
16.9510;0.0483
16.9520;0.0451
16.9530;-0.0258
16.9540;-0.0258
16.9550;-0.0387
16.9560;-0.0419
16.9570;-0.0129
16.9580;-0.0032
16.9590;-0.0226
16.9600;0.0419
16.9610;0.1031
16.9620;0.0709
16.9630;0.0612
16.9640;-0.0580
16.9650;-0.1192
16.9660;-0.0612
16.9670;-0.0032
16.9680;-0.0161
16.9690;-0.0645
16.9700;-0.0483
16.9710;0.0612
16.9720;0.1031
16.9730;0.0032
16.9740;-0.0548
16.9750;-0.0709
16.9760;-0.0258
16.9770;0.0129
16.9780;0.0129
16.9790;-0.0097
16.9800;-0.0161
16.9810;-0.0193
16.9820;-0.0064
16.9830;0.0193
16.9840;0.0612
16.9850;0.0483
16.9860;0.0677
16.9870;-0.0580
16.9880;-0.0516
16.9890;0.0354
16.9900;0.0806
16.9910;0.0677
16.9920;0.0193
16.9930;0.0000
16.9940;0.0290
16.9950;0.0902
16.9960;0.0999
16.9970;-0.1289
16.9980;-0.1708
16.9990;-0.0935
17.0000;-0.0612
17.0010;-0.0902
17.0020;-0.0967
17.0030;-0.0483
17.0040;0.0580
17.0050;0.1708
17.0060;-0.0773
17.0070;-0.1611
17.0080;0.0097
17.0090;0.1547
17.0100;0.0741
17.0110;0.0354
17.0120;0.0290
17.0130;0.0226
17.0140;0.0161
17.0150;0.0097
17.0160;0.0032
17.0170;0.0226
17.0180;0.0902
17.0190;0.2771
17.0200;0.3384
17.0210;0.2288
17.0220;-0.0612
17.0230;-0.4254
17.0240;-0.4512
17.0250;-0.2739
17.0260;-0.1289
17.0270;-0.0838
17.0280;-0.0902
17.0290;-0.0161
17.0300;0.0387
17.0310;0.0902
17.0320;0.1257
17.0330;0.1160
17.0340;-0.0129
17.0350;-0.0097
17.0360;0.0258
17.0370;0.0354
17.0380;0.0451
17.0390;0.0483
17.0400;0.0741
17.0410;0.1515
17.0420;0.1547
17.0430;0.0967
17.0440;-0.0258
17.0450;-0.1579
17.0460;-0.2320
17.0470;-0.1289
17.0480;0.0064
17.0490;0.0387
17.0500;0.0129
17.0510;-0.0419
17.0520;0.0419
17.0530;0.0773
17.0540;-0.0516
17.0550;-0.0451
17.0560;-0.0387
17.0570;0.0000
17.0580;0.0290
17.0590;-0.0322
17.0600;-0.0064
17.0610;0.1418
17.0620;0.0677
17.0630;-0.1192
17.0640;-0.1031
17.0650;-0.0354
17.0660;0.0290
17.0670;0.0419
17.0680;0.0483
17.0690;0.0097
17.0700;-0.0193
17.0710;0.0032
17.0720;0.0097
17.0730;0.0258
17.0740;0.0451
17.0750;0.0322
17.0760;-0.0129
17.0770;-0.0354
17.0780;-0.0451
17.0790;-0.0258
17.0800;-0.0032
17.0810;0.0226
17.0820;0.0870
17.0830;0.1289
17.0840;0.0226
17.0850;-0.0773
17.0860;0.0290
17.0870;0.1644
17.0880;0.1482
17.0890;-0.0290
17.0900;-0.3609
17.0910;-0.2481
17.0920;-0.1450
17.0930;-0.0838
17.0940;-0.0161
17.0950;-0.0129
17.0960;0.0322
17.0970;0.0741
17.0980;0.0580
17.0990;0.0806
17.1000;0.1128
17.1010;0.1257
17.1020;0.0999
17.1030;0.0773
17.1040;0.0161
17.1050;-0.0838
17.1060;-0.1482
17.1070;-0.1644
17.1080;-0.0806
17.1090;-0.0161
17.1100;0.0580
17.1110;0.0902
17.1120;0.0612
17.1130;-0.0290
17.1140;-0.0483
17.1150;-0.0290
17.1160;0.0000
17.1170;0.0129
17.1180;0.0129
17.1190;0.0161
17.1200;0.0161
17.1210;0.0290
17.1220;0.0419
17.1230;0.0032
17.1240;-0.0129
17.1250;0.0000
17.1260;0.0548
17.1270;0.1354
17.1280;0.1160
17.1290;0.0999
17.1300;0.1611
17.1310;-0.0516
17.1320;-0.2900
17.1330;-0.2062
17.1340;-0.1386
17.1350;-0.2900
17.1360;-0.1321
17.1370;0.0548
17.1380;0.1096
17.1390;0.0677
17.1400;0.0773
17.1410;0.1611
17.1420;0.1515
17.1430;0.0387
17.1440;-0.0902
17.1450;-0.1740
17.1460;-0.1160
17.1470;-0.0580
17.1480;0.0032
17.1490;0.0322
17.1500;0.0290
17.1510;0.0097
17.1520;0.0387
17.1530;0.0612
17.1540;0.0516
17.1550;0.0354
17.1560;0.0129
17.1570;0.0773
17.1580;0.0709
17.1590;0.0290
17.1600;0.0645
17.1610;0.0773
17.1620;-0.0483
17.1630;-0.2095
17.1640;-0.1837
17.1650;-0.0870
17.1660;0.0161
17.1670;0.0902
17.1680;0.0999
17.1690;0.0354
17.1700;-0.0580
17.1710;-0.0064
17.1720;0.0677
17.1730;-0.0064
17.1740;-0.0548
17.1750;-0.0741
17.1760;-0.0677
17.1770;0.0226
17.1780;0.0161
17.1790;0.0193
17.1800;0.0354
17.1810;0.0032
17.1820;0.0064
17.1830;-0.0161
17.1840;-0.0322
17.1850;0.0032
17.1860;0.0290
17.1870;0.0000
17.1880;-0.0097
17.1890;0.0097
17.1900;0.0193
17.1910;0.0129
17.1920;0.0451
17.1930;0.0773
17.1940;0.0451
17.1950;-0.0064
17.1960;-0.0902
17.1970;-0.0806
17.1980;-0.0193
17.1990;-0.0032
17.2000;0.0064
17.2010;0.0064
17.2020;0.0064
17.2030;0.0129
17.2040;0.0097
17.2050;0.0064
17.2060;0.0032
17.2070;0.0032
17.2080;-0.0032
17.2090;0.0064
17.2100;0.0161
17.2110;0.0193
17.2120;-0.0064
17.2130;-0.0064
17.2140;0.0000
17.2150;0.0000
17.2160;-0.0193
17.2170;-0.0419
17.2180;-0.0226
17.2190;0.0000
17.2200;0.0322
17.2210;0.0709
17.2220;0.1225
17.2230;0.1418
17.2240;0.1031
17.2250;-0.0419
17.2260;-0.0129
17.2270;-0.2707
17.2280;-0.2900
17.2290;-0.0773
17.2300;0.0548
17.2310;0.0838
17.2320;0.0999
17.2330;0.0806
17.2340;0.0000
17.2350;-0.0967
17.2360;-0.1450
17.2370;-0.1579
17.2380;-0.0290
17.2390;0.0612
17.2400;0.1096
17.2410;0.0129
17.2420;-0.0097
17.2430;0.0935
17.2440;0.0387
17.2450;0.0000
17.2460;-0.0193
17.2470;-0.1160
17.2480;-0.0258
17.2490;0.0097
17.2500;0.0161
17.2510;0.0354
17.2520;0.0387
17.2530;0.0290
17.2540;0.0290
17.2550;0.0226
17.2560;0.0290
17.2570;0.0322
17.2580;0.0387
17.2590;0.0226
17.2600;0.0129
17.2610;-0.0064
17.2620;0.0935
17.2630;0.1772
17.2640;0.1644
17.2650;0.0322
17.2660;-0.0419
17.2670;-0.2868
17.2680;-0.3609
17.2690;-0.2224
17.2700;-0.0741
17.2710;-0.0129
17.2720;0.0290
17.2730;0.0580
17.2740;0.0612
17.2750;0.0548
17.2760;0.0548
17.2770;0.0483
17.2780;0.0741
17.2790;0.0548
17.2800;-0.0322
17.2810;0.0000
17.2820;0.0226
17.2830;0.0032
17.2840;0.0193
17.2850;0.0258
17.2860;0.0193
17.2870;0.0097
17.2880;-0.0032
17.2890;-0.0548
17.2900;-0.0645
17.2910;-0.0290
17.2920;-0.0064
17.2930;0.0064
17.2940;0.0129
17.2950;0.0000
17.2960;0.0516
17.2970;0.1321
17.2980;0.0967
17.2990;0.0097
17.3000;-0.1031
17.3010;-0.1611
17.3020;-0.0064
17.3030;0.0806
17.3040;0.0870
17.3050;0.0612
17.3060;-0.0032
17.3070;-0.1096
17.3080;-0.1289
17.3090;-0.1096
17.3100;-0.0645
17.3110;-0.0387
17.3120;0.0064
17.3130;0.0226
17.3140;0.0387
17.3150;0.0387
17.3160;0.0419
17.3170;0.0354
17.3180;0.0354
17.3190;0.0354
17.3200;0.1289
17.3210;0.1966
17.3220;0.0548
17.3230;-0.0838
17.3240;-0.1192
17.3250;-0.0516
17.3260;-0.0612
17.3270;-0.0612
17.3280;-0.0516
17.3290;-0.0354
17.3300;-0.0258
17.3310;0.0193
17.3320;0.0709
17.3330;-0.0064
17.3340;-0.0516
17.3350;-0.0354
17.3360;-0.0258
17.3370;0.0000
17.3380;0.0226
17.3390;0.0709
17.3400;0.0064
17.3410;-0.0193
17.3420;0.0097
17.3430;0.0129
17.3440;0.0226
17.3450;0.0193
17.3460;0.0226
17.3470;0.0354
17.3480;0.0612
17.3490;-0.0161
17.3500;-0.0290
17.3510;0.0612
17.3520;0.1063
17.3530;0.0773
17.3540;0.0838
17.3550;-0.0967
17.3560;-0.2224
17.3570;-0.1160
17.3580;0.0387
17.3590;-0.0387
17.3600;-0.0902
17.3610;-0.0709
17.3620;-0.0258
17.3630;-0.0226
17.3640;0.0000
17.3650;0.0064
17.3660;0.0193
17.3670;0.0322
17.3680;0.0387
17.3690;0.0419
17.3700;0.0290
17.3710;0.0354
17.3720;0.0516
17.3730;0.0999
17.3740;0.0935
17.3750;0.0773
17.3760;0.0129
17.3770;-0.0935
17.3780;-0.1547
17.3790;-0.0773
17.3800;0.0290
17.3810;0.0645
17.3820;0.1257
17.3830;0.0290
17.3840;-0.1257
17.3850;-0.1611
17.3860;-0.0677
17.3870;-0.0226
17.3880;-0.0387
17.3890;0.0064
17.3900;0.0612
17.3910;0.0870
17.3920;0.0902
17.3930;0.0258
17.3940;-0.0387
17.3950;-0.0516
17.3960;-0.0032
17.3970;0.0097
17.3980;-0.0032
17.3990;-0.0258
17.4000;-0.0193
17.4010;0.0612
17.4020;0.0709
17.4030;0.0451
17.4040;-0.0322
17.4050;-0.0967
17.4060;-0.0419
17.4070;0.0032
17.4080;0.0064
17.4090;0.0161
17.4100;0.0129
17.4110;0.0064
17.4120;0.0161
17.4130;0.0419
17.4140;0.0580
17.4150;0.0548
17.4160;0.0354
17.4170;-0.0290
17.4180;-0.0548
17.4190;-0.0258
17.4200;0.0387
17.4210;-0.0548
17.4220;-0.1096
17.4230;-0.0806
17.4240;-0.0354
17.4250;-0.0322
17.4260;0.0097
17.4270;0.0290
17.4280;0.0612
17.4290;0.1128
17.4300;0.1096
17.4310;0.0806
17.4320;0.0129
17.4330;-0.0354
17.4340;0.0032
17.4350;0.0483
17.4360;0.0226
17.4370;-0.1096
17.4380;-0.0806
17.4390;-0.0935
17.4400;-0.1386
17.4410;0.0258
17.4420;0.0000
17.4430;-0.0967
17.4440;-0.1160
17.4450;0.0226
17.4460;0.1676
17.4470;0.0258
17.4480;-0.0354
17.4490;0.0612
17.4500;-0.0258
17.4510;-0.0226
17.4520;0.0032
17.4530;0.0483
17.4540;0.0902
17.4550;0.0773
17.4560;0.0548
17.4570;0.0000
17.4580;-0.0451
17.4590;-0.0419
17.4600;-0.0258
17.4610;0.0000
17.4620;0.0097
17.4630;0.0193
17.4640;0.0193
17.4650;-0.0161
17.4660;-0.0645
17.4670;-0.0580
17.4680;-0.0322
17.4690;-0.0097
17.4700;0.0129
17.4710;0.0226
17.4720;0.0419
17.4730;0.0419
17.4740;0.0516
17.4750;0.0354
17.4760;0.0290
17.4770;0.0387
17.4780;0.0516
17.4790;0.0548
17.4800;-0.0322
17.4810;-0.1354
17.4820;-0.1160
17.4830;-0.0483
17.4840;0.0097
17.4850;-0.0322
17.4860;-0.0258
17.4870;0.0258
17.4880;0.0806
17.4890;0.1547
17.4900;0.0677
17.4910;-0.0741
17.4920;-0.1386
17.4930;-0.1257
17.4940;-0.0419
17.4950;0.0064
17.4960;0.0354
17.4970;0.0516
17.4980;0.0483
17.4990;0.0290
17.5000;-0.0097
17.5010;-0.0258
17.5020;-0.0097
17.5030;-0.0032
17.5040;0.0032
17.5050;0.0097
17.5060;0.0097
17.5070;0.0129
17.5080;0.0290
17.5090;0.0193
17.5100;0.0129
17.5110;0.0193
17.5120;-0.0032
17.5130;-0.0387
17.5140;-0.0129
17.5150;0.0032
17.5160;0.0387
17.5170;0.0032
17.5180;-0.0322
17.5190;0.0354
17.5200;0.1063
17.5210;0.0741
17.5220;-0.0290
17.5230;-0.1289
17.5240;-0.1063
17.5250;-0.0838
17.5260;0.0032
17.5270;0.0258
17.5280;0.0258
17.5290;-0.0064
17.5300;-0.1096
17.5310;-0.0838
17.5320;-0.0032
17.5330;0.0709
17.5340;0.1289
17.5350;0.0999
17.5360;0.0902
17.5370;0.1321
17.5380;0.0451
17.5390;-0.0709
17.5400;-0.0870
17.5410;-0.1128
17.5420;-0.1611
17.5430;-0.1450
17.5440;-0.0612
17.5450;0.0097
17.5460;0.0516
17.5470;0.1708
17.5480;0.2481
17.5490;0.1289
17.5500;0.0548
17.5510;-0.0322
17.5520;-0.3319
17.5530;-0.1837
17.5540;0.0548
17.5550;-0.0935
17.5560;-0.1096
17.5570;-0.0258
17.5580;0.0097
17.5590;0.0226
17.5600;0.0387
17.5610;0.0516
17.5620;0.0516
17.5630;0.0451
17.5640;0.0612
17.5650;0.0902
17.5660;0.0097
17.5670;0.0129
17.5680;0.0387
17.5690;-0.0290
17.5700;-0.0709
17.5710;-0.0258
17.5720;0.0097
17.5730;0.0097
17.5740;0.0226
17.5750;0.0097
17.5760;0.0097
17.5770;0.0097
17.5780;0.0097
17.5790;0.0064
17.5800;-0.0032
17.5810;-0.0032
17.5820;-0.0064
17.5830;0.0032
17.5840;0.0032
17.5850;0.0032
17.5860;0.0032
17.5870;-0.0129
17.5880;-0.0161
17.5890;-0.0129
17.5900;-0.0064
17.5910;0.0129
17.5920;0.0354
17.5930;0.0258
17.5940;0.0290
17.5950;0.0097
17.5960;-0.0193
17.5970;-0.0290
17.5980;-0.0226
17.5990;-0.0129
17.6000;0.0097
17.6010;-0.0226
17.6020;-0.0258
17.6030;0.0451
17.6040;0.1418
17.6050;-0.0032
17.6060;-0.1063
17.6070;-0.0838
17.6080;-0.0709
17.6090;-0.0645
17.6100;-0.0387
17.6110;0.0516
17.6120;0.0354
17.6130;-0.0064
17.6140;-0.0032
17.6150;-0.0097
17.6160;-0.0387
17.6170;-0.0290
17.6180;0.0161
17.6190;0.0419
17.6200;0.0548
17.6210;0.1096
17.6220;0.1611
17.6230;0.1257
17.6240;0.0129
17.6250;-0.0129
17.6260;-0.0902
17.6270;-0.1482
17.6280;-0.1289
17.6290;-0.1901
17.6300;-0.1225
17.6310;-0.0258
17.6320;0.0354
17.6330;0.0419
17.6340;0.0580
17.6350;0.0451
17.6360;0.0483
17.6370;0.0419
17.6380;0.0354
17.6390;0.0387
17.6400;0.0226
17.6410;0.0129
17.6420;0.0097
17.6430;0.0097
17.6440;0.0097
17.6450;0.0000
17.6460;0.0000
17.6470;0.0000
17.6480;0.0000
17.6490;0.0032
17.6500;0.0000
17.6510;-0.0032
17.6520;-0.0064
17.6530;-0.0032
17.6540;0.0000
17.6550;-0.0097
17.6560;0.0097
17.6570;0.0258
17.6580;0.0354
17.6590;0.0580
17.6600;0.0419
17.6610;0.0419
17.6620;0.0129
17.6630;-0.0580
17.6640;-0.0806
17.6650;-0.1128
17.6660;-0.0870
17.6670;-0.0387
17.6680;0.0806
17.6690;0.2191
17.6700;0.0806
17.6710;-0.1869
17.6720;-0.1450
17.6730;-0.0193
17.6740;0.0032
17.6750;-0.0451
17.6760;-0.0709
17.6770;-0.0451
17.6780;-0.0451
17.6790;-0.0354
17.6800;-0.0064
17.6810;0.0354
17.6820;0.0387
17.6830;0.0290
17.6840;0.0129
17.6850;0.0129
17.6860;0.0226
17.6870;0.0161
17.6880;0.0097
17.6890;0.0193
17.6900;0.0322
17.6910;0.0580
17.6920;0.0612
17.6930;0.0451
17.6940;0.0354
17.6950;0.0226
17.6960;0.0580
17.6970;0.0258
17.6980;-0.0387
17.6990;-0.1063
17.7000;-0.0999
17.7010;-0.0322
17.7020;-0.0806
17.7030;-0.0290
17.7040;0.1644
17.7050;0.1289
17.7060;-0.0290
17.7070;-0.1128
17.7080;-0.1096
17.7090;-0.0645
17.7100;-0.0387
17.7110;0.0387
17.7120;0.0419
17.7130;0.0322
17.7140;0.0967
17.7150;0.1740
17.7160;0.0806
17.7170;-0.0677
17.7180;-0.1901
17.7190;-0.1805
17.7200;-0.0548
17.7210;-0.0097
17.7220;-0.0226
17.7230;-0.0226
17.7240;0.0129
17.7250;0.0387
17.7260;0.0483
17.7270;0.0806
17.7280;0.0612
17.7290;-0.0097
17.7300;-0.0483
17.7310;-0.0064
17.7320;-0.0064
17.7330;0.0193
17.7340;0.0483
17.7350;0.0612
17.7360;0.1257
17.7370;0.1257
17.7380;-0.0741
17.7390;-0.1869
17.7400;0.0258
17.7410;0.1418
17.7420;0.0129
17.7430;-0.0935
17.7440;-0.1192
17.7450;-0.1257
17.7460;-0.0645
17.7470;0.0483
17.7480;0.1547
17.7490;0.1063
17.7500;0.0193
17.7510;-0.0032
17.7520;-0.1354
17.7530;-0.1901
17.7540;-0.0999
17.7550;-0.0097
17.7560;-0.0032
17.7570;0.0161
17.7580;0.0483
17.7590;0.0451
17.7600;0.0290
17.7610;0.0129
17.7620;0.0419
17.7630;0.0580
17.7640;0.0387
17.7650;-0.0129
17.7660;-0.0129
17.7670;-0.0129
17.7680;0.0226
17.7690;0.0193
17.7700;0.0032
17.7710;0.0322
17.7720;0.0419
17.7730;0.0354
17.7740;0.0354
17.7750;0.0129
17.7760;0.0129
17.7770;0.1128
17.7780;0.2095
17.7790;0.1579
17.7800;-0.0516
17.7810;-0.2320
17.7820;-0.2739
17.7830;-0.2417
17.7840;-0.2417
17.7850;-0.1031
17.7860;0.0226
17.7870;0.0741
17.7880;0.0773
17.7890;0.0645
17.7900;0.0387
17.7910;0.0226
17.7920;0.0451
17.7930;0.0580
17.7940;0.0354
17.7950;0.0097
17.7960;0.0129
17.7970;0.0580
17.7980;0.0838
17.7990;0.0483
17.8000;-0.0097
17.8010;-0.0612
17.8020;-0.0902
17.8030;-0.0451
17.8040;0.0548
17.8050;-0.0064
17.8060;-0.0516
17.8070;0.0258
17.8080;0.0322
17.8090;-0.0064
17.8100;0.0258
17.8110;0.0322
17.8120;0.0677
17.8130;0.1063
17.8140;0.0548
17.8150;-0.1031
17.8160;-0.1708
17.8170;-0.1321
17.8180;-0.0483
17.8190;-0.0193
17.8200;-0.0129
17.8210;0.0064
17.8220;0.0161
17.8230;0.0322
17.8240;0.0387
17.8250;0.0451
17.8260;0.0226
17.8270;0.0322
17.8280;0.0322
17.8290;0.0097
17.8300;-0.0064
17.8310;-0.0064
17.8320;-0.0032
17.8330;-0.0032
17.8340;0.0387
17.8350;0.0000
17.8360;-0.0322
17.8370;-0.0580
17.8380;-0.0322
17.8390;-0.0064
17.8400;0.0032
17.8410;0.0064
17.8420;0.0064
17.8430;0.0129
17.8440;0.0129
17.8450;0.0064
17.8460;0.0000
17.8470;0.0032
17.8480;-0.0129
17.8490;-0.0064
17.8500;0.0032
17.8510;0.0129
17.8520;0.0548
17.8530;0.0354
17.8540;0.0290
17.8550;0.0322
17.8560;0.0097
17.8570;-0.0290
17.8580;-0.0226
17.8590;0.0387
17.8600;0.0806
17.8610;0.0838
17.8620;-0.0097
17.8630;-0.1547
17.8640;-0.2095
17.8650;-0.1579
17.8660;-0.0935
17.8670;-0.0064
17.8680;0.0290
17.8690;0.0806
17.8700;0.1128
17.8710;0.1386
17.8720;0.1063
17.8730;0.0806
17.8740;-0.0129
17.8750;-0.1418
17.8760;-0.1482
17.8770;-0.0483
17.8780;0.0064
17.8790;-0.0290
17.8800;-0.0226
17.8810;-0.0193
17.8820;0.0129
17.8830;0.0226
17.8840;0.0451
17.8850;-0.0226
17.8860;-0.0290
17.8870;-0.0032
17.8880;-0.0032
17.8890;0.0193
17.8900;0.0322
17.8910;0.0580
17.8920;0.0773
17.8930;0.0193
17.8940;0.0097
17.8950;0.0580
17.8960;0.0516
17.8970;0.0097
17.8980;-0.0097
17.8990;-0.0387
17.9000;-0.0193
17.9010;-0.0483
17.9020;-0.0258
17.9030;0.0097
17.9040;0.0354
17.9050;-0.0387
17.9060;-0.0935
17.9070;-0.1192
17.9080;-0.0322
17.9090;0.0258
17.9100;0.0451
17.9110;0.0129
17.9120;-0.0580
17.9130;-0.0258
17.9140;0.0161
17.9150;0.0193
17.9160;0.0290
17.9170;0.0193
17.9180;0.0226
17.9190;0.0226
17.9200;0.0290
17.9210;0.0419
17.9220;0.0612
17.9230;0.0999
17.9240;0.0290
17.9250;-0.0580
17.9260;-0.0258
17.9270;-0.0483
17.9280;-0.0612
17.9290;-0.0612
17.9300;-0.0290
17.9310;-0.0064
17.9320;0.0226
17.9330;0.0354
17.9340;0.0258
17.9350;0.0161
17.9360;-0.0097
17.9370;0.0161
17.9380;0.0290
17.9390;-0.0226
17.9400;-0.0354
17.9410;0.0097
17.9420;0.0645
17.9430;0.0612
17.9440;0.0226
17.9450;-0.0741
17.9460;-0.1289
17.9470;-0.0870
17.9480;-0.0419
17.9490;0.0032
17.9500;0.0226
17.9510;0.0258
17.9520;0.0226
17.9530;0.0226
17.9540;0.0258
17.9550;0.0226
17.9560;0.0129
17.9570;0.0097
17.9580;0.0097
17.9590;0.0419
17.9600;0.0580
17.9610;0.0612
17.9620;0.1031
17.9630;0.0967
17.9640;0.0193
17.9650;-0.0935
17.9660;-0.0645
17.9670;-0.0483
17.9680;-0.1063
17.9690;-0.1321
17.9700;-0.1031
17.9710;-0.0451
17.9720;-0.0354
17.9730;-0.0451
17.9740;-0.0387
17.9750;-0.0097
17.9760;0.0193
17.9770;0.0419
17.9780;0.0709
17.9790;0.0612
17.9800;0.0097
17.9810;0.0064
17.9820;0.0290
17.9830;0.0226
17.9840;0.0387
17.9850;-0.0064
17.9860;-0.0322
17.9870;-0.0064
17.9880;0.0097
17.9890;0.0129
17.9900;0.0129
17.9910;0.0226
17.9920;0.0290
17.9930;0.0193
17.9940;0.0064
17.9950;-0.0097
17.9960;-0.0258
17.9970;-0.0354
17.9980;-0.0193
17.9990;0.0290
18.0000;0.1128
18.0010;0.1289
18.0020;0.0516
18.0030;-0.0258
18.0040;-0.0354
18.0050;-0.1321
18.0060;-0.1547
18.0070;-0.0999
18.0080;-0.0322
18.0090;0.0032
18.0100;0.0258
18.0110;0.0387
18.0120;0.0451
18.0130;0.0354
18.0140;0.0129
18.0150;-0.0161
18.0160;-0.0161
18.0170;-0.0097
18.0180;-0.0032
18.0190;0.0322
18.0200;0.0967
18.0210;0.0902
18.0220;0.0097
18.0230;-0.0322
18.0240;-0.0064
18.0250;-0.0419
18.0260;-0.0773
18.0270;-0.0451
18.0280;0.0322
18.0290;-0.0193
18.0300;-0.0709
18.0310;-0.0354
18.0320;-0.0193
18.0330;-0.0322
18.0340;0.0097
18.0350;0.0290
18.0360;0.0580
18.0370;0.0999
18.0380;0.1482
18.0390;0.1579
18.0400;0.1063
18.0410;-0.0258
18.0420;-0.2320
18.0430;-0.2771
18.0440;-0.1289
18.0450;-0.0129
18.0460;0.0193
18.0470;0.0193
18.0480;0.0161
18.0490;0.0129
18.0500;0.0161
18.0510;0.0516
18.0520;0.0741
18.0530;0.0773
18.0540;0.0645
18.0550;-0.0322
18.0560;-0.0451
18.0570;-0.0064
18.0580;0.0290
18.0590;0.0064
18.0600;0.0129
18.0610;0.0387
18.0620;0.0387
18.0630;-0.0129
18.0640;-0.0451
18.0650;-0.0677
18.0660;-0.0580
18.0670;0.0064
18.0680;0.0483
18.0690;0.0387
18.0700;-0.0226
18.0710;-0.0806
18.0720;-0.0548
18.0730;0.0032
18.0740;0.0387
18.0750;0.0516
18.0760;0.0806
18.0770;0.0064
18.0780;-0.0516
18.0790;-0.0258
18.0800;0.0032
18.0810;0.0032
18.0820;-0.0129
18.0830;-0.0322
18.0840;-0.0419
18.0850;-0.0161
18.0860;0.0000
18.0870;0.0032
18.0880;0.0354
18.0890;0.0387
18.0900;0.0258
18.0910;0.0612
18.0920;0.1096
18.0930;0.1547
18.0940;0.1257
18.0950;-0.0322
18.0960;-0.1869
18.0970;-0.2481
18.0980;-0.1708
18.0990;-0.0612
18.1000;-0.0193
18.1010;0.0032
18.1020;0.0097
18.1030;0.0451
18.1040;0.0773
18.1050;0.0838
18.1060;0.0226
18.1070;-0.0161
18.1080;0.0451
18.1090;0.0612
18.1100;0.1031
18.1110;0.0483
18.1120;-0.0032
18.1130;-0.0290
18.1140;-0.0322
18.1150;-0.0967
18.1160;-0.0773
18.1170;0.0548
18.1180;0.0741
18.1190;0.0226
18.1200;0.0258
18.1210;-0.0387
18.1220;0.0387
18.1230;0.1772
18.1240;-0.1482
18.1250;-0.4705
18.1260;-0.2997
18.1270;-0.0645
18.1280;0.0451
18.1290;0.0773
18.1300;0.0935
18.1310;0.0806
18.1320;0.0709
18.1330;0.0709
18.1340;0.0870
18.1350;0.0773
18.1360;0.0483
18.1370;0.0258
18.1380;-0.0064
18.1390;0.0032
18.1400;0.0161
18.1410;0.0032
18.1420;0.0064
18.1430;0.0290
18.1440;0.0483
18.1450;0.0580
18.1460;0.0387
18.1470;-0.0483
18.1480;-0.0612
18.1490;-0.0290
18.1500;0.0548
18.1510;0.0741
18.1520;0.0226
18.1530;-0.0516
18.1540;-0.0902
18.1550;-0.0967
18.1560;-0.0806
18.1570;-0.0645
18.1580;-0.0097
18.1590;0.0097
18.1600;0.0419
18.1610;0.0516
18.1620;0.0354
18.1630;0.0032
18.1640;-0.0451
18.1650;-0.0612
18.1660;-0.0129
18.1670;-0.0032
18.1680;-0.0129
18.1690;0.0000
18.1700;0.0097
18.1710;0.0322
18.1720;0.0516
18.1730;0.0612
18.1740;0.0516
18.1750;0.0000
18.1760;-0.0516
18.1770;-0.0773
18.1780;-0.0387
18.1790;0.0258
18.1800;0.0483
18.1810;0.0677
18.1820;0.0387
18.1830;-0.0419
18.1840;0.0290
18.1850;0.2127
18.1860;0.2159
18.1870;-0.0548
18.1880;-0.2095
18.1890;-0.0612
18.1900;-0.1450
18.1910;-0.1547
18.1920;-0.1225
18.1930;-0.0806
18.1940;-0.0226
18.1950;0.0580
18.1960;0.0677
18.1970;0.0677
18.1980;0.0387
18.1990;-0.0129
18.2000;0.0032
18.2010;0.0548
18.2020;0.0709
18.2030;0.0548
18.2040;-0.0258
18.2050;-0.0773
18.2060;-0.0773
18.2070;-0.0064
18.2080;0.0483
18.2090;0.0419
18.2100;-0.0129
18.2110;-0.0516
18.2120;-0.0258
18.2130;0.0354
18.2140;0.0451
18.2150;0.0129
18.2160;-0.0193
18.2170;-0.0516
18.2180;-0.0322
18.2190;0.0000
18.2200;0.0161
18.2210;0.0226
18.2220;0.0258
18.2230;0.0258
18.2240;0.0193
18.2250;0.0161
18.2260;0.0129
18.2270;-0.0064
18.2280;0.0000
18.2290;-0.0032
18.2300;0.0032
18.2310;0.0000
18.2320;0.0000
18.2330;0.0000
18.2340;0.0000
18.2350;-0.0064
18.2360;0.0000
18.2370;0.0032
18.2380;-0.0032
18.2390;0.0064
18.2400;0.0000
18.2410;-0.0032
18.2420;0.0097
18.2430;0.0032
18.2440;0.0000
18.2450;0.0258
18.2460;0.0709
18.2470;0.0741
18.2480;0.0548
18.2490;0.0451
18.2500;0.0322
18.2510;-0.1063
18.2520;-0.2353
18.2530;-0.2159
18.2540;-0.0967
18.2550;-0.0032
18.2560;0.0612
18.2570;0.1128
18.2580;0.2062
18.2590;0.1644
18.2600;0.0226
18.2610;-0.1031
18.2620;-0.1708
18.2630;-0.1096
18.2640;0.0161
18.2650;-0.0387
18.2660;0.0193
18.2670;0.0645
18.2680;-0.0129
18.2690;-0.0741
18.2700;-0.0322
18.2710;-0.0548
18.2720;0.0032
18.2730;0.0516
18.2740;0.0773
18.2750;0.0290
18.2760;-0.0097
18.2770;-0.0258
18.2780;-0.0226
18.2790;0.0032
18.2800;0.0226
18.2810;0.0226
18.2820;0.0226
18.2830;0.0193
18.2840;0.0129
18.2850;0.0097
18.2860;0.0419
18.2870;0.0548
18.2880;0.0258
18.2890;-0.0064
18.2900;-0.0387
18.2910;-0.0419
18.2920;-0.0258
18.2930;-0.0129
18.2940;0.0000
18.2950;0.0000
18.2960;0.0032
18.2970;-0.0032
18.2980;0.0000
18.2990;0.0129
18.3000;0.0161
18.3010;0.0129
18.3020;0.0193
18.3030;0.0483
18.3040;0.0290
18.3050;-0.0354
18.3060;-0.0516
18.3070;-0.0354
18.3080;0.0226
18.3090;0.0838
18.3100;-0.0064
18.3110;-0.1160
18.3120;-0.1031
18.3130;-0.0451
18.3140;-0.0032
18.3150;0.0161
18.3160;0.0226
18.3170;0.0032
18.3180;0.0064
18.3190;0.0193
18.3200;0.0226
18.3210;0.0935
18.3220;0.1740
18.3230;0.1772
18.3240;0.0967
18.3250;-0.0612
18.3260;-0.1579
18.3270;-0.1676
18.3280;-0.1579
18.3290;-0.1966
18.3300;-0.1450
18.3310;-0.0064
18.3320;0.0741
18.3330;0.0709
18.3340;0.0483
18.3350;0.0645
18.3360;0.0870
18.3370;0.0870
18.3380;0.0258
18.3390;-0.0387
18.3400;-0.0870
18.3410;-0.0645
18.3420;-0.0387
18.3430;-0.0129
18.3440;0.0064
18.3450;0.0161
18.3460;0.0258
18.3470;0.0258
18.3480;0.0226
18.3490;0.0193
18.3500;0.0193
18.3510;0.0097
18.3520;0.0290
18.3530;0.0516
18.3540;0.0612
18.3550;0.0483
18.3560;-0.0354
18.3570;-0.0354
18.3580;0.0032
18.3590;0.0709
18.3600;0.0483
18.3610;-0.0580
18.3620;-0.1386
18.3630;-0.1321
18.3640;-0.0741
18.3650;-0.0290
18.3660;0.0064
18.3670;0.0064
18.3680;0.0032
18.3690;0.0258
18.3700;0.0741
18.3710;0.0129
18.3720;-0.0129
18.3730;0.0064
18.3740;0.0226
18.3750;0.0354
18.3760;0.0290
18.3770;0.0483
18.3780;0.0645
18.3790;0.0451
18.3800;0.0000
18.3810;-0.0258
18.3820;-0.0806
18.3830;-0.0806
18.3840;0.0226
18.3850;0.0967
18.3860;0.1192
18.3870;0.0193
18.3880;-0.1063
18.3890;-0.1579
18.3900;-0.1805
18.3910;-0.1096
18.3920;-0.0387
18.3930;-0.0032
18.3940;0.0193
18.3950;0.0451
18.3960;0.0548
18.3970;0.0548
18.3980;0.0483
18.3990;0.0032
18.4000;-0.0161
18.4010;0.0000
18.4020;0.0226
18.4030;0.0387
18.4040;0.0354
18.4050;0.0226
18.4060;0.0032
18.4070;-0.0064
18.4080;-0.0064
18.4090;0.0097
18.4100;0.0097
18.4110;0.0000
18.4120;-0.0097
18.4130;-0.0129
18.4140;-0.0064
18.4150;0.0129
18.4160;0.0161
18.4170;0.0032
18.4180;0.0097
18.4190;-0.0097
18.4200;-0.0258
18.4210;-0.0064
18.4220;0.0419
18.4230;0.0548
18.4240;0.0773
18.4250;0.0354
18.4260;-0.0322
18.4270;-0.0451
18.4280;0.0322
18.4290;0.0806
18.4300;0.1676
18.4310;0.0387
18.4320;-0.2868
18.4330;-0.3706
18.4340;-0.1772
18.4350;0.0193
18.4360;0.1869
18.4370;0.0483
18.4380;-0.1676
18.4390;-0.1354
18.4400;-0.0516
18.4410;0.0290
18.4420;0.0773
18.4430;0.0806
18.4440;0.0645
18.4450;0.0580
18.4460;0.0741
18.4470;0.0548
18.4480;0.0483
18.4490;0.0258
18.4500;-0.0064
18.4510;-0.0354
18.4520;0.0000
18.4530;0.0097
18.4540;0.0000
18.4550;-0.0161
18.4560;-0.0322
18.4570;0.0000
18.4580;0.0322
18.4590;-0.0097
18.4600;-0.0419
18.4610;-0.0387
18.4620;-0.0161
18.4630;0.0032
18.4640;0.0097
18.4650;0.0161
18.4660;0.0226
18.4670;0.0290
18.4680;0.0161
18.4690;-0.0064
18.4700;-0.0129
18.4710;-0.0064
18.4720;0.0000
18.4730;0.0129
18.4740;0.0097
18.4750;0.0032
18.4760;0.0000
18.4770;0.0032
18.4780;-0.0032
18.4790;0.0032
18.4800;0.0258
18.4810;0.0612
18.4820;0.0967
18.4830;0.1128
18.4840;0.1128
18.4850;0.0902
18.4860;0.0419
18.4870;-0.1063
18.4880;-0.1837
18.4890;-0.1901
18.4900;-0.2159
18.4910;-0.2224
18.4920;-0.1128
18.4930;-0.0322
18.4940;-0.0129
18.4950;0.0387
18.4960;0.0516
18.4970;0.0580
18.4980;0.0838
18.4990;0.1225
18.5000;0.2030
18.5010;0.2997
18.5020;0.3803
18.5030;0.0580
18.5040;-0.3738
18.5050;-0.4770
18.5060;-0.3158
18.5070;-0.1321
18.5080;-0.0064
18.5090;0.0548
18.5100;0.0838
18.5110;0.1031
18.5120;0.0902
18.5130;0.0161
18.5140;0.0000
18.5150;0.0226
18.5160;0.0354
18.5170;0.0322
18.5180;0.0290
18.5190;0.0387
18.5200;0.0161
18.5210;0.0226
18.5220;0.0097
18.5230;0.0226
18.5240;0.0226
18.5250;0.0097
18.5260;-0.0064
18.5270;-0.0193
18.5280;-0.0161
18.5290;-0.0064
18.5300;-0.0032
18.5310;0.0032
18.5320;0.0000
18.5330;-0.0064
18.5340;-0.0129
18.5350;-0.0419
18.5360;0.0032
18.5370;0.0451
18.5380;0.0354
18.5390;-0.0064
18.5400;-0.0354
18.5410;-0.0322
18.5420;-0.0161
18.5430;-0.0097
18.5440;0.0161
18.5450;0.0677
18.5460;0.0419
18.5470;-0.0516
18.5480;-0.0677
18.5490;-0.0226
18.5500;-0.0097
18.5510;-0.0032
18.5520;-0.0097
18.5530;-0.0064
18.5540;0.0677
18.5550;0.1321
18.5560;0.1805
18.5570;0.1966
18.5580;0.0677
18.5590;0.0580
18.5600;-0.0935
18.5610;-0.3158
18.5620;-0.4061
18.5630;-0.3062
18.5640;-0.1611
18.5650;-0.0258
18.5660;0.0451
18.5670;0.0999
18.5680;0.1257
18.5690;0.1160
18.5700;0.0806
18.5710;0.0354
18.5720;0.0097
18.5730;0.0290
18.5740;0.0516
18.5750;0.0483
18.5760;0.0226
18.5770;0.0032
18.5780;0.0161
18.5790;0.0516
18.5800;0.0483
18.5810;0.0064
18.5820;-0.0290
18.5830;-0.0451
18.5840;-0.0258
18.5850;-0.0290
18.5860;0.0097
18.5870;0.0483
18.5880;0.0064
18.5890;-0.0258
18.5900;-0.0161
18.5910;-0.0032
18.5920;0.0097
18.5930;0.0097
18.5940;0.0000
18.5950;0.0032
18.5960;0.0097
18.5970;0.0000
18.5980;0.0000
18.5990;-0.0032
18.6000;0.0032
18.6010;0.0064
18.6020;-0.0226
18.6030;-0.0354
18.6040;-0.0322
18.6050;-0.0161
18.6060;0.0032
18.6070;0.0193
18.6080;0.0226
18.6090;0.0322
18.6100;0.0161
18.6110;0.0097
18.6120;-0.0161
18.6130;0.0032
18.6140;0.0645
18.6150;0.0935
18.6160;0.0870
18.6170;0.0419
18.6180;-0.0064
18.6190;-0.0290
18.6200;-0.0677
18.6210;-0.0354
18.6220;-0.0999
18.6230;-0.1289
18.6240;-0.1611
18.6250;-0.1772
18.6260;-0.1257
18.6270;-0.0290
18.6280;0.0580
18.6290;0.0806
18.6300;0.1096
18.6310;0.0612
18.6320;0.0387
18.6330;0.0226
18.6340;0.0451
18.6350;0.0580
18.6360;0.0612
18.6370;-0.0064
18.6380;-0.0483
18.6390;-0.0064
18.6400;0.0226
18.6410;0.0258
18.6420;0.0773
18.6430;0.0129
18.6440;0.0645
18.6450;0.1096
18.6460;-0.0322
18.6470;-0.1063
18.6480;-0.1160
18.6490;-0.0741
18.6500;-0.0709
18.6510;-0.0516
18.6520;-0.0129
18.6530;0.0193
18.6540;0.0387
18.6550;0.0387
18.6560;0.0322
18.6570;0.0226
18.6580;0.0129
18.6590;0.0161
18.6600;0.0097
18.6610;0.0064
18.6620;0.0032
18.6630;0.0032
18.6640;0.0064
18.6650;0.0000
18.6660;0.0032
18.6670;0.0129
18.6680;0.0516
18.6690;0.0709
18.6700;0.0870
18.6710;0.0902
18.6720;-0.0580
18.6730;-0.1611
18.6740;-0.1708
18.6750;-0.0935
18.6760;-0.0290
18.6770;-0.0032
18.6780;0.0064
18.6790;0.0516
18.6800;0.0548
18.6810;0.0645
18.6820;0.0548
18.6830;0.0226
18.6840;-0.0258
18.6850;-0.0032
18.6860;0.0226
18.6870;0.0322
18.6880;-0.0354
18.6890;-0.1031
18.6900;-0.0322
18.6910;0.0290
18.6920;0.0483
18.6930;-0.0064
18.6940;-0.0548
18.6950;-0.0580
18.6960;-0.0322
18.6970;0.0000
18.6980;-0.0322
18.6990;-0.0290
18.7000;0.0129
18.7010;0.0258
18.7020;0.0258
18.7030;0.0387
18.7040;0.0902
18.7050;0.2739
18.7060;0.1289
18.7070;-0.0677
18.7080;-0.0580
18.7090;-0.0483
18.7100;-0.1192
18.7110;-0.1934
18.7120;-0.0999
18.7130;-0.0161
18.7140;0.0322
18.7150;0.0451
18.7160;0.0161
18.7170;-0.0451
18.7180;-0.0064
18.7190;0.1418
18.7200;0.1547
18.7210;0.1418
18.7220;-0.0161
18.7230;-0.0322
18.7240;0.0097
18.7250;-0.0483
18.7260;-0.0419
18.7270;-0.1321
18.7280;-0.1934
18.7290;-0.1450
18.7300;-0.0483
18.7310;0.0161
18.7320;0.0387
18.7330;0.0516
18.7340;0.0548
18.7350;0.0419
18.7360;0.0451
18.7370;0.0483
18.7380;0.0193
18.7390;-0.0032
18.7400;-0.0097
18.7410;-0.0064
18.7420;-0.0548
18.7430;-0.0258
18.7440;0.0354
18.7450;0.1096
18.7460;0.0806
18.7470;0.0258
18.7480;0.0193
18.7490;0.0000
18.7500;-0.0129
18.7510;-0.0226
18.7520;-0.0193
18.7530;-0.0129
18.7540;-0.0129
18.7550;-0.0097
18.7560;-0.0032
18.7570;0.0000
18.7580;-0.0097
18.7590;0.0000
18.7600;0.0322
18.7610;0.0322
18.7620;-0.0161
18.7630;-0.0290
18.7640;-0.0064
18.7650;0.0226
18.7660;0.0193
18.7670;0.0064
18.7680;-0.0129
18.7690;0.0419
18.7700;0.0483
18.7710;0.0193
18.7720;0.0032
18.7730;-0.0806
18.7740;-0.1160
18.7750;-0.1031
18.7760;-0.0677
18.7770;-0.0258
18.7780;0.0064
18.7790;0.0161
18.7800;0.0258
18.7810;0.0354
18.7820;0.0483
18.7830;0.0451
18.7840;0.0290
18.7850;0.0032
18.7860;0.0226
18.7870;0.0387
18.7880;0.1482
18.7890;0.1160
18.7900;-0.0483
18.7910;-0.1450
18.7920;-0.0806
18.7930;-0.0129
18.7940;0.0258
18.7950;-0.0097
18.7960;-0.0870
18.7970;-0.0806
18.7980;-0.0258
18.7990;0.0032
18.8000;-0.0322
18.8010;-0.0161
18.8020;0.0097
18.8030;0.0290
18.8040;0.0354
18.8050;0.0354
18.8060;0.0645
18.8070;0.0902
18.8080;0.0838
18.8090;0.0773
18.8100;0.1676
18.8110;0.0387
18.8120;-0.2062
18.8130;-0.2481
18.8140;-0.1644
18.8150;-0.0870
18.8160;0.0226
18.8170;0.0516
18.8180;0.0451
18.8190;0.0387
18.8200;0.0290
18.8210;0.0387
18.8220;0.0419
18.8230;0.0354
18.8240;0.0387
18.8250;0.0032
18.8260;0.0000
18.8270;0.0193
18.8280;0.0645
18.8290;0.1031
18.8300;0.0483
18.8310;0.0161
18.8320;0.0161
18.8330;-0.0226
18.8340;-0.0773
18.8350;-0.1837
18.8360;-0.1579
18.8370;-0.0516
18.8380;0.0806
18.8390;0.0709
18.8400;0.0354
18.8410;0.0129
18.8420;-0.0193
18.8430;-0.0129
18.8440;-0.0032
18.8450;0.0226
18.8460;0.0354
18.8470;-0.0193
18.8480;-0.0838
18.8490;-0.0677
18.8500;-0.0290
18.8510;0.0032
18.8520;0.0097
18.8530;0.0193
18.8540;0.0451
18.8550;0.0838
18.8560;0.1450
18.8570;0.1386
18.8580;0.0870
18.8590;0.0193
18.8600;-0.1354
18.8610;-0.2610
18.8620;-0.1611
18.8630;-0.0516
18.8640;0.0097
18.8650;0.0290
18.8660;0.0387
18.8670;0.0419
18.8680;0.0387
18.8690;0.0354
18.8700;0.0322
18.8710;0.0226
18.8720;0.0226
18.8730;0.0097
18.8740;0.0193
18.8750;0.0193
18.8760;0.0193
18.8770;0.0129
18.8780;0.0322
18.8790;0.0129
18.8800;-0.0032
18.8810;0.0387
18.8820;0.0806
18.8830;0.0902
18.8840;0.0451
18.8850;-0.0129
18.8860;-0.0677
18.8870;-0.0838
18.8880;-0.1257
18.8890;-0.1257
18.8900;-0.0967
18.8910;-0.1482
18.8920;-0.1160
18.8930;-0.0064
18.8940;0.1644
18.8950;0.1128
18.8960;0.0129
18.8970;-0.0097
18.8980;-0.0064
18.8990;0.0064
18.9000;0.0354
18.9010;0.0354
18.9020;0.0258
18.9030;0.0193
18.9040;-0.0129
18.9050;-0.0097
18.9060;0.0064
18.9070;0.0290
18.9080;0.0290
18.9090;0.0129
18.9100;-0.0032
18.9110;-0.0032
18.9120;0.0129
18.9130;0.0290
18.9140;0.0097
18.9150;-0.0258
18.9160;-0.0290
18.9170;-0.0419
18.9180;-0.0129
18.9190;0.0226
18.9200;0.0226
18.9210;0.0387
18.9220;0.0870
18.9230;0.0548
18.9240;-0.0226
18.9250;-0.0580
18.9260;-0.0097
18.9270;-0.0193
18.9280;-0.0999
18.9290;-0.1031
18.9300;-0.0580
18.9310;-0.0387
18.9320;0.0258
18.9330;0.1096
18.9340;0.0548
18.9350;0.0097
18.9360;-0.0226
18.9370;-0.0419
18.9380;-0.0290
18.9390;-0.0516
18.9400;-0.0741
18.9410;-0.0387
18.9420;0.0161
18.9430;0.0451
18.9440;0.0709
18.9450;0.0387
18.9460;-0.0032
18.9470;0.0064
18.9480;0.0419
18.9490;0.0451
18.9500;0.0226
18.9510;-0.0161
18.9520;-0.0322
18.9530;-0.0322
18.9540;0.0064
18.9550;0.0451
18.9560;0.0548
18.9570;0.0773
18.9580;0.0548
18.9590;-0.0032
18.9600;-0.0580
18.9610;-0.0902
18.9620;-0.0258
18.9630;0.0806
18.9640;0.0645
18.9650;0.0387
18.9660;-0.0258
18.9670;-0.0709
18.9680;-0.1225
18.9690;-0.1708
18.9700;-0.1289
18.9710;-0.0773
18.9720;-0.0032
18.9730;0.0451
18.9740;0.0709
18.9750;0.0773
18.9760;0.0387
18.9770;0.0322
18.9780;0.0387
18.9790;0.0773
18.9800;0.0902
18.9810;0.0000
18.9820;-0.0741
18.9830;-0.0741
18.9840;-0.0419
18.9850;-0.0290
18.9860;0.0000
18.9870;-0.0161
18.9880;-0.0064
18.9890;0.0483
18.9900;0.0870
18.9910;0.0773
18.9920;0.0322
18.9930;-0.0226
18.9940;-0.0580
18.9950;-0.0387
18.9960;-0.0290
18.9970;0.0064
18.9980;0.0645
18.9990;0.0419
19.0000;0.0000
19.0010;-0.0902
19.0020;-0.1063
19.0030;-0.0161
19.0040;0.0097
19.0050;0.0097
19.0060;0.0387
19.0070;0.1644
19.0080;0.0258
19.0090;-0.0451
19.0100;0.0000
19.0110;-0.0322
19.0120;-0.0354
19.0130;-0.0258
19.0140;0.0451
19.0150;0.1257
19.0160;0.1031
19.0170;0.0354
19.0180;-0.1128
19.0190;-0.2320
19.0200;-0.2481
19.0210;-0.1644
19.0220;-0.0290
19.0230;0.0419
19.0240;0.0838
19.0250;0.0838
19.0260;0.0516
19.0270;0.0483
19.0280;0.0709
19.0290;0.0870
19.0300;0.0580
19.0310;-0.0161
19.0320;-0.0516
19.0330;-0.0451
19.0340;-0.0064
19.0350;0.0129
19.0360;0.0161
19.0370;0.0129
19.0380;0.0193
19.0390;0.0226
19.0400;0.0097
19.0410;0.0129
19.0420;-0.0032
19.0430;-0.0097
19.0440;0.0032
19.0450;0.0161
19.0460;0.0193
19.0470;0.0193
19.0480;0.0000
19.0490;-0.0129
19.0500;-0.0161
19.0510;-0.0129
19.0520;-0.0419
19.0530;-0.0612
19.0540;-0.0322
19.0550;-0.0064
19.0560;0.0419
19.0570;0.0354
19.0580;0.0258
19.0590;0.0419
19.0600;0.0516
19.0610;0.0709
19.0620;0.1257
19.0630;0.0612
19.0640;-0.0258
19.0650;-0.0838
19.0660;-0.0612
19.0670;-0.1611
19.0680;-0.2191
19.0690;-0.0870
19.0700;-0.0226
19.0710;0.0354
19.0720;0.0870
19.0730;0.0709
19.0740;-0.1225
19.0750;-0.1740
19.0760;-0.0773
19.0770;0.0193
19.0780;0.0709
19.0790;0.0741
19.0800;0.0806
19.0810;0.0645
19.0820;0.0193
19.0830;-0.0193
19.0840;-0.0322
19.0850;-0.0161
19.0860;0.0193
19.0870;0.0516
19.0880;0.0645
19.0890;0.0612
19.0900;0.0161
19.0910;-0.0258
19.0920;-0.0677
19.0930;-0.0322
19.0940;0.0000
19.0950;0.0129
19.0960;0.0097
19.0970;0.0129
19.0980;0.0226
19.0990;0.0193
19.1000;0.0000
19.1010;0.0064
19.1020;-0.0032
19.1030;-0.0161
19.1040;0.0032
19.1050;0.0097
19.1060;0.0354
19.1070;0.1128
19.1080;0.1225
19.1090;0.0516
19.1100;-0.0226
19.1110;-0.1160
19.1120;-0.1579
19.1130;-0.1354
19.1140;-0.0483
19.1150;0.0677
19.1160;0.1257
19.1170;0.1869
19.1180;0.1515
19.1190;-0.1644
19.1200;-0.3448
19.1210;-0.2353
19.1220;-0.1063
19.1230;-0.0419
19.1240;-0.0097
19.1250;0.0387
19.1260;0.0935
19.1270;0.1031
19.1280;0.0483
19.1290;0.0483
19.1300;0.0290
19.1310;0.0645
19.1320;0.0741
19.1330;0.0226
19.1340;0.0097
19.1350;-0.0419
19.1360;-0.0902
19.1370;-0.1063
19.1380;-0.0032
19.1390;0.0999
19.1400;0.1128
19.1410;0.0483
19.1420;-0.0226
19.1430;-0.0290
19.1440;-0.0032
19.1450;-0.0032
19.1460;0.0000
19.1470;-0.0032
19.1480;-0.0064
19.1490;-0.0032
19.1500;-0.0064
19.1510;-0.0064
19.1520;0.0000
19.1530;0.0000
19.1540;0.0032
19.1550;0.0129
19.1560;0.0226
19.1570;0.0129
19.1580;0.0064
19.1590;-0.0129
19.1600;-0.0161
19.1610;-0.0032
19.1620;-0.0451
19.1630;-0.0290
19.1640;-0.0161
19.1650;0.0097
19.1660;0.0451
19.1670;0.0387
19.1680;0.0258
19.1690;0.0032
19.1700;0.0129
19.1710;0.0322
19.1720;0.0902
19.1730;0.1321
19.1740;0.1611
19.1750;0.0773
19.1760;-0.1128
19.1770;-0.2385
19.1780;-0.3996
19.1790;-0.3996
19.1800;-0.2224
19.1810;0.0097
19.1820;0.1450
19.1830;0.0677
19.1840;0.0516
19.1850;0.1063
19.1860;0.1321
19.1870;0.0741
19.1880;0.0902
19.1890;0.0806
19.1900;0.0741
19.1910;0.0354
19.1920;-0.0387
19.1930;-0.0645
19.1940;-0.0645
19.1950;-0.0097
19.1960;0.0709
19.1970;0.0387
19.1980;-0.0387
19.1990;-0.0193
19.2000;0.0064
19.2010;0.0387
19.2020;0.0032
19.2030;-0.0193
19.2040;0.0193
19.2050;0.0451
19.2060;0.0129
19.2070;-0.0290
19.2080;-0.0258
19.2090;0.0097
19.2100;0.0483
19.2110;0.0064
19.2120;-0.0097
19.2130;0.0064
19.2140;0.0161
19.2150;0.0000
19.2160;-0.0226
19.2170;-0.0387
19.2180;0.0064
19.2190;0.0773
19.2200;0.0645
19.2210;0.0226
19.2220;0.0290
19.2230;0.0451
19.2240;-0.0483
19.2250;-0.1708
19.2260;-0.2320
19.2270;-0.2191
19.2280;-0.1644
19.2290;-0.0645
19.2300;0.0290
19.2310;0.0741
19.2320;0.0773
19.2330;0.0709
19.2340;0.0741
19.2350;0.0612
19.2360;0.0516
19.2370;0.0483
19.2380;0.0483
19.2390;0.0354
19.2400;0.0290
19.2410;0.0097
19.2420;-0.0064
19.2430;0.0064
19.2440;0.0097
19.2450;0.0129
19.2460;0.0258
19.2470;0.0612
19.2480;0.1063
19.2490;-0.0290
19.2500;-0.1676
19.2510;-0.1515
19.2520;-0.0580
19.2530;0.0161
19.2540;0.0129
19.2550;-0.0161
19.2560;0.0000
19.2570;0.0032
19.2580;0.0064
19.2590;0.0064
19.2600;0.0129
19.2610;0.0193
19.2620;0.0709
19.2630;0.0483
19.2640;-0.0226
19.2650;-0.0419
19.2660;0.0000
19.2670;0.0516
19.2680;0.1031
19.2690;0.0097
19.2700;-0.0612
19.2710;-0.1031
19.2720;-0.0935
19.2730;-0.0773
19.2740;-0.0258
19.2750;-0.0032
19.2760;0.0097
19.2770;0.0483
19.2780;0.0612
19.2790;0.0419
19.2800;0.0032
19.2810;-0.0387
19.2820;-0.0322
19.2830;-0.0064
19.2840;0.0032
19.2850;0.0097
19.2860;0.0097
19.2870;-0.0032
19.2880;0.0161
19.2890;0.0129
19.2900;0.0161
19.2910;0.0097
19.2920;0.0097
19.2930;0.0064
19.2940;0.0064
19.2950;0.0129
19.2960;0.0322
19.2970;0.0226
19.2980;0.0064
19.2990;0.0097
19.3000;0.0612
19.3010;0.1257
19.3020;0.0870
19.3030;0.0064
19.3040;-0.1096
19.3050;-0.1515
19.3060;-0.1547
19.3070;-0.1031
19.3080;-0.0516
19.3090;0.0000
19.3100;0.0064
19.3110;-0.0161
19.3120;-0.0258
19.3130;-0.0161
19.3140;0.0129
19.3150;0.0483
19.3160;0.0290
19.3170;0.0129
19.3180;0.0000
19.3190;0.0161
19.3200;0.0290
19.3210;0.0806
19.3220;0.0258
19.3230;-0.0064
19.3240;-0.0290
19.3250;-0.0129
19.3260;0.0226
19.3270;0.0064
19.3280;-0.0129
19.3290;-0.0226
19.3300;0.0193
19.3310;-0.0064
19.3320;-0.0290
19.3330;-0.0032
19.3340;0.0226
19.3350;0.0516
19.3360;0.0902
19.3370;0.0226
19.3380;-0.0129
19.3390;-0.0322
19.3400;-0.0387
19.3410;-0.0677
19.3420;-0.0806
19.3430;-0.0870
19.3440;-0.0129
19.3450;0.0870
19.3460;0.0935
19.3470;0.0354
19.3480;0.0161
19.3490;-0.0129
19.3500;-0.0161
19.3510;0.0064
19.3520;0.0709
19.3530;0.0290
19.3540;-0.0483
19.3550;-0.0935
19.3560;-0.1547
19.3570;-0.1031
19.3580;-0.0097
19.3590;0.0226
19.3600;0.0064
19.3610;0.0097
19.3620;0.0064
19.3630;0.0161
19.3640;0.0258
19.3650;0.0290
19.3660;0.0387
19.3670;0.0226
19.3680;0.0226
19.3690;0.0387
19.3700;0.0387
19.3710;0.0290
19.3720;0.0161
19.3730;0.0000
19.3740;-0.0193
19.3750;-0.0064
19.3760;0.0419
19.3770;0.0612
19.3780;0.0548
19.3790;0.0387
19.3800;-0.0419
19.3810;-0.1160
19.3820;-0.1063
19.3830;-0.0483
19.3840;-0.0387
19.3850;-0.0612
19.3860;-0.0516
19.3870;-0.0226
19.3880;0.0097
19.3890;0.0354
19.3900;0.0451
19.3910;0.0193
19.3920;0.0097
19.3930;0.0000
19.3940;0.0290
19.3950;0.0322
19.3960;0.0161
19.3970;-0.0064
19.3980;0.0097
19.3990;0.0097
19.4000;-0.0097
19.4010;0.0258
19.4020;0.0193
19.4030;-0.0193
19.4040;-0.0226
19.4050;-0.0064
19.4060;0.0032
19.4070;-0.0032
19.4080;0.0097
19.4090;0.0064
19.4100;-0.0032
19.4110;0.0064
19.4120;0.0000
19.4130;0.0032
19.4140;-0.0064
19.4150;-0.0032
19.4160;0.0193
19.4170;0.0451
19.4180;0.0838
19.4190;0.1611
19.4200;0.1579
19.4210;0.0709
19.4220;-0.0806
19.4230;-0.2159
19.4240;-0.2514
19.4250;-0.1450
19.4260;0.0000
19.4270;0.0451
19.4280;-0.0258
19.4290;-0.0612
19.4300;-0.0548
19.4310;-0.0548
19.4320;-0.0258
19.4330;0.0419
19.4340;0.0580
19.4350;0.0387
19.4360;0.0129
19.4370;-0.0129
19.4380;-0.0580
19.4390;-0.0387
19.4400;0.0387
19.4410;0.0741
19.4420;0.0290
19.4430;-0.0193
19.4440;-0.0161
19.4450;0.0000
19.4460;0.0129
19.4470;0.0226
19.4480;0.0193
19.4490;0.0258
19.4500;0.0226
19.4510;0.0193
19.4520;0.0193
19.4530;0.0161
19.4540;0.0097
19.4550;0.0097
19.4560;0.0064
19.4570;0.0000
19.4580;0.0000
19.4590;0.0000
19.4600;0.0000
19.4610;-0.0032
19.4620;-0.0064
19.4630;-0.0097
19.4640;-0.0064
19.4650;-0.0032
19.4660;-0.0064
19.4670;-0.0129
19.4680;-0.0032
19.4690;-0.0064
19.4700;0.0000
19.4710;0.0032
19.4720;0.0000
19.4730;0.0032
19.4740;-0.0032
19.4750;-0.0032
19.4760;0.0000
19.4770;-0.0032
19.4780;-0.0032
19.4790;-0.0097
19.4800;0.0000
19.4810;-0.0129
19.4820;-0.0097
19.4830;-0.0032
19.4840;0.0226
19.4850;0.0902
19.4860;0.2030
19.4870;0.2707
19.4880;0.2481
19.4890;0.0773
19.4900;-0.2030
19.4910;-0.3964
19.4920;-0.4995
19.4930;-0.3384
19.4940;-0.0741
19.4950;0.0483
19.4960;0.1257
19.4970;0.1321
19.4980;0.0516
19.4990;-0.0226
19.5000;-0.0935
19.5010;-0.0709
19.5020;-0.0032
19.5030;0.0580
19.5040;0.0773
19.5050;0.0741
19.5060;0.0806
19.5070;0.0806
19.5080;0.0999
19.5090;0.0548
19.5100;-0.0290
19.5110;-0.0322
19.5120;-0.0290
19.5130;-0.0419
19.5140;0.0064
19.5150;0.0677
19.5160;0.0645
19.5170;0.0193
19.5180;-0.0161
19.5190;-0.0580
19.5200;-0.0516
19.5210;-0.0483
19.5220;-0.0580
19.5230;-0.0258
19.5240;0.0097
19.5250;0.0226
19.5260;0.0226
19.5270;0.0097
19.5280;0.0097
19.5290;0.0129
19.5300;0.0064
19.5310;0.0193
19.5320;0.0226
19.5330;0.0451
19.5340;0.0258
19.5350;-0.0226
19.5360;-0.0419
19.5370;-0.0290
19.5380;-0.0032
19.5390;0.0193
19.5400;0.0193
19.5410;0.0129
19.5420;0.0032
19.5430;-0.0129
19.5440;-0.0129
19.5450;-0.0129
19.5460;-0.0161
19.5470;0.0000
19.5480;0.0000
19.5490;0.0161
19.5500;0.0161
19.5510;0.0226
19.5520;0.0322
19.5530;0.0580
19.5540;0.0709
19.5550;0.0612
19.5560;0.0193
19.5570;-0.0645
19.5580;-0.0773
19.5590;-0.0580
19.5600;-0.0032
19.5610;0.0387
19.5620;0.0226
19.5630;0.0193
19.5640;-0.0870
19.5650;-0.1450
19.5660;-0.1869
19.5670;-0.1386
19.5680;-0.0645
19.5690;-0.0064
19.5700;0.0741
19.5710;0.1225
19.5720;0.0612
19.5730;0.0193
19.5740;0.0097
19.5750;-0.0064
19.5760;-0.0032
19.5770;0.0064
19.5780;0.0097
19.5790;0.0097
19.5800;0.0516
19.5810;0.1225
19.5820;0.1257
19.5830;0.0290
19.5840;-0.0354
19.5850;-0.0451
19.5860;-0.0516
19.5870;-0.0226
19.5880;0.0129
19.5890;-0.0258
19.5900;-0.0387
19.5910;-0.0032
19.5920;0.0032
19.5930;-0.0032
19.5940;0.0000
19.5950;0.0032
19.5960;0.0000
19.5970;-0.0064
19.5980;-0.0032
19.5990;-0.0064
19.6000;-0.0064
19.6010;0.0064
19.6020;0.0129
19.6030;0.0129
19.6040;0.0064
19.6050;0.0064
19.6060;0.0097
19.6070;0.0161
19.6080;0.0032
19.6090;0.0032
19.6100;0.0354
19.6110;0.0612
19.6120;0.0709
19.6130;0.0838
19.6140;0.0902
19.6150;0.0773
19.6160;-0.0354
19.6170;-0.1772
19.6180;-0.2514
19.6190;-0.2127
19.6200;-0.1321
19.6210;-0.0354
19.6220;0.0097
19.6230;0.0612
19.6240;0.0773
19.6250;0.0935
19.6260;0.1096
19.6270;0.0645
19.6280;0.0548
19.6290;0.0516
19.6300;-0.0129
19.6310;-0.0354
19.6320;-0.0516
19.6330;-0.0516
19.6340;-0.0612
19.6350;-0.0677
19.6360;-0.0483
19.6370;-0.0193
19.6380;0.0161
19.6390;0.0419
19.6400;0.0258
19.6410;0.0193
19.6420;0.0032
19.6430;0.0032
19.6440;0.0129
19.6450;0.0129
19.6460;0.0129
19.6470;0.0064
19.6480;0.0129
19.6490;0.0097
19.6500;0.0161
19.6510;0.0000
19.6520;0.0000
19.6530;-0.0064
19.6540;0.0064
19.6550;0.0129
19.6560;0.0129
19.6570;0.0000
19.6580;-0.0064
19.6590;0.0032
19.6600;0.0226
19.6610;0.0290
19.6620;0.0193
19.6630;0.0097
19.6640;-0.0161
19.6650;-0.0161
19.6660;-0.0226
19.6670;-0.0161
19.6680;-0.0064
19.6690;-0.0032
19.6700;0.0161
19.6710;0.0516
19.6720;0.0773
19.6730;0.1708
19.6740;0.1128
19.6750;-0.0709
19.6760;-0.1579
19.6770;-0.2062
19.6780;-0.1869
19.6790;-0.1354
19.6800;-0.0258
19.6810;0.0290
19.6820;0.0097
19.6830;0.0516
19.6840;0.0645
19.6850;-0.0064
19.6860;-0.0290
19.6870;-0.0419
19.6880;0.0000
19.6890;0.0000
19.6900;-0.0354
19.6910;-0.0032
19.6920;0.0741
19.6930;0.1160
19.6940;0.0709
19.6950;0.0129
19.6960;-0.0322
19.6970;-0.0387
19.6980;-0.0129
19.6990;0.0032
19.7000;0.0064
19.7010;0.0097
19.7020;0.0161
19.7030;0.0129
19.7040;0.0193
19.7050;0.0161
19.7060;0.0129
19.7070;0.0161
19.7080;0.0129
19.7090;-0.0032
19.7100;-0.0032
19.7110;0.0000
19.7120;0.0000
19.7130;0.0032
19.7140;0.0000
19.7150;0.0000
19.7160;-0.0032
19.7170;-0.0064
19.7180;-0.0097
19.7190;-0.0064
19.7200;-0.0097
19.7210;0.0000
19.7220;0.0032
19.7230;0.0032
19.7240;0.0129
19.7250;0.0097
19.7260;0.0387
19.7270;0.0612
19.7280;0.0451
19.7290;0.0580
19.7300;0.0612
19.7310;0.0483
19.7320;0.0290
19.7330;0.0612
19.7340;0.0000
19.7350;-0.1418
19.7360;-0.2868
19.7370;-0.2900
19.7380;-0.1192
19.7390;-0.0032
19.7400;0.0097
19.7410;0.0290
19.7420;0.0290
19.7430;0.0645
19.7440;0.0773
19.7450;0.0967
19.7460;0.0354
19.7470;-0.0258
19.7480;-0.0935
19.7490;-0.1257
19.7500;-0.0548
19.7510;-0.0097
19.7520;0.0516
19.7530;0.0580
19.7540;0.0483
19.7550;0.0387
19.7560;0.0322
19.7570;0.0258
19.7580;0.0226
19.7590;0.0161
19.7600;0.0193
19.7610;0.0193
19.7620;0.0129
19.7630;0.0129
19.7640;0.0097
19.7650;0.0032
19.7660;0.0032
19.7670;-0.0032
19.7680;-0.0064
19.7690;0.0000
19.7700;0.0000
19.7710;-0.0032
19.7720;-0.0032
19.7730;-0.0129
19.7740;0.0000
19.7750;-0.0064
19.7760;0.0000
19.7770;-0.0064
19.7780;-0.0064
19.7790;-0.0097
19.7800;0.0000
19.7810;0.0064
19.7820;0.0387
19.7830;0.0612
19.7840;0.0677
19.7850;0.0516
19.7860;0.0129
19.7870;-0.0258
19.7880;-0.0999
19.7890;-0.0451
19.7900;0.0419
19.7910;0.0258
19.7920;0.0064
19.7930;-0.0258
19.7940;-0.0677
19.7950;-0.1257
19.7960;-0.1031
19.7970;-0.0902
19.7980;-0.0612
19.7990;-0.0193
19.8000;-0.0129
19.8010;0.0226
19.8020;0.0483
19.8030;0.0451
19.8040;0.0290
19.8050;0.0226
19.8060;0.0226
19.8070;0.0322
19.8080;0.0322
19.8090;0.0290
19.8100;0.0226
19.8110;0.0161
19.8120;0.0161
19.8130;0.0161
19.8140;0.0064
19.8150;0.0064
19.8160;0.0032
19.8170;-0.0064
19.8180;0.0032
19.8190;-0.0032
19.8200;-0.0064
19.8210;0.0032
19.8220;-0.0032
19.8230;-0.0064
19.8240;-0.0032
19.8250;-0.0032
19.8260;0.0000
19.8270;0.0032
19.8280;0.0032
19.8290;0.0032
19.8300;0.0097
19.8310;0.0032
19.8320;0.0032
19.8330;0.0193
19.8340;0.0645
19.8350;0.0999
19.8360;0.1225
19.8370;0.0483
19.8380;-0.0161
19.8390;-0.0999
19.8400;-0.0935
19.8410;-0.0580
19.8420;-0.0902
19.8430;-0.0258
19.8440;0.1031
19.8450;0.0354
19.8460;-0.0967
19.8470;-0.1837
19.8480;-0.2030
19.8490;-0.1772
19.8500;-0.0838
19.8510;0.0193
19.8520;0.1063
19.8530;0.1160
19.8540;0.1160
19.8550;0.0709
19.8560;0.0000
19.8570;-0.0258
19.8580;-0.0129
19.8590;0.0193
19.8600;0.0322
19.8610;0.0354
19.8620;0.0419
19.8630;0.0354
19.8640;0.0322
19.8650;0.0258
19.8660;0.0193
19.8670;0.0161
19.8680;0.0064
19.8690;0.0064
19.8700;-0.0032
19.8710;0.0000
19.8720;0.0064
19.8730;0.0064
19.8740;0.0000
19.8750;0.0032
19.8760;0.0032
19.8770;-0.0032
19.8780;-0.0064
19.8790;-0.0032
19.8800;-0.0097
19.8810;-0.0129
19.8820;-0.0097
19.8830;-0.0032
19.8840;0.0193
19.8850;0.0612
19.8860;0.0516
19.8870;0.0419
19.8880;0.0032
19.8890;-0.0290
19.8900;-0.0967
19.8910;-0.1257
19.8920;-0.0677
19.8930;0.0258
19.8940;0.0419
19.8950;0.0161
19.8960;-0.0064
19.8970;0.0290
19.8980;0.0580
19.8990;0.0870
19.9000;0.0580
19.9010;-0.0064
19.9020;-0.0483
19.9030;-0.1160
19.9040;-0.1901
19.9050;-0.1772
19.9060;-0.0741
19.9070;-0.0032
19.9080;0.0387
19.9090;0.0483
19.9100;0.0516
19.9110;0.0483
19.9120;0.0516
19.9130;0.0548
19.9140;0.0322
19.9150;0.0161
19.9160;0.0161
19.9170;0.0064
19.9180;0.0097
19.9190;0.0097
19.9200;0.0064
19.9210;0.0097
19.9220;0.0000
19.9230;0.0000
19.9240;0.0032
19.9250;0.0032
19.9260;0.0064
19.9270;-0.0032
19.9280;0.0000
19.9290;0.0032
19.9300;0.0097
19.9310;0.0226
19.9320;0.0290
19.9330;0.0354
19.9340;0.0451
19.9350;0.0258
19.9360;-0.0097
19.9370;-0.0322
19.9380;-0.0870
19.9390;-0.0806
19.9400;-0.0032
19.9410;0.0032
19.9420;0.0580
19.9430;0.0354
19.9440;-0.0709
19.9450;-0.1160
19.9460;-0.0935
19.9470;-0.0387
19.9480;0.0097
19.9490;0.0935
19.9500;0.0226
19.9510;-0.0387
19.9520;0.0000
19.9530;0.0258
19.9540;0.0226
19.9550;0.0548
19.9560;0.0999
19.9570;0.0870
19.9580;0.0580
19.9590;-0.0161
19.9600;-0.1096
19.9610;-0.1579
19.9620;-0.1354
19.9630;-0.0677
19.9640;-0.0354
19.9650;0.0097
19.9660;0.0322
19.9670;0.0419
19.9680;0.0483
19.9690;0.0161
19.9700;0.0129
19.9710;0.0097
19.9720;0.0226
19.9730;0.0193
19.9740;0.0161
19.9750;0.0354
19.9760;0.0580
19.9770;0.0806
19.9780;0.0419
19.9790;0.0226
19.9800;0.0419
19.9810;-0.0129
19.9820;-0.0645
19.9830;-0.0645
19.9840;-0.0580
19.9850;-0.0483
19.9860;-0.0451
19.9870;-0.0226
19.9880;-0.0032
19.9890;0.0097
19.9900;0.0387
19.9910;0.0612
19.9920;0.0354
19.9930;0.0064
19.9940;-0.0483
19.9950;-0.0580
19.9960;-0.0097
19.9970;-0.0032
19.9980;0.0064
19.9990;-0.0129
20.0000;-0.0032
20.0010;0.0258
20.0020;0.0226
20.0030;0.0226
20.0040;0.0032
20.0050;0.0000
20.0060;0.0000
20.0070;0.0161
20.0080;0.0161
20.0090;-0.0097
20.0100;-0.0032
20.0110;0.0097
20.0120;0.0483
20.0130;0.0741
20.0140;0.0322
20.0150;0.0097
20.0160;0.0129
20.0170;-0.0064
20.0180;-0.0258
20.0190;-0.0290
20.0200;-0.0935
20.0210;-0.0806
20.0220;-0.0709
20.0230;0.0032
20.0240;0.0322
20.0250;0.0097
20.0260;0.0032
20.0270;-0.0129
20.0280;-0.0612
20.0290;-0.0709
20.0300;-0.0419
20.0310;0.0064
20.0320;0.0258
20.0330;0.0193
20.0340;0.0226
20.0350;0.0354
20.0360;0.0419
20.0370;0.0322
20.0380;0.0322
20.0390;0.0322
20.0400;0.0290
20.0410;0.0193
20.0420;0.0193
20.0430;0.0193
20.0440;-0.0097
20.0450;-0.0322
20.0460;-0.0419
20.0470;-0.0032
20.0480;0.0226
20.0490;0.0097
20.0500;-0.0161
20.0510;-0.0322
20.0520;-0.0193
20.0530;-0.0064
20.0540;0.0064
20.0550;0.0226
20.0560;0.0483
20.0570;0.0677
20.0580;0.0612
20.0590;0.0129
20.0600;-0.0097
20.0610;0.0226
20.0620;-0.0226
20.0630;-0.0548
20.0640;-0.0773
20.0650;-0.0387
20.0660;-0.0064
20.0670;-0.0097
20.0680;-0.0322
20.0690;-0.0387
20.0700;-0.0580
20.0710;-0.0387
20.0720;0.0226
20.0730;0.0516
20.0740;0.0226
20.0750;0.0193
20.0760;0.0226
20.0770;-0.0129
20.0780;-0.0226
20.0790;0.0000
20.0800;0.0097
20.0810;0.0354
20.0820;0.0516
20.0830;0.0516
20.0840;0.0258
20.0850;-0.0193
20.0860;-0.0516
20.0870;-0.0580
20.0880;-0.0290
20.0890;-0.0097
20.0900;0.0000
20.0910;0.0064
20.0920;0.0064
20.0930;0.0000
20.0940;0.0226
20.0950;0.0322
20.0960;0.0419
20.0970;0.0290
20.0980;0.0387
20.0990;0.0226
20.1000;0.0193
20.1010;0.0064
20.1020;-0.0419
20.1030;-0.0870
20.1040;-0.1031
20.1050;-0.0773
20.1060;0.0097
20.1070;0.0773
20.1080;0.0741
20.1090;0.0548
20.1100;0.0097
20.1110;0.0129
20.1120;0.0064
20.1130;-0.0097
20.1140;-0.0129
20.1150;-0.0612
20.1160;-0.0967
20.1170;-0.0935
20.1180;-0.0580
20.1190;-0.0193
20.1200;0.0129
20.1210;0.0258
20.1220;0.0483
20.1230;0.0516
20.1240;0.0387
20.1250;0.0193
20.1260;0.0000
20.1270;-0.0032
20.1280;0.0032
20.1290;-0.0032
20.1300;0.0226
20.1310;0.0806
20.1320;0.0999
20.1330;0.0226
20.1340;-0.0161
20.1350;0.0129
20.1360;-0.0161
20.1370;-0.0290
20.1380;-0.0419
20.1390;-0.0677
20.1400;-0.0709
20.1410;-0.0483
20.1420;-0.0193
20.1430;-0.0032
20.1440;0.0161
20.1450;0.0226
20.1460;0.0387
20.1470;0.0322
20.1480;0.0129
20.1490;0.0032
20.1500;0.0032
20.1510;0.0161
20.1520;0.0226
20.1530;0.0322
20.1540;0.0387
20.1550;0.0000
20.1560;-0.0129
20.1570;0.0290
20.1580;0.0161
20.1590;-0.0258
20.1600;-0.0741
20.1610;-0.0935
20.1620;-0.0806
20.1630;-0.0483
20.1640;0.0226
20.1650;0.0419
20.1660;0.0419
20.1670;0.0129
20.1680;-0.0161
20.1690;-0.0097
20.1700;-0.0097
20.1710;0.0064
20.1720;0.0097
20.1730;-0.0032
20.1740;-0.0419
20.1750;-0.0483
20.1760;-0.0354
20.1770;0.1257
20.1780;0.1418
20.1790;0.0741
20.1800;0.0226
20.1810;0.0193
20.1820;-0.0129
20.1830;-0.1225
20.1840;-0.1547
20.1850;-0.1128
20.1860;-0.0548
20.1870;-0.0097
20.1880;0.0129
20.1890;0.0419
20.1900;0.0483
20.1910;0.0387
20.1920;0.0419
20.1930;0.0322
20.1940;0.0322
20.1950;0.0226
20.1960;0.0226
20.1970;0.0226
20.1980;0.0032
20.1990;-0.0129
20.2000;-0.0161
20.2010;-0.0161
20.2020;-0.0064
20.2030;0.0064
20.2040;0.0290
20.2050;0.0322
20.2060;0.0322
20.2070;0.0258
20.2080;0.0258
20.2090;-0.0129
20.2100;-0.0516
20.2110;-0.0580
20.2120;-0.0483
20.2130;-0.0290
20.2140;-0.0064
20.2150;0.0129
20.2160;0.0161
20.2170;0.0258
20.2180;0.0290
20.2190;0.0193
20.2200;0.0032
20.2210;-0.0161
20.2220;-0.0516
20.2230;-0.0612
20.2240;-0.0548
20.2250;-0.0226
20.2260;0.0064
20.2270;-0.0064
20.2280;0.0193
20.2290;0.0451
20.2300;0.0870
20.2310;0.0709
20.2320;-0.0064
20.2330;-0.0387
20.2340;-0.0322
20.2350;0.0000
20.2360;-0.0064
20.2370;-0.0193
20.2380;-0.0064
20.2390;0.0193
20.2400;0.0451
20.2410;-0.0032
20.2420;-0.0161
20.2430;-0.0193
20.2440;-0.0161
20.2450;-0.0161
20.2460;-0.0032
20.2470;0.0000
20.2480;-0.0064
20.2490;-0.0161
20.2500;-0.0097
20.2510;0.0129
20.2520;0.0258
20.2530;0.0193
20.2540;0.0226
20.2550;0.0032
20.2560;-0.0064
20.2570;-0.0161
20.2580;0.0000
20.2590;0.0322
20.2600;0.0580
20.2610;0.0741
20.2620;0.0645
20.2630;0.1096
20.2640;0.0999
20.2650;-0.0258
20.2660;-0.1160
20.2670;-0.1998
20.2680;-0.1837
20.2690;-0.0612
20.2700;0.0451
20.2710;0.0902
20.2720;0.0709
20.2730;-0.0129
20.2740;-0.0935
20.2750;-0.1354
20.2760;-0.0612
20.2770;0.0258
20.2780;0.1128
20.2790;0.0741
20.2800;0.0097
20.2810;-0.0935
20.2820;-0.1063
20.2830;-0.0226
20.2840;0.0387
20.2850;0.0193
20.2860;0.0354
20.2870;0.0161
20.2880;0.0387
20.2890;0.0226
20.2900;0.0226
20.2910;0.0709
20.2920;0.0258
20.2930;0.0161
20.2940;0.0322
20.2950;0.0161
20.2960;-0.0226
20.2970;-0.0483
20.2980;-0.0354
20.2990;-0.0258
20.3000;0.0064
20.3010;-0.0032
20.3020;-0.0064
20.3030;0.0064
20.3040;0.0097
20.3050;0.0064
20.3060;0.0097
20.3070;0.0161
20.3080;0.0129
20.3090;0.0032
20.3100;-0.0032
20.3110;-0.0032
20.3120;0.0032
20.3130;-0.0032
20.3140;-0.0032
20.3150;-0.0032
20.3160;-0.0129
20.3170;-0.0032
20.3180;-0.0097
20.3190;-0.0032
20.3200;-0.0032
20.3210;-0.0032
20.3220;0.0097
20.3230;0.0483
20.3240;0.0709
20.3250;0.0967
20.3260;0.0870
20.3270;0.0290
20.3280;-0.0064
20.3290;-0.0709
20.3300;-0.1128
20.3310;-0.1192
20.3320;-0.1192
20.3330;-0.0290
20.3340;-0.0032
20.3350;-0.0258
20.3360;-0.0387
20.3370;-0.0516
20.3380;-0.0193
20.3390;0.0322
20.3400;0.0419
20.3410;0.0419
20.3420;0.0290
20.3430;0.0064
20.3440;-0.0064
20.3450;-0.0258
20.3460;-0.0032
20.3470;-0.0258
20.3480;-0.0387
20.3490;-0.0064
20.3500;0.0548
20.3510;0.0677
20.3520;0.0451
20.3530;0.0129
20.3540;-0.0129
20.3550;0.0097
20.3560;0.0193
20.3570;0.0097
20.3580;0.0064
20.3590;0.0000
20.3600;-0.0064
20.3610;-0.0097
20.3620;-0.0161
20.3630;-0.0032
20.3640;0.0097
20.3650;0.0226
20.3660;0.0097
20.3670;0.0032
20.3680;-0.0226
20.3690;-0.0129
20.3700;-0.0097
20.3710;0.0097
20.3720;0.0258
20.3730;0.0193
20.3740;0.0064
20.3750;-0.0161
20.3760;-0.0226
20.3770;-0.0161
20.3780;-0.0161
20.3790;-0.0129
20.3800;-0.0097
20.3810;-0.0064
20.3820;-0.0161
20.3830;-0.0064
20.3840;0.0193
20.3850;0.0645
20.3860;0.0483
20.3870;-0.0097
20.3880;0.0000
20.3890;-0.0097
20.3900;-0.0612
20.3910;-0.0290
20.3920;-0.0032
20.3930;0.0322
20.3940;0.0451
20.3950;0.0290
20.3960;0.0387
20.3970;0.0290
20.3980;0.0322
20.3990;-0.0290
20.4000;-0.0612
20.4010;-0.0677
20.4020;-0.0419
20.4030;-0.0483
20.4040;-0.0677
20.4050;-0.0709
20.4060;-0.0161
20.4070;-0.0097
20.4080;0.0000
20.4090;0.0354
20.4100;0.0419
20.4110;0.0290
20.4120;0.0226
20.4130;0.0064
20.4140;0.0097
20.4150;0.0064
20.4160;0.0161
20.4170;0.0097
20.4180;0.0097
20.4190;0.0129
20.4200;0.0258
20.4210;0.0129
20.4220;0.0129
20.4230;-0.0064
20.4240;0.0032
20.4250;0.0097
20.4260;0.0258
20.4270;0.0258
20.4280;0.0258
20.4290;0.0193
20.4300;-0.0226
20.4310;-0.0290
20.4320;-0.0258
20.4330;0.0064
20.4340;0.0226
20.4350;-0.0032
20.4360;-0.0129
20.4370;0.0000
20.4380;0.0258
20.4390;0.0290
20.4400;0.0290
20.4410;-0.0032
20.4420;-0.0741
20.4430;-0.0902
20.4440;-0.0741
20.4450;-0.0161
20.4460;0.0290
20.4470;0.0322
20.4480;0.0354
20.4490;0.0322
20.4500;-0.0064
20.4510;-0.0226
20.4520;-0.0258
20.4530;-0.0064
20.4540;0.0129
20.4550;0.0000
20.4560;0.0000
20.4570;-0.0064
20.4580;-0.0064
20.4590;-0.0322
20.4600;-0.0580
20.4610;-0.0419
20.4620;0.0000
20.4630;-0.0064
20.4640;0.0193
20.4650;0.0548
20.4660;0.0387
20.4670;0.0290
20.4680;0.0387
20.4690;0.0032
20.4700;-0.0032
20.4710;-0.0032
20.4720;-0.0032
20.4730;-0.0129
20.4740;-0.0129
20.4750;0.0064
20.4760;0.0226
20.4770;-0.0064
20.4780;-0.0129
20.4790;-0.0129
20.4800;0.0000
20.4810;0.0097
20.4820;-0.0032
20.4830;0.0000
20.4840;-0.0032
20.4850;0.0000
20.4860;0.0129
20.4870;0.0193
20.4880;0.0161
20.4890;0.0258
20.4900;0.0290
20.4910;0.0258
20.4920;-0.0226
20.4930;-0.0226
20.4940;-0.0032
20.4950;-0.0193
20.4960;-0.0419
20.4970;-0.0741
20.4980;-0.0645
20.4990;-0.0161
20.5000;0.0226
20.5010;0.0290
20.5020;0.0419
20.5030;0.0387
20.5040;0.0322
20.5050;0.0032
20.5060;0.0032
20.5070;0.0226
20.5080;0.0709
20.5090;0.1128
20.5100;0.1128
20.5110;-0.0032
20.5120;-0.1289
20.5130;-0.2224
20.5140;-0.1644
20.5150;-0.0612
20.5160;0.0097
20.5170;0.0193
20.5180;0.0032
20.5190;-0.0064
20.5200;-0.0258
20.5210;-0.0290
20.5220;-0.0064
20.5230;0.0258
20.5240;0.0451
20.5250;0.0645
20.5260;0.0677
20.5270;0.0516
20.5280;0.0709
20.5290;0.0097
20.5300;-0.0773
20.5310;-0.0645
20.5320;-0.0226
20.5330;0.0226
20.5340;0.0516
20.5350;0.0709
20.5360;0.0226
20.5370;-0.0193
20.5380;-0.0290
20.5390;-0.0258
20.5400;0.0161
20.5410;-0.0129
20.5420;-0.0258
20.5430;-0.0032
20.5440;0.0064
20.5450;-0.0032
20.5460;0.0000
20.5470;-0.0032
20.5480;-0.0032
20.5490;-0.0032
20.5500;-0.0064
20.5510;-0.0097
20.5520;0.0032
20.5530;0.0097
20.5540;0.0193
20.5550;0.0193
20.5560;0.0064
20.5570;0.0097
20.5580;0.0097
20.5590;-0.0032
20.5600;0.0129
20.5610;0.0032
20.5620;-0.0193
20.5630;-0.0419
20.5640;-0.0161
20.5650;-0.0032
20.5660;0.0193
20.5670;0.0322
20.5680;0.0193
20.5690;0.0097
20.5700;-0.0032
20.5710;-0.0129
20.5720;-0.0516
20.5730;-0.0677
20.5740;-0.0258
20.5750;0.0451
20.5760;0.0741
20.5770;0.0226
20.5780;-0.0258
20.5790;-0.0580
20.5800;-0.0838
20.5810;-0.0741
20.5820;0.0032
20.5830;0.0548
20.5840;0.0806
20.5850;0.0870
20.5860;0.0451
20.5870;-0.0354
20.5880;-0.0483
20.5890;-0.0580
20.5900;-0.0354
20.5910;0.0064
20.5920;0.0097
20.5930;-0.0129
20.5940;0.0032
20.5950;0.0193
20.5960;0.0064
20.5970;0.0000
20.5980;0.0129
20.5990;0.0258
20.6000;0.0290
20.6010;0.0064
20.6020;-0.0097
20.6030;0.0064
20.6040;0.0097
20.6050;0.0000
20.6060;-0.0032
20.6070;0.0064
20.6080;0.0226
20.6090;0.0580
20.6100;0.0483
20.6110;0.0451
20.6120;0.0161
20.6130;-0.0064
20.6140;-0.0387
20.6150;-0.0677
20.6160;-0.0999
20.6170;-0.0838
20.6180;-0.0226
20.6190;0.0097
20.6200;0.0064
20.6210;0.0032
20.6220;0.0097
20.6230;-0.0129
20.6240;-0.0516
20.6250;-0.0451
20.6260;-0.0226
20.6270;0.0032
20.6280;0.0226
20.6290;0.0322
20.6300;0.0258
20.6310;0.0129
20.6320;0.0129
20.6330;0.0097
20.6340;0.0064
20.6350;0.0097
20.6360;0.0097
20.6370;0.0032
20.6380;0.0097
20.6390;0.0097
20.6400;0.0032
20.6410;0.0064
20.6420;0.0161
20.6430;0.0161
20.6440;0.0097
20.6450;-0.0129
20.6460;-0.0064
20.6470;-0.0129
20.6480;-0.0129
20.6490;0.0161
20.6500;0.0451
20.6510;0.0548
20.6520;0.0322
20.6530;0.0097
20.6540;0.0129
20.6550;0.0097
20.6560;0.0193
20.6570;-0.1063
20.6580;-0.1257
20.6590;-0.1289
20.6600;-0.0677
20.6610;0.0258
20.6620;0.0612
20.6630;0.1289
20.6640;0.1450
20.6650;0.0870
20.6660;0.0032
20.6670;-0.1321
20.6680;-0.1644
20.6690;-0.1386
20.6700;-0.0902
20.6710;-0.0322
20.6720;-0.0064
20.6730;0.0000
20.6740;0.0290
20.6750;0.0580
20.6760;0.0645
20.6770;0.0483
20.6780;0.0387
20.6790;0.0387
20.6800;0.0322
20.6810;0.0161
20.6820;-0.0032
20.6830;-0.0129
20.6840;0.0064
20.6850;0.0129
20.6860;0.0226
20.6870;0.0000
20.6880;-0.0258
20.6890;-0.0290
20.6900;-0.0161
20.6910;0.0097
20.6920;0.0226
20.6930;0.0032
20.6940;-0.0032
20.6950;-0.0161
20.6960;-0.0032
20.6970;0.0000
20.6980;0.0097
20.6990;0.0097
20.7000;0.0097
20.7010;0.0064
20.7020;0.0097
20.7030;0.0290
20.7040;0.0193
20.7050;-0.0032
20.7060;-0.0387
20.7070;-0.0226
20.7080;0.0097
20.7090;-0.0129
20.7100;-0.0290
20.7110;-0.0322
20.7120;0.0161
20.7130;0.0161
20.7140;0.0193
20.7150;0.0354
20.7160;0.0322
20.7170;-0.0032
20.7180;-0.0516
20.7190;-0.0612
20.7200;-0.0258
20.7210;-0.0580
20.7220;-0.0483
20.7230;0.0032
20.7240;0.0322
20.7250;0.0419
20.7260;0.0645
20.7270;0.0548
20.7280;-0.0032
20.7290;-0.0129
20.7300;-0.0290
20.7310;-0.0483
20.7320;-0.0451
20.7330;-0.0161
20.7340;0.0129
20.7350;0.0129
20.7360;0.0161
20.7370;0.0226
20.7380;0.0226
20.7390;0.0258
20.7400;0.0193
20.7410;0.0161
20.7420;0.0193
20.7430;0.0290
20.7440;0.0097
20.7450;-0.0064
20.7460;0.0064
20.7470;0.0097
20.7480;0.0097
20.7490;-0.0032
20.7500;0.0097
20.7510;0.0354
20.7520;-0.0226
20.7530;-0.0677
20.7540;-0.0548
20.7550;-0.0032
20.7560;0.0129
20.7570;-0.0064
20.7580;-0.0226
20.7590;-0.0193
20.7600;-0.0032
20.7610;-0.0129
20.7620;0.0032
20.7630;0.0580
20.7640;0.0354
20.7650;-0.0161
20.7660;-0.0290
20.7670;0.0000
20.7680;0.0097
20.7690;0.0226
20.7700;0.0290
20.7710;-0.0258
20.7720;-0.0483
20.7730;-0.0773
20.7740;-0.0645
20.7750;-0.0064
20.7760;0.0322
20.7770;0.0483
20.7780;0.0226
20.7790;0.0032
20.7800;-0.0129
20.7810;-0.0258
20.7820;-0.0161
20.7830;-0.0129
20.7840;0.0064
20.7850;0.0290
20.7860;0.0354
20.7870;0.0161
20.7880;-0.0064
20.7890;-0.0161
20.7900;-0.0097
20.7910;-0.0032
20.7920;0.0032
20.7930;0.0193
20.7940;0.0064
20.7950;0.0161
20.7960;0.0322
20.7970;0.0129
20.7980;-0.0032
20.7990;-0.0129
20.8000;-0.0129
20.8010;0.0000
20.8020;0.0258
20.8030;0.0097
20.8040;-0.0129
20.8050;-0.0032
20.8060;-0.0032
20.8070;-0.0097
20.8080;-0.0064
20.8090;0.0290
20.8100;0.0354
20.8110;0.0290
20.8120;0.0226
20.8130;-0.0032
20.8140;-0.0387
20.8150;-0.0580
20.8160;-0.0645
20.8170;-0.0483
20.8180;-0.0387
20.8190;0.0129
20.8200;0.0226
20.8210;0.0387
20.8220;0.0193
20.8230;-0.0451
20.8240;-0.0516
20.8250;-0.0322
20.8260;0.0000
20.8270;0.0064
20.8280;0.0193
20.8290;0.0129
20.8300;0.0387
20.8310;0.0387
20.8320;0.0226
20.8330;0.0097
20.8340;0.0000
20.8350;-0.0097
20.8360;-0.0064
20.8370;0.0193
20.8380;0.0516
20.8390;0.0387
20.8400;0.0419
20.8410;0.0290
20.8420;0.0097
20.8430;0.0097
20.8440;-0.0677
20.8450;-0.1192
20.8460;-0.0967
20.8470;-0.0741
20.8480;-0.0193
20.8490;0.0161
20.8500;0.0193
20.8510;0.0129
20.8520;0.0161
20.8530;0.0322
20.8540;0.0258
20.8550;0.0290
20.8560;0.0129
20.8570;-0.0129
20.8580;-0.0226
20.8590;-0.0129
20.8600;0.0064
20.8610;0.0097
20.8620;0.0161
20.8630;0.0193
20.8640;0.0161
20.8650;0.0290
20.8660;0.0258
20.8670;0.0451
20.8680;-0.0161
20.8690;-0.0580
20.8700;-0.0322
20.8710;-0.0064
20.8720;-0.0129
20.8730;-0.0161
20.8740;0.0097
20.8750;0.0322
20.8760;0.0387
20.8770;0.0032
20.8780;-0.0322
20.8790;-0.0419
20.8800;-0.0032
20.8810;0.0193
20.8820;0.0451
20.8830;0.0226
20.8840;-0.0129
20.8850;-0.0387
20.8860;-0.0258
20.8870;-0.0226
20.8880;-0.0193
20.8890;-0.0354
20.8900;-0.0226
20.8910;-0.0064
20.8920;0.0193
20.8930;0.0387
20.8940;0.0451
20.8950;0.0290
20.8960;0.0000
20.8970;-0.0161
20.8980;-0.0193
20.8990;-0.0129
20.9000;-0.0032
20.9010;0.0193
20.9020;0.0419
20.9030;0.0516
20.9040;0.0226
20.9050;-0.0193
20.9060;-0.0161
20.9070;-0.0290
20.9080;-0.0290
20.9090;-0.0483
20.9100;-0.0516
20.9110;-0.0097
20.9120;-0.0129
20.9130;-0.0258
20.9140;-0.0193
20.9150;0.0032
20.9160;0.0419
20.9170;0.0645
20.9180;0.0354
20.9190;0.0193
20.9200;0.0000
20.9210;-0.0322
20.9220;-0.0516
20.9230;-0.0548
20.9240;-0.0161
20.9250;0.0226
20.9260;0.0290
20.9270;0.0226
20.9280;0.0226
20.9290;0.0387
20.9300;0.0773
20.9310;0.0645
20.9320;0.0516
20.9330;0.0064
20.9340;-0.0516
20.9350;-0.0354
20.9360;-0.0645
20.9370;-0.0483
20.9380;-0.0387
20.9390;-0.0032
20.9400;0.0064
20.9410;-0.0161
20.9420;-0.0483
20.9430;-0.0226
20.9440;-0.0032
20.9450;0.0226
20.9460;0.0451
20.9470;0.0290
20.9480;0.0322
20.9490;0.0290
20.9500;0.0193
20.9510;0.0000
20.9520;-0.0516
20.9530;-0.0709
20.9540;-0.0548
20.9550;-0.0290
20.9560;0.0129
20.9570;0.0290
20.9580;0.0354
20.9590;0.0387
20.9600;0.0258
20.9610;0.0032
20.9620;-0.0097
20.9630;-0.0097
20.9640;0.0387
20.9650;0.0838
20.9660;0.0741
20.9670;0.0258
20.9680;-0.0322
20.9690;-0.0677
20.9700;-0.0967
20.9710;-0.1031
20.9720;-0.0612
20.9730;-0.0354
20.9740;0.0193
20.9750;0.0451
20.9760;0.0322
20.9770;0.0258
20.9780;0.0032
20.9790;0.0097
20.9800;0.0032
20.9810;0.0258
20.9820;0.0354
20.9830;0.0000
20.9840;-0.0097
20.9850;-0.0290
20.9860;-0.0354
20.9870;-0.0290
20.9880;-0.0129
20.9890;0.0193
20.9900;0.0451
20.9910;0.0612
20.9920;0.0387
20.9930;0.0064
20.9940;-0.0097
20.9950;-0.0290
20.9960;-0.0258
20.9970;-0.0226
20.9980;-0.0032
20.9990;0.0000
21.0000;0.0226
21.0010;0.0129
21.0020;-0.0032
21.0030;-0.0161
21.0040;-0.0129
21.0050;0.0000
21.0060;0.0064
21.0070;0.0032
21.0080;-0.0129
21.0090;-0.0161
21.0100;0.0064
21.0110;0.0226
21.0120;0.0129
21.0130;-0.0032
21.0140;-0.0064
21.0150;0.0097
21.0160;0.0097
21.0170;0.0064
21.0180;0.0064
21.0190;0.0032
21.0200;-0.0064
21.0210;-0.0226
21.0220;-0.0258
21.0230;-0.0161
21.0240;-0.0064
21.0250;0.0193
21.0260;0.0483
21.0270;0.0612
21.0280;0.0483
21.0290;0.0322
21.0300;0.0064
21.0310;-0.0419
21.0320;-0.0967
21.0330;-0.0935
21.0340;-0.0290
21.0350;-0.0161
21.0360;-0.0064
21.0370;-0.0032
21.0380;0.0000
21.0390;0.0193
21.0400;0.0193
21.0410;0.0226
21.0420;0.0161
21.0430;0.0290
21.0440;0.0226
21.0450;0.0000
21.0460;-0.0258
21.0470;-0.0322
21.0480;0.0064
21.0490;0.0612
21.0500;0.0548
21.0510;0.0548
21.0520;-0.0064
21.0530;-0.0612
21.0540;-0.0387
21.0550;-0.0193
21.0560;0.0000
21.0570;0.0032
21.0580;0.0226
21.0590;0.0580
21.0600;0.0226
21.0610;0.0161
21.0620;-0.0354
21.0630;-0.0806
21.0640;-0.0838
21.0650;-0.0935
21.0660;-0.0741
21.0670;-0.0451
21.0680;0.0000
21.0690;0.0290
21.0700;0.0258
21.0710;0.0354
21.0720;0.0226
21.0730;0.0451
21.0740;0.0773
21.0750;0.0902
21.0760;0.0387
21.0770;0.0032
21.0780;-0.0322
21.0790;-0.0419
21.0800;-0.0322
21.0810;-0.0322
21.0820;0.0000
21.0830;-0.0032
21.0840;0.0129
21.0850;0.0516
21.0860;0.0773
21.0870;0.0354
21.0880;-0.0097
21.0890;-0.0387
21.0900;-0.0354
21.0910;-0.0354
21.0920;-0.0645
21.0930;-0.0580
21.0940;-0.0290
21.0950;-0.0032
21.0960;0.0129
21.0970;0.0193
21.0980;0.0193
21.0990;0.0193
21.1000;0.0097
21.1010;0.0258
21.1020;0.0226
21.1030;0.0226
21.1040;-0.0129
21.1050;-0.0290
21.1060;-0.0032
21.1070;0.0612
21.1080;0.0967
21.1090;0.0709
21.1100;-0.0580
21.1110;-0.1192
21.1120;-0.1160
21.1130;-0.0612
21.1140;-0.0161
21.1150;0.0193
21.1160;0.0387
21.1170;0.0451
21.1180;0.0451
21.1190;0.0129
21.1200;-0.0226
21.1210;-0.0322
21.1220;-0.0193
21.1230;-0.0193
21.1240;0.0032
21.1250;-0.0032
21.1260;0.0064
21.1270;0.0097
21.1280;0.0161
21.1290;0.0097
21.1300;0.0097
21.1310;0.0354
21.1320;0.0483
21.1330;0.0645
21.1340;0.0354
21.1350;0.0097
21.1360;-0.0387
21.1370;-0.0902
21.1380;-0.0580
21.1390;-0.0419
21.1400;-0.0354
21.1410;-0.0032
21.1420;0.0000
21.1430;-0.0129
21.1440;0.0129
21.1450;0.0548
21.1460;0.0483
21.1470;0.0193
21.1480;0.0032
21.1490;-0.0064
21.1500;0.0129
21.1510;0.0483
21.1520;0.0322
21.1530;-0.0258
21.1540;-0.0612
21.1550;-0.0516
21.1560;-0.0322
21.1570;-0.0387
21.1580;0.0000
21.1590;0.0161
21.1600;0.0032
21.1610;0.0097
21.1620;0.0354
21.1630;0.0419
21.1640;0.0226
21.1650;0.0161
21.1660;0.0032
21.1670;-0.0677
21.1680;-0.0709
21.1690;-0.0387
21.1700;0.0000
21.1710;0.0677
21.1720;0.0741
21.1730;0.0419
21.1740;0.0000
21.1750;-0.0419
21.1760;-0.0580
21.1770;-0.0419
21.1780;-0.0064
21.1790;0.0097
21.1800;0.0000
21.1810;0.0129
21.1820;0.0451
21.1830;-0.0129
21.1840;-0.0612
21.1850;-0.0516
21.1860;-0.0097
21.1870;0.0097
21.1880;0.0161
21.1890;0.0097
21.1900;0.0193
21.1910;0.0193
21.1920;0.0226
21.1930;0.0097
21.1940;0.0129
21.1950;0.0129
21.1960;0.0097
21.1970;0.0000
21.1980;0.0064
21.1990;-0.0064
21.2000;-0.0064
21.2010;-0.0032
21.2020;-0.0032
21.2030;-0.0097
21.2040;0.0000
21.2050;-0.0032
21.2060;0.0032
21.2070;-0.0032
21.2080;0.0000
21.2090;0.0064
21.2100;0.0097
21.2110;0.0064
21.2120;0.0064
21.2130;0.0000
21.2140;-0.0032
21.2150;0.0193
21.2160;0.0193
21.2170;0.0000
21.2180;-0.0161
21.2190;-0.0419
21.2200;-0.0451
21.2210;-0.0258
21.2220;0.0258
21.2230;0.0322
21.2240;0.0097
21.2250;0.0193
21.2260;0.0193
21.2270;0.0032
21.2280;-0.0032
21.2290;-0.0129
21.2300;-0.0226
21.2310;-0.0193
21.2320;-0.0290
21.2330;-0.0387
21.2340;-0.0193
21.2350;-0.0064
21.2360;-0.0226
21.2370;-0.0032
21.2380;0.0193
21.2390;0.0258
21.2400;0.0451
21.2410;-0.0097
21.2420;-0.0097
21.2430;0.0129
21.2440;0.0322
21.2450;0.0387
21.2460;0.0226
21.2470;0.0129
21.2480;-0.0129
21.2490;-0.0516
21.2500;-0.0773
21.2510;-0.0580
21.2520;-0.0129
21.2530;0.0032
21.2540;0.0193
21.2550;0.0193
21.2560;0.0193
21.2570;0.0258
21.2580;0.0322
21.2590;0.0290
21.2600;0.0000
21.2610;-0.0161
21.2620;-0.0193
21.2630;-0.0129
21.2640;-0.0161
21.2650;0.0000
21.2660;0.0000
21.2670;0.0064
21.2680;0.0032
21.2690;0.0000
21.2700;0.0000
21.2710;0.0064
21.2720;0.0097
21.2730;0.0290
21.2740;0.0451
21.2750;0.0483
21.2760;0.0387
21.2770;0.0032
21.2780;-0.0354
21.2790;-0.0548
21.2800;-0.0290
21.2810;-0.0258
21.2820;-0.0290
21.2830;-0.0290
21.2840;0.0193
21.2850;0.0387
21.2860;0.0129
21.2870;-0.0258
21.2880;-0.0387
21.2890;-0.0387
21.2900;-0.0451
21.2910;-0.0354
21.2920;0.0097
21.2930;0.0354
21.2940;0.0322
21.2950;0.0354
21.2960;0.0290
21.2970;0.0709
21.2980;0.0741
21.2990;0.0387
21.3000;0.0290
21.3010;0.0322
21.3020;-0.0451
21.3030;-0.0870
21.3040;-0.1160
21.3050;-0.1354
21.3060;-0.0870
21.3070;-0.0129
21.3080;0.0483
21.3090;0.0483
21.3100;0.0161
21.3110;0.0193
21.3120;0.0000
21.3130;0.0226
21.3140;0.0451
21.3150;0.0354
21.3160;0.0097
21.3170;-0.0097
21.3180;-0.0161
21.3190;-0.0064
21.3200;0.0129
21.3210;0.0032
21.3220;0.0354
21.3230;0.0645
21.3240;0.0580
21.3250;0.0387
21.3260;0.0000
21.3270;-0.0387
21.3280;-0.0741
21.3290;-0.0677
21.3300;-0.0612
21.3310;-0.0419
21.3320;-0.0193
21.3330;-0.0032
21.3340;0.0097
21.3350;0.0000
21.3360;0.0032
21.3370;0.0193
21.3380;0.0290
21.3390;0.0226
21.3400;0.0161
21.3410;0.0129
21.3420;0.0097
21.3430;0.0064
21.3440;0.0032
21.3450;0.0226
21.3460;0.0645
21.3470;0.0516
21.3480;0.0032
21.3490;-0.0580
21.3500;-0.0516
21.3510;-0.0612
21.3520;-0.0451
21.3530;-0.0193
21.3540;-0.0161
21.3550;-0.0032
21.3560;0.0097
21.3570;0.0290
21.3580;0.0419
21.3590;0.0064
21.3600;-0.0516
21.3610;-0.0516
21.3620;0.0000
21.3630;0.0097
21.3640;0.0354
21.3650;0.0483
21.3660;0.0322
21.3670;0.0161
21.3680;-0.0161
21.3690;-0.0258
21.3700;-0.0129
21.3710;-0.0129
21.3720;-0.0064
21.3730;0.0000
21.3740;-0.0097
21.3750;-0.0548
21.3760;-0.0580
21.3770;0.0000
21.3780;0.0645
21.3790;0.0838
21.3800;0.0516
21.3810;-0.0064
21.3820;-0.0483
21.3830;-0.0387
21.3840;0.0097
21.3850;0.0322
21.3860;0.0483
21.3870;0.0193
21.3880;-0.0548
21.3890;-0.0999
21.3900;-0.0645
21.3910;0.0161
21.3920;0.0483
21.3930;0.0064
21.3940;-0.0129
21.3950;-0.0064
21.3960;0.0097
21.3970;0.0064
21.3980;0.0258
21.3990;0.0097
21.4000;0.0097
21.4010;0.0064
21.4020;-0.0064
21.4030;-0.0064
21.4040;-0.0097
21.4050;0.0097
21.4060;0.0129
21.4070;0.0064
21.4080;-0.0129
21.4090;-0.0064
21.4100;0.0226
21.4110;0.0451
21.4120;0.0226
21.4130;-0.0451
21.4140;-0.0709
21.4150;-0.0516
21.4160;-0.0226
21.4170;0.0064
21.4180;0.0129
21.4190;0.0226
21.4200;0.0226
21.4210;0.0226
21.4220;0.0129
21.4230;0.0064
21.4240;-0.0161
21.4250;-0.0193
21.4260;0.0000
21.4270;0.0064
21.4280;0.0129
21.4290;0.0193
21.4300;-0.0032
21.4310;-0.0290
21.4320;-0.0193
21.4330;-0.0097
21.4340;-0.0032
21.4350;0.0000
21.4360;0.0097
21.4370;0.0226
21.4380;0.0290
21.4390;0.0226
21.4400;0.0097
21.4410;-0.0032
21.4420;-0.0161
21.4430;-0.0161
21.4440;-0.0032
21.4450;0.0032
21.4460;0.0226
21.4470;0.0483
21.4480;0.0483
21.4490;-0.0064
21.4500;-0.0387
21.4510;-0.0773
21.4520;-0.0709
21.4530;-0.0483
21.4540;-0.0129
21.4550;0.0516
21.4560;0.0999
21.4570;0.0161
21.4580;-0.0806
21.4590;-0.1096
21.4600;-0.0838
21.4610;-0.0290
21.4620;-0.0032
21.4630;0.0290
21.4640;0.0419
21.4650;0.0354
21.4660;0.0387
21.4670;0.0645
21.4680;0.0387
21.4690;0.0097
21.4700;-0.0645
21.4710;-0.0773
21.4720;-0.0419
21.4730;0.0064
21.4740;0.0290
21.4750;0.0548
21.4760;0.0741
21.4770;0.0516
21.4780;0.0226
21.4790;-0.0322
21.4800;-0.0548
21.4810;-0.0516
21.4820;-0.0322
21.4830;0.0097
21.4840;0.0097
21.4850;0.0064
21.4860;0.0129
21.4870;0.0097
21.4880;0.0064
21.4890;-0.0032
21.4900;-0.0097
21.4910;0.0032
21.4920;0.0226
21.4930;0.0387
21.4940;0.0516
21.4950;0.0580
21.4960;0.0322
21.4970;-0.0129
21.4980;-0.0322
21.4990;-0.0387
21.5000;-0.0516
21.5010;-0.0612
21.5020;-0.0773
21.5030;-0.0677
21.5040;-0.0161
21.5050;0.0226
21.5060;0.0419
21.5070;0.0226
21.5080;-0.0290
21.5090;-0.0258
21.5100;-0.0387
21.5110;0.0032
21.5120;0.0226
21.5130;0.0258
21.5140;0.0226
21.5150;0.0226
21.5160;0.0258
21.5170;0.0258
21.5180;0.0161
21.5190;0.0032
21.5200;0.0193
21.5210;0.0129
21.5220;-0.0258
21.5230;-0.0483
21.5240;-0.0483
21.5250;0.0258
21.5260;0.0645
21.5270;0.0290
21.5280;-0.0129
21.5290;0.0000
21.5300;0.0161
21.5310;0.0000
21.5320;0.0290
21.5330;-0.0064
21.5340;-0.0064
21.5350;0.0226
21.5360;-0.0129
21.5370;-0.0548
21.5380;-0.0387
21.5390;0.0000
21.5400;0.0129
21.5410;-0.0290
21.5420;-0.0773
21.5430;-0.0741
21.5440;-0.0387
21.5450;-0.0064
21.5460;0.0387
21.5470;0.0451
21.5480;0.0387
21.5490;0.0322
21.5500;0.0258
21.5510;0.0193
21.5520;0.0129
21.5530;0.0097
21.5540;0.0193
21.5550;0.0387
21.5560;0.0483
21.5570;0.0097
21.5580;-0.0322
21.5590;-0.0516
21.5600;-0.0516
21.5610;-0.0419
21.5620;-0.0322
21.5630;-0.0129
21.5640;0.0000
21.5650;0.0032
21.5660;0.0193
21.5670;0.0226
21.5680;0.0258
21.5690;0.0193
21.5700;0.0032
21.5710;-0.0161
21.5720;-0.0161
21.5730;-0.0161
21.5740;0.0000
21.5750;0.0097
21.5760;0.0129
21.5770;0.0258
21.5780;0.0483
21.5790;0.0677
21.5800;0.0483
21.5810;0.0354
21.5820;0.0483
21.5830;0.0129
21.5840;-0.0806
21.5850;-0.1096
21.5860;-0.0516
21.5870;-0.0419
21.5880;-0.0097
21.5890;-0.0451
21.5900;-0.0354
21.5910;-0.0419
21.5920;-0.0322
21.5930;0.0032
21.5940;0.0129
21.5950;0.0451
21.5960;0.0451
21.5970;-0.0451
21.5980;-0.0645
21.5990;-0.0226
21.6000;0.0032
21.6010;0.0193
21.6020;0.0258
21.6030;0.0387
21.6040;0.0322
21.6050;0.0226
21.6060;0.0129
21.6070;0.0161
21.6080;0.0129
21.6090;0.0032
21.6100;0.0064
21.6110;0.0097
21.6120;-0.0032
21.6130;0.0032
21.6140;0.0032
21.6150;0.0000
21.6160;0.0064
21.6170;0.0129
21.6180;0.0322
21.6190;0.0226
21.6200;0.0097
21.6210;-0.0032
21.6220;-0.0129
21.6230;-0.0129
21.6240;0.0032
21.6250;0.0097
21.6260;0.0354
21.6270;0.0064
21.6280;-0.0322
21.6290;-0.0935
21.6300;-0.0806
21.6310;-0.0290
21.6320;0.0226
21.6330;0.0258
21.6340;0.0322
21.6350;0.0226
21.6360;0.0129
21.6370;-0.0387
21.6380;-0.0516
21.6390;-0.0548
21.6400;-0.0258
21.6410;-0.0419
21.6420;-0.0516
21.6430;-0.0354
21.6440;0.0097
21.6450;0.0612
21.6460;0.0741
21.6470;0.0516
21.6480;0.0226
21.6490;-0.0032
21.6500;0.0322
21.6510;0.0161
21.6520;-0.0129
21.6530;0.0000
21.6540;0.0097
21.6550;0.0064
21.6560;0.0097
21.6570;0.0161
21.6580;0.0129
21.6590;-0.0097
21.6600;-0.0226
21.6610;-0.0193
21.6620;-0.0258
21.6630;-0.0129
21.6640;-0.0032
21.6650;0.0032
21.6660;0.0129
21.6670;0.0161
21.6680;0.0226
21.6690;0.0290
21.6700;0.0258
21.6710;0.0226
21.6720;0.0161
21.6730;-0.0129
21.6740;-0.0290
21.6750;-0.0548
21.6760;-0.0645
21.6770;-0.0387
21.6780;-0.0064
21.6790;0.0193
21.6800;0.0193
21.6810;0.0064
21.6820;0.0097
21.6830;0.0226
21.6840;0.0129
21.6850;0.0258
21.6860;0.0000
21.6870;-0.0226
21.6880;-0.0064
21.6890;-0.0161
21.6900;-0.0193
21.6910;0.0032
21.6920;-0.0129
21.6930;0.0000
21.6940;-0.0419
21.6950;-0.0806
21.6960;-0.0387
21.6970;0.0000
21.6980;0.0161
21.6990;0.0290
21.7000;0.0226
21.7010;0.0161
21.7020;0.0193
21.7030;0.0064
21.7040;0.0483
21.7050;0.0580
21.7060;0.0548
21.7070;0.0226
21.7080;-0.0387
21.7090;-0.0322
21.7100;-0.0387
21.7110;-0.0580
21.7120;-0.0387
21.7130;0.0000
21.7140;-0.0193
21.7150;-0.0322
21.7160;-0.0064
21.7170;0.0387
21.7180;0.0612
21.7190;0.0290
21.7200;0.0322
21.7210;0.0129
21.7220;0.0000
21.7230;-0.0161
21.7240;-0.0161
21.7250;-0.0064
21.7260;-0.0387
21.7270;-0.0612
21.7280;-0.0451
21.7290;-0.0387
21.7300;-0.0097
21.7310;0.0129
21.7320;0.0129
21.7330;0.0161
21.7340;0.0483
21.7350;0.0483
21.7360;0.0387
21.7370;0.0290
21.7380;0.0097
21.7390;0.0097
21.7400;0.0290
21.7410;0.0387
21.7420;0.0419
21.7430;0.0387
21.7440;0.0226
21.7450;-0.0322
21.7460;-0.1257
21.7470;-0.1482
21.7480;-0.0967
21.7490;-0.0483
21.7500;-0.0129
21.7510;0.0129
21.7520;0.0322
21.7530;0.0322
21.7540;0.0387
21.7550;0.0387
21.7560;0.0387
21.7570;0.0354
21.7580;0.0226
21.7590;0.0097
21.7600;-0.0032
21.7610;-0.0226
21.7620;-0.0193
21.7630;-0.0064
21.7640;0.0097
21.7650;0.0419
21.7660;0.0838
21.7670;0.0773
21.7680;0.0709
21.7690;0.0064
21.7700;-0.0999
21.7710;-0.1515
21.7720;-0.1160
21.7730;-0.0387
21.7740;0.0580
21.7750;0.0612
21.7760;0.0032
21.7770;-0.0612
21.7780;-0.0677
21.7790;-0.0354
21.7800;-0.0064
21.7810;0.0097
21.7820;0.0290
21.7830;0.0354
21.7840;0.0419
21.7850;0.0322
21.7860;0.0290
21.7870;0.0129
21.7880;0.0000
21.7890;0.0097
21.7900;0.0193
21.7910;0.0193
21.7920;0.0226
21.7930;0.0064
21.7940;-0.0097
21.7950;-0.0161
21.7960;-0.0161
21.7970;-0.0032
21.7980;-0.0193
21.7990;-0.0580
21.8000;-0.0387
21.8010;0.0193
21.8020;0.0290
21.8030;-0.0387
21.8040;-0.0677
21.8050;-0.0645
21.8060;-0.0129
21.8070;0.0290
21.8080;0.0612
21.8090;0.0612
21.8100;0.0226
21.8110;-0.0193
21.8120;-0.0322
21.8130;-0.0322
21.8140;-0.0064
21.8150;0.0290
21.8160;0.0387
21.8170;0.0290
21.8180;0.0097
21.8190;0.0161
21.8200;0.0000
21.8210;-0.0258
21.8220;-0.0226
21.8230;0.0032
21.8240;0.0129
21.8250;0.0290
21.8260;0.0193
21.8270;0.0032
21.8280;-0.0226
21.8290;-0.0258
21.8300;0.0419
21.8310;0.0773
21.8320;0.0354
21.8330;-0.0032
21.8340;-0.0129
21.8350;-0.0548
21.8360;-0.1579
21.8370;-0.1998
21.8380;-0.0902
21.8390;0.0032
21.8400;0.0258
21.8410;0.0387
21.8420;0.0483
21.8430;0.0645
21.8440;0.0580
21.8450;0.0483
21.8460;0.0354
21.8470;0.0193
21.8480;-0.0032
21.8490;-0.0129
21.8500;-0.0193
21.8510;0.0161
21.8520;0.0419
21.8530;0.0451
21.8540;0.0032
21.8550;-0.0483
21.8560;-0.0741
21.8570;-0.0354
21.8580;-0.0032
21.8590;-0.0097
21.8600;-0.0161
21.8610;-0.0064
21.8620;0.0064
21.8630;0.0387
21.8640;0.0483
21.8650;0.0483
21.8660;0.0193
21.8670;-0.0129
21.8680;-0.0193
21.8690;-0.0161
21.8700;-0.0161
21.8710;-0.0193
21.8720;-0.0129
21.8730;0.0064
21.8740;0.0000
21.8750;-0.0032
21.8760;-0.0064
21.8770;-0.0258
21.8780;-0.0258
21.8790;-0.0258
21.8800;-0.0064
21.8810;0.0000
21.8820;0.0161
21.8830;0.0322
21.8840;0.0290
21.8850;0.0354
21.8860;0.0129
21.8870;-0.0129
21.8880;-0.0129
21.8890;-0.0258
21.8900;-0.0097
21.8910;0.0032
21.8920;0.0064
21.8930;0.0129
21.8940;0.0097
21.8950;0.0032
21.8960;0.0387
21.8970;0.0387
21.8980;0.0354
21.8990;0.0097
21.9000;-0.0129
21.9010;-0.0516
21.9020;-0.0677
21.9030;-0.0387
21.9040;-0.0226
21.9050;-0.0097
21.9060;0.0032
21.9070;0.0032
21.9080;0.0064
21.9090;0.0032
21.9100;0.0064
21.9110;0.0129
21.9120;0.0193
21.9130;0.0064
21.9140;0.0387
21.9150;0.0000
21.9160;-0.0387
21.9170;-0.0226
21.9180;0.0129
21.9190;0.0451
21.9200;0.0290
21.9210;-0.0161
21.9220;-0.0290
21.9230;-0.0064
21.9240;0.0161
21.9250;0.0548
21.9260;0.0290
21.9270;-0.0129
21.9280;-0.0161
21.9290;-0.0354
21.9300;-0.0387
21.9310;-0.0097
21.9320;0.0516
21.9330;0.0322
21.9340;-0.0290
21.9350;-0.0677
21.9360;-0.0516
21.9370;-0.0290
21.9380;-0.0161
21.9390;0.0129
21.9400;0.0387
21.9410;0.0483
21.9420;0.0483
21.9430;0.0226
21.9440;0.0193
21.9450;0.0226
21.9460;-0.0064
21.9470;-0.0258
21.9480;0.0032
21.9490;0.0032
21.9500;-0.0097
21.9510;-0.0354
21.9520;-0.0354
21.9530;0.0032
21.9540;0.0129
21.9550;0.0097
21.9560;-0.0097
21.9570;-0.0258
21.9580;-0.0258
21.9590;-0.0419
21.9600;-0.0129
21.9610;0.0226
21.9620;0.0193
21.9630;0.0032
21.9640;-0.0032
21.9650;0.0258
21.9660;0.1096
21.9670;0.1418
21.9680;0.1482
21.9690;0.1160
21.9700;-0.0032
21.9710;-0.1354
21.9720;-0.2643
21.9730;-0.2933
21.9740;-0.1644
21.9750;-0.0258
21.9760;0.0419
21.9770;0.0580
21.9780;0.0580
21.9790;0.0580
21.9800;0.0290
21.9810;0.0258
21.9820;0.0387
21.9830;0.0290
21.9840;0.0451
21.9850;0.0645
21.9860;0.0451
21.9870;0.0290
21.9880;0.0193
21.9890;0.0290
21.9900;0.0483
21.9910;-0.0064
21.9920;-0.0773
21.9930;-0.1160
21.9940;-0.0806
21.9950;-0.0516
21.9960;-0.0322
21.9970;-0.0258
21.9980;-0.0161
21.9990;-0.0032
22.0000;0.0097
22.0010;0.0290
22.0020;0.0419
22.0030;0.0516
22.0040;0.0483
22.0050;0.0677
22.0060;0.0387
22.0070;-0.0322
22.0080;-0.0322
22.0090;-0.0290
22.0100;-0.0258
22.0110;-0.0258
22.0120;-0.0161
22.0130;-0.0097
22.0140;0.0064
22.0150;0.0193
22.0160;0.0483
22.0170;0.0612
22.0180;0.1547
22.0190;0.2095
22.0200;0.1482
22.0210;0.0226
22.0220;-0.1547
22.0230;-0.2675
22.0240;-0.2707
22.0250;-0.2127
22.0260;-0.1257
22.0270;-0.0419
22.0280;0.0226
22.0290;0.0709
22.0300;0.1515
22.0310;0.1354
22.0320;0.0773
22.0330;0.0451
22.0340;0.0129
22.0350;-0.0483
22.0360;-0.0645
22.0370;0.0129
22.0380;0.1128
22.0390;0.0387
22.0400;-0.0387
22.0410;-0.0935
22.0420;-0.0193
22.0430;0.0419
22.0440;-0.1063
22.0450;-0.0935
22.0460;0.0226
22.0470;0.0999
22.0480;0.0677
22.0490;0.0129
22.0500;0.0129
22.0510;-0.0226
22.0520;-0.0967
22.0530;-0.0451
22.0540;0.0193
22.0550;0.0354
22.0560;0.0838
22.0570;0.0709
22.0580;-0.0483
22.0590;-0.1160
22.0600;-0.0838
22.0610;-0.0354
22.0620;0.0193
22.0630;0.0709
22.0640;0.0870
22.0650;0.0548
22.0660;-0.0097
22.0670;-0.0097
22.0680;-0.0129
22.0690;-0.0290
22.0700;-0.0483
22.0710;-0.0612
22.0720;-0.0451
22.0730;-0.0226
22.0740;0.0097
22.0750;0.0258
22.0760;0.0354
22.0770;0.0354
22.0780;0.0226
22.0790;0.0161
22.0800;0.0161
22.0810;0.0129
22.0820;0.0193
22.0830;0.0032
22.0840;0.0258
22.0850;0.0290
22.0860;0.0451
22.0870;0.0322
22.0880;-0.0226
22.0890;-0.0806
22.0900;-0.0870
22.0910;-0.0483
22.0920;0.0000
22.0930;0.0193
22.0940;0.0226
22.0950;0.0193
22.0960;0.0451
22.0970;0.0548
22.0980;0.0677
22.0990;0.0612
22.1000;-0.0097
22.1010;-0.1063
22.1020;-0.1289
22.1030;-0.1354
22.1040;-0.0902
22.1050;-0.0161
22.1060;0.0161
22.1070;0.0193
22.1080;0.0193
22.1090;0.0193
22.1100;0.0129
22.1110;0.0354
22.1120;0.0129
22.1130;0.0129
22.1140;0.0032
22.1150;0.0290
22.1160;0.0419
22.1170;0.0516
22.1180;0.0548
22.1190;0.0773
22.1200;0.0258
22.1210;-0.0193
22.1220;-0.0354
22.1230;-0.0548
22.1240;-0.0806
22.1250;-0.0870
22.1260;-0.0645
22.1270;-0.0483
22.1280;0.0097
22.1290;0.0483
22.1300;0.0354
22.1310;0.0032
22.1320;-0.0226
22.1330;-0.0483
22.1340;-0.0290
22.1350;-0.0193
22.1360;0.0290
22.1370;0.0967
22.1380;0.1031
22.1390;0.0935
22.1400;0.0161
22.1410;-0.0387
22.1420;-0.1063
22.1430;-0.1160
22.1440;-0.0677
22.1450;-0.0161
22.1460;0.0290
22.1470;0.0419
22.1480;0.0580
22.1490;0.0483
22.1500;-0.0064
22.1510;-0.0387
22.1520;-0.0354
22.1530;-0.0032
22.1540;0.0226
22.1550;0.0580
22.1560;0.0741
22.1570;0.0612
22.1580;0.0290
22.1590;-0.0032
22.1600;0.0064
22.1610;-0.0129
22.1620;-0.0580
22.1630;-0.0709
22.1640;-0.0322
22.1650;0.0000
22.1660;0.0064
22.1670;0.0032
22.1680;0.0064
22.1690;0.0032
22.1700;0.0354
22.1710;-0.0193
22.1720;-0.0806
22.1730;-0.0773
22.1740;-0.0064
22.1750;0.0516
22.1760;0.0612
22.1770;0.0354
22.1780;0.0612
22.1790;0.0612
22.1800;0.0193
22.1810;-0.0161
22.1820;-0.0709
22.1830;-0.0838
22.1840;-0.0580
22.1850;-0.0258
22.1860;0.0129
22.1870;0.0193
22.1880;0.0097
22.1890;0.0064
22.1900;0.0129
22.1910;0.0161
22.1920;0.0000
22.1930;-0.0097
22.1940;0.0097
22.1950;0.0548
22.1960;0.0387
22.1970;0.0064
22.1980;-0.0258
22.1990;-0.0612
22.2000;-0.0677
22.2010;-0.0612
22.2020;-0.0419
22.2030;0.0290
22.2040;0.0838
22.2050;0.0354
22.2060;0.0097
22.2070;0.0000
22.2080;-0.0129
22.2090;0.0226
22.2100;-0.0387
22.2110;-0.0516
22.2120;-0.0064
22.2130;0.0226
22.2140;0.0161
22.2150;0.0226
22.2160;0.0258
22.2170;0.0806
22.2180;0.0838
22.2190;0.0097
22.2200;0.0097
22.2210;0.0129
22.2220;-0.0548
22.2230;-0.0838
22.2240;-0.0773
22.2250;-0.0161
22.2260;0.0097
22.2270;0.0032
22.2280;0.0161
22.2290;0.0387
22.2300;0.0451
22.2310;0.0645
22.2320;0.0193
22.2330;-0.0129
22.2340;-0.0580
22.2350;-0.1321
22.2360;-0.1160
22.2370;-0.0741
22.2380;-0.0419
22.2390;-0.0097
22.2400;0.0129
22.2410;0.0483
22.2420;0.0226
22.2430;0.0097
22.2440;0.0226
22.2450;0.0354
22.2460;0.0258
22.2470;0.0387
22.2480;0.0645
22.2490;0.0516
22.2500;0.0387
22.2510;0.0000
22.2520;-0.0226
22.2530;-0.0129
22.2540;-0.0064
22.2550;0.0000
22.2560;-0.0129
22.2570;-0.0258
22.2580;0.0161
22.2590;-0.0032
22.2600;-0.0258
22.2610;0.0322
22.2620;0.0451
22.2630;0.0548
22.2640;0.0129
22.2650;-0.0741
22.2660;-0.0806
22.2670;-0.0354
22.2680;0.0322
22.2690;0.0773
22.2700;0.0935
22.2710;0.0161
22.2720;-0.1063
22.2730;-0.1354
22.2740;-0.1225
22.2750;-0.0129
22.2760;0.0677
22.2770;0.0709
22.2780;0.0354
22.2790;0.0064
22.2800;-0.0387
22.2810;-0.0806
22.2820;-0.0516
22.2830;0.0451
22.2840;0.0677
22.2850;0.1128
22.2860;0.1289
22.2870;0.0483
22.2880;-0.0645
22.2890;-0.1450
22.2900;-0.1386
22.2910;0.0032
22.2920;0.0741
22.2930;0.0226
22.2940;-0.0129
22.2950;-0.0161
22.2960;0.0999
22.2970;0.1321
22.2980;-0.0935
22.2990;-0.1418
22.3000;-0.0354
22.3010;0.0161
22.3020;-0.0354
22.3030;-0.0226
22.3040;0.0290
22.3050;0.0709
22.3060;0.0451
22.3070;-0.0193
22.3080;-0.0290
22.3090;-0.0226
22.3100;-0.0129
22.3110;0.0226
22.3120;0.0258
22.3130;0.0354
22.3140;0.0032
22.3150;-0.0290
22.3160;-0.0290
22.3170;-0.0097
22.3180;0.0064
22.3190;0.0064
22.3200;0.0193
22.3210;0.0226
22.3220;0.0097
22.3230;-0.0097
22.3240;-0.0354
22.3250;-0.0483
22.3260;-0.0354
22.3270;0.0161
22.3280;0.0451
22.3290;0.0354
22.3300;0.0097
22.3310;-0.0064
22.3320;-0.0097
22.3330;-0.0129
22.3340;-0.0129
22.3350;-0.0064
22.3360;0.0000
22.3370;-0.0064
22.3380;0.0387
22.3390;0.0580
22.3400;0.0709
22.3410;0.0741
22.3420;0.0064
22.3430;-0.0516
22.3440;-0.0709
22.3450;-0.0193
22.3460;0.0387
22.3470;-0.0419
22.3480;-0.1386
22.3490;-0.1160
22.3500;0.0000
22.3510;0.0483
22.3520;0.0580
22.3530;0.0354
22.3540;-0.0064
22.3550;-0.0097
22.3560;-0.0129
22.3570;0.0226
22.3580;0.0226
22.3590;0.0097
22.3600;0.0451
22.3610;0.0741
22.3620;0.1160
22.3630;0.1031
22.3640;0.0000
22.3650;-0.0902
22.3660;-0.1579
22.3670;-0.1998
22.3680;-0.1289
22.3690;-0.0806
22.3700;-0.0193
22.3710;0.0226
22.3720;0.0451
22.3730;0.0419
22.3740;0.0483
22.3750;0.0258
22.3760;0.0322
22.3770;0.0322
22.3780;0.0387
22.3790;0.0483
22.3800;0.0451
22.3810;0.0451
22.3820;0.0322
22.3830;0.0000
22.3840;0.0064
22.3850;0.0129
22.3860;0.0258
22.3870;0.0097
22.3880;-0.0451
22.3890;-0.0838
22.3900;-0.0709
22.3910;-0.0645
22.3920;-0.0645
22.3930;0.0097
22.3940;0.0677
22.3950;0.1257
22.3960;0.1063
22.3970;-0.0064
22.3980;-0.0290
22.3990;-0.0709
22.4000;-0.0870
22.4010;-0.0967
22.4020;-0.1063
22.4030;-0.0548
22.4040;0.0000
22.4050;0.0935
22.4060;0.1482
22.4070;0.1547
22.4080;0.1225
22.4090;0.0516
22.4100;0.0548
22.4110;-0.0773
22.4120;-0.1901
22.4130;-0.1708
22.4140;-0.1354
22.4150;-0.0902
22.4160;-0.0548
22.4170;0.0097
22.4180;0.0741
22.4190;0.0773
22.4200;0.0483
22.4210;0.0064
22.4220;0.0000
22.4230;0.0419
22.4240;0.0677
22.4250;0.0870
22.4260;0.0258
22.4270;0.0032
22.4280;-0.0645
22.4290;-0.0645
22.4300;-0.0258
22.4310;0.0097
22.4320;0.0451
22.4330;0.0161
22.4340;0.0741
22.4350;0.0838
22.4360;0.0387
22.4370;-0.0129
22.4380;-0.0516
22.4390;-0.0741
22.4400;-0.0387
22.4410;0.0419
22.4420;0.0741
22.4430;0.0870
22.4440;0.0064
22.4450;-0.1096
22.4460;-0.1257
22.4470;-0.0806
22.4480;-0.0226
22.4490;0.0483
22.4500;0.0161
22.4510;-0.0161
22.4520;-0.0516
22.4530;-0.0032
22.4540;0.0709
22.4550;0.1386
22.4560;0.1128
22.4570;0.0483
22.4580;-0.0193
22.4590;-0.0870
22.4600;-0.0902
22.4610;-0.1096
22.4620;-0.0516
22.4630;0.0129
22.4640;0.0451
22.4650;0.0483
22.4660;0.0097
22.4670;-0.0258
22.4680;-0.0645
22.4690;-0.0193
22.4700;0.0226
22.4710;0.0290
22.4720;0.0516
22.4730;0.0483
22.4740;0.0032
22.4750;-0.0419
22.4760;0.0097
22.4770;-0.0838
22.4780;-0.1257
22.4790;0.0032
22.4800;0.0806
22.4810;0.0741
22.4820;0.0387
22.4830;0.0258
22.4840;-0.0258
22.4850;-0.0451
22.4860;-0.0161
22.4870;-0.0129
22.4880;-0.0032
22.4890;-0.0258
22.4900;-0.0258
22.4910;-0.0064
22.4920;0.0258
22.4930;0.0226
22.4940;0.0451
22.4950;0.0193
22.4960;0.0580
22.4970;-0.0419
22.4980;-0.0322
22.4990;0.0129
22.5000;0.0322
22.5010;0.0935
22.5020;0.0032
22.5030;-0.1225
22.5040;-0.1225
22.5050;-0.0870
22.5060;-0.0677
22.5070;-0.0097
22.5080;0.0999
22.5090;0.0967
22.5100;0.0516
22.5110;0.0226
22.5120;0.0548
22.5130;0.0290
22.5140;-0.0322
22.5150;-0.0419
22.5160;-0.0483
22.5170;-0.0419
22.5180;-0.0322
22.5190;0.0064
22.5200;0.0387
22.5210;0.0516
22.5220;0.0548
22.5230;0.0387
22.5240;0.0354
22.5250;0.0097
22.5260;0.0097
22.5270;-0.0097
22.5280;-0.0226
22.5290;-0.0419
22.5300;-0.0419
22.5310;-0.0258
22.5320;-0.0645
22.5330;-0.0419
22.5340;0.0000
22.5350;-0.0129
22.5360;-0.0032
22.5370;0.0483
22.5380;0.0870
22.5390;0.1450
22.5400;0.2030
22.5410;0.0709
22.5420;-0.0548
22.5430;-0.1354
22.5440;-0.2030
22.5450;-0.1901
22.5460;-0.0967
22.5470;-0.0741
22.5480;-0.0226
22.5490;0.0387
22.5500;0.0935
22.5510;0.1031
22.5520;0.1160
22.5530;0.1128
22.5540;0.0838
22.5550;0.0129
22.5560;-0.0741
22.5570;-0.1160
22.5580;-0.0838
22.5590;-0.0290
22.5600;0.0258
22.5610;0.0290
22.5620;0.0161
22.5630;0.0129
22.5640;0.0645
22.5650;0.0773
22.5660;0.0387
22.5670;-0.0226
22.5680;-0.0773
22.5690;-0.1192
22.5700;-0.0709
22.5710;-0.0032
22.5720;0.0258
22.5730;0.0354
22.5740;0.0322
22.5750;0.0097
22.5760;-0.0129
22.5770;-0.0032
22.5780;0.0161
22.5790;0.0129
22.5800;-0.0258
22.5810;-0.0612
22.5820;-0.0290
22.5830;-0.0193
22.5840;0.0097
22.5850;0.0290
22.5860;0.0516
22.5870;0.0387
22.5880;0.0097
22.5890;0.0161
22.5900;0.0193
22.5910;-0.0226
22.5920;-0.0290
22.5930;-0.0322
22.5940;0.0000
22.5950;-0.0193
22.5960;-0.0032
22.5970;0.1289
22.5980;0.1901
22.5990;0.1128
22.6000;-0.0419
22.6010;-0.1837
22.6020;-0.1644
22.6030;-0.0838
22.6040;-0.0322
22.6050;0.0097
22.6060;0.0032
22.6070;-0.0226
22.6080;0.0290
22.6090;0.0967
22.6100;0.1579
22.6110;0.0741
22.6120;0.0000
22.6130;-0.0354
22.6140;-0.0516
22.6150;-0.1031
22.6160;-0.1579
22.6170;-0.1837
22.6180;-0.0935
22.6190;0.0129
22.6200;0.0838
22.6210;0.0967
22.6220;0.0645
22.6230;0.0354
22.6240;0.0032
22.6250;-0.0097
22.6260;0.0161
22.6270;0.0387
22.6280;0.0516
22.6290;0.0580
22.6300;0.0645
22.6310;0.0451
22.6320;0.0000
22.6330;-0.0193
22.6340;-0.0645
22.6350;-0.0612
22.6360;-0.1063
22.6370;-0.0451
22.6380;0.0709
22.6390;0.1515
22.6400;0.1160
22.6410;0.0161
22.6420;-0.0290
22.6430;-0.0806
22.6440;-0.1225
22.6450;-0.0870
22.6460;0.0032
22.6470;0.0000
22.6480;0.0419
22.6490;0.0419
22.6500;0.1257
22.6510;0.1450
22.6520;0.1321
22.6530;0.0677
22.6540;0.0322
22.6550;-0.1772
22.6560;-0.2997
22.6570;-0.2127
22.6580;-0.1096
22.6590;-0.0612
22.6600;-0.0161
22.6610;0.0161
22.6620;0.0387
22.6630;0.0387
22.6640;0.0419
22.6650;0.0483
22.6660;0.0580
22.6670;0.0838
22.6680;0.0451
22.6690;0.0000
22.6700;0.0064
22.6710;0.0097
22.6720;0.0129
22.6730;0.0129
22.6740;0.0258
22.6750;0.0226
22.6760;-0.0032
22.6770;0.0129
22.6780;0.0290
22.6790;0.0258
22.6800;0.0161
22.6810;-0.0097
22.6820;-0.0258
22.6830;-0.0548
22.6840;-0.0419
22.6850;-0.0226
22.6860;0.0000
22.6870;0.0064
22.6880;0.0032
22.6890;0.0000
22.6900;0.0419
22.6910;0.1063
22.6920;0.1482
22.6930;0.0773
22.6940;-0.0161
22.6950;-0.0290
22.6960;-0.0935
22.6970;-0.1321
22.6980;-0.1225
22.6990;-0.0967
22.7000;-0.0902
22.7010;-0.0902
22.7020;-0.0129
22.7030;0.0677
22.7040;0.0451
22.7050;-0.0161
22.7060;-0.0129
22.7070;0.0709
22.7080;0.0902
22.7090;0.0161
22.7100;-0.0097
22.7110;-0.0226
22.7120;0.0258
22.7130;0.0548
22.7140;0.0580
22.7150;0.0290
22.7160;0.0161
22.7170;0.0226
22.7180;-0.0322
22.7190;-0.1031
22.7200;-0.1547
22.7210;-0.0516
22.7220;0.0741
22.7230;0.1031
22.7240;-0.0064
22.7250;-0.0483
22.7260;-0.0709
22.7270;-0.0064
22.7280;0.0806
22.7290;0.0580
22.7300;-0.0032
22.7310;0.0870
22.7320;0.2030
22.7330;0.1257
22.7340;-0.0226
22.7350;-0.1386
22.7360;-0.1869
22.7370;-0.2610
22.7380;-0.2030
22.7390;-0.0741
22.7400;0.0193
22.7410;0.0709
22.7420;0.0838
22.7430;0.0806
22.7440;0.0806
22.7450;0.0226
22.7460;0.0129
22.7470;0.0258
22.7480;0.0226
22.7490;0.0193
22.7500;0.0129
22.7510;0.0097
22.7520;0.0129
22.7530;0.0097
22.7540;0.0032
22.7550;0.0161
22.7560;0.0193
22.7570;0.0354
22.7580;0.0773
22.7590;0.0967
22.7600;0.1031
22.7610;0.0258
22.7620;-0.0870
22.7630;-0.1450
22.7640;-0.1579
22.7650;-0.1128
22.7660;-0.0516
22.7670;-0.0419
22.7680;-0.0064
22.7690;0.0387
22.7700;0.0645
22.7710;0.0709
22.7720;0.0387
22.7730;-0.0258
22.7740;-0.0548
22.7750;-0.0226
22.7760;0.0193
22.7770;0.0193
22.7780;0.0226
22.7790;0.0290
22.7800;0.0483
22.7810;0.0290
22.7820;-0.0322
22.7830;-0.0161
22.7840;0.0032
22.7850;-0.0226
22.7860;-0.0645
22.7870;-0.0580
22.7880;0.0064
22.7890;0.0387
22.7900;0.0741
22.7910;0.0902
22.7920;0.0999
22.7930;0.0902
22.7940;0.0419
22.7950;-0.0612
22.7960;-0.1321
22.7970;-0.1837
22.7980;-0.1289
22.7990;-0.0935
22.8000;-0.0290
22.8010;0.0322
22.8020;0.0451
22.8030;0.0548
22.8040;0.0419
22.8050;0.0193
22.8060;0.0000
22.8070;-0.0354
22.8080;0.0097
22.8090;0.1128
22.8100;0.1386
22.8110;0.1257
22.8120;-0.0129
22.8130;-0.1644
22.8140;-0.1547
22.8150;-0.0612
22.8160;0.0000
22.8170;0.0000
22.8180;0.0290
22.8190;0.0258
22.8200;0.0741
22.8210;-0.0129
22.8220;-0.0806
22.8230;-0.0032
22.8240;0.0354
22.8250;0.0548
22.8260;0.0129
22.8270;-0.0387
22.8280;-0.0097
22.8290;0.0483
22.8300;-0.0064
22.8310;-0.0870
22.8320;-0.0612
22.8330;-0.0322
22.8340;0.0258
22.8350;0.0709
22.8360;0.0806
22.8370;0.0741
22.8380;0.0419
22.8390;-0.0161
22.8400;-0.0870
22.8410;-0.0741
22.8420;0.0000
22.8430;0.1160
22.8440;0.1611
22.8450;0.1063
22.8460;0.0773
22.8470;-0.0097
22.8480;-0.1579
22.8490;-0.2514
22.8500;-0.2449
22.8510;-0.1160
22.8520;-0.0032
22.8530;0.0354
22.8540;0.0193
22.8550;0.0064
22.8560;0.0322
22.8570;0.0870
22.8580;0.1225
22.8590;0.1289
22.8600;0.1644
22.8610;0.1772
22.8620;0.0129
22.8630;-0.1644
22.8640;-0.2030
22.8650;-0.2062
22.8660;-0.0902
22.8670;0.0161
22.8680;0.0612
22.8690;0.0838
22.8700;0.0290
22.8710;-0.0677
22.8720;-0.0548
22.8730;0.0064
22.8740;-0.0032
22.8750;-0.0064
22.8760;0.0290
22.8770;0.0064
22.8780;-0.0129
22.8790;0.0129
22.8800;0.0226
22.8810;0.0258
22.8820;0.0226
22.8830;0.0129
22.8840;0.0129
22.8850;0.0129
22.8860;0.0226
22.8870;0.0290
22.8880;0.0419
22.8890;0.0354
22.8900;0.0387
22.8910;0.0226
22.8920;0.0097
22.8930;-0.0097
22.8940;-0.0806
22.8950;-0.0806
22.8960;-0.0258
22.8970;0.0226
22.8980;0.0677
22.8990;0.0483
22.9000;-0.1096
22.9010;-0.1482
22.9020;-0.1063
22.9030;-0.0258
22.9040;0.0032
22.9050;0.0000
22.9060;0.0258
22.9070;0.0290
22.9080;0.0226
22.9090;0.0226
22.9100;0.0387
22.9110;0.0290
22.9120;0.0354
22.9130;0.0387
22.9140;0.0032
22.9150;-0.0387
22.9160;-0.0451
22.9170;-0.0064
22.9180;0.0483
22.9190;0.0709
22.9200;0.1386
22.9210;0.1289
22.9220;0.0064
22.9230;-0.0806
22.9240;-0.0516
22.9250;0.0032
22.9260;-0.0902
22.9270;-0.1192
22.9280;-0.0516
22.9290;-0.0258
22.9300;-0.0129
22.9310;-0.0419
22.9320;-0.0677
22.9330;-0.0516
22.9340;-0.0451
22.9350;-0.0064
22.9360;0.0354
22.9370;0.0354
22.9380;0.0709
22.9390;0.0935
22.9400;0.1450
22.9410;0.1160
22.9420;0.1257
22.9430;0.0645
22.9440;-0.0612
22.9450;-0.1547
22.9460;-0.2385
22.9470;-0.1289
22.9480;-0.0645
22.9490;-0.0548
22.9500;-0.0258
22.9510;0.0290
22.9520;0.0902
22.9530;0.0741
22.9540;0.1063
22.9550;0.1515
22.9560;0.1257
22.9570;-0.0226
22.9580;-0.1450
22.9590;-0.1547
22.9600;-0.0612
22.9610;0.0161
22.9620;0.0322
22.9630;0.0838
22.9640;0.0612
22.9650;-0.0161
22.9660;-0.0677
22.9670;-0.0838
22.9680;-0.0387
22.9690;0.0387
22.9700;0.0580
22.9710;0.0387
22.9720;0.0516
22.9730;0.0935
22.9740;0.0902
22.9750;0.1031
22.9760;-0.0129
22.9770;-0.1998
22.9780;-0.1676
22.9790;-0.0258
22.9800;0.0773
22.9810;0.0483
22.9820;-0.0064
22.9830;-0.0322
22.9840;-0.0773
22.9850;-0.0580
22.9860;-0.0064
22.9870;0.0129
22.9880;0.0548
22.9890;0.0226
22.9900;0.0064
22.9910;-0.0064
22.9920;-0.0290
22.9930;-0.0290
22.9940;0.0226
22.9950;0.0999
22.9960;0.0967
22.9970;0.0677
22.9980;0.0451
22.9990;-0.0387
23.0000;-0.0773
23.0010;-0.1192
23.0020;-0.0999
23.0030;-0.0645
23.0040;-0.0258
23.0050;0.0032
23.0060;0.0483
23.0070;0.0870
23.0080;0.1063
23.0090;0.1096
23.0100;0.0612
23.0110;-0.0322
23.0120;-0.1128
23.0130;-0.1096
23.0140;-0.0709
23.0150;0.0161
23.0160;0.0773
23.0170;0.0516
23.0180;-0.0645
23.0190;-0.0902
23.0200;-0.0806
23.0210;-0.0612
23.0220;-0.0322
23.0230;0.0032
23.0240;0.0451
23.0250;0.0838
23.0260;0.0645
23.0270;0.0193
23.0280;0.0064
23.0290;0.0032
23.0300;0.0387
23.0310;0.1160
23.0320;0.0580
23.0330;-0.0387
23.0340;-0.0451
23.0350;0.0097
23.0360;0.0483
23.0370;0.0290
23.0380;-0.0258
23.0390;-0.0580
23.0400;-0.0290
23.0410;0.0580
23.0420;0.0645
23.0430;-0.0322
23.0440;-0.1579
23.0450;-0.1418
23.0460;-0.0419
23.0470;-0.0483
23.0480;-0.0451
23.0490;-0.0064
23.0500;0.0612
23.0510;0.0870
23.0520;0.0645
23.0530;0.0773
23.0540;0.0677
23.0550;-0.0516
23.0560;-0.1160
23.0570;-0.0870
23.0580;-0.0451
23.0590;0.0161
23.0600;0.0451
23.0610;0.0838
23.0620;0.1160
23.0630;0.1257
23.0640;0.1386
23.0650;0.0902
23.0660;-0.0741
23.0670;-0.1289
23.0680;-0.0870
23.0690;-0.1096
23.0700;-0.0032
23.0710;0.0097
23.0720;-0.0258
23.0730;-0.0806
23.0740;-0.1031
23.0750;-0.0741
23.0760;0.0129
23.0770;0.0322
23.0780;0.0419
23.0790;0.0612
23.0800;0.0387
23.0810;0.0097
23.0820;0.0612
23.0830;0.0193
23.0840;0.0129
23.0850;0.0419
23.0860;0.0226
23.0870;-0.0645
23.0880;-0.0806
23.0890;-0.0548
23.0900;-0.0322
23.0910;0.0032
23.0920;0.0032
23.0930;0.0129
23.0940;0.0387
23.0950;0.0548
23.0960;0.0483
23.0970;0.0000
23.0980;-0.0483
23.0990;-0.0354
23.1000;0.0097
23.1010;0.0161
23.1020;0.0290
23.1030;0.0193
23.1040;0.0129
23.1050;-0.0290
23.1060;-0.0419
23.1070;0.0000
23.1080;0.0290
23.1090;0.0387
23.1100;0.0226
23.1110;0.0000
23.1120;-0.0387
23.1130;-0.0483
23.1140;-0.0226
23.1150;0.0000
23.1160;-0.0032
23.1170;-0.0032
23.1180;0.0064
23.1190;0.0032
23.1200;0.0032
23.1210;0.0226
23.1220;0.0645
23.1230;0.0935
23.1240;0.0548
23.1250;0.0226
23.1260;-0.0161
23.1270;-0.0741
23.1280;-0.1128
23.1290;-0.1289
23.1300;-0.0838
23.1310;-0.0483
23.1320;0.0000
23.1330;0.0226
23.1340;0.0193
23.1350;0.0226
23.1360;0.0580
23.1370;0.1128
23.1380;0.1321
23.1390;0.0548
23.1400;-0.0387
23.1410;-0.1644
23.1420;-0.0516
23.1430;0.0806
23.1440;-0.0322
23.1450;-0.0935
23.1460;0.0387
23.1470;0.1096
23.1480;0.1354
23.1490;0.1192
23.1500;-0.0193
23.1510;-0.2127
23.1520;-0.2675
23.1530;-0.1934
23.1540;-0.0097
23.1550;0.0387
23.1560;0.0226
23.1570;0.0516
23.1580;0.0419
23.1590;0.0226
23.1600;0.0226
23.1610;0.0193
23.1620;0.0516
23.1630;0.0870
23.1640;-0.0097
23.1650;-0.0838
23.1660;-0.0419
23.1670;0.0290
23.1680;0.0773
23.1690;0.0838
23.1700;0.0451
23.1710;-0.0097
23.1720;0.0000
23.1730;-0.0387
23.1740;-0.0935
23.1750;-0.0709
23.1760;-0.0290
23.1770;0.0258
23.1780;0.0580
23.1790;0.0516
23.1800;0.0387
23.1810;-0.0226
23.1820;-0.0483
23.1830;-0.0322
23.1840;0.0097
23.1850;0.0612
23.1860;0.0580
23.1870;0.0129
23.1880;0.0097
23.1890;0.0226
23.1900;0.0935
23.1910;0.0902
23.1920;-0.0258
23.1930;-0.1289
23.1940;0.0129
23.1950;0.1128
23.1960;0.0290
23.1970;-0.0838
23.1980;-0.1192
23.1990;-0.1901
23.2000;-0.2417
23.2010;-0.1805
23.2020;0.0870
23.2030;0.1063
23.2040;0.0193
23.2050;-0.0258
23.2060;-0.0999
23.2070;-0.0032
23.2080;0.0709
23.2090;0.0806
23.2100;0.0773
23.2110;0.0935
23.2120;0.1805
23.2130;0.0870
23.2140;-0.0322
23.2150;-0.0548
23.2160;-0.0806
23.2170;-0.0451
23.2180;-0.0032
23.2190;0.0193
23.2200;-0.0064
23.2210;0.0000
23.2220;0.0902
23.2230;0.1515
23.2240;0.0709
23.2250;-0.1257
23.2260;-0.1644
23.2270;-0.1063
23.2280;-0.0258
23.2290;0.0193
23.2300;0.0290
23.2310;0.0612
23.2320;0.0773
23.2330;0.1063
23.2340;0.1772
23.2350;0.1869
23.2360;0.1128
23.2370;-0.0773
23.2380;-0.2481
23.2390;-0.3352
23.2400;-0.2320
23.2410;-0.0548
23.2420;0.0451
23.2430;0.0097
23.2440;0.0451
23.2450;0.0773
23.2460;0.0902
23.2470;0.0645
23.2480;-0.0161
23.2490;-0.0387
23.2500;-0.0032
23.2510;0.0354
23.2520;0.0516
23.2530;0.0226
23.2540;0.0129
23.2550;0.0161
23.2560;0.0064
23.2570;0.0097
23.2580;0.0387
23.2590;0.0483
23.2600;0.0612
23.2610;0.0806
23.2620;0.0806
23.2630;0.0419
23.2640;0.0902
23.2650;-0.0419
23.2660;-0.2481
23.2670;-0.2191
23.2680;-0.1418
23.2690;-0.0870
23.2700;-0.0129
23.2710;0.0451
23.2720;0.0580
23.2730;0.0483
23.2740;0.0129
23.2750;-0.0322
23.2760;-0.0193
23.2770;0.0322
23.2780;0.0645
23.2790;0.0677
23.2800;0.0870
23.2810;0.0419
23.2820;-0.0097
23.2830;-0.0612
23.2840;-0.0322
23.2850;-0.0032
23.2860;-0.0097
23.2870;-0.0548
23.2880;0.0129
23.2890;0.0741
23.2900;0.0097
23.2910;-0.1192
23.2920;-0.0999
23.2930;-0.0258
23.2940;0.0387
23.2950;0.1128
23.2960;0.1096
23.2970;0.0741
23.2980;0.0290
23.2990;0.0612
23.3000;0.0226
23.3010;0.0161
23.3020;-0.0451
23.3030;-0.1579
23.3040;-0.2127
23.3050;-0.2288
23.3060;-0.1708
23.3070;-0.0129
23.3080;0.0645
23.3090;0.0645
23.3100;0.0451
23.3110;0.0483
23.3120;0.1031
23.3130;0.0483
23.3140;0.0161
23.3150;0.0226
23.3160;0.0612
23.3170;0.0870
23.3180;0.0773
23.3190;0.0387
23.3200;0.0354
23.3210;-0.0548
23.3220;-0.1676
23.3230;-0.0967
23.3240;-0.0032
23.3250;0.0483
23.3260;0.0580
23.3270;0.0516
23.3280;0.0580
23.3290;0.0097
23.3300;-0.0290
23.3310;-0.0709
23.3320;-0.0645
23.3330;0.0032
23.3340;0.0741
23.3350;0.0709
23.3360;0.0709
23.3370;-0.0645
23.3380;-0.0870
23.3390;-0.0580
23.3400;-0.0451
23.3410;-0.0483
23.3420;-0.0516
23.3430;-0.0612
23.3440;-0.0290
23.3450;0.0226
23.3460;0.0612
23.3470;0.0967
23.3480;0.0612
23.3490;0.0516
23.3500;0.0451
23.3510;0.0129
23.3520;-0.0161
23.3530;-0.0322
23.3540;-0.0290
23.3550;-0.0322
23.3560;-0.0387
23.3570;-0.0258
23.3580;-0.0419
23.3590;0.0354
23.3600;0.1482
23.3610;0.0419
23.3620;-0.0354
23.3630;0.0902
23.3640;-0.0258
23.3650;-0.0870
23.3660;-0.0967
23.3670;-0.0612
23.3680;0.0354
23.3690;0.0129
23.3700;0.0516
23.3710;0.0193
23.3720;-0.0838
23.3730;-0.0064
23.3740;-0.0193
23.3750;-0.0483
23.3760;0.0290
23.3770;0.0709
23.3780;0.0967
23.3790;0.2159
23.3800;0.2675
23.3810;-0.0741
23.3820;-0.2707
23.3830;-0.3158
23.3840;-0.1547
23.3850;0.0000
23.3860;0.0645
23.3870;0.0483
23.3880;-0.0580
23.3890;-0.0677
23.3900;0.0161
23.3910;0.0387
23.3920;0.0451
23.3930;0.0129
23.3940;-0.0129
23.3950;0.0032
23.3960;0.0193
23.3970;0.0129
23.3980;-0.0290
23.3990;0.0322
23.4000;0.1354
23.4010;0.1031
23.4020;0.0258
23.4030;-0.0032
23.4040;-0.0483
23.4050;-0.0258
23.4060;0.0451
23.4070;0.0967
23.4080;0.1192
23.4090;0.0612
23.4100;-0.0290
23.4110;-0.0258
23.4120;0.0290
23.4130;-0.0032
23.4140;-0.0258
23.4150;-0.0645
23.4160;-0.2997
23.4170;-0.3126
23.4180;-0.1869
23.4190;-0.0064
23.4200;0.0645
23.4210;0.0935
23.4220;0.0935
23.4230;0.0902
23.4240;0.1063
23.4250;0.1354
23.4260;0.1740
23.4270;0.1031
23.4280;0.0419
23.4290;-0.0354
23.4300;-0.1482
23.4310;-0.1837
23.4320;-0.1128
23.4330;-0.0516
23.4340;-0.0709
23.4350;-0.0322
23.4360;0.0483
23.4370;0.0032
23.4380;-0.0226
23.4390;0.0387
23.4400;0.0902
23.4410;0.0967
23.4420;0.0161
23.4430;-0.0516
23.4440;-0.0387
23.4450;0.0129
23.4460;0.0516
23.4470;0.0548
23.4480;0.0548
23.4490;-0.0387
23.4500;0.0258
23.4510;0.0773
23.4520;0.1128
23.4530;0.0580
23.4540;0.0064
23.4550;0.0419
23.4560;-0.0451
23.4570;-0.1934
23.4580;-0.2224
23.4590;-0.1386
23.4600;0.0387
23.4610;0.1901
23.4620;-0.0419
23.4630;-0.1321
23.4640;-0.0999
23.4650;-0.0354
23.4660;-0.0129
23.4670;0.0935
23.4680;0.2127
23.4690;0.1579
23.4700;-0.0580
23.4710;-0.1450
23.4720;-0.1096
23.4730;-0.0645
23.4740;0.0032
23.4750;0.0226
23.4760;0.0419
23.4770;0.0354
23.4780;-0.0612
23.4790;-0.0451
23.4800;0.1096
23.4810;0.1740
23.4820;0.0935
23.4830;0.0322
23.4840;-0.0032
23.4850;-0.0483
23.4860;-0.0161
23.4870;-0.0806
23.4880;-0.1257
23.4890;-0.1192
23.4900;-0.0097
23.4910;-0.0161
23.4920;-0.0387
23.4930;-0.0193
23.4940;-0.0129
23.4950;0.0419
23.4960;0.1418
23.4970;0.1354
23.4980;0.0870
23.4990;0.0612
23.5000;0.1063
23.5010;-0.0322
23.5020;-0.1289
23.5030;-0.1192
23.5040;-0.0354
23.5050;0.0902
23.5060;0.1966
23.5070;0.0548
23.5080;-0.2610
23.5090;-0.2030
23.5100;-0.0935
23.5110;-0.0161
23.5120;0.0226
23.5130;-0.0097
23.5140;-0.0258
23.5150;0.0129
23.5160;0.0451
23.5170;0.0032
23.5180;-0.0032
23.5190;0.0226
23.5200;0.0612
23.5210;0.1257
23.5220;0.0870
23.5230;0.0258
23.5240;0.0806
23.5250;0.0709
23.5260;0.0645
23.5270;-0.0129
23.5280;-0.1128
23.5290;-0.0709
23.5300;-0.0387
23.5310;-0.0741
23.5320;-0.1482
23.5330;-0.0097
23.5340;0.1063
23.5350;0.0773
23.5360;-0.0451
23.5370;-0.0548
23.5380;-0.0677
23.5390;-0.0580
23.5400;-0.0064
23.5410;0.0516
23.5420;0.1386
23.5430;0.2643
23.5440;0.1901
23.5450;-0.0645
23.5460;-0.2868
23.5470;-0.2707
23.5480;-0.0870
23.5490;-0.1257
23.5500;0.0097
23.5510;0.1160
23.5520;0.0967
23.5530;0.0290
23.5540;-0.0032
23.5550;-0.0032
23.5560;-0.1031
23.5570;0.0226
23.5580;0.1450
23.5590;0.1966
23.5600;0.0999
23.5610;-0.0097
23.5620;-0.0645
23.5630;-0.2062
23.5640;-0.1901
23.5650;-0.0870
23.5660;0.0193
23.5670;0.0322
23.5680;0.0451
23.5690;0.0806
23.5700;0.0870
23.5710;0.1192
23.5720;0.1386
23.5730;0.0870
23.5740;0.0709
23.5750;-0.0290
23.5760;-0.1676
23.5770;-0.2385
23.5780;-0.0935
23.5790;0.1934
23.5800;0.2965
23.5810;0.2385
23.5820;0.0290
23.5830;-0.1708
23.5840;-0.4028
23.5850;-0.2836
23.5860;-0.1128
23.5870;-0.0645
23.5880;-0.0516
23.5890;-0.0129
23.5900;0.0483
23.5910;0.1289
23.5920;0.1805
23.5930;0.1837
23.5940;0.1579
23.5950;0.1547
23.5960;0.0000
23.5970;-0.0773
23.5980;-0.1063
23.5990;-0.1998
23.6000;-0.1257
23.6010;0.0064
23.6020;-0.0612
23.6030;-0.0419
23.6040;0.0258
23.6050;0.1031
23.6060;0.1096
23.6070;0.0773
23.6080;0.1063
23.6090;0.1998
23.6100;0.2062
23.6110;0.1934
23.6120;-0.1708
23.6130;-0.4576
23.6140;-0.3126
23.6150;-0.1966
23.6160;-0.0709
23.6170;0.0322
23.6180;0.0612
23.6190;0.0354
23.6200;0.0580
23.6210;0.1579
23.6220;0.1644
23.6230;0.0516
23.6240;0.0935
23.6250;0.1096
23.6260;-0.0451
23.6270;-0.1644
23.6280;-0.1676
23.6290;-0.0902
23.6300;0.1289
23.6310;0.2997
23.6320;0.2062
23.6330;-0.0645
23.6340;-0.2353
23.6350;-0.2643
23.6360;-0.1772
23.6370;0.0097
23.6380;0.1772
23.6390;0.1934
23.6400;0.0999
23.6410;0.0548
23.6420;-0.1031
23.6430;-0.2320
23.6440;0.0290
23.6450;0.1192
23.6460;0.1257
23.6470;-0.1611
23.6480;-0.3094
23.6490;-0.2417
23.6500;-0.0709
23.6510;-0.0419
23.6520;0.0000
23.6530;0.0645
23.6540;0.0870
23.6550;0.0806
23.6560;0.1547
23.6570;0.2771
23.6580;0.0999
23.6590;0.0838
23.6600;-0.0226
23.6610;-0.1160
23.6620;-0.1192
23.6630;-0.1031
23.6640;-0.0516
23.6650;-0.0097
23.6660;0.0000
23.6670;0.0161
23.6680;0.1418
23.6690;0.2256
23.6700;0.1934
23.6710;0.0483
23.6720;-0.1418
23.6730;-0.3416
23.6740;-0.1482
23.6750;0.0806
23.6760;0.0097
23.6770;-0.0612
23.6780;-0.0097
23.6790;0.0612
23.6800;0.1837
23.6810;0.2095
23.6820;0.1386
23.6830;0.0419
23.6840;-0.2578
23.6850;-0.3545
23.6860;-0.1772
23.6870;-0.0161
23.6880;0.0419
23.6890;0.1450
23.6900;0.1354
23.6910;0.0709
23.6920;0.0451
23.6930;-0.0838
23.6940;-0.2256
23.6950;-0.1257
23.6960;0.0902
23.6970;0.3803
23.6980;0.3223
23.6990;-0.0935
23.7000;-0.3352
23.7010;-0.2385
23.7020;-0.0773
23.7030;-0.0064
23.7040;0.0322
23.7050;-0.0290
23.7060;-0.0097
23.7070;0.0419
23.7080;0.0580
23.7090;0.0902
23.7100;0.0709
23.7110;-0.0129
23.7120;-0.0419
23.7130;-0.0258
23.7140;0.0387
23.7150;0.0258
23.7160;0.0806
23.7170;0.1740
23.7180;0.1096
23.7190;0.0870
23.7200;0.0709
23.7210;-0.0870
23.7220;-0.2385
23.7230;-0.1386
23.7240;-0.0290
23.7250;-0.0322
23.7260;-0.0612
23.7270;-0.0161
23.7280;-0.0097
23.7290;0.0773
23.7300;0.1966
23.7310;0.1611
23.7320;0.0193
23.7330;-0.2320
23.7340;-0.2320
23.7350;-0.1386
23.7360;-0.0193
23.7370;0.0387
23.7380;0.0999
23.7390;0.1934
23.7400;0.3029
23.7410;0.1998
23.7420;0.0387
23.7430;-0.3738
23.7440;-0.3771
23.7450;-0.1160
23.7460;0.2127
23.7470;0.5285
23.7480;0.6381
23.7490;0.2320
23.7500;-0.6316
23.7510;-0.7090
23.7520;-0.4737
23.7530;-0.3577
23.7540;-0.0902
23.7550;0.0773
23.7560;0.1063
23.7570;0.1772
23.7580;0.2288
23.7590;0.1354
23.7600;0.0193
23.7610;-0.0064
23.7620;0.1321
23.7630;0.2514
23.7640;0.0741
23.7650;-0.0709
23.7660;-0.0870
23.7670;-0.0935
23.7680;-0.0258
23.7690;-0.0354
23.7700;0.0032
23.7710;-0.0064
23.7720;0.0322
23.7730;0.0838
23.7740;0.0773
23.7750;0.0483
23.7760;-0.0097
23.7770;0.0097
23.7780;0.0677
23.7790;-0.0032
23.7800;0.0129
23.7810;0.1386
23.7820;0.2224
23.7830;0.1418
23.7840;-0.0806
23.7850;-0.3416
23.7860;-0.3738
23.7870;-0.2514
23.7880;-0.1031
23.7890;-0.0516
23.7900;-0.0032
23.7910;0.0709
23.7920;0.1676
23.7930;0.1547
23.7940;0.1031
23.7950;0.1063
23.7960;0.1096
23.7970;0.0806
23.7980;-0.1579
23.7990;-0.1998
23.8000;0.0000
23.8010;-0.0322
23.8020;-0.0806
23.8030;-0.0193
23.8040;-0.0419
23.8050;0.0354
23.8060;0.1096
23.8070;-0.0645
23.8080;0.0548
23.8090;0.1740
23.8100;0.1321
23.8110;0.0935
23.8120;-0.0226
23.8130;-0.2610
23.8140;-0.2095
23.8150;0.0483
23.8160;0.1321
23.8170;-0.0032
23.8180;-0.1418
23.8190;-0.0129
23.8200;0.1450
23.8210;0.2675
23.8220;0.0999
23.8230;-0.1031
23.8240;-0.2868
23.8250;-0.3416
23.8260;-0.2320
23.8270;-0.0129
23.8280;0.1321
23.8290;0.1934
23.8300;0.1676
23.8310;0.2030
23.8320;0.1515
23.8330;-0.0032
23.8340;-0.0870
23.8350;0.0419
23.8360;-0.1644
23.8370;-0.2546
23.8380;-0.1611
23.8390;0.0741
23.8400;0.3094
23.8410;0.1257
23.8420;-0.1354
23.8430;0.0129
23.8440;0.1289
23.8450;0.0226
23.8460;-0.0419
23.8470;-0.0838
23.8480;0.0612
23.8490;0.1063
23.8500;0.0000
23.8510;0.0322
23.8520;0.1901
23.8530;0.1934
23.8540;-0.0516
23.8550;-0.1966
23.8560;-0.3674
23.8570;-0.3062
23.8580;-0.1579
23.8590;0.1579
23.8600;0.1482
23.8610;-0.1225
23.8620;-0.1837
23.8630;-0.0935
23.8640;-0.0032
23.8650;0.1386
23.8660;0.2062
23.8670;0.0580
23.8680;-0.0097
23.8690;0.0226
23.8700;-0.0064
23.8710;-0.0387
23.8720;0.0322
23.8730;0.1482
23.8740;0.2836
23.8750;0.3029
23.8760;-0.0290
23.8770;-0.2481
23.8780;-0.0806
23.8790;0.1063
23.8800;0.0097
23.8810;-0.2804
23.8820;-0.0354
23.8830;0.2159
23.8840;0.1289
23.8850;0.0290
23.8860;0.0097
23.8870;-0.0709
23.8880;-0.2030
23.8890;-0.2965
23.8900;-0.3609
23.8910;-0.0516
23.8920;0.2030
23.8930;0.2030
23.8940;0.3609
23.8950;0.2417
23.8960;-0.0129
23.8970;-0.3094
23.8980;-0.3190
23.8990;-0.1772
23.9000;0.0773
23.9010;0.2514
23.9020;0.1192
23.9030;-0.1031
23.9040;-0.1934
23.9050;-0.1128
23.9060;0.0193
23.9070;0.0612
23.9080;-0.0193
23.9090;0.0451
23.9100;0.2095
23.9110;0.2707
23.9120;0.2449
23.9130;0.1676
23.9140;-0.0258
23.9150;-0.0645
23.9160;-0.1547
23.9170;-0.3738
23.9180;-0.4222
23.9190;-0.2159
23.9200;0.0677
23.9210;0.1515
23.9220;0.1998
23.9230;0.2191
23.9240;0.0677
23.9250;0.0741
23.9260;0.0806
23.9270;-0.0258
23.9280;-0.2385
23.9290;-0.1708
23.9300;-0.0290
23.9310;-0.1096
23.9320;-0.1096
23.9330;0.0226
23.9340;0.0999
23.9350;0.1772
23.9360;0.2804
23.9370;0.3738
23.9380;0.3964
23.9390;0.0258
23.9400;-0.3448
23.9410;-0.5156
23.9420;-0.3899
23.9430;-0.2643
23.9440;-0.1128
23.9450;0.0064
23.9460;0.0548
23.9470;0.0548
23.9480;0.1031
23.9490;0.0999
23.9500;0.1192
23.9510;0.1579
23.9520;0.2030
23.9530;0.1772
23.9540;0.0548
23.9550;-0.3416
23.9560;-0.2353
23.9570;0.1708
23.9580;0.2804
23.9590;0.0935
23.9600;-0.1450
23.9610;-0.1031
23.9620;-0.0226
23.9630;-0.0709
23.9640;-0.1772
23.9650;-0.1289
23.9660;0.0451
23.9670;0.0548
23.9680;0.0612
23.9690;0.0064
23.9700;0.1321
23.9710;0.0773
23.9720;-0.0516
23.9730;-0.0741
23.9740;0.0354
23.9750;0.1225
23.9760;-0.0161
23.9770;-0.0451
23.9780;0.1418
23.9790;-0.1418
23.9800;-0.1644
23.9810;0.1579
23.9820;0.2256
23.9830;0.0741
23.9840;-0.0870
23.9850;-0.2191
23.9860;-0.3384
23.9870;-0.1772
23.9880;-0.0902
23.9890;-0.0419
23.9900;0.0451
23.9910;0.1966
23.9920;0.2385
23.9930;0.1708
23.9940;0.0612
23.9950;-0.0322
23.9960;-0.0516
23.9970;-0.1063
23.9980;-0.0354
23.9990;0.1192
24.0000;0.0548
24.0010;-0.0902
24.0020;-0.0709
24.0030;0.0290
24.0040;0.1772
24.0050;0.2288
24.0060;-0.1579
24.0070;-0.2643
24.0080;-0.1063
24.0090;0.0161
24.0100;0.1450
24.0110;0.1676
24.0120;0.0000
24.0130;0.0354
24.0140;0.0773
24.0150;-0.0516
24.0160;-0.1579
24.0170;0.1096
24.0180;0.1901
24.0190;-0.0161
24.0200;-0.0709
24.0210;-0.3771
24.0220;-0.5060
24.0230;-0.1031
24.0240;0.1225
24.0250;0.0419
24.0260;-0.0161
24.0270;-0.0258
24.0280;0.0129
24.0290;0.0516
24.0300;0.0741
24.0310;0.0902
24.0320;0.2062
24.0330;0.3094
24.0340;0.2771
24.0350;0.0387
24.0360;-0.1257
24.0370;-0.0677
24.0380;-0.1225
24.0390;-0.1418
24.0400;-0.1708
24.0410;0.0000
24.0420;-0.0516
24.0430;-0.1515
24.0440;0.0483
24.0450;0.1547
24.0460;0.2353
24.0470;0.4383
24.0480;0.3384
24.0490;-0.1063
24.0500;-0.4351
24.0510;-0.4447
24.0520;-0.2933
24.0530;-0.1096
24.0540;0.0806
24.0550;0.2288
24.0560;0.2546
24.0570;-0.0645
24.0580;-0.2643
24.0590;-0.1450
24.0600;0.0999
24.0610;0.0999
24.0620;-0.0161
24.0630;-0.0516
24.0640;-0.0161
24.0650;0.0193
24.0660;0.0064
24.0670;0.0677
24.0680;0.0354
24.0690;0.0645
24.0700;0.0967
24.0710;-0.0387
24.0720;0.0387
24.0730;0.0999
24.0740;0.1192
24.0750;0.0709
24.0760;-0.1321
24.0770;-0.0870
24.0780;0.0097
24.0790;-0.0290
24.0800;0.0000
24.0810;0.0967
24.0820;0.0516
24.0830;-0.0451
24.0840;0.0451
24.0850;0.0354
24.0860;0.0838
24.0870;-0.1740
24.0880;-0.2675
24.0890;-0.1740
24.0900;-0.0516
24.0910;0.0419
24.0920;0.0064
24.0930;0.0226
24.0940;0.2643
24.0950;0.2514
24.0960;-0.0548
24.0970;-0.2127
24.0980;0.0870
24.0990;0.1386
24.1000;-0.1772
24.1010;-0.2610
24.1020;-0.1772
24.1030;-0.0097
24.1040;0.1450
24.1050;-0.0097
24.1060;-0.1644
24.1070;-0.0451
24.1080;0.0032
24.1090;-0.0097
24.1100;0.0580
24.1110;0.1354
24.1120;0.2127
24.1130;0.2643
24.1140;0.0677
24.1150;-0.0741
24.1160;-0.1257
24.1170;-0.2030
24.1180;-0.1676
24.1190;-0.0838
24.1200;0.0483
24.1210;0.1128
24.1220;0.1031
24.1230;0.0483
24.1240;-0.0322
24.1250;-0.0451
24.1260;0.0226
24.1270;-0.0838
24.1280;0.0548
24.1290;-0.0258
24.1300;-0.1192
24.1310;-0.0032
24.1320;0.0387
24.1330;0.0612
24.1340;0.0870
24.1350;0.0161
24.1360;-0.0387
24.1370;-0.0451
24.1380;0.0838
24.1390;0.3513
24.1400;0.5156
24.1410;0.3480
24.1420;-0.2481
24.1430;-0.5801
24.1440;-0.3287
24.1450;0.0193
24.1460;-0.0129
24.1470;-0.0741
24.1480;0.2739
24.1490;0.4512
24.1500;-0.2288
24.1510;-0.7348
24.1520;-0.3835
24.1530;-0.3706
24.1540;-0.1386
24.1550;0.1386
24.1560;0.2417
24.1570;0.1579
24.1580;0.0709
24.1590;0.0193
24.1600;0.0032
24.1610;0.1128
24.1620;0.2224
24.1630;0.1160
24.1640;-0.0097
24.1650;-0.1096
24.1660;0.0290
24.1670;0.0580
24.1680;0.0516
24.1690;0.0806
24.1700;-0.0226
24.1710;-0.0419
24.1720;-0.0580
24.1730;0.0161
24.1740;0.0129
24.1750;0.0354
24.1760;0.1482
24.1770;0.1901
24.1780;0.3094
24.1790;0.2256
24.1800;0.0226
24.1810;-0.4061
24.1820;-0.6542
24.1830;-0.2900
24.1840;-0.0677
24.1850;0.1063
24.1860;0.1837
24.1870;0.1354
24.1880;0.0322
24.1890;-0.0032
24.1900;0.0032
24.1910;0.0064
24.1920;-0.0097
24.1930;0.0773
24.1940;0.1772
24.1950;0.1515
24.1960;-0.1805
24.1970;-0.0580
24.1980;0.1515
24.1990;-0.0709
24.2000;-0.3287
24.2010;-0.1354
24.2020;-0.0290
24.2030;0.1192
24.2040;0.2062
24.2050;0.1160
24.2060;-0.0387
24.2070;-0.0322
24.2080;0.0226
24.2090;-0.0419
24.2100;-0.2353
24.2110;-0.3190
24.2120;-0.2095
24.2130;0.0226
24.2140;0.1482
24.2150;0.2159
24.2160;0.0677
24.2170;0.0000
24.2180;0.1676
24.2190;0.4061
24.2200;0.3996
24.2210;0.1128
24.2220;-0.1966
24.2230;-0.3352
24.2240;-0.1450
24.2250;0.0193
24.2260;-0.1740
24.2270;-0.2997
24.2280;0.0032
24.2290;0.1482
24.2300;0.1063
24.2310;-0.2836
24.2320;-0.0064
24.2330;0.4931
24.2340;0.3706
24.2350;0.0290
24.2360;-0.4383
24.2370;-0.2965
24.2380;-0.0354
24.2390;0.0741
24.2400;-0.1837
24.2410;-0.2030
24.2420;-0.0483
24.2430;0.0580
24.2440;0.1160
24.2450;0.0870
24.2460;0.2900
24.2470;0.4479
24.2480;0.2546
24.2490;-0.1418
24.2500;-0.1289
24.2510;-0.1386
24.2520;-0.4125
24.2530;-0.2643
24.2540;0.0709
24.2550;0.1708
24.2560;0.0741
24.2570;-0.1096
24.2580;-0.0193
24.2590;-0.0483
24.2600;-0.1160
24.2610;0.0548
24.2620;0.2481
24.2630;0.0226
24.2640;-0.0193
24.2650;-0.0838
24.2660;-0.0483
24.2670;0.0677
24.2680;0.0967
24.2690;0.2159
24.2700;0.2449
24.2710;0.0419
24.2720;-0.3223
24.2730;-0.1837
24.2740;-0.0226
24.2750;-0.0709
24.2760;-0.0290
24.2770;0.1708
24.2780;0.0612
24.2790;-0.0516
24.2800;-0.0741
24.2810;0.1063
24.2820;0.0064
24.2830;0.0193
24.2840;0.0258
24.2850;-0.3642
24.2860;-0.1837
24.2870;-0.0451
24.2880;-0.0419
24.2890;0.0935
24.2900;0.1837
24.2910;0.1805
24.2920;0.0967
24.2930;0.1547
24.2940;0.1998
24.2950;-0.1289
24.2960;-0.0870
24.2970;0.0161
24.2980;-0.1579
24.2990;-0.1321
24.3000;-0.0741
24.3010;0.0322
24.3020;0.1321
24.3030;-0.0709
24.3040;-0.0645
24.3050;0.0612
24.3060;0.1934
24.3070;0.2191
24.3080;-0.1031
24.3090;-0.2417
24.3100;-0.1418
24.3110;0.0548
24.3120;-0.0129
24.3130;-0.0451
24.3140;0.3094
24.3150;0.2610
24.3160;0.3706
24.3170;-0.0064
24.3180;-0.5479
24.3190;-0.6091
24.3200;-0.2707
24.3210;0.0387
24.3220;0.0258
24.3230;0.0709
24.3240;0.2868
24.3250;0.4028
24.3260;0.2836
24.3270;-0.0064
24.3280;-0.2900
24.3290;-0.2804
24.3300;-0.1708
24.3310;-0.1063
24.3320;-0.0419
24.3330;0.1450
24.3340;0.1128
24.3350;-0.0483
24.3360;0.0870
24.3370;0.0097
24.3380;0.1192
24.3390;0.1321
24.3400;-0.0451
24.3410;-0.0999
24.3420;-0.0419
24.3430;0.0806
24.3440;0.2514
24.3450;0.2224
24.3460;0.2095
24.3470;0.1805
24.3480;-0.1289
24.3490;-0.3513
24.3500;-0.3384
24.3510;-0.0870
24.3520;0.1611
24.3530;0.2159
24.3540;-0.3448
24.3550;-0.5769
24.3560;-0.3126
24.3570;0.0290
24.3580;0.2643
24.3590;0.1644
24.3600;0.0999
24.3610;0.1128
24.3620;0.0032
24.3630;0.0129
24.3640;0.0773
24.3650;-0.1805
24.3660;-0.2288
24.3670;0.0258
24.3680;0.0870
24.3690;0.1676
24.3700;0.2030
24.3710;0.1418
24.3720;0.1160
24.3730;0.0741
24.3740;0.0032
24.3750;-0.0193
24.3760;0.0387
24.3770;-0.1160
24.3780;-0.4737
24.3790;-0.1708
24.3800;0.2868
24.3810;0.5479
24.3820;0.2707
24.3830;-0.2288
24.3840;-0.4093
24.3850;-0.0806
24.3860;-0.1418
24.3870;-0.0516
24.3880;0.1805
24.3890;-0.0645
24.3900;-0.1515
24.3910;0.0064
24.3920;0.0516
24.3930;-0.0032
24.3940;-0.0935
24.3950;-0.0258
24.3960;0.1225
24.3970;0.2449
24.3980;0.3094
24.3990;0.0000
24.4000;-0.4028
24.4010;-0.2127
24.4020;-0.0161
24.4030;0.0645
24.4040;0.0516
24.4050;-0.0548
24.4060;0.2159
24.4070;0.3126
24.4080;0.2643
24.4090;-0.0709
24.4100;-0.3126
24.4110;-0.5640
24.4120;-0.3094
24.4130;0.0612
24.4140;0.1515
24.4150;0.1579
24.4160;0.2481
24.4170;0.2062
24.4180;0.1644
24.4190;-0.0097
24.4200;-0.2191
24.4210;-0.4222
24.4220;-0.3480
24.4230;-0.1450
24.4240;0.0451
24.4250;0.3480
24.4260;0.4351
24.4270;0.5253
24.4280;0.2191
24.4290;-0.3996
24.4300;-0.3480
24.4310;-0.3062
24.4320;0.0709
24.4330;0.0580
24.4340;-0.0709
24.4350;-0.2191
24.4360;0.0548
24.4370;0.1676
24.4380;0.2159
24.4390;0.1547
24.4400;-0.1031
24.4410;-0.0902
24.4420;-0.1354
24.4430;0.0870
24.4440;-0.1482
24.4450;-0.1515
24.4460;0.0000
24.4470;0.0419
24.4480;-0.0064
24.4490;0.0902
24.4500;0.1289
24.4510;0.0193
24.4520;-0.0419
24.4530;0.0451
24.4540;0.1257
24.4550;0.0419
24.4560;-0.1418
24.4570;0.0483
24.4580;0.2836
24.4590;0.2965
24.4600;0.3255
24.4610;0.1289
24.4620;-0.4254
24.4630;-0.3899
24.4640;-0.4351
24.4650;-0.1354
24.4660;-0.0773
24.4670;-0.2868
24.4680;-0.1257
24.4690;0.0290
24.4700;0.1772
24.4710;0.2288
24.4720;0.2449
24.4730;0.2643
24.4740;0.1998
24.4750;-0.2320
24.4760;-0.2062
24.4770;0.1031
24.4780;0.3158
24.4790;0.3964
24.4800;-0.2997
24.4810;-0.3867
24.4820;-0.0806
24.4830;-0.2353
24.4840;-0.0677
24.4850;0.2965
24.4860;0.0548
24.4870;0.2771
24.4880;0.3448
24.4890;-0.0773
24.4900;-0.5414
24.4910;-0.2191
24.4920;0.0193
24.4930;-0.2481
24.4940;-0.4028
24.4950;0.0097
24.4960;0.2610
24.4970;0.1257
24.4980;-0.0741
24.4990;0.0193
24.5000;0.0354
24.5010;0.0645
24.5020;0.1128
24.5030;0.1869
24.5040;0.2127
24.5050;0.2675
24.5060;0.1966
24.5070;-0.0548
24.5080;0.0258
24.5090;0.0258
24.5100;-0.3771
24.5110;-0.4866
24.5120;-0.3577
24.5130;-0.1644
24.5140;-0.0129
24.5150;0.1289
24.5160;0.2868
24.5170;0.2804
24.5180;0.1998
24.5190;0.0097
24.5200;-0.1450
24.5210;-0.1354
24.5220;0.1547
24.5230;0.1805
24.5240;0.1708
24.5250;0.0645
24.5260;0.1644
24.5270;-0.0516
24.5280;-0.2578
24.5290;-0.2578
24.5300;-0.1998
24.5310;-0.2417
24.5320;0.1418
24.5330;0.5704
24.5340;0.4834
24.5350;-0.1354
24.5360;-0.6220
24.5370;-0.5285
24.5380;-0.1192
24.5390;0.0193
24.5400;0.2127
24.5410;0.1676
24.5420;-0.1257
24.5430;-0.1354
24.5440;0.2062
24.5450;0.3738
24.5460;0.1096
24.5470;0.0000
24.5480;-0.2546
24.5490;-0.0451
24.5500;-0.0290
24.5510;0.0516
24.5520;0.0645
24.5530;0.0064
24.5540;0.3996
24.5550;0.2546
24.5560;-0.3642
24.5570;-0.2933
24.5580;-0.3738
24.5590;-0.3577
24.5600;0.2578
24.5610;0.1901
24.5620;0.0709
24.5630;0.1869
24.5640;0.1515
24.5650;-0.1160
24.5660;-0.1547
24.5670;-0.0451
24.5680;0.1934
24.5690;0.0773
24.5700;-0.0741
24.5710;-0.1450
24.5720;-0.2643
24.5730;0.0354
24.5740;0.1321
24.5750;0.2095
24.5760;0.2514
24.5770;0.4834
24.5780;0.6735
24.5790;0.7025
24.5800;-0.4189
24.5810;-1.3729
24.5820;-0.5897
24.5830;-0.0902
24.5840;-0.3674
24.5850;-0.3577
24.5860;-0.0387
24.5870;0.0129
24.5880;0.0548
24.5890;0.1579
24.5900;0.2514
24.5910;0.2127
24.5920;0.2771
24.5930;0.3480
24.5940;0.3158
24.5950;0.0483
24.5960;-0.0419
24.5970;-0.1644
24.5980;-0.2062
24.5990;0.0064
24.6000;-0.2062
24.6010;-0.1192
24.6020;0.0999
24.6030;0.2707
24.6040;0.1289
24.6050;-0.1289
24.6060;-0.1257
24.6070;-0.1354
24.6080;-0.0354
24.6090;0.0870
24.6100;0.2449
24.6110;0.0387
24.6120;0.1128
24.6130;0.1869
24.6140;0.0838
24.6150;-0.2191
24.6160;0.0902
24.6170;0.0064
24.6180;-0.2771
24.6190;0.2353
24.6200;-0.0677
24.6210;-0.8443
24.6220;-0.6155
24.6230;-0.3738
24.6240;-0.0387
24.6250;0.5027
24.6260;0.3771
24.6270;0.7477
24.6280;1.0087
24.6290;0.4479
24.6300;-0.1837
24.6310;-0.8186
24.6320;-0.7122
24.6330;-0.1611
24.6340;-0.0193
24.6350;-0.0032
24.6360;0.0161
24.6370;-0.1934
24.6380;-0.0290
24.6390;0.2288
24.6400;-0.0226
24.6410;-0.1482
24.6420;0.0548
24.6430;0.1418
24.6440;0.2256
24.6450;0.2933
24.6460;-0.0677
24.6470;-0.1966
24.6480;-0.0387
24.6490;-0.0419
24.6500;-0.1257
24.6510;0.0129
24.6520;0.2288
24.6530;0.2159
24.6540;-0.0161
24.6550;0.0806
24.6560;-0.0097
24.6570;0.0032
24.6580;0.0064
24.6590;0.0387
24.6600;0.0902
24.6610;0.2449
24.6620;0.1547
24.6630;-0.7122
24.6640;-0.5221
24.6650;0.0129
24.6660;-0.0677
24.6670;-0.0032
24.6680;-0.0032
24.6690;-0.1063
24.6700;-0.0548
24.6710;0.2030
24.6720;0.3223
24.6730;0.1869
24.6740;-0.3094
24.6750;-0.2288
24.6760;0.1740
24.6770;0.1740
24.6780;0.0226
24.6790;-0.0129
24.6800;-0.0161
24.6810;-0.0870
24.6820;0.1515
24.6830;0.4737
24.6840;0.4351
24.6850;0.1160
24.6860;-0.4157
24.6870;-0.0838
24.6880;-0.0387
24.6890;-0.0935
24.6900;-0.3352
24.6910;-0.1611
24.6920;0.0999
24.6930;-0.1160
24.6940;-0.2546
24.6950;-0.0258
24.6960;-0.2739
24.6970;-0.1515
24.6980;0.0000
24.6990;0.0677
24.7000;0.1482
24.7010;0.1740
24.7020;0.1644
24.7030;0.1805
24.7040;0.1386
24.7050;0.0258
24.7060;-0.1160
24.7070;-0.0806
24.7080;-0.0419
24.7090;-0.0032
24.7100;0.1225
24.7110;0.2062
24.7120;0.1031
24.7130;0.0741
24.7140;0.1934
24.7150;0.1837
24.7160;0.1225
24.7170;-0.1450
24.7180;-0.3642
24.7190;-0.2127
24.7200;0.0773
24.7210;-0.0129
24.7220;-0.2933
24.7230;-0.4963
24.7240;-0.3609
24.7250;0.0612
24.7260;0.4383
24.7270;0.3416
24.7280;0.2288
24.7290;-0.1257
24.7300;-0.2127
24.7310;-0.1869
24.7320;0.0322
24.7330;0.2127
24.7340;0.0193
24.7350;0.1160
24.7360;0.0967
24.7370;0.0967
24.7380;0.3223
24.7390;0.1515
24.7400;-0.0419
24.7410;-0.5801
24.7420;-0.3480
24.7430;-0.0226
24.7440;0.0226
24.7450;0.0129
24.7460;0.0709
24.7470;0.1321
24.7480;0.1031
24.7490;-0.0645
24.7500;-0.1225
24.7510;0.0032
24.7520;0.0645
24.7530;0.1418
24.7540;0.0773
24.7550;-0.0064
24.7560;-0.1579
24.7570;0.0000
24.7580;0.1321
24.7590;-0.0838
24.7600;-0.2771
24.7610;-0.2159
24.7620;0.1321
24.7630;0.1450
24.7640;0.0967
24.7650;0.0064
24.7660;0.0967
24.7670;0.1257
24.7680;0.0097
24.7690;0.0193
24.7700;0.0290
24.7710;0.1031
24.7720;0.1901
24.7730;0.3577
24.7740;0.0419
24.7750;-0.7670
24.7760;-0.4898
24.7770;-0.3287
24.7780;-0.0451
24.7790;0.0999
24.7800;0.0741
24.7810;0.1934
24.7820;0.0354
24.7830;-0.0967
24.7840;0.0000
24.7850;0.0387
24.7860;0.0226
24.7870;0.0741
24.7880;0.1321
24.7890;-0.0645
24.7900;-0.0580
24.7910;0.1257
24.7920;0.0645
24.7930;0.0097
24.7940;-0.0161
24.7950;0.1482
24.7960;0.0226
24.7970;-0.1934
24.7980;-0.1257
24.7990;0.0967
24.8000;0.2707
24.8010;0.2836
24.8020;0.4254
24.8030;0.0645
24.8040;-0.2836
24.8050;-0.3287
24.8060;-0.6381
24.8070;-0.0741
24.8080;-0.1740
24.8090;-0.0902
24.8100;0.6284
24.8110;0.7605
24.8120;0.0870
24.8130;-0.9861
24.8140;-0.8830
24.8150;-0.3223
24.8160;0.1321
24.8170;0.2417
24.8180;0.2256
24.8190;0.2965
24.8200;0.3577
24.8210;0.2385
24.8220;0.1128
24.8230;-0.1837
24.8240;-0.3996
24.8250;-0.1354
24.8260;-0.0161
24.8270;0.1386
24.8280;0.2836
24.8290;0.4125
24.8300;0.4383
24.8310;-0.0226
24.8320;-0.2804
24.8330;-0.3964
24.8340;-0.2385
24.8350;0.0290
24.8360;0.1063
24.8370;0.1031
24.8380;0.1289
24.8390;-0.2159
24.8400;-0.4061
24.8410;-0.1998
24.8420;-0.2127
24.8430;0.0129
24.8440;0.1418
24.8450;0.2030
24.8460;0.3416
24.8470;0.2449
24.8480;-0.0451
24.8490;-0.0612
24.8500;0.0548
24.8510;-0.1289
24.8520;-0.2385
24.8530;0.0902
24.8540;0.0226
24.8550;-0.0064
24.8560;0.0483
24.8570;0.1321
24.8580;0.1031
24.8590;0.0032
24.8600;-0.0935
24.8610;-0.1257
24.8620;-0.0064
24.8630;-0.0387
24.8640;-0.0032
24.8650;0.1063
24.8660;0.0612
24.8670;-0.1450
24.8680;-0.0967
24.8690;-0.0258
24.8700;0.2159
24.8710;0.0387
24.8720;0.0322
24.8730;0.1257
24.8740;0.2062
24.8750;0.0612
24.8760;-0.1289
24.8770;-0.3899
24.8780;-0.2836
24.8790;-0.0999
24.8800;-0.0580
24.8810;0.1418
24.8820;0.4576
24.8830;0.2127
24.8840;-0.3287
24.8850;-0.1901
24.8860;0.1772
24.8870;0.1354
24.8880;0.0967
24.8890;0.3190
24.8900;-0.1257
24.8910;-0.5865
24.8920;-0.0032
24.8930;0.2191
24.8940;-0.2514
24.8950;-0.7315
24.8960;-0.3319
24.8970;-0.0193
24.8980;0.0806
24.8990;0.2900
24.9000;0.4673
24.9010;0.4866
24.9020;0.3964
24.9030;0.1192
24.9040;-0.1386
24.9050;-0.3029
24.9060;-0.3674
24.9070;-0.2288
24.9080;-0.1418
24.9090;0.0193
24.9100;0.1740
24.9110;0.3545
24.9120;0.2546
24.9130;0.1354
24.9140;-0.0226
24.9150;-0.2385
24.9160;-0.3448
24.9170;-0.1128
24.9180;0.0451
24.9190;0.1063
24.9200;0.1482
24.9210;0.2030
24.9220;0.1063
24.9230;-0.2610
24.9240;-0.2997
24.9250;-0.0322
24.9260;0.0612
24.9270;-0.0226
24.9280;-0.0290
24.9290;0.1031
24.9300;0.1289
24.9310;-0.1515
24.9320;0.0806
24.9330;0.3287
24.9340;0.4093
24.9350;0.0097
24.9360;-0.1386
24.9370;-0.0935
24.9380;-0.3867
24.9390;-0.3094
24.9400;0.0064
24.9410;0.2739
24.9420;0.2095
24.9430;-0.0258
24.9440;-0.1450
24.9450;0.1482
24.9460;-0.0161
24.9470;-0.1966
24.9480;-0.0580
24.9490;0.1611
24.9500;0.0645
24.9510;-0.0612
24.9520;-0.1482
24.9530;-0.1096
24.9540;0.0193
24.9550;0.0870
24.9560;0.1644
24.9570;0.1869
24.9580;-0.0129
24.9590;-0.0483
24.9600;-0.0032
24.9610;0.0483
24.9620;0.1128
24.9630;0.1805
24.9640;-0.0773
24.9650;-0.2320
24.9660;-0.2610
24.9670;-0.1386
24.9680;0.0193
24.9690;0.1128
24.9700;0.1128
24.9710;0.0193
24.9720;-0.1128
24.9730;-0.3029
24.9740;-0.0516
24.9750;0.0451
24.9760;0.1063
24.9770;-0.0935
24.9780;0.0258
24.9790;0.1515
24.9800;0.0773
24.9810;-0.1869
24.9820;-0.1805
24.9830;0.2836
24.9840;0.4770
24.9850;0.5640
24.9860;0.0548
24.9870;-0.4834
24.9880;-0.4415
24.9890;-0.2030
24.9900;-0.0226
24.9910;0.0000
24.9920;0.0354
24.9930;0.0999
24.9940;0.0322
24.9950;0.0516
24.9960;0.1418
24.9970;-0.0387
24.9980;-0.3029
24.9990;-0.1386
25.0000;0.3223
25.0010;0.4512
25.0020;0.5446
25.0030;0.4995
25.0040;0.5930
25.0050;-0.1772
25.0060;-0.5124
25.0070;-1.0570
25.0080;-0.9410
25.0090;-0.1966
25.0100;0.3674
25.0110;0.3480
25.0120;0.3867
25.0130;-0.3835
25.0140;-0.6896
25.0150;-0.3416
25.0160;-0.3126
25.0170;0.0999
25.0180;0.2610
25.0190;0.2417
25.0200;0.2610
25.0210;0.3223
25.0220;0.0773
25.0230;-0.1225
25.0240;-0.0935
25.0250;0.2159
25.0260;0.3158
25.0270;0.2449
25.0280;0.2288
25.0290;0.2385
25.0300;-0.1096
25.0310;-0.2771
25.0320;-0.0612
25.0330;0.0161
25.0340;0.1515
25.0350;-0.0870
25.0360;-0.2965
25.0370;-0.2385
25.0380;-0.0516
25.0390;0.2578
25.0400;0.3287
25.0410;0.1611
25.0420;-0.2062
25.0430;-0.1708
25.0440;-0.0935
25.0450;-0.1644
25.0460;-0.1611
25.0470;-0.2997
25.0480;-0.1321
25.0490;0.0193
25.0500;0.1644
25.0510;0.3480
25.0520;0.1096
25.0530;-0.1805
25.0540;-0.1450
25.0550;-0.1450
25.0560;0.0645
25.0570;0.1547
25.0580;0.0290
25.0590;0.0451
25.0600;0.0322
25.0610;0.0612
25.0620;0.0161
25.0630;-0.0226
25.0640;-0.0387
25.0650;0.0419
25.0660;0.0645
25.0670;0.5479
25.0680;0.7025
25.0690;0.5092
25.0700;-0.2191
25.0710;-0.9765
25.0720;-0.6896
25.0730;-0.5382
25.0740;-0.0967
25.0750;-0.1418
25.0760;-0.0870
25.0770;0.0097
25.0780;0.1063
25.0790;0.1740
25.0800;0.2965
25.0810;0.0806
25.0820;-0.0290
25.0830;0.0097
25.0840;0.1386
25.0850;0.1128
25.0860;0.0548
25.0870;0.0645
25.0880;0.0645
25.0890;0.1740
25.0900;0.0483
25.0910;-0.0580
25.0920;-0.1547
25.0930;-0.1708
25.0940;-0.0935
25.0950;-0.1160
25.0960;0.0806
25.0970;0.2836
25.0980;0.0419
25.0990;-0.0838
25.1000;-0.1128
25.1010;-0.0064
25.1020;0.0935
25.1030;0.0387
25.1040;-0.2320
25.1050;-0.1644
25.1060;0.1547
25.1070;0.4479
25.1080;0.4995
25.1090;-0.2256
25.1100;-0.3287
25.1110;-0.3577
25.1120;-0.1901
25.1130;-0.2191
25.1140;-0.1031
25.1150;0.1354
25.1160;0.2417
25.1170;0.2320
25.1180;-0.0548
25.1190;-0.0129
25.1200;-0.1579
25.1210;-0.1031
25.1220;0.0999
25.1230;0.3642
25.1240;0.3287
25.1250;0.1869
25.1260;-0.0032
25.1270;-0.2030
25.1280;-0.2707
25.1290;-0.1418
25.1300;-0.1579
25.1310;-0.1321
25.1320;0.1901
25.1330;0.2449
25.1340;0.0290
25.1350;-0.2449
25.1360;-0.3287
25.1370;-0.1547
25.1380;0.1096
25.1390;0.2868
25.1400;0.3609
25.1410;-0.0322
25.1420;-0.3029
25.1430;-0.2514
25.1440;0.0258
25.1450;0.2836
25.1460;0.0838
25.1470;-0.1676
25.1480;0.0645
25.1490;-0.0773
25.1500;-0.2320
25.1510;-0.1225
25.1520;0.1063
25.1530;-0.0483
25.1540;-0.1772
25.1550;0.1289
25.1560;0.5607
25.1570;0.6542
25.1580;0.2095
25.1590;-0.0322
25.1600;-0.3642
25.1610;-0.3932
25.1620;-0.1966
25.1630;-0.0290
25.1640;0.5704
25.1650;0.5060
25.1660;0.3126
25.1670;-0.6542
25.1680;-1.1634
25.1690;-0.5092
25.1700;-0.0741
25.1710;0.0387
25.1720;-0.0451
25.1730;0.0000
25.1740;0.2675
25.1750;0.4189
25.1760;0.2546
25.1770;0.0902
25.1780;0.0097
25.1790;0.0451
25.1800;0.0773
25.1810;-0.0387
25.1820;0.0097
25.1830;-0.0032
25.1840;0.0290
25.1850;0.0677
25.1860;0.1128
25.1870;-0.0580
25.1880;-0.1708
25.1890;-0.2256
25.1900;0.0193
25.1910;0.1579
25.1920;0.0999
25.1930;-0.0935
25.1940;-0.0193
25.1950;-0.1740
25.1960;-0.0354
25.1970;0.3964
25.1980;0.2417
25.1990;-0.0193
25.2000;-0.0709
25.2010;-0.0032
25.2020;0.4415
25.2030;0.4383
25.2040;-0.1289
25.2050;-0.7767
25.2060;-0.6832
25.2070;-0.3190
25.2080;0.0451
25.2090;0.0967
25.2100;0.1289
25.2110;-0.0451
25.2120;-0.0548
25.2130;0.0902
25.2140;0.1708
25.2150;0.1321
25.2160;0.0032
25.2170;-0.0548
25.2180;0.0258
25.2190;0.3674
25.2200;0.2965
25.2210;-0.1740
25.2220;-0.3029
25.2230;-0.1869
25.2240;0.0419
25.2250;0.3190
25.2260;0.0032
25.2270;-0.1547
25.2280;-0.3319
25.2290;0.0032
25.2300;0.2288
25.2310;0.0741
25.2320;0.4286
25.2330;0.8282
25.2340;0.6768
25.2350;-0.3674
25.2360;-0.9829
25.2370;-0.7734
25.2380;-0.2546
25.2390;-0.3706
25.2400;-0.2578
25.2410;-0.1482
25.2420;0.0226
25.2430;0.2030
25.2440;0.2707
25.2450;0.4834
25.2460;0.3029
25.2470;0.0902
25.2480;-0.1192
25.2490;-0.1128
25.2500;-0.0709
25.2510;0.1192
25.2520;0.1289
25.2530;0.1128
25.2540;0.0226
25.2550;0.0097
25.2560;0.1644
25.2570;0.5704
25.2580;0.5736
25.2590;0.5640
25.2600;-0.1289
25.2610;-1.0184
25.2620;-0.9346
25.2630;-0.7863
25.2640;-0.2643
25.2650;-0.0580
25.2660;0.0032
25.2670;0.0387
25.2680;0.1611
25.2690;0.1644
25.2700;0.3835
25.2710;0.4802
25.2720;0.3223
25.2730;-0.1031
25.2740;-0.2965
25.2750;-0.3158
25.2760;-0.1386
25.2770;-0.0902
25.2780;0.0741
25.2790;0.1257
25.2800;0.0806
25.2810;0.0226
25.2820;0.0387
25.2830;-0.1031
25.2840;-0.1547
25.2850;0.0838
25.2860;0.3480
25.2870;0.3319
25.2880;0.5607
25.2890;0.6832
25.2900;0.3867
25.2910;-0.6445
25.2920;-1.2407
25.2930;-0.6896
25.2940;-0.2868
25.2950;-0.1676
25.2960;-0.0806
25.2970;0.0064
25.2980;0.1772
25.2990;0.2353
25.3000;0.2546
25.3010;0.4189
25.3020;-0.0032
25.3030;-0.2256
25.3040;0.0258
25.3050;0.3126
25.3060;0.0741
25.3070;-0.1901
25.3080;-0.1160
25.3090;-0.0548
25.3100;-0.0161
25.3110;0.0161
25.3120;0.0967
25.3130;0.2771
25.3140;0.0935
25.3150;-0.1289
25.3160;-0.1321
25.3170;-0.0193
25.3180;0.0870
25.3190;-0.0483
25.3200;-0.1160
25.3210;-0.0580
25.3220;-0.0258
25.3230;0.0193
25.3240;-0.0097
25.3250;-0.0064
25.3260;0.0290
25.3270;0.0677
25.3280;-0.0161
25.3290;-0.0129
25.3300;0.4318
25.3310;0.3126
25.3320;0.0000
25.3330;-0.2578
25.3340;-0.2997
25.3350;-0.3094
25.3360;-0.3609
25.3370;-0.1579
25.3380;-0.0064
25.3390;0.1579
25.3400;0.1869
25.3410;0.0677
25.3420;0.1805
25.3430;0.0580
25.3440;-0.0161
25.3450;0.2320
25.3460;0.2514
25.3470;0.1386
25.3480;-0.0129
25.3490;-0.3932
25.3500;-0.5285
25.3510;-0.5317
25.3520;-0.1418
25.3530;0.3062
25.3540;0.5317
25.3550;0.1611
25.3560;-0.1482
25.3570;0.1160
25.3580;0.4093
25.3590;0.3094
25.3600;-0.1321
25.3610;-0.3609
25.3620;-0.1998
25.3630;0.0612
25.3640;0.1321
25.3650;-0.1031
25.3660;-0.2739
25.3670;-0.3223
25.3680;0.3867
25.3690;0.6800
25.3700;0.4125
25.3710;-0.2062
25.3720;-0.7863
25.3730;-0.3480
25.3740;-0.0870
25.3750;0.2385
25.3760;0.1321
25.3770;-0.2030
25.3780;-0.0935
25.3790;0.0580
25.3800;-0.0226
25.3810;-0.0161
25.3820;-0.0387
25.3830;-0.0032
25.3840;0.2643
25.3850;0.5382
25.3860;0.3545
25.3870;0.1998
25.3880;-0.2804
25.3890;-0.6252
25.3900;-0.3352
25.3910;-0.0645
25.3920;0.0773
25.3930;0.2288
25.3940;0.2030
25.3950;-0.2546
25.3960;-0.2900
25.3970;-0.0709
25.3980;0.1128
25.3990;0.1160
25.4000;0.1805
25.4010;0.1289
25.4020;0.0161
25.4030;-0.0677
25.4040;0.0161
25.4050;0.0709
25.4060;0.1547
25.4070;-0.1482
25.4080;-0.0741
25.4090;-0.0677
25.4100;-0.0548
25.4110;-0.0709
25.4120;-0.0032
25.4130;0.2030
25.4140;0.1321
25.4150;0.0161
25.4160;0.0773
25.4170;0.1934
25.4180;0.0032
25.4190;-0.1225
25.4200;-0.1611
25.4210;-0.0548
25.4220;0.1386
25.4230;0.0387
25.4240;-0.0999
25.4250;0.0967
25.4260;-0.0419
25.4270;-0.2546
25.4280;-0.2836
25.4290;-0.1354
25.4300;0.1386
25.4310;0.1515
25.4320;-0.0258
25.4330;-0.1289
25.4340;0.2095
25.4350;0.4415
25.4360;-0.1708
25.4370;-0.4931
25.4380;-0.1772
25.4390;0.1515
25.4400;0.1611
25.4410;0.2288
25.4420;0.2643
25.4430;0.0838
25.4440;-0.4576
25.4450;-0.5897
25.4460;-0.1708
25.4470;0.2224
25.4480;0.1837
25.4490;0.0773
25.4500;0.0064
25.4510;0.0000
25.4520;0.0000
25.4530;0.0451
25.4540;0.0999
25.4550;0.1482
25.4560;0.1869
25.4570;0.1225
25.4580;-0.0999
25.4590;-0.1418
25.4600;0.0258
25.4610;0.0129
25.4620;-0.0999
25.4630;-0.0354
25.4640;0.2868
25.4650;0.1418
25.4660;0.3706
25.4670;0.3964
25.4680;-0.1966
25.4690;-0.5027
25.4700;-0.7638
25.4710;-0.4705
25.4720;-0.1772
25.4730;0.0483
25.4740;0.0806
25.4750;0.0999
25.4760;0.2030
25.4770;0.1772
25.4780;-0.0419
25.4790;-0.0870
25.4800;0.1805
25.4810;0.2191
25.4820;0.1547
25.4830;0.1676
25.4840;-0.0935
25.4850;-0.2062
25.4860;0.0097
25.4870;-0.0129
25.4880;0.2933
25.4890;0.0226
25.4900;-0.3223
25.4910;-0.2546
25.4920;-0.0677
25.4930;0.0097
25.4940;0.0226
25.4950;0.0032
25.4960;-0.0322
25.4970;0.1192
25.4980;0.6123
25.4990;0.3062
25.5000;-0.2514
25.5010;-0.1611
25.5020;0.0516
25.5030;0.2030
25.5040;-0.0548
25.5050;-0.4028
25.5060;-0.5350
25.5070;-0.2707
25.5080;-0.1031
25.5090;0.0322
25.5100;0.1805
25.5110;0.1482
25.5120;0.0516
25.5130;0.0645
25.5140;0.0838
25.5150;0.0612
25.5160;0.0354
25.5170;0.0129
25.5180;0.1128
25.5190;0.0000
25.5200;-0.0097
25.5210;-0.1354
25.5220;0.0451
25.5230;0.1772
25.5240;0.4254
25.5250;0.0773
25.5260;-0.5479
25.5270;-0.4447
25.5280;-0.2578
25.5290;-0.0741
25.5300;0.0870
25.5310;0.3094
25.5320;0.5188
25.5330;0.2578
25.5340;-0.2030
25.5350;-0.1192
25.5360;0.0741
25.5370;0.2353
25.5380;-0.0516
25.5390;0.0419
25.5400;0.0902
25.5410;-0.3319
25.5420;-0.3094
25.5430;-0.0483
25.5440;-0.0451
25.5450;-0.0645
25.5460;0.0709
25.5470;0.0612
25.5480;0.0709
25.5490;0.1128
25.5500;0.0870
25.5510;-0.1418
25.5520;0.1805
25.5530;0.4705
25.5540;0.5092
25.5550;-0.2159
25.5560;-0.9926
25.5570;-0.6606
25.5580;-0.3545
25.5590;-0.0161
25.5600;0.1579
25.5610;0.2965
25.5620;0.2965
25.5630;0.1611
25.5640;0.2771
25.5650;0.1805
25.5660;-0.0354
25.5670;-0.0258
25.5680;-0.2320
25.5690;-0.3029
25.5700;-0.0548
25.5710;0.0677
25.5720;0.1901
25.5730;0.1676
25.5740;-0.0419
25.5750;-0.0741
25.5760;-0.0419
25.5770;0.0645
25.5780;-0.1128
25.5790;-0.1450
25.5800;-0.0064
25.5810;0.0645
25.5820;0.0773
25.5830;0.0612
25.5840;0.0709
25.5850;0.0387
25.5860;0.1354
25.5870;0.1901
25.5880;0.2804
25.5890;0.0290
25.5900;-0.0387
25.5910;-0.3158
25.5920;-0.1998
25.5930;0.1192
25.5940;0.1450
25.5950;-0.0451
25.5960;-0.1515
25.5970;-0.2159
25.5980;-0.2643
25.5990;-0.2030
25.6000;0.0226
25.6010;0.3738
25.6020;0.3384
25.6030;0.0709
25.6040;0.1192
25.6050;0.2030
25.6060;-0.0322
25.6070;-0.1128
25.6080;-0.0258
25.6090;-0.1966
25.6100;-0.7187
25.6110;-0.5833
25.6120;-0.0935
25.6130;0.1128
25.6140;0.2643
25.6150;0.0580
25.6160;-0.0741
25.6170;0.0129
25.6180;0.2353
25.6190;0.2353
25.6200;0.1192
25.6210;0.0258
25.6220;0.0354
25.6230;0.1096
25.6240;0.1966
25.6250;0.1096
25.6260;0.0290
25.6270;-0.0516
25.6280;-0.0935
25.6290;-0.1611
25.6300;-0.1096
25.6310;-0.0999
25.6320;0.0967
25.6330;0.1676
25.6340;-0.0064
25.6350;-0.1192
25.6360;-0.0967
25.6370;0.0000
25.6380;0.1482
25.6390;0.2643
25.6400;-0.0935
25.6410;0.0483
25.6420;0.1096
25.6430;-0.1418
25.6440;-0.3094
25.6450;-0.1805
25.6460;0.1676
25.6470;0.1354
25.6480;-0.2062
25.6490;-0.3029
25.6500;-0.2707
25.6510;0.0097
25.6520;0.1225
25.6530;0.2256
25.6540;0.1676
25.6550;0.1515
25.6560;0.1869
25.6570;0.1450
25.6580;0.0354
25.6590;-0.1096
25.6600;-0.1482
25.6610;-0.2643
25.6620;-0.0999
25.6630;0.2224
25.6640;0.4157
25.6650;0.1386
25.6660;-0.2610
25.6670;-0.3706
25.6680;-0.1192
25.6690;0.1482
25.6700;0.2385
25.6710;0.1386
25.6720;-0.1740
25.6730;-0.2191
25.6740;-0.0838
25.6750;-0.0129
25.6760;-0.0032
25.6770;0.0161
25.6780;0.0870
25.6790;0.2224
25.6800;0.2836
25.6810;0.2514
25.6820;0.1676
25.6830;-0.5994
25.6840;-1.0441
25.6850;-0.3642
25.6860;0.3223
25.6870;0.4222
25.6880;0.2739
25.6890;0.1418
25.6900;-0.0645
25.6910;-0.0935
25.6920;0.0354
25.6930;0.1257
25.6940;0.0612
25.6950;-0.1805
25.6960;-0.1128
25.6970;0.3674
25.6980;0.3642
25.6990;-0.0161
25.7000;-0.2481
25.7010;-0.2320
25.7020;0.0097
25.7030;0.1386
25.7040;-0.1772
25.7050;-0.3062
25.7060;-0.2288
25.7070;0.1096
25.7080;0.3384
25.7090;0.2127
25.7100;0.1708
25.7110;0.2320
25.7120;-0.0806
25.7130;-0.2707
25.7140;-0.3352
25.7150;-0.1740
25.7160;0.0548
25.7170;0.0741
25.7180;0.1289
25.7190;0.1354
25.7200;-0.0129
25.7210;0.0032
25.7220;0.0773
25.7230;0.0838
25.7240;-0.0548
25.7250;-0.0161
25.7260;0.1901
25.7270;0.0935
25.7280;-0.0741
25.7290;-0.2997
25.7300;-0.2546
25.7310;-0.0870
25.7320;0.0290
25.7330;0.0290
25.7340;0.0419
25.7350;0.1805
25.7360;-0.0419
25.7370;-0.3126
25.7380;-0.0064
25.7390;0.2610
25.7400;0.0290
25.7410;-0.1096
25.7420;0.1418
25.7430;0.0677
25.7440;-0.1096
25.7450;-0.0612
25.7460;-0.0999
25.7470;-0.0645
25.7480;-0.0677
25.7490;0.1096
25.7500;0.1418
25.7510;0.0935
25.7520;0.1805
25.7530;-0.0258
25.7540;-0.1160
25.7550;0.0419
25.7560;0.1579
25.7570;0.0935
25.7580;0.0677
25.7590;0.0806
25.7600;0.2578
25.7610;0.0258
25.7620;0.0483
25.7630;-0.1579
25.7640;-0.5575
25.7650;-0.4802
25.7660;-0.2288
25.7670;0.0580
25.7680;-0.0032
25.7690;-0.1515
25.7700;0.0935
25.7710;0.2385
25.7720;0.3932
25.7730;0.1450
25.7740;-0.0226
25.7750;0.1257
25.7760;-0.0290
25.7770;-0.0838
25.7780;-0.0419
25.7790;0.0741
25.7800;0.0645
25.7810;-0.0516
25.7820;-0.1418
25.7830;-0.1450
25.7840;-0.0516
25.7850;0.2675
25.7860;0.3384
25.7870;0.0387
25.7880;-0.0967
25.7890;-0.3062
25.7900;-0.3771
25.7910;-0.1225
25.7920;-0.0064
25.7930;0.1063
25.7940;0.0677
25.7950;0.0516
25.7960;0.2030
25.7970;0.2804
25.7980;0.3577
25.7990;-0.1676
25.8000;-0.4222
25.8010;-0.1031
25.8020;-0.0773
25.8030;-0.1998
25.8040;-0.1934
25.8050;-0.0419
25.8060;0.0064
25.8070;0.1418
25.8080;0.2481
25.8090;0.2449
25.8100;0.0838
25.8110;-0.0645
25.8120;-0.0870
25.8130;0.0548
25.8140;0.1515
25.8150;0.0870
25.8160;-0.1096
25.8170;-0.2514
25.8180;-0.0999
25.8190;0.0322
25.8200;0.1257
25.8210;0.0935
25.8220;-0.0806
25.8230;-0.0806
25.8240;0.0516
25.8250;0.0000
25.8260;0.1192
25.8270;0.0838
25.8280;-0.1869
25.8290;-0.0226
25.8300;0.1418
25.8310;0.1321
25.8320;-0.0709
25.8330;-0.2900
25.8340;-0.2578
25.8350;0.0967
25.8360;0.2771
25.8370;0.0516
25.8380;-0.1934
25.8390;0.1128
25.8400;0.2320
25.8410;0.1966
25.8420;0.2320
25.8430;-0.1676
25.8440;-0.7251
25.8450;-0.5575
25.8460;-0.2062
25.8470;0.0741
25.8480;0.1096
25.8490;0.1418
25.8500;0.2578
25.8510;0.3545
25.8520;0.1869
25.8530;0.0451
25.8540;0.0709
25.8550;-0.0097
25.8560;-0.0258
25.8570;0.0516
25.8580;0.0902
25.8590;-0.0645
25.8600;-0.0580
25.8610;0.0645
25.8620;-0.0322
25.8630;-0.1611
25.8640;-0.0645
25.8650;0.0226
25.8660;0.1128
25.8670;0.0548
25.8680;0.0806
25.8690;0.0226
25.8700;0.1128
25.8710;0.1676
25.8720;0.1192
25.8730;-0.5382
25.8740;-0.4834
25.8750;-0.1031
25.8760;0.0870
25.8770;0.0806
25.8780;-0.0258
25.8790;0.1192
25.8800;0.3771
25.8810;0.4576
25.8820;-0.2675
25.8830;-0.7573
25.8840;-0.2707
25.8850;0.0612
25.8860;0.0516
25.8870;-0.0999
25.8880;0.1096
25.8890;0.1128
25.8900;0.0612
25.8910;0.0935
25.8920;0.0709
25.8930;0.0322
25.8940;0.0741
25.8950;0.0967
25.8960;0.0193
25.8970;-0.0064
25.8980;-0.0032
25.8990;0.0290
25.9000;-0.0097
25.9010;0.0258
25.9020;-0.0645
25.9030;0.1257
25.9040;0.2191
25.9050;0.1740
25.9060;0.1869
25.9070;0.4157
25.9080;-0.0322
25.9090;-0.7477
25.9100;-0.6542
25.9110;-0.5350
25.9120;-0.1934
25.9130;0.0258
25.9140;0.2804
25.9150;0.4189
25.9160;0.4770
25.9170;0.4157
25.9180;0.2481
25.9190;-0.3029
25.9200;-0.8282
25.9210;-0.3384
25.9220;-0.0612
25.9230;0.0741
25.9240;0.1901
25.9250;0.2256
25.9260;-0.1257
25.9270;-0.0580
25.9280;0.0709
25.9290;0.1160
25.9300;-0.0419
25.9310;-0.0290
25.9320;0.1031
25.9330;0.3609
25.9340;0.3319
25.9350;-0.1128
25.9360;-0.4157
25.9370;-0.1837
25.9380;-0.0064
25.9390;-0.1708
25.9400;0.1031
25.9410;-0.1321
25.9420;-0.1869
25.9430;0.1321
25.9440;0.4093
25.9450;0.2385
25.9460;0.0612
25.9470;-0.0032
25.9480;-0.0902
25.9490;-0.1192
25.9500;-0.0064
25.9510;-0.0290
25.9520;0.0000
25.9530;-0.0741
25.9540;-0.0322
25.9550;0.0161
25.9560;0.0483
25.9570;-0.0258
25.9580;0.0709
25.9590;0.2127
25.9600;0.0967
25.9610;0.1289
25.9620;-0.2675
25.9630;-0.4479
25.9640;-0.2610
25.9650;-0.1192
25.9660;-0.0741
25.9670;0.2288
25.9680;0.2449
25.9690;0.0645
25.9700;0.0806
25.9710;0.1192
25.9720;0.1869
25.9730;-0.2643
25.9740;-0.1869
25.9750;0.0548
25.9760;-0.0290
25.9770;0.1740
25.9780;0.1708
25.9790;-0.0870
25.9800;-0.2320
25.9810;-0.0483
25.9820;0.0612
25.9830;0.0451
25.9840;0.0483
25.9850;-0.0129
25.9860;-0.1740
25.9870;-0.1676
25.9880;0.3190
25.9890;0.3029
25.9900;-0.0999
25.9910;-0.0999
25.9920;0.1418
25.9930;0.1515
25.9940;0.0193
25.9950;-0.1192
25.9960;-0.2095
25.9970;-0.1192
25.9980;-0.0580
25.9990;0.0741
26.0000;-0.0032
26.0010;-0.0129
26.0020;-0.0838
26.0030;-0.0806
26.0040;-0.1289
26.0050;-0.1515
26.0060;0.1547
26.0070;0.2030
26.0080;-0.2030
26.0090;-0.3029
26.0100;-0.0354
26.0110;0.4254
26.0120;0.5124
26.0130;0.1450
26.0140;0.0773
26.0150;-0.2385
26.0160;-0.4061
26.0170;-0.1321
26.0180;0.2095
26.0190;0.2062
26.0200;0.1128
26.0210;-0.0226
26.0220;0.0226
26.0230;-0.0129
26.0240;-0.0645
26.0250;0.1096
26.0260;0.1321
26.0270;-0.0773
26.0280;-0.2224
26.0290;-0.1901
26.0300;0.0451
26.0310;0.1257
26.0320;0.3062
26.0330;0.0870
26.0340;-0.0806
26.0350;-0.0258
26.0360;-0.1515
26.0370;0.1482
26.0380;0.3738
26.0390;0.4125
26.0400;-0.2449
26.0410;-0.7444
26.0420;-0.4222
26.0430;-0.1934
26.0440;-0.0097
26.0450;-0.0451
26.0460;-0.1579
26.0470;0.0902
26.0480;0.1192
26.0490;0.0806
26.0500;0.0967
26.0510;0.3062
26.0520;0.2868
26.0530;0.1837
26.0540;-0.1966
26.0550;-0.3126
26.0560;-0.1547
26.0570;0.0226
26.0580;0.1225
26.0590;0.1386
26.0600;0.0193
26.0610;-0.1579
26.0620;0.0032
26.0630;0.1579
26.0640;0.1225
26.0650;0.0838
26.0660;-0.1482
26.0670;-0.0483
26.0680;0.0290
26.0690;0.1257
26.0700;0.0838
26.0710;-0.0290
26.0720;0.0064
26.0730;-0.0838
26.0740;-0.1934
26.0750;-0.1031
26.0760;0.0129
26.0770;-0.0580
26.0780;-0.3706
26.0790;-0.2417
26.0800;0.1869
26.0810;0.4383
26.0820;0.4673
26.0830;0.2578
26.0840;-0.4157
26.0850;-0.5897
26.0860;0.0741
26.0870;0.1740
26.0880;0.1321
26.0890;0.0483
26.0900;-0.1257
26.0910;-0.2191
26.0920;-0.3771
26.0930;-0.0387
26.0940;0.3609
26.0950;0.3932
26.0960;0.0129
26.0970;-0.2256
26.0980;-0.3352
26.0990;-0.2449
26.1000;0.3609
26.1010;0.5672
26.1020;0.5736
26.1030;0.1192
26.1040;-0.0032
26.1050;0.0516
26.1060;-0.3190
26.1070;-0.4222
26.1080;-0.4093
26.1090;-0.2320
26.1100;0.1257
26.1110;0.1611
26.1120;0.0870
26.1130;0.0645
26.1140;0.0354
26.1150;0.0097
26.1160;-0.0451
26.1170;-0.1579
26.1180;-0.1740
26.1190;-0.0161
26.1200;0.1934
26.1210;0.2030
26.1220;0.0773
26.1230;0.1257
26.1240;0.0258
26.1250;-0.1772
26.1260;-0.1354
26.1270;0.1096
26.1280;0.1805
26.1290;0.1644
26.1300;0.1225
26.1310;0.0064
26.1320;-0.3996
26.1330;-0.4447
26.1340;-0.2739
26.1350;-0.0161
26.1360;0.1128
26.1370;0.1450
26.1380;0.0806
26.1390;0.2997
26.1400;0.2256
26.1410;-0.1450
26.1420;-0.1676
26.1430;-0.1676
26.1440;-0.0064
26.1450;0.4286
26.1460;0.3029
26.1470;0.0806
26.1480;-0.0548
26.1490;-0.2997
26.1500;-0.3384
26.1510;-0.1160
26.1520;-0.0161
26.1530;0.0806
26.1540;0.0580
26.1550;0.0580
26.1560;-0.0354
26.1570;-0.2771
26.1580;-0.2481
26.1590;0.1934
26.1600;0.4641
26.1610;0.0741
26.1620;0.0032
26.1630;0.0838
26.1640;0.4673
26.1650;0.4383
26.1660;-0.1192
26.1670;-0.7380
26.1680;-0.4641
26.1690;-0.1547
26.1700;-0.1482
26.1710;-0.0935
26.1720;-0.0516
26.1730;0.0161
26.1740;0.1096
26.1750;0.1579
26.1760;0.2868
26.1770;0.2030
26.1780;-0.0419
26.1790;0.1418
26.1800;-0.1128
26.1810;-0.1160
26.1820;0.0290
26.1830;-0.0161
26.1840;-0.1192
26.1850;-0.0226
26.1860;0.1450
26.1870;0.1515
26.1880;-0.0902
26.1890;-0.1579
26.1900;0.0451
26.1910;0.1063
26.1920;-0.0935
26.1930;0.0193
26.1940;0.0387
26.1950;-0.0516
26.1960;-0.0129
26.1970;-0.0451
26.1980;0.0870
26.1990;0.3899
26.2000;0.2933
26.2010;0.0806
26.2020;-0.3513
26.2030;-0.3738
26.2040;-0.0419
26.2050;0.0870
26.2060;-0.0935
26.2070;-0.2997
26.2080;-0.1547
26.2090;-0.0387
26.2100;0.0354
26.2110;-0.0064
26.2120;-0.0516
26.2130;0.0097
26.2140;0.0806
26.2150;0.0226
26.2160;0.0516
26.2170;0.1160
26.2180;0.2643
26.2190;0.2514
26.2200;0.1289
26.2210;-0.1515
26.2220;-0.0193
26.2230;0.1611
26.2240;-0.0516
26.2250;-0.2288
26.2260;-0.2417
26.2270;-0.1772
26.2280;-0.1031
26.2290;0.1418
26.2300;0.1772
26.2310;0.0838
26.2320;0.0612
26.2330;-0.0548
26.2340;-0.0773
26.2350;-0.0387
26.2360;-0.0967
26.2370;-0.0451
26.2380;0.0741
26.2390;0.0870
26.2400;-0.0999
26.2410;-0.2030
26.2420;-0.2578
26.2430;0.1611
26.2440;0.2997
26.2450;0.2417
26.2460;0.1128
26.2470;0.1354
26.2480;0.1192
26.2490;0.1611
26.2500;0.0354
26.2510;-0.2836
26.2520;-0.2191
26.2530;-0.0902
26.2540;-0.0935
26.2550;0.0129
26.2560;0.1321
26.2570;0.1321
26.2580;0.0226
26.2590;-0.1096
26.2600;-0.0870
26.2610;0.0387
26.2620;0.0677
26.2630;-0.1515
26.2640;-0.2771
26.2650;-0.1611
26.2660;-0.0419
26.2670;-0.0451
26.2680;-0.2288
26.2690;-0.0226
26.2700;0.3094
26.2710;0.1966
26.2720;0.2159
26.2730;0.1547
26.2740;0.1257
26.2750;0.1805
26.2760;-0.2030
26.2770;-0.3932
26.2780;-0.0129
26.2790;0.0967
26.2800;0.0677
26.2810;-0.0032
26.2820;-0.0354
26.2830;0.0548
26.2840;0.1031
26.2850;0.0419
26.2860;-0.2095
26.2870;-0.2320
26.2880;0.0226
26.2890;0.4544
26.2900;0.1257
26.2910;-0.2353
26.2920;-0.0677
26.2930;0.1547
26.2940;-0.0129
26.2950;-0.0709
26.2960;0.0806
26.2970;0.0129
26.2980;-0.0097
26.2990;-0.1289
26.3000;-0.2449
26.3010;-0.0419
26.3020;0.1805
26.3030;0.0516
26.3040;-0.1063
26.3050;-0.1869
26.3060;-0.2417
26.3070;-0.1160
26.3080;0.0451
26.3090;-0.0773
26.3100;0.0806
26.3110;0.3029
26.3120;0.1901
26.3130;0.2030
26.3140;0.1257
26.3150;0.1096
26.3160;0.0451
26.3170;0.1031
26.3180;0.0773
26.3190;0.0741
26.3200;0.0097
26.3210;-0.5575
26.3220;-0.5704
26.3230;-0.2320
26.3240;0.2449
26.3250;0.3062
26.3260;0.0999
26.3270;0.3255
26.3280;0.2933
26.3290;-0.3609
26.3300;-0.3899
26.3310;-0.0741
26.3320;0.1289
26.3330;0.1386
26.3340;0.2739
26.3350;0.0999
26.3360;0.0548
26.3370;0.0548
26.3380;-0.2481
26.3390;-0.2578
26.3400;-0.2191
26.3410;-0.2353
26.3420;-0.1611
26.3430;0.0773
26.3440;0.4222
26.3450;0.4866
26.3460;0.0709
26.3470;-0.1966
26.3480;-0.5092
26.3490;-0.4093
26.3500;0.0129
26.3510;-0.0516
26.3520;0.1257
26.3530;0.3384
26.3540;0.2159
26.3550;0.2191
26.3560;0.1225
26.3570;-0.0193
26.3580;-0.2191
26.3590;-0.1708
26.3600;0.0322
26.3610;0.0258
26.3620;0.0612
26.3630;-0.0902
26.3640;0.0258
26.3650;0.0354
26.3660;-0.0097
26.3670;0.1547
26.3680;0.0773
26.3690;-0.0645
26.3700;0.0483
26.3710;-0.0129
26.3720;-0.1192
26.3730;-0.1450
26.3740;-0.2739
26.3750;-0.2320
26.3760;-0.2062
26.3770;0.2707
26.3780;0.2578
26.3790;0.3480
26.3800;0.7831
26.3810;0.5092
26.3820;-0.1192
26.3830;-0.2997
26.3840;-0.3674
26.3850;-0.3480
26.3860;-0.5446
26.3870;-0.3062
26.3880;0.0387
26.3890;0.0773
26.3900;-0.2127
26.3910;-0.1450
26.3920;0.3384
26.3930;0.6574
26.3940;0.3545
26.3950;0.0097
26.3960;-0.0548
26.3970;0.0064
26.3980;-0.1547
26.3990;-0.1579
26.4000;-0.1869
26.4010;-0.2385
26.4020;0.0806
26.4030;0.2256
26.4040;0.0258
26.4050;-0.0258
26.4060;-0.1482
26.4070;-0.1998
26.4080;-0.0677
26.4090;0.1128
26.4100;0.2449
26.4110;0.0967
26.4120;-0.1450
26.4130;-0.1225
26.4140;-0.0258
26.4150;0.2191
26.4160;0.2868
26.4170;-0.0902
26.4180;-0.2965
26.4190;-0.1998
26.4200;-0.0870
26.4210;-0.1418
26.4220;0.0000
26.4230;0.4157
26.4240;0.2159
26.4250;0.0838
26.4260;0.0354
26.4270;0.0387
26.4280;0.0226
26.4290;0.0097
26.4300;0.1128
26.4310;-0.1031
26.4320;-0.3352
26.4330;-0.0645
26.4340;0.1321
26.4350;0.1289
26.4360;0.1418
26.4370;-0.0999
26.4380;-0.3448
26.4390;-0.0741
26.4400;0.2546
26.4410;0.0548
26.4420;-0.0226
26.4430;-0.1740
26.4440;0.1805
26.4450;0.1708
26.4460;0.0612
26.4470;-0.1031
26.4480;-0.2643
26.4490;-0.3448
26.4500;-0.2804
26.4510;0.0258
26.4520;0.2320
26.4530;0.3674
26.4540;0.1676
26.4550;0.0483
26.4560;0.1031
26.4570;-0.0935
26.4580;-0.3319
26.4590;-0.1740
26.4600;0.0290
26.4610;0.1418
26.4620;0.0999
26.4630;-0.0322
26.4640;-0.0999
26.4650;-0.0645
26.4660;0.0226
26.4670;0.2675
26.4680;0.4383
26.4690;0.1998
26.4700;-0.3255
26.4710;-0.5285
26.4720;-0.2062
26.4730;0.0773
26.4740;0.1547
26.4750;0.2159
26.4760;0.0032
26.4770;-0.1934
26.4780;-0.0258
26.4790;-0.0806
26.4800;-0.1772
26.4810;-0.1063
26.4820;-0.1096
26.4830;0.3577
26.4840;0.1837
26.4850;0.3190
26.4860;0.3158
26.4870;-0.0354
26.4880;0.0387
26.4890;-0.0709
26.4900;-0.2353
26.4910;-0.2320
26.4920;-0.1515
26.4930;-0.1547
26.4940;-0.0258
26.4950;0.0226
26.4960;0.0290
26.4970;-0.0419
26.4980;-0.1031
26.4990;-0.0258
26.5000;0.1128
26.5010;0.0516
26.5020;0.1160
26.5030;0.1289
26.5040;0.0935
26.5050;0.0193
26.5060;-0.0258
26.5070;-0.1998
26.5080;-0.1096
26.5090;-0.0806
26.5100;-0.0935
26.5110;0.0967
26.5120;0.2191
26.5130;0.2965
26.5140;0.1482
26.5150;0.0097
26.5160;0.1386
26.5170;0.1160
26.5180;-0.1257
26.5190;-0.1515
26.5200;-0.3126
26.5210;-0.4802
26.5220;-0.3996
26.5230;-0.3384
26.5240;0.1160
26.5250;0.4641
26.5260;0.4479
26.5270;0.1579
26.5280;0.2256
26.5290;0.0773
26.5300;-0.0419
26.5310;-0.2320
26.5320;-0.2030
26.5330;-0.0451
26.5340;0.0548
26.5350;0.1708
26.5360;0.1805
26.5370;0.1966
26.5380;0.2256
26.5390;-0.1869
26.5400;-0.5124
26.5410;-0.3577
26.5420;-0.0935
26.5430;-0.0322
26.5440;0.1063
26.5450;0.2546
26.5460;0.0419
26.5470;-0.0709
26.5480;-0.0226
26.5490;0.0935
26.5500;0.3287
26.5510;0.3706
26.5520;0.0902
26.5530;-0.4479
26.5540;-0.2707
26.5550;0.1772
26.5560;0.0999
26.5570;-0.1450
26.5580;-0.0902
26.5590;-0.0451
26.5600;-0.2481
26.5610;-0.3513
26.5620;-0.0354
26.5630;0.2417
26.5640;0.2578
26.5650;0.1031
26.5660;-0.1579
26.5670;-0.0870
26.5680;0.0773
26.5690;0.0258
26.5700;0.1772
26.5710;0.1482
26.5720;0.0354
26.5730;-0.1676
26.5740;-0.1708
26.5750;0.0548
26.5760;0.1031
26.5770;0.1128
26.5780;0.1708
26.5790;-0.0258
26.5800;-0.1289
26.5810;-0.3384
26.5820;-0.5124
26.5830;-0.3706
26.5840;0.2965
26.5850;0.6800
26.5860;0.3416
26.5870;0.0161
26.5880;-0.2836
26.5890;-0.0419
26.5900;0.3803
26.5910;0.2578
26.5920;0.0097
26.5930;-0.1934
26.5940;-0.1418
26.5950;-0.1450
26.5960;-0.0419
26.5970;-0.0064
26.5980;-0.0258
26.5990;0.0097
26.6000;-0.0645
26.6010;-0.1257
26.6020;-0.0580
26.6030;0.1321
26.6040;0.2546
26.6050;-0.1225
26.6060;-0.0709
26.6070;0.0193
26.6080;-0.0967
26.6090;-0.0483
26.6100;0.0483
26.6110;0.1676
26.6120;0.1644
26.6130;0.1225
26.6140;-0.1063
26.6150;-0.0967
26.6160;-0.1579
26.6170;-0.3996
26.6180;-0.3190
26.6190;-0.0902
26.6200;0.1128
26.6210;0.2449
26.6220;0.3158
26.6230;0.3609
26.6240;0.3706
26.6250;0.1644
26.6260;-0.0129
26.6270;-0.3867
26.6280;-0.2385
26.6290;-0.2610
26.6300;-0.1321
26.6310;-0.2610
26.6320;-0.3158
26.6330;-0.1031
26.6340;0.0516
26.6350;0.2578
26.6360;0.4673
26.6370;0.2578
26.6380;0.1160
26.6390;0.0354
26.6400;-0.2030
26.6410;-0.1515
26.6420;0.1869
26.6430;-0.0806
26.6440;-0.2481
26.6450;-0.1031
26.6460;0.1547
26.6470;0.5253
26.6480;0.5833
26.6490;0.0999
26.6500;-0.3223
26.6510;-0.3062
26.6520;-0.0741
26.6530;-0.0258
26.6540;-0.1805
26.6550;-0.1966
26.6560;-0.2385
26.6570;-0.1418
26.6580;0.1676
26.6590;0.1418
26.6600;-0.0354
26.6610;-0.1837
26.6620;-0.2191
26.6630;0.0097
26.6640;-0.0451
26.6650;0.1482
26.6660;0.4415
26.6670;0.2836
26.6680;0.0064
26.6690;-0.0967
26.6700;-0.0097
26.6710;0.1966
26.6720;0.0999
26.6730;0.0387
26.6740;0.0064
26.6750;-0.2965
26.6760;-0.3094
26.6770;-0.0193
26.6780;0.2643
26.6790;0.2933
26.6800;0.2030
26.6810;-0.2320
26.6820;-0.2739
26.6830;-0.0838
26.6840;0.0548
26.6850;0.2353
26.6860;0.0064
26.6870;-0.1547
26.6880;-0.3513
26.6890;-0.3577
26.6900;-0.1096
26.6910;-0.0258
26.6920;-0.0709
26.6930;0.3480
26.6940;0.4222
26.6950;0.0902
26.6960;0.0097
26.6970;-0.0935
26.6980;0.0064
26.6990;0.0773
26.7000;0.0032
26.7010;-0.1805
26.7020;-0.1805
26.7030;0.0516
26.7040;0.0967
26.7050;0.1837
26.7060;0.1096
26.7070;-0.0806
26.7080;-0.0645
26.7090;0.0258
26.7100;0.1160
26.7110;0.1031
26.7120;0.0193
26.7130;-0.2353
26.7140;-0.0387
26.7150;0.2288
26.7160;0.1386
26.7170;-0.3352
26.7180;-0.2578
26.7190;0.0097
26.7200;0.1321
26.7210;0.0129
26.7220;-0.0516
26.7230;-0.1450
26.7240;-0.0645
26.7250;0.1063
26.7260;0.2546
26.7270;0.3255
26.7280;0.1386
26.7290;-0.1547
26.7300;-0.4479
26.7310;-0.4189
26.7320;-0.2900
26.7330;0.3867
26.7340;0.6671
26.7350;0.4834
26.7360;-0.2062
26.7370;-0.2675
26.7380;-0.0902
26.7390;0.0999
26.7400;0.2095
26.7410;0.1128
26.7420;-0.2514
26.7430;-0.3480
26.7440;-0.2836
26.7450;-0.0064
26.7460;0.0483
26.7470;-0.0161
26.7480;-0.0612
26.7490;-0.0516
26.7500;0.0935
26.7510;0.2610
26.7520;0.3319
26.7530;0.2449
26.7540;-0.0677
26.7550;-0.2868
26.7560;-0.2900
26.7570;-0.0258
26.7580;0.0193
26.7590;-0.2191
26.7600;-0.3513
26.7610;-0.3577
26.7620;0.2449
26.7630;0.9346
26.7640;0.7541
26.7650;-0.2030
26.7660;-0.5414
26.7670;-0.1644
26.7680;0.1547
26.7690;0.0516
26.7700;-0.0709
26.7710;-0.0193
26.7720;0.1257
26.7730;0.2546
26.7740;0.0967
26.7750;-0.2062
26.7760;-0.2320
26.7770;-0.1321
26.7780;-0.0677
26.7790;-0.0129
26.7800;0.1289
26.7810;0.1805
26.7820;0.1772
26.7830;-0.0677
26.7840;-0.2965
26.7850;-0.3803
26.7860;-0.3899
26.7870;-0.0999
26.7880;0.4479
26.7890;0.2514
26.7900;-0.1998
26.7910;-0.1450
26.7920;0.1386
26.7930;0.3255
26.7940;0.1225
26.7950;-0.0483
26.7960;0.0516
26.7970;0.0226
26.7980;0.0999
26.7990;0.0677
26.8000;0.0838
26.8010;-0.1676
26.8020;-0.0709
26.8030;0.1354
26.8040;-0.0226
26.8050;-0.1579
26.8060;-0.1708
26.8070;-0.1772
26.8080;-0.0612
26.8090;0.1257
26.8100;-0.0419
26.8110;-0.2062
26.8120;-0.0129
26.8130;0.2127
26.8140;-0.0548
26.8150;0.0516
26.8160;0.3803
26.8170;0.3480
26.8180;0.0064
26.8190;-0.2256
26.8200;0.0161
26.8210;0.1740
26.8220;-0.0161
26.8230;-0.3803
26.8240;-0.4544
26.8250;-0.0773
26.8260;0.0902
26.8270;0.1482
26.8280;0.0773
26.8290;-0.1450
26.8300;0.0967
26.8310;0.3996
26.8320;0.3803
26.8330;0.2288
26.8340;-0.2127
26.8350;-0.3352
26.8360;-0.1386
26.8370;-0.0806
26.8380;-0.1837
26.8390;-0.0806
26.8400;-0.0064
26.8410;-0.6316
26.8420;-0.6606
26.8430;0.4125
26.8440;0.8604
26.8450;0.3738
26.8460;0.2707
26.8470;0.0806
26.8480;-0.0806
26.8490;0.0999
26.8500;0.1418
26.8510;-0.2707
26.8520;-0.2514
26.8530;-0.2288
26.8540;-0.0516
26.8550;-0.0226
26.8560;-0.0387
26.8570;0.1192
26.8580;0.2127
26.8590;0.0741
26.8600;-0.0032
26.8610;0.0000
26.8620;-0.1225
26.8630;-0.1289
26.8640;-0.1063
26.8650;-0.1708
26.8660;-0.0290
26.8670;0.3964
26.8680;0.2868
26.8690;-0.0806
26.8700;-0.1386
26.8710;-0.0548
26.8720;-0.0226
26.8730;0.0580
26.8740;0.1644
26.8750;0.0806
26.8760;-0.2739
26.8770;-0.2771
26.8780;0.1031
26.8790;0.3319
26.8800;0.2095
26.8810;-0.7477
26.8820;-1.0345
26.8830;0.1450
26.8840;0.6832
26.8850;0.4125
26.8860;0.1257
26.8870;-0.0258
26.8880;-0.1837
26.8890;-0.2868
26.8900;-0.1225
26.8910;0.2256
26.8920;0.2514
26.8930;0.0806
26.8940;0.0580
26.8950;-0.0741
26.8960;-0.1611
26.8970;0.0806
26.8980;0.3932
26.8990;0.1096
26.9000;-0.1063
26.9010;-0.1579
26.9020;-0.1160
26.9030;0.0709
26.9040;0.1063
26.9050;0.0677
26.9060;-0.0258
26.9070;-0.1450
26.9080;0.0516
26.9090;0.2159
26.9100;0.3190
26.9110;0.1772
26.9120;-0.0580
26.9130;-0.5156
26.9140;-0.6574
26.9150;-0.3964
26.9160;-0.1547
26.9170;-0.0999
26.9180;0.0451
26.9190;-0.0322
26.9200;0.0226
26.9210;0.4512
26.9220;0.5672
26.9230;0.3062
26.9240;0.0709
26.9250;-0.0322
26.9260;-0.0064
26.9270;0.0612
26.9280;0.0999
26.9290;0.0226
26.9300;0.0290
26.9310;-0.1418
26.9320;-0.1192
26.9330;-0.1482
26.9340;-0.1611
26.9350;-0.0354
26.9360;-0.0580
26.9370;-0.0451
26.9380;0.0097
26.9390;0.0741
26.9400;0.1386
26.9410;0.2739
26.9420;0.0677
26.9430;-0.2643
26.9440;-0.3513
26.9450;-0.2449
26.9460;-0.4802
26.9470;-0.4254
26.9480;0.2062
26.9490;0.3190
26.9500;-0.1257
26.9510;-0.0870
26.9520;0.1837
26.9530;0.6413
26.9540;0.8443
26.9550;0.3255
26.9560;-0.2933
26.9570;-0.3899
26.9580;-0.0741
26.9590;0.0580
26.9600;-0.1063
26.9610;-0.2385
26.9620;-0.2707
26.9630;-0.2546
26.9640;-0.0516
26.9650;0.3158
26.9660;0.3899
26.9670;0.2868
26.9680;0.0032
26.9690;-0.1998
26.9700;-0.3029
26.9710;-0.0967
26.9720;0.2256
26.9730;0.2643
26.9740;-0.2997
26.9750;-0.2739
26.9760;-0.1192
26.9770;-0.0548
26.9780;-0.0806
26.9790;-0.1128
26.9800;0.0322
26.9810;0.0806
26.9820;0.1644
26.9830;0.1740
26.9840;0.1837
26.9850;0.0129
26.9860;-0.2997
26.9870;-0.2256
26.9880;0.1547
26.9890;0.3996
26.9900;0.2868
26.9910;0.0000
26.9920;-0.0290
26.9930;-0.0548
26.9940;-0.1063
26.9950;-0.1192
26.9960;-0.0870
26.9970;-0.0902
26.9980;0.1547
26.9990;0.0870
27.0000;-0.0645
27.0010;-0.0773
27.0020;0.0097
27.0030;0.0451
27.0040;0.0032
27.0050;-0.0258
27.0060;-0.0516
27.0070;-0.1644
27.0080;-0.0483
27.0090;0.1869
27.0100;0.4093
27.0110;0.1063
27.0120;-0.0677
27.0130;-0.1354
27.0140;-0.2127
27.0150;-0.1096
27.0160;0.1160
27.0170;0.3062
27.0180;0.0129
27.0190;-0.2514
27.0200;-0.0290
27.0210;0.0773
27.0220;0.0999
27.0230;0.0773
27.0240;-0.0419
27.0250;-0.1386
27.0260;-0.2320
27.0270;-0.0193
27.0280;0.0645
27.0290;0.0193
27.0300;0.0193
27.0310;-0.1772
27.0320;-0.1354
27.0330;0.1708
27.0340;0.4770
27.0350;0.2030
27.0360;-0.2707
27.0370;-0.1160
27.0380;-0.1805
27.0390;0.0258
27.0400;0.1837
27.0410;0.2449
27.0420;0.0000
27.0430;-0.2965
27.0440;-0.3319
27.0450;-0.2353
27.0460;0.0548
27.0470;0.2449
27.0480;0.2062
27.0490;0.0419
27.0500;-0.2256
27.0510;-0.3964
27.0520;-0.2191
27.0530;0.1225
27.0540;0.5704
27.0550;0.4608
27.0560;0.0387
27.0570;-0.5027
27.0580;-0.4383
27.0590;0.1289
27.0600;0.3384
27.0610;0.2514
27.0620;0.0677
27.0630;-0.0193
27.0640;-0.0999
27.0650;0.0064
27.0660;-0.1031
27.0670;-0.1321
27.0680;0.0097
27.0690;0.0806
27.0700;0.1676
27.0710;0.2191
27.0720;0.1644
27.0730;0.0806
27.0740;0.0709
27.0750;0.0161
27.0760;-0.2868
27.0770;-0.3384
27.0780;-0.2288
27.0790;-0.1547
27.0800;-0.1934
27.0810;-0.2256
27.0820;-0.2095
27.0830;0.0773
27.0840;0.2288
27.0850;0.3577
27.0860;-0.0612
27.0870;-0.1547
27.0880;0.1515
27.0890;0.2353
27.0900;0.1772
27.0910;0.1354
27.0920;0.1966
27.0930;-0.0322
27.0940;0.0483
27.0950;0.1772
27.0960;-0.3287
27.0970;-0.6993
27.0980;-0.4673
27.0990;-0.0387
27.1000;0.3996
27.1010;0.0612
27.1020;0.1901
27.1030;0.3609
27.1040;0.3029
27.1050;-0.0612
27.1060;-0.2159
27.1070;-0.0419
27.1080;0.0516
27.1090;0.0226
27.1100;-0.0226
27.1110;-0.0387
27.1120;-0.1160
27.1130;-0.0709
27.1140;-0.0161
27.1150;0.0032
27.1160;0.0226
27.1170;0.0290
27.1180;-0.0226
27.1190;-0.0226
27.1200;-0.0226
27.1210;-0.1257
27.1220;-0.1934
27.1230;-0.0580
27.1240;0.0387
27.1250;0.2062
27.1260;0.0806
27.1270;0.0935
27.1280;0.0193
27.1290;-0.0290
27.1300;-0.0773
27.1310;-0.2062
27.1320;-0.2062
27.1330;0.0806
27.1340;0.4222
27.1350;0.2320
27.1360;0.1482
27.1370;0.1225
27.1380;0.0773
27.1390;0.2095
27.1400;0.0064
27.1410;-0.3932
27.1420;-0.6316
27.1430;-0.4351
27.1440;-0.0967
27.1450;0.2900
27.1460;0.2900
27.1470;0.0226
27.1480;-0.1934
27.1490;-0.0709
27.1500;-0.0258
27.1510;0.0032
27.1520;0.1450
27.1530;0.0580
27.1540;0.0097
27.1550;0.0935
27.1560;0.2224
27.1570;0.0226
27.1580;-0.1160
27.1590;-0.1354
27.1600;-0.1644
27.1610;-0.0516
27.1620;0.2159
27.1630;-0.0870
27.1640;-0.1998
27.1650;-0.1386
27.1660;0.2030
27.1670;0.2353
27.1680;0.1837
27.1690;0.0870
27.1700;-0.0322
27.1710;0.0032
27.1720;-0.0322
27.1730;0.0709
27.1740;-0.0290
27.1750;-0.1160
27.1760;-0.0838
27.1770;-0.0258
27.1780;0.0967
27.1790;0.0354
27.1800;0.0129
27.1810;0.0226
27.1820;0.0097
27.1830;0.0548
27.1840;-0.0612
27.1850;-0.4189
27.1860;-0.4608
27.1870;-0.2514
27.1880;0.2933
27.1890;0.6091
27.1900;0.2353
27.1910;-0.0806
27.1920;0.1192
27.1930;0.1418
27.1940;0.1418
27.1950;-0.0838
27.1960;-0.3255
27.1970;-0.1934
27.1980;0.2159
27.1990;0.4383
27.2000;0.2804
27.2010;-0.2385
27.2020;-0.0548
27.2030;-0.0709
27.2040;-0.0838
27.2050;0.0097
27.2060;0.0000
27.2070;-0.1482
27.2080;-0.2900
27.2090;-0.3062
27.2100;-0.2159
27.2110;-0.1515
27.2120;0.0451
27.2130;0.0612
27.2140;-0.5060
27.2150;-0.4673
27.2160;0.3416
27.2170;0.9185
27.2180;0.7412
27.2190;0.3932
27.2200;0.0709
27.2210;-0.4125
27.2220;-0.3223
27.2230;0.0387
27.2240;0.1805
27.2250;-0.0387
27.2260;-0.2675
27.2270;-0.0967
27.2280;0.1386
27.2290;0.1869
27.2300;-0.0999
27.2310;-0.1063
27.2320;-0.0902
27.2330;0.0064
27.2340;0.2030
27.2350;0.1192
27.2360;-0.0709
27.2370;-0.0935
27.2380;0.0064
27.2390;0.1579
27.2400;0.3384
27.2410;0.3480
27.2420;0.1128
27.2430;-0.3964
27.2440;-0.4608
27.2450;-0.3319
27.2460;-0.1998
27.2470;-0.1225
27.2480;-0.1031
27.2490;-0.0258
27.2500;0.0741
27.2510;0.0000
27.2520;0.1644
27.2530;0.2353
27.2540;0.0902
27.2550;-0.0935
27.2560;-0.2997
27.2570;-0.3319
27.2580;0.1708
27.2590;0.6284
27.2600;0.4318
27.2610;0.0226
27.2620;-0.0967
27.2630;-0.0935
27.2640;-0.0967
27.2650;-0.1901
27.2660;0.0548
27.2670;0.0935
27.2680;-0.1869
27.2690;-0.2707
27.2700;-0.1418
27.2710;0.1515
27.2720;0.2868
27.2730;0.2127
27.2740;0.0773
27.2750;-0.0419
27.2760;-0.0032
27.2770;-0.0612
27.2780;-0.2771
27.2790;-0.4318
27.2800;-0.3190
27.2810;0.2481
27.2820;0.2417
27.2830;0.2771
27.2840;0.2256
27.2850;0.1740
27.2860;0.0612
27.2870;0.0032
27.2880;0.0000
27.2890;-0.1354
27.2900;-0.1160
27.2910;-0.0419
27.2920;-0.0902
27.2930;-0.1611
27.2940;-0.0032
27.2950;0.1386
27.2960;0.1257
27.2970;-0.0419
27.2980;-0.0451
27.2990;-0.0032
27.3000;0.0097
27.3010;0.0387
27.3020;0.0226
27.3030;-0.0451
27.3040;-0.0902
27.3050;-0.0419
27.3060;0.1450
27.3070;-0.0354
27.3080;-0.1418
27.3090;0.0064
27.3100;0.1386
27.3110;0.1257
27.3120;-0.1837
27.3130;-0.1289
27.3140;0.0258
27.3150;0.0451
27.3160;0.2159
27.3170;0.1869
27.3180;-0.0161
27.3190;-0.0387
27.3200;0.1837
27.3210;0.5382
27.3220;0.0451
27.3230;-0.3803
27.3240;-0.3642
27.3250;-0.0677
27.3260;0.0580
27.3270;0.0193
27.3280;-0.3062
27.3290;-0.4576
27.3300;-0.0902
27.3310;0.2288
27.3320;0.0709
27.3330;-0.1547
27.3340;0.0902
27.3350;0.4351
27.3360;0.1869
27.3370;-0.0032
27.3380;-0.0935
27.3390;-0.1096
27.3400;-0.2224
27.3410;0.0032
27.3420;0.1321
27.3430;0.4383
27.3440;0.1321
27.3450;-0.3190
27.3460;-0.3158
27.3470;-0.1966
27.3480;0.0354
27.3490;0.2417
27.3500;0.2481
27.3510;-0.0677
27.3520;-0.2675
27.3530;-0.2900
27.3540;-0.1289
27.3550;0.1805
27.3560;0.2514
27.3570;0.3062
27.3580;0.1772
27.3590;-0.0129
27.3600;-0.0773
27.3610;-0.1837
27.3620;-0.0870
27.3630;-0.0064
27.3640;-0.2385
27.3650;-0.3642
27.3660;-0.0806
27.3670;0.4737
27.3680;0.3480
27.3690;-0.0258
27.3700;-0.1998
27.3710;-0.0354
27.3720;0.1998
27.3730;0.2127
27.3740;0.0677
27.3750;0.0612
27.3760;-0.0258
27.3770;-0.4415
27.3780;-0.4512
27.3790;-0.2546
27.3800;0.1579
27.3810;0.2933
27.3820;0.3996
27.3830;0.2224
27.3840;0.0354
27.3850;-0.0612
27.3860;-0.0773
27.3870;0.0967
27.3880;0.0161
27.3890;-0.1676
27.3900;-0.2643
27.3910;-0.1547
27.3920;0.1031
27.3930;0.0935
27.3940;0.1289
27.3950;0.1096
27.3960;0.1257
27.3970;0.1128
27.3980;-0.0516
27.3990;-0.1934
27.4000;-0.3062
27.4010;-0.1934
27.4020;-0.3480
27.4030;-0.1611
27.4040;0.2997
27.4050;0.3835
27.4060;0.1257
27.4070;-0.1869
27.4080;-0.2610
27.4090;-0.0999
27.4100;0.1772
27.4110;0.2868
27.4120;0.2514
27.4130;0.2739
27.4140;0.0322
27.4150;-0.0419
27.4160;-0.1257
27.4170;-0.0483
27.4180;0.0645
27.4190;0.0612
27.4200;-0.0451
27.4210;-0.1966
27.4220;-0.1354
27.4230;-0.0451
27.4240;-0.0032
27.4250;0.0870
27.4260;0.0612
27.4270;-0.0902
27.4280;-0.2965
27.4290;-0.2610
27.4300;0.1869
27.4310;0.2997
27.4320;0.1676
27.4330;0.0645
27.4340;-0.1644
27.4350;-0.0451
27.4360;0.1482
27.4370;0.0806
27.4380;0.0290
27.4390;-0.0451
27.4400;-0.2578
27.4410;-0.3319
27.4420;-0.0741
27.4430;0.0902
27.4440;-0.0193
27.4450;-0.0580
27.4460;0.1644
27.4470;0.4770
27.4480;0.4995
27.4490;-0.0967
27.4500;-0.4254
27.4510;-0.2965
27.4520;-0.1482
27.4530;-0.1837
27.4540;-0.2095
27.4550;0.0741
27.4560;0.2707
27.4570;0.2353
27.4580;0.2933
27.4590;0.3996
27.4600;-0.0548
27.4610;-0.4254
27.4620;-0.2481
27.4630;-0.0387
27.4640;-0.0902
27.4650;-0.1515
27.4660;-0.1063
27.4670;0.0709
27.4680;0.3352
27.4690;0.0709
27.4700;0.0483
27.4710;0.0193
27.4720;-0.0483
27.4730;-0.0516
27.4740;-0.0451
27.4750;-0.2417
27.4760;-0.3158
27.4770;-0.2514
27.4780;0.2514
27.4790;0.7380
27.4800;0.5188
27.4810;-0.0258
27.4820;-0.2610
27.4830;-0.2191
27.4840;-0.1289
27.4850;0.2127
27.4860;0.0773
27.4870;-0.0516
27.4880;0.0032
27.4890;-0.0709
27.4900;-0.1676
27.4910;-0.0935
27.4920;0.0226
27.4930;-0.0741
27.4940;-0.3352
27.4950;-0.4028
27.4960;0.1579
27.4970;0.8186
27.4980;0.5833
27.4990;0.1515
27.5000;-0.0129
27.5010;-0.1450
27.5020;-0.1289
27.5030;-0.5479
27.5040;-0.7477
27.5050;-0.3319
27.5060;0.3352
27.5070;0.4318
27.5080;0.2030
27.5090;0.0354
27.5100;-0.0516
27.5110;-0.0226
27.5120;0.0322
27.5130;-0.0387
27.5140;0.0000
27.5150;0.1386
27.5160;0.1418
27.5170;0.0226
27.5180;-0.0902
27.5190;-0.2804
27.5200;-0.2675
27.5210;-0.0387
27.5220;0.3287
27.5230;0.4576
27.5240;0.4705
27.5250;0.2353
27.5260;-0.2804
27.5270;-0.5156
27.5280;-0.2771
27.5290;0.0419
27.5300;0.0483
27.5310;-0.1676
27.5320;-0.4093
27.5330;-0.0967
27.5340;0.3094
27.5350;0.4093
27.5360;0.1772
27.5370;0.1386
27.5380;-0.0097
27.5390;-0.1257
27.5400;-0.2256
27.5410;-0.3319
27.5420;-0.3899
27.5430;0.2030
27.5440;0.3964
27.5450;0.2643
27.5460;0.0612
27.5470;-0.1289
27.5480;-0.1063
27.5490;-0.0387
27.5500;0.1354
27.5510;0.0838
27.5520;0.1096
27.5530;0.0258
27.5540;-0.1579
27.5550;-0.2836
27.5560;-0.2062
27.5570;0.1096
27.5580;-0.0097
27.5590;-0.1128
27.5600;-0.0032
27.5610;0.1257
27.5620;0.1418
27.5630;0.1515
27.5640;0.0870
27.5650;-0.0580
27.5660;-0.1450
27.5670;-0.0709
27.5680;0.3480
27.5690;0.4770
27.5700;0.0612
27.5710;-0.2610
27.5720;-0.3771
27.5730;-0.2030
27.5740;-0.0258
27.5750;-0.3255
27.5760;-0.0032
27.5770;0.2256
27.5780;-0.0161
27.5790;0.0193
27.5800;0.0354
27.5810;0.0322
27.5820;0.0516
27.5830;0.1128
27.5840;0.1321
27.5850;0.0935
27.5860;-0.1257
27.5870;-0.1547
27.5880;0.0354
27.5890;-0.2030
27.5900;-0.2933
27.5910;-0.0258
27.5920;0.2127
27.5930;0.0773
27.5940;-0.0902
27.5950;-0.1063
27.5960;-0.0902
27.5970;0.1676
27.5980;0.2933
27.5990;0.0870
27.6000;0.1257
27.6010;0.1676
27.6020;0.0483
27.6030;-0.3223
27.6040;-0.2320
27.6050;0.2643
27.6060;0.3771
27.6070;0.2095
27.6080;-0.1772
27.6090;-0.5027
27.6100;-0.2224
27.6110;-0.1772
27.6120;-0.3674
27.6130;0.0806
27.6140;0.1515
27.6150;0.2739
27.6160;0.1450
27.6170;0.0709
27.6180;0.2707
27.6190;0.3158
27.6200;-0.0580
27.6210;-0.3577
27.6220;-0.5188
27.6230;-0.1450
27.6240;0.2353
27.6250;0.0838
27.6260;-0.1515
27.6270;-0.0838
27.6280;0.3706
27.6290;0.5479
27.6300;0.3706
27.6310;-0.1934
27.6320;-0.5317
27.6330;-0.3513
27.6340;-0.2030
27.6350;-0.0967
27.6360;0.0999
27.6370;0.1418
27.6380;0.0419
27.6390;-0.1547
27.6400;-0.3835
27.6410;-0.2385
27.6420;-0.0419
27.6430;0.2288
27.6440;0.5156
27.6450;0.5672
27.6460;0.2095
27.6470;0.1772
27.6480;0.2997
27.6490;-0.1160
27.6500;-0.4802
27.6510;-0.2933
27.6520;-0.2095
27.6530;-0.3771
27.6540;-0.2288
27.6550;0.1450
27.6560;0.3384
27.6570;0.2159
27.6580;0.1644
27.6590;0.0387
27.6600;-0.0677
27.6610;-0.3352
27.6620;-0.4995
27.6630;0.0193
27.6640;0.5285
27.6650;0.3384
27.6660;0.3513
27.6670;0.1418
27.6680;-0.0677
27.6690;-0.0773
27.6700;-0.1418
27.6710;-0.1869
27.6720;0.0548
27.6730;-0.0677
27.6740;-0.3577
27.6750;-0.1869
27.6760;-0.0580
27.6770;0.1386
27.6780;0.1644
27.6790;0.0419
27.6800;-0.3126
27.6810;-0.3287
27.6820;0.0290
27.6830;0.2965
27.6840;0.3062
27.6850;-0.0129
27.6860;-0.1289
27.6870;-0.2643
27.6880;-0.3932
27.6890;0.2449
27.6900;0.7219
27.6910;0.3706
27.6920;0.2062
27.6930;0.0806
27.6940;-0.1869
27.6950;-0.1579
27.6960;-0.0419
27.6970;-0.0419
27.6980;-0.0290
27.6990;0.0032
27.7000;-0.1192
27.7010;-0.0419
27.7020;0.0580
27.7030;0.0290
27.7040;-0.0902
27.7050;-0.1805
27.7060;-0.1547
27.7070;-0.2739
27.7080;-0.2030
27.7090;0.0806
27.7100;0.0999
27.7110;0.0322
27.7120;0.0451
27.7130;0.0064
27.7140;0.0516
27.7150;0.2900
27.7160;0.5092
27.7170;0.2739
27.7180;-0.1354
27.7190;-0.4512
27.7200;-0.4512
27.7210;-0.2610
27.7220;0.1772
27.7230;0.2030
27.7240;0.1901
27.7250;0.2224
27.7260;0.0773
27.7270;-0.0419
27.7280;-0.2804
27.7290;-0.5317
27.7300;-0.3255
27.7310;0.1418
27.7320;0.6155
27.7330;0.3867
27.7340;-0.1321
27.7350;0.0387
27.7360;0.3094
27.7370;0.2707
27.7380;-0.0806
27.7390;-0.6316
27.7400;-0.6478
27.7410;-0.1192
27.7420;0.0612
27.7430;0.3287
27.7440;0.1450
27.7450;-0.1547
27.7460;0.0580
27.7470;0.4222
27.7480;0.2288
27.7490;-0.0580
27.7500;-0.0129
27.7510;-0.2127
27.7520;-0.7896
27.7530;-0.2933
27.7540;0.3319
27.7550;0.4705
27.7560;0.0161
27.7570;-0.0322
27.7580;0.0483
27.7590;-0.0645
27.7600;-0.0322
27.7610;0.2159
27.7620;-0.0258
27.7630;-0.2191
27.7640;0.2030
27.7650;0.4963
27.7660;0.0387
27.7670;-0.0806
27.7680;-0.1547
27.7690;0.0806
27.7700;-0.2739
27.7710;-0.0129
27.7720;-0.0451
27.7730;-0.2256
27.7740;0.0677
27.7750;-0.0097
27.7760;-0.0935
27.7770;0.1676
27.7780;0.4093
27.7790;0.2159
27.7800;0.0129
27.7810;-0.0677
27.7820;-0.1063
27.7830;0.0645
27.7840;-0.1063
27.7850;0.0419
27.7860;-0.0258
27.7870;0.2417
27.7880;0.1676
27.7890;-0.0193
27.7900;-0.2062
27.7910;-0.1515
27.7920;-0.0999
27.7930;0.0000
27.7940;0.0773
27.7950;0.0516
27.7960;-0.0741
27.7970;-0.0290
27.7980;-0.0387
27.7990;-0.4673
27.8000;-0.6284
27.8010;-0.2707
27.8020;0.2127
27.8030;0.4125
27.8040;0.6639
27.8050;0.2288
27.8060;-0.4544
27.8070;-0.2449
27.8080;0.1901
27.8090;0.2449
27.8100;-0.0419
27.8110;-0.2030
27.8120;0.2353
27.8130;0.2546
27.8140;-0.2481
27.8150;-0.5188
27.8160;-0.0741
27.8170;-0.2224
27.8180;-0.5092
27.8190;0.1160
27.8200;0.8443
27.8210;0.6381
27.8220;0.5543
27.8230;0.2546
27.8240;-0.1354
27.8250;-0.2868
27.8260;-0.1063
27.8270;-0.0838
27.8280;-0.2127
27.8290;-0.1805
27.8300;0.0258
27.8310;-0.1225
27.8320;-0.0645
27.8330;-0.1257
27.8340;-0.0838
27.8350;-0.1289
27.8360;-0.0580
27.8370;0.0097
27.8380;0.0129
27.8390;-0.0548
27.8400;-0.2643
27.8410;-0.2191
27.8420;-0.2739
27.8430;0.0032
27.8440;0.6026
27.8450;0.7154
27.8460;0.6671
27.8470;0.2191
27.8480;-0.1515
27.8490;-0.5575
27.8500;-0.4479
27.8510;-0.0516
27.8520;0.2191
27.8530;0.1096
27.8540;-0.0097
27.8550;-0.0354
27.8560;0.0419
27.8570;0.0773
27.8580;-0.1805
27.8590;-0.4608
27.8600;-0.4576
27.8610;0.2095
27.8620;0.9023
27.8630;0.5027
27.8640;0.0516
27.8650;-0.1128
27.8660;-0.1772
27.8670;-0.2127
27.8680;-0.1515
27.8690;-0.0419
27.8700;-0.0548
27.8710;-0.0773
27.8720;-0.1450
27.8730;-0.2739
27.8740;0.1482
27.8750;0.0097
27.8760;0.0516
27.8770;0.3642
27.8780;0.7380
27.8790;0.4254
27.8800;-0.5188
27.8810;-0.9668
27.8820;-0.8057
27.8830;0.3996
27.8840;0.3513
27.8850;0.0773
27.8860;0.0709
27.8870;0.1128
27.8880;0.0999
27.8890;0.0902
27.8900;-0.0870
27.8910;-0.2385
27.8920;0.0387
27.8930;0.3964
27.8940;-0.2481
27.8950;-0.5446
27.8960;-0.0580
27.8970;0.3706
27.8980;0.4189
27.8990;-0.0612
27.9000;-0.1063
27.9010;0.1321
27.9020;-0.0902
27.9030;-0.2062
27.9040;-0.0612
27.9050;0.5188
27.9060;0.2159
27.9070;0.1482
27.9080;-0.1192
27.9090;-0.0935
27.9100;-0.1966
27.9110;-0.1708
27.9120;0.0387
27.9130;-0.0032
27.9140;0.0451
27.9150;-0.0709
27.9160;-0.6316
27.9170;-0.6155
27.9180;0.0902
27.9190;0.5930
27.9200;0.3319
27.9210;-0.0387
27.9220;0.0032
27.9230;-0.1321
27.9240;-0.0483
27.9250;-0.0387
27.9260;0.1837
27.9270;0.0258
27.9280;-0.2836
27.9290;0.1869
27.9300;0.0322
27.9310;-0.0419
27.9320;-0.0709
27.9330;0.0290
27.9340;0.2836
27.9350;0.3287
27.9360;0.2578
27.9370;0.0773
27.9380;0.0258
27.9390;-0.0967
27.9400;-0.2965
27.9410;-0.2578
27.9420;-0.2288
27.9430;-0.0806
27.9440;0.2514
27.9450;0.1515
27.9460;0.2320
27.9470;0.2481
27.9480;0.1128
27.9490;-0.1450
27.9500;-0.2933
27.9510;-0.4576
27.9520;-0.4737
27.9530;-0.0226
27.9540;0.4254
27.9550;0.2804
27.9560;-0.1515
27.9570;-0.1289
27.9580;-0.3190
27.9590;-0.2546
27.9600;0.2836
27.9610;0.4608
27.9620;0.2062
27.9630;0.0709
27.9640;-0.0548
27.9650;-0.0645
27.9660;-0.0967
27.9670;-0.1450
27.9680;-0.1740
27.9690;0.0097
27.9700;0.1772
27.9710;0.0451
27.9720;-0.2224
27.9730;-0.2514
27.9740;0.4254
27.9750;0.0838
27.9760;-0.1805
27.9770;0.1321
27.9780;0.0451
27.9790;-0.2900
27.9800;-0.0483
27.9810;0.2514
27.9820;0.2127
27.9830;-0.0129
27.9840;0.0999
27.9850;0.0935
27.9860;-0.0032
27.9870;0.2836
27.9880;0.1611
27.9890;-0.1676
27.9900;-0.5414
27.9910;-0.1450
27.9920;0.2030
27.9930;-0.3062
27.9940;-0.2224
27.9950;-0.0419
27.9960;0.2546
27.9970;0.1869
27.9980;0.0419
27.9990;0.1225
28.0000;-0.0032
28.0010;0.0548
28.0020;-0.0419
28.0030;-0.4544
28.0040;-0.2771
28.0050;0.2095
28.0060;0.2578
28.0070;-0.0322
28.0080;-0.2159
28.0090;0.1418
28.0100;0.3352
28.0110;0.0129
28.0120;-0.1257
28.0130;-0.0870
28.0140;0.4479
28.0150;0.4125
28.0160;0.0902
28.0170;-0.2449
28.0180;-0.5704
28.0190;-0.3352
28.0200;-0.0516
28.0210;-0.0097
28.0220;0.0193
28.0230;0.2062
28.0240;0.2578
28.0250;0.0226
28.0260;-0.1676
28.0270;-0.4415
28.0280;-0.0838
28.0290;0.1934
28.0300;0.3867
28.0310;0.0354
28.0320;0.0161
28.0330;0.0612
28.0340;0.0226
28.0350;0.0258
28.0360;-0.3513
28.0370;-0.4254
28.0380;-0.0258
28.0390;-0.0129
28.0400;-0.0064
28.0410;0.2417
28.0420;0.4576
28.0430;0.3513
28.0440;0.1418
28.0450;-0.0999
28.0460;0.0226
28.0470;0.0000
28.0480;-0.2353
28.0490;-0.6864
28.0500;-0.1901
28.0510;-0.0322
28.0520;0.4576
28.0530;-0.0226
28.0540;-0.3835
28.0550;-0.1547
28.0560;0.4737
28.0570;0.4254
28.0580;0.0741
28.0590;-0.1482
28.0600;-0.0548
28.0610;0.1225
28.0620;0.2933
28.0630;0.1547
28.0640;-0.0935
28.0650;-0.2191
28.0660;-0.1160
28.0670;-0.0870
28.0680;-0.0161
28.0690;-0.0064
28.0700;-0.0322
28.0710;-0.2707
28.0720;-0.1869
28.0730;0.2288
28.0740;0.1611
28.0750;-0.0129
28.0760;0.0741
28.0770;0.1611
28.0780;0.0548
28.0790;0.0129
28.0800;-0.0999
28.0810;-0.1708
28.0820;-0.1096
28.0830;0.0773
28.0840;-0.0258
28.0850;-0.1579
28.0860;-0.5317
28.0870;-0.6316
28.0880;0.2707
28.0890;0.4157
28.0900;0.1901
28.0910;0.4576
28.0920;0.5414
28.0930;0.6252
28.0940;0.3738
28.0950;-0.1547
28.0960;-0.3190
28.0970;-0.3448
28.0980;-0.4641
28.0990;-0.3513
28.1000;0.0064
28.1010;0.1192
28.1020;0.0838
28.1030;0.0548
28.1040;-0.0483
28.1050;-0.1096
28.1060;-0.1450
28.1070;-0.1289
28.1080;-0.1772
28.1090;-0.1128
28.1100;0.3190
28.1110;0.6671
28.1120;0.1708
28.1130;-0.0935
28.1140;-0.5994
28.1150;-0.6800
28.1160;0.0226
28.1170;0.5221
28.1180;0.1966
28.1190;-0.2804
28.1200;-0.0580
28.1210;-0.1096
28.1220;-0.1192
28.1230;0.1418
28.1240;0.1128
28.1250;0.1321
28.1260;0.4254
28.1270;0.2127
28.1280;0.1644
28.1290;0.0709
28.1300;-0.1096
28.1310;-0.1321
28.1320;-0.2481
28.1330;-0.1450
28.1340;0.1096
28.1350;0.1321
28.1360;0.0483
28.1370;0.0516
28.1380;-0.1257
28.1390;-0.2868
28.1400;-0.0387
28.1410;-0.4157
28.1420;-0.5962
28.1430;-0.0419
28.1440;0.1096
28.1450;0.0258
28.1460;0.3352
28.1470;0.2965
28.1480;0.4093
28.1490;0.0354
28.1500;-0.0322
28.1510;0.4157
28.1520;0.5027
28.1530;0.1128
28.1540;0.1740
28.1550;-0.2643
28.1560;-0.3062
28.1570;-0.1676
28.1580;-0.1192
28.1590;-0.2095
28.1600;-0.1837
28.1610;-0.4189
28.1620;-0.7058
28.1630;0.0580
28.1640;0.7412
28.1650;0.6671
28.1660;0.3158
28.1670;0.1063
28.1680;-0.0290
28.1690;-0.0902
28.1700;-0.4125
28.1710;-0.1579
28.1720;0.1031
28.1730;0.0161
28.1740;-0.1192
28.1750;-0.0870
28.1760;-0.1257
28.1770;-0.1805
28.1780;-0.0483
28.1790;0.1515
28.1800;0.2675
28.1810;0.1934
28.1820;0.0806
28.1830;-0.0806
28.1840;-0.1450
28.1850;-0.4544
28.1860;-0.2578
28.1870;0.0999
28.1880;0.1031
28.1890;0.0902
28.1900;-0.4318
28.1910;-0.1869
28.1920;-0.1676
28.1930;0.3029
28.1940;0.4415
28.1950;0.5543
28.1960;0.4834
28.1970;0.3126
28.1980;0.0645
28.1990;-0.2707
28.2000;-0.3158
28.2010;-0.1354
28.2020;-0.0838
28.2030;-0.1837
28.2040;-0.2900
28.2050;-0.0516
28.2060;0.3319
28.2070;0.3190
28.2080;0.0000
28.2090;-0.2610
28.2100;-0.2288
28.2110;-0.0580
28.2120;0.0064
28.2130;-0.1482
28.2140;-0.2707
28.2150;-0.1515
28.2160;0.1257
28.2170;0.3190
28.2180;-0.0258
28.2190;-0.4447
28.2200;-0.1321
28.2210;0.7380
28.2220;0.2836
28.2230;0.1676
28.2240;-0.0226
28.2250;0.0354
28.2260;0.0032
28.2270;0.0032
28.2280;-0.1225
28.2290;-0.2933
28.2300;0.1611
28.2310;0.0129
28.2320;-0.2030
28.2330;0.0967
28.2340;0.2933
28.2350;0.2643
28.2360;0.0258
28.2370;0.2095
28.2380;-0.0773
28.2390;-0.5124
28.2400;-0.5382
28.2410;0.1289
28.2420;0.1031
28.2430;-0.1579
28.2440;-0.4125
28.2450;-0.2288
28.2460;0.5317
28.2470;0.7928
28.2480;0.4318
28.2490;0.1772
28.2500;-0.1740
28.2510;-0.2900
28.2520;-0.1289
28.2530;-0.2030
28.2540;-0.3771
28.2550;-0.2771
28.2560;0.2062
28.2570;0.0451
28.2580;-0.3287
28.2590;-0.1482
28.2600;0.0000
28.2610;0.3062
28.2620;0.0999
28.2630;-0.0129
28.2640;0.2997
28.2650;0.2159
28.2660;-0.0032
28.2670;-0.1096
28.2680;-0.3384
28.2690;-0.3448
28.2700;0.1225
28.2710;0.1740
28.2720;0.2353
28.2730;0.1772
28.2740;0.0419
28.2750;0.0064
28.2760;-0.0773
28.2770;-0.2836
28.2780;-0.1225
28.2790;0.0709
28.2800;0.1644
28.2810;0.1257
28.2820;0.1257
28.2830;-0.0322
28.2840;-0.0645
28.2850;0.0483
28.2860;0.1772
28.2870;0.1418
28.2880;-0.3223
28.2890;-0.5156
28.2900;-0.1160
28.2910;-0.0226
28.2920;-0.0548
28.2930;-0.2224
28.2940;0.2449
28.2950;0.8379
28.2960;0.3706
28.2970;-0.3771
28.2980;-0.3899
28.2990;-0.2095
28.3000;0.1354
28.3010;0.2804
28.3020;0.1225
28.3030;-0.0419
28.3040;-0.2739
28.3050;-0.3964
28.3060;-0.0999
28.3070;0.1321
28.3080;0.4576
28.3090;0.1772
28.3100;-0.3223
28.3110;-0.2836
28.3120;-0.1644
28.3130;-0.1096
28.3140;0.1611
28.3150;0.6929
28.3160;0.4415
28.3170;0.1934
28.3180;-0.0580
28.3190;-0.1644
28.3200;-0.0645
28.3210;-0.0387
28.3220;-0.2868
28.3230;-0.5414
28.3240;-0.1740
28.3250;0.1547
28.3260;0.1772
28.3270;0.3480
28.3280;0.2288
28.3290;-0.1644
28.3300;-0.2643
28.3310;0.0193
28.3320;0.1031
28.3330;-0.1128
28.3340;0.2095
28.3350;0.0032
28.3360;0.2030
28.3370;0.1386
28.3380;-0.1063
28.3390;-0.2514
28.3400;-0.4931
28.3410;-0.2965
28.3420;0.1998
28.3430;0.1772
28.3440;-0.0773
28.3450;0.0516
28.3460;0.2933
28.3470;0.1611
28.3480;0.2707
28.3490;-0.0161
28.3500;-0.3416
28.3510;-0.2933
28.3520;0.1128
28.3530;0.0226
28.3540;-0.1515
28.3550;-0.1772
28.3560;0.1901
28.3570;0.0935
28.3580;-0.1418
28.3590;0.2030
28.3600;0.2707
28.3610;-0.0193
28.3620;-0.1450
28.3630;-0.0838
28.3640;-0.0838
28.3650;0.2643
28.3660;0.1547
28.3670;-0.2256
28.3680;-0.7767
28.3690;-0.5962
28.3700;0.6059
28.3710;0.5446
28.3720;0.2771
28.3730;0.2643
28.3740;0.1708
28.3750;-0.0773
28.3760;-0.1354
28.3770;0.0387
28.3780;-0.1547
28.3790;-0.2868
28.3800;0.3029
28.3810;0.1708
28.3820;0.0580
28.3830;-0.1805
28.3840;0.0773
28.3850;-0.0677
28.3860;-0.0773
28.3870;-0.1869
28.3880;-0.5060
28.3890;-0.4351
28.3900;-0.1321
28.3910;0.0612
28.3920;0.2868
28.3930;0.2739
28.3940;-0.1160
28.3950;0.0354
28.3960;0.4383
28.3970;0.4608
28.3980;0.2449
28.3990;-0.0645
28.4000;-0.2771
28.4010;-0.0580
28.4020;0.3190
28.4030;0.0773
28.4040;-0.0967
28.4050;-0.1160
28.4060;-0.1354
28.4070;-0.0741
28.4080;-0.0483
28.4090;-0.0741
28.4100;-0.0290
28.4110;0.0193
28.4120;0.0354
28.4130;0.1805
28.4140;0.0161
28.4150;-0.2675
28.4160;-0.2900
28.4170;-0.2224
28.4180;0.1901
28.4190;-0.0419
28.4200;-0.2224
28.4210;-0.1579
28.4220;0.1772
28.4230;0.2288
28.4240;0.0935
28.4250;-0.0612
28.4260;-0.2159
28.4270;-0.3384
28.4280;-0.0999
28.4290;0.6800
28.4300;0.6381
28.4310;0.2514
28.4320;-0.0064
28.4330;-0.1418
28.4340;-0.1096
28.4350;0.0419
28.4360;0.1063
28.4370;-0.0258
28.4380;-0.2062
28.4390;-0.4705
28.4400;-0.4673
28.4410;-0.1063
28.4420;0.1579
28.4430;0.3899
28.4440;0.4802
28.4450;0.0064
28.4460;-0.3899
28.4470;-0.0322
28.4480;0.0902
28.4490;-0.0322
28.4500;-0.0645
28.4510;0.4061
28.4520;0.1482
28.4530;-0.1869
28.4540;-0.1611
28.4550;0.0548
28.4560;0.0129
28.4570;-0.1676
28.4580;-0.1611
28.4590;-0.3223
28.4600;-0.0483
28.4610;0.4028
28.4620;0.2224
28.4630;0.0612
28.4640;0.0354
28.4650;-0.1289
28.4660;-0.1998
28.4670;0.0677
28.4680;0.1869
28.4690;0.0483
28.4700;-0.0129
28.4710;0.0612
28.4720;-0.1837
28.4730;-0.4028
28.4740;-0.0548
28.4750;0.1515
28.4760;0.1901
28.4770;0.1998
28.4780;0.1676
28.4790;0.0000
28.4800;0.0483
28.4810;-0.0741
28.4820;-0.0902
28.4830;0.0032
28.4840;-0.0709
28.4850;-0.1289
28.4860;-0.0773
28.4870;-0.0516
28.4880;-0.1676
28.4890;-0.1644
28.4900;0.1934
28.4910;0.1515
28.4920;-0.0097
28.4930;0.0516
28.4940;0.2578
28.4950;0.0806
28.4960;-0.2546
28.4970;-0.3190
28.4980;-0.1386
28.4990;-0.0226
28.5000;0.3287
28.5010;0.2868
28.5020;-0.1611
28.5030;-0.1031
28.5040;0.3190
28.5050;0.1063
28.5060;-0.2320
28.5070;-0.0967
28.5080;0.3899
28.5090;0.1644
28.5100;-0.1966
28.5110;-0.2127
28.5120;-0.2095
28.5130;-0.1225
28.5140;-0.2030
28.5150;-0.2224
28.5160;-0.0419
28.5170;-0.0064
28.5180;0.4544
28.5190;0.2933
28.5200;0.0097
28.5210;-0.5704
28.5220;-0.4125
28.5230;0.1354
28.5240;0.6896
28.5250;0.3932
28.5260;0.2385
28.5270;0.0258
28.5280;-0.3480
28.5290;-0.2159
28.5300;0.2256
28.5310;0.3867
28.5320;-0.1289
28.5330;-0.3094
28.5340;-0.1644
28.5350;-0.0806
28.5360;-0.2900
28.5370;-0.0806
28.5380;0.2836
28.5390;0.2030
28.5400;0.0322
28.5410;0.0773
28.5420;0.0354
28.5430;-0.0935
28.5440;-0.2062
28.5450;-0.2320
28.5460;0.0064
28.5470;0.0483
28.5480;-0.0677
28.5490;0.1192
28.5500;0.0967
28.5510;0.0516
28.5520;0.1386
28.5530;0.1934
28.5540;0.1805
28.5550;0.1966
28.5560;-0.0258
28.5570;-0.1289
28.5580;-0.1450
28.5590;-0.2997
28.5600;-0.3029
28.5610;-0.0129
28.5620;0.0902
28.5630;0.0419
28.5640;0.1225
28.5650;-0.1579
28.5660;-0.2417
28.5670;-0.2514
28.5680;0.2610
28.5690;0.1998
28.5700;0.1225
28.5710;-0.0064
28.5720;0.0193
28.5730;0.0000
28.5740;0.0097
28.5750;0.0064
28.5760;0.3029
28.5770;0.3352
28.5780;-0.1096
28.5790;-0.3255
28.5800;-0.3964
28.5810;-0.5575
28.5820;-0.6478
28.5830;-0.0838
28.5840;0.5092
28.5850;0.9507
28.5860;0.5607
28.5870;0.1611
28.5880;-0.1096
28.5890;-0.1321
28.5900;-0.0516
28.5910;0.0290
28.5920;0.0354
28.5930;0.0193
28.5940;0.0129
28.5950;-0.2320
28.5960;-0.3738
28.5970;-0.0548
28.5980;0.0935
28.5990;-0.1547
28.6000;-0.0193
28.6010;0.1901
28.6020;0.1611
28.6030;-0.1450
28.6040;-0.2965
28.6050;-0.2610
28.6060;0.1192
28.6070;0.2353
28.6080;0.0967
28.6090;0.0967
28.6100;0.0258
28.6110;0.0483
28.6120;-0.0483
28.6130;0.0516
28.6140;0.1934
28.6150;0.3094
28.6160;0.0612
28.6170;-0.3062
28.6180;-0.2997
28.6190;-0.1837
28.6200;-0.0290
28.6210;0.0451
28.6220;0.0709
28.6230;-0.0226
28.6240;-0.1031
28.6250;-0.1611
28.6260;-0.0322
28.6270;-0.0999
28.6280;-0.1031
28.6290;0.1386
28.6300;0.7670
28.6310;0.4608
28.6320;-0.0290
28.6330;-0.3062
28.6340;-0.0290
28.6350;-0.1740
28.6360;-0.2836
28.6370;-0.1901
28.6380;-0.1837
28.6390;0.0935
28.6400;0.2449
28.6410;0.0387
28.6420;-0.2804
28.6430;-0.1515
28.6440;0.0290
28.6450;0.0709
28.6460;0.1160
28.6470;0.2256
28.6480;0.0870
28.6490;0.0741
28.6500;0.2804
28.6510;0.0193
28.6520;-0.1225
28.6530;-0.1096
28.6540;-0.1289
28.6550;-0.2353
28.6560;-0.1321
28.6570;0.1837
28.6580;0.2095
28.6590;-0.1772
28.6600;-0.2868
28.6610;0.0322
28.6620;0.4157
28.6630;0.1515
28.6640;-0.1740
28.6650;-0.4705
28.6660;-0.1192
28.6670;0.2836
28.6680;0.3609
28.6690;0.5188
28.6700;0.2836
28.6710;0.1708
28.6720;-0.2546
28.6730;-0.5607
28.6740;-0.4189
28.6750;-0.2191
28.6760;-0.2385
28.6770;0.1418
28.6780;0.2933
28.6790;0.1418
28.6800;-0.0580
28.6810;0.0548
28.6820;0.0322
28.6830;0.0032
28.6840;0.0387
28.6850;0.1063
28.6860;0.1031
28.6870;0.0806
28.6880;0.0806
28.6890;0.0806
28.6900;-0.4189
28.6910;-0.7058
28.6920;-0.1998
28.6930;0.2288
28.6940;0.2675
28.6950;-0.0064
28.6960;0.2965
28.6970;0.1192
28.6980;-0.2288
28.6990;-0.1418
28.7000;0.0516
28.7010;-0.2739
28.7020;0.2546
28.7030;0.6832
28.7040;0.2127
28.7050;-0.0967
28.7060;-0.1772
28.7070;0.0193
28.7080;0.1192
28.7090;0.0290
28.7100;-0.0161
28.7110;-0.1579
28.7120;-0.1547
28.7130;-0.0677
28.7140;0.0483
28.7150;-0.3029
28.7160;-0.1837
28.7170;0.2062
28.7180;0.2030
28.7190;-0.0290
28.7200;-0.1579
28.7210;-0.0935
28.7220;-0.0838
28.7230;0.0032
28.7240;-0.0161
28.7250;0.1676
28.7260;0.1225
28.7270;0.0129
28.7280;-0.0838
28.7290;-0.0193
28.7300;-0.0677
28.7310;-0.0741
28.7320;0.1128
28.7330;0.2546
28.7340;0.1225
28.7350;-0.0258
28.7360;-0.0258
28.7370;0.0677
28.7380;-0.0451
28.7390;-0.1772
28.7400;-0.1611
28.7410;0.2675
28.7420;0.3996
28.7430;0.0870
28.7440;-0.2191
28.7450;-0.2062
28.7460;-0.2062
28.7470;-0.4157
28.7480;-0.3545
28.7490;0.0483
28.7500;0.2256
28.7510;0.3738
28.7520;-0.2643
28.7530;-0.6220
28.7540;-0.0354
28.7550;0.5382
28.7560;0.4061
28.7570;0.2675
28.7580;0.1966
28.7590;0.0129
28.7600;-0.1482
28.7610;-0.1225
28.7620;0.0741
28.7630;0.0161
28.7640;0.0000
28.7650;0.1257
28.7660;0.1192
28.7670;-0.0161
28.7680;-0.2288
28.7690;-0.3738
28.7700;-0.1289
28.7710;0.0483
28.7720;0.0000
28.7730;-0.3738
28.7740;-0.5382
28.7750;-0.0129
28.7760;0.6187
28.7770;0.4157
28.7780;0.1805
28.7790;0.1708
28.7800;0.1837
28.7810;0.0902
28.7820;-0.1031
28.7830;-0.1031
28.7840;0.0354
28.7850;-0.0645
28.7860;-0.1482
28.7870;0.0451
28.7880;0.0580
28.7890;-0.0612
28.7900;-0.2320
28.7910;-0.2836
28.7920;-0.3513
28.7930;-0.1515
28.7940;0.3738
28.7950;0.2997
28.7960;0.0193
28.7970;0.1096
28.7980;0.2062
28.7990;0.2481
28.8000;0.2739
28.8010;0.1611
28.8020;-0.3867
28.8030;-0.7154
28.8040;-0.3609
28.8050;0.1257
28.8060;0.2224
28.8070;0.2256
28.8080;0.1998
28.8090;-0.0129
28.8100;-0.1386
28.8110;-0.0709
28.8120;-0.1418
28.8130;-0.2481
28.8140;-0.3899
28.8150;-0.2675
28.8160;-0.0548
28.8170;0.4608
28.8180;0.6639
28.8190;0.4737
28.8200;0.1901
28.8210;0.0645
28.8220;-0.1031
28.8230;0.0548
28.8240;-0.0387
28.8250;-0.0967
28.8260;-0.0741
28.8270;-0.0741
28.8280;-0.2127
28.8290;-0.3513
28.8300;-0.1579
28.8310;0.1515
28.8320;0.1708
28.8330;-0.0516
28.8340;-0.0902
28.8350;-0.0161
28.8360;0.0322
28.8370;-0.0129
28.8380;-0.0709
28.8390;0.2514
28.8400;0.1998
28.8410;-0.0709
28.8420;-0.1998
28.8430;-0.1192
28.8440;0.1289
28.8450;0.2191
28.8460;0.0773
28.8470;-0.1901
28.8480;-0.1966
28.8490;0.0451
28.8500;0.1386
28.8510;-0.0419
28.8520;-0.0709
28.8530;0.0097
28.8540;0.2514
28.8550;0.1676
28.8560;-0.0612
28.8570;-0.0902
28.8580;-0.1450
28.8590;-0.1482
28.8600;-0.1289
28.8610;-0.2546
28.8620;-0.5350
28.8630;-0.1031
28.8640;0.5382
28.8650;0.6606
28.8660;0.1579
28.8670;0.0580
28.8680;-0.1869
28.8690;-0.1192
28.8700;0.0258
28.8710;-0.1386
28.8720;-0.0580
28.8730;0.0741
28.8740;0.1772
28.8750;0.0838
28.8760;-0.0419
28.8770;-0.3480
28.8780;-0.2546
28.8790;0.0999
28.8800;0.2353
28.8810;0.0097
28.8820;0.0097
28.8830;0.1805
28.8840;0.1257
28.8850;0.0838
28.8860;0.0516
28.8870;-0.0483
28.8880;-0.1450
28.8890;-0.1128
28.8900;-0.0645
28.8910;0.0000
28.8920;0.0258
28.8930;0.0064
28.8940;-0.0451
28.8950;-0.0612
28.8960;-0.2546
28.8970;-0.3062
28.8980;0.0226
28.8990;0.2900
28.9000;0.3158
28.9010;-0.0129
28.9020;-0.1934
28.9030;-0.6800
28.9040;-0.1160
28.9050;0.7315
28.9060;0.4866
28.9070;0.2771
28.9080;0.4318
28.9090;0.1579
28.9100;-0.4061
28.9110;-0.5382
28.9120;-0.2707
28.9130;-0.0032
28.9140;0.0548
28.9150;0.1257
28.9160;0.1772
28.9170;0.0677
28.9180;0.0032
28.9190;0.0161
28.9200;-0.0806
28.9210;-0.2127
28.9220;-0.1128
28.9230;0.0709
28.9240;0.0354
28.9250;0.0451
28.9260;-0.0322
28.9270;-0.1837
28.9280;-0.1837
28.9290;-0.1837
28.9300;-0.0258
28.9310;0.2353
28.9320;0.1321
28.9330;-0.0322
28.9340;-0.0322
28.9350;0.0773
28.9360;0.1321
28.9370;0.2191
28.9380;0.2417
28.9390;0.1225
28.9400;-0.0258
28.9410;-0.1547
28.9420;-0.0838
28.9430;-0.0290
28.9440;-0.1482
28.9450;-0.2997
28.9460;-0.2159
28.9470;0.1418
28.9480;0.3126
28.9490;0.0967
28.9500;-0.1257
28.9510;-0.1934
28.9520;0.0226
28.9530;-0.1031
28.9540;0.0483
28.9550;0.1160
28.9560;0.1805
28.9570;0.0548
28.9580;-0.0290
28.9590;0.0387
28.9600;-0.0322
28.9610;-0.2353
28.9620;-0.3706
28.9630;-0.0451
28.9640;0.4447
28.9650;0.3738
28.9660;0.0612
28.9670;0.0129
28.9680;0.0451
28.9690;-0.0741
28.9700;-0.1128
28.9710;-0.0226
28.9720;0.1063
28.9730;0.0097
28.9740;-0.1515
28.9750;-0.1160
28.9760;-0.0999
28.9770;-0.0870
28.9780;-0.1579
28.9790;0.0032
28.9800;-0.0451
28.9810;-0.0483
28.9820;0.1837
28.9830;0.1708
28.9840;-0.0516
28.9850;0.0000
28.9860;0.0741
28.9870;0.0838
28.9880;0.0387
28.9890;0.0483
28.9900;-0.0516
28.9910;-0.0419
28.9920;-0.0741
28.9930;-0.0612
28.9940;0.0612
28.9950;0.1063
28.9960;0.0290
28.9970;-0.0097
28.9980;0.0226
28.9990;0.0580
29.0000;-0.0322
29.0010;-0.2546
29.0020;-0.5350
29.0030;-0.4834
29.0040;0.1096
29.0050;0.4189
29.0060;0.4608
29.0070;0.2836
29.0080;0.1096
29.0090;-0.1160
29.0100;0.0226
29.0110;0.3287
29.0120;0.0580
29.0130;0.0226
29.0140;-0.1063
29.0150;-0.1160
29.0160;-0.1772
29.0170;-0.2256
29.0180;-0.1354
29.0190;0.1579
29.0200;0.3513
29.0210;0.1482
29.0220;-0.1547
29.0230;-0.3223
29.0240;-0.1031
29.0250;-0.0258
29.0260;-0.0902
29.0270;-0.1450
29.0280;-0.0516
29.0290;0.1740
29.0300;0.1966
29.0310;0.0773
29.0320;0.0032
29.0330;-0.0032
29.0340;0.1128
29.0350;-0.0516
29.0360;-0.1289
29.0370;-0.1096
29.0380;-0.0193
29.0390;-0.0516
29.0400;-0.3255
29.0410;-0.2224
29.0420;0.2030
29.0430;0.3803
29.0440;0.1966
29.0450;0.0419
29.0460;-0.0258
29.0470;-0.1740
29.0480;-0.2578
29.0490;-0.0709
29.0500;0.1160
29.0510;0.2771
29.0520;0.1676
29.0530;0.1644
29.0540;0.1547
29.0550;-0.0806
29.0560;-0.1644
29.0570;0.0226
29.0580;0.0548
29.0590;-0.1128
29.0600;-0.2095
29.0610;0.0226
29.0620;-0.0354
29.0630;-0.1289
29.0640;-0.0064
29.0650;0.0290
29.0660;-0.1547
29.0670;0.1676
29.0680;0.4770
29.0690;0.0258
29.0700;-0.1289
29.0710;0.0226
29.0720;0.0516
29.0730;-0.0967
29.0740;-0.1579
29.0750;-0.3352
29.0760;-0.3223
29.0770;0.1837
29.0780;0.3448
29.0790;0.1934
29.0800;0.0193
29.0810;0.0354
29.0820;-0.0290
29.0830;-0.0483
29.0840;0.0226
29.0850;-0.0967
29.0860;-0.1611
29.0870;-0.0548
29.0880;0.0741
29.0890;0.1998
29.0900;0.1289
29.0910;-0.2095
29.0920;-0.3190
29.0930;-0.3835
29.0940;-0.2610
29.0950;0.1418
29.0960;0.5865
29.0970;0.3996
29.0980;0.1611
29.0990;-0.0483
29.1000;-0.0935
29.1010;0.0258
29.1020;0.1063
29.1030;0.0064
29.1040;-0.1837
29.1050;-0.0902
29.1060;0.0999
29.1070;0.1901
29.1080;0.0290
29.1090;-0.1676
29.1100;-0.2127
29.1110;-0.1869
29.1120;-0.4189
29.1130;-0.3255
29.1140;-0.1482
29.1150;0.2836
29.1160;0.4157
29.1170;0.4286
29.1180;0.1128
29.1190;-0.1418
29.1200;-0.0645
29.1210;0.1482
29.1220;0.0935
29.1230;0.0290
29.1240;-0.0064
29.1250;0.0161
29.1260;0.0580
29.1270;-0.0967
29.1280;-0.0645
29.1290;0.1644
29.1300;-0.0419
29.1310;-0.1547
29.1320;-0.1998
29.1330;-0.1386
29.1340;0.0354
29.1350;0.0226
29.1360;0.0032
29.1370;0.0548
29.1380;-0.0193
29.1390;-0.0097
29.1400;0.0451
29.1410;0.0161
29.1420;0.0193
29.1430;0.0032
29.1440;-0.0064
29.1450;-0.0419
29.1460;-0.1579
29.1470;-0.1869
29.1480;-0.1676
29.1490;0.1096
29.1500;0.4222
29.1510;0.3126
29.1520;-0.0483
29.1530;-0.1321
29.1540;0.0258
29.1550;0.1482
29.1560;0.1708
29.1570;0.0387
29.1580;-0.1289
29.1590;-0.4479
29.1600;-0.5027
29.1610;0.0773
29.1620;0.5833
29.1630;0.4383
29.1640;0.0548
29.1650;-0.0645
29.1660;-0.3223
29.1670;-0.1547
29.1680;0.1321
29.1690;0.0226
29.1700;-0.2997
29.1710;-0.0451
29.1720;0.1031
29.1730;0.1611
29.1740;-0.1096
29.1750;-0.1063
29.1760;-0.1515
29.1770;-0.0451
29.1780;0.0645
29.1790;0.1063
29.1800;0.1289
29.1810;0.0838
29.1820;0.2320
29.1830;0.1547
29.1840;-0.0258
29.1850;-0.1966
29.1860;-0.1579
29.1870;-0.0741
29.1880;-0.1321
29.1890;-0.2288
29.1900;-0.0741
29.1910;0.2127
29.1920;0.1966
29.1930;0.0387
29.1940;-0.0354
29.1950;0.0612
29.1960;-0.0129
29.1970;-0.0741
29.1980;0.0226
29.1990;0.1031
29.2000;0.0451
29.2010;-0.0193
29.2020;-0.3190
29.2030;-0.5188
29.2040;-0.0516
29.2050;0.7058
29.2060;0.4770
29.2070;0.0161
29.2080;-0.1096
29.2090;0.0419
29.2100;0.0032
29.2110;-0.0483
29.2120;-0.0290
29.2130;0.0226
29.2140;-0.0677
29.2150;-0.1418
29.2160;-0.0419
29.2170;0.0741
29.2180;0.1160
29.2190;0.0290
29.2200;-0.0580
29.2210;-0.0290
29.2220;0.0419
29.2230;-0.0451
29.2240;-0.1096
29.2250;-0.1708
29.2260;-0.0870
29.2270;-0.0290
29.2280;0.0000
29.2290;0.2191
29.2300;0.3352
29.2310;0.0258
29.2320;-0.6059
29.2330;-0.3158
29.2340;0.3126
29.2350;0.2836
29.2360;0.0741
29.2370;-0.0129
29.2380;-0.0322
29.2390;0.0354
29.2400;0.1225
29.2410;0.3448
29.2420;0.1063
29.2430;-0.2320
29.2440;-0.3867
29.2450;-0.3416
29.2460;0.0193
29.2470;0.0935
29.2480;0.0290
29.2490;-0.1354
29.2500;-0.1160
29.2510;-0.0097
29.2520;0.0677
29.2530;-0.0580
29.2540;0.3029
29.2550;0.2771
29.2560;0.0032
29.2570;-0.0354
29.2580;0.1257
29.2590;-0.0097
29.2600;-0.2062
29.2610;-0.3352
29.2620;-0.3190
29.2630;0.1901
29.2640;0.6187
29.2650;0.2449
29.2660;-0.0773
29.2670;-0.1837
29.2680;0.0097
29.2690;0.1096
29.2700;0.0129
29.2710;-0.0516
29.2720;-0.0451
29.2730;0.0354
29.2740;0.1837
29.2750;-0.1192
29.2760;-0.3480
29.2770;-0.0902
29.2780;0.0773
29.2790;-0.1160
29.2800;-0.0516
29.2810;0.2320
29.2820;0.4673
29.2830;0.3287
29.2840;-0.0935
29.2850;-0.2965
29.2860;-0.2385
29.2870;-0.0999
29.2880;-0.0645
29.2890;-0.0226
29.2900;0.0870
29.2910;0.1192
29.2920;-0.0709
29.2930;-0.2643
29.2940;-0.2610
29.2950;-0.0902
29.2960;-0.0258
29.2970;0.1418
29.2980;0.3480
29.2990;0.3803
29.3000;0.1450
29.3010;-0.1257
29.3020;-0.1837
29.3030;-0.1160
29.3040;0.0226
29.3050;-0.0419
29.3060;-0.1515
29.3070;-0.1096
29.3080;0.1418
29.3090;0.1805
29.3100;0.1386
29.3110;0.0645
29.3120;-0.1772
29.3130;-0.2933
29.3140;-0.1257
29.3150;0.1611
29.3160;0.1096
29.3170;-0.0097
29.3180;0.0354
29.3190;0.0773
29.3200;0.0773
29.3210;-0.1063
29.3220;-0.1386
29.3230;0.0580
29.3240;0.0677
29.3250;0.1257
29.3260;0.0935
29.3270;0.0773
29.3280;-0.0516
29.3290;-0.1160
29.3300;-0.0709
29.3310;-0.1257
29.3320;-0.0806
29.3330;0.0999
29.3340;0.0580
29.3350;-0.0097
29.3360;0.0226
29.3370;-0.0097
29.3380;-0.1386
29.3390;-0.1805
29.3400;-0.0999
29.3410;-0.1740
29.3420;0.0935
29.3430;0.4866
29.3440;0.2481
29.3450;-0.3577
29.3460;-0.3674
29.3470;-0.0290
29.3480;0.5188
29.3490;0.0870
29.3500;0.0290
29.3510;-0.0226
29.3520;-0.0290
29.3530;0.0645
29.3540;0.2191
29.3550;0.1225
29.3560;0.0580
29.3570;-0.0516
29.3580;-0.1837
29.3590;-0.1450
29.3600;-0.0773
29.3610;-0.0258
29.3620;0.0064
29.3630;0.0161
29.3640;-0.0290
29.3650;0.0097
29.3660;-0.1354
29.3670;-0.2546
29.3680;-0.0677
29.3690;0.0902
29.3700;0.1708
29.3710;0.0967
29.3720;-0.0967
29.3730;-0.1321
29.3740;-0.0645
29.3750;0.0387
29.3760;0.0741
29.3770;0.0516
29.3780;0.0290
29.3790;0.0483
29.3800;0.0032
29.3810;-0.0032
29.3820;-0.0580
29.3830;-0.0935
29.3840;-0.1482
29.3850;-0.1450
29.3860;-0.0419
29.3870;0.2739
29.3880;0.3352
29.3890;0.3352
29.3900;0.1386
29.3910;-0.0451
29.3920;-0.0935
29.3930;-0.1257
29.3940;-0.0935
29.3950;-0.0354
29.3960;0.0000
29.3970;0.0000
29.3980;0.0129
29.3990;0.0387
29.4000;0.0226
29.4010;-0.0935
29.4020;-0.1321
29.4030;-0.0290
29.4040;-0.1128
29.4050;-0.1579
29.4060;0.1321
29.4070;0.3352
29.4080;0.0612
29.4090;-0.1805
29.4100;-0.0129
29.4110;0.0483
29.4120;0.1096
29.4130;0.0290
29.4140;-0.0129
29.4150;-0.0387
29.4160;-0.0870
29.4170;-0.0741
29.4180;0.0032
29.4190;0.0483
29.4200;0.0354
29.4210;-0.3062
29.4220;-0.5704
29.4230;-0.2546
29.4240;0.1772
29.4250;0.3803
29.4260;0.4608
29.4270;0.1805
29.4280;0.0612
29.4290;0.0870
29.4300;-0.0193
29.4310;0.0064
29.4320;-0.0161
29.4330;-0.1676
29.4340;-0.2546
29.4350;-0.1966
29.4360;0.0097
29.4370;0.2062
29.4380;0.1128
29.4390;0.0032
29.4400;0.0097
29.4410;0.0226
29.4420;-0.0064
29.4430;-0.1547
29.4440;0.0193
29.4450;0.0806
29.4460;-0.1708
29.4470;-0.0870
29.4480;0.0580
29.4490;0.0870
29.4500;0.1708
29.4510;0.0226
29.4520;-0.0902
29.4530;0.0129
29.4540;0.1096
29.4550;0.0483
29.4560;-0.0290
29.4570;-0.0967
29.4580;-0.1772
29.4590;-0.0129
29.4600;0.0483
29.4610;0.0387
29.4620;0.1160
29.4630;0.1128
29.4640;0.0580
29.4650;-0.0129
29.4660;-0.0516
29.4670;0.0548
29.4680;-0.0451
29.4690;-0.2868
29.4700;-0.2578
29.4710;-0.2514
29.4720;-0.0483
29.4730;0.3609
29.4740;0.1547
29.4750;0.0354
29.4760;0.0580
29.4770;-0.0806
29.4780;-0.0677
29.4790;-0.0064
29.4800;-0.0645
29.4810;0.0097
29.4820;0.0516
29.4830;0.2417
29.4840;0.0193
29.4850;-0.0548
29.4860;-0.0129
29.4870;0.1450
29.4880;0.1579
29.4890;-0.0322
29.4900;-0.0806
29.4910;-0.0226
29.4920;0.1225
29.4930;-0.1257
29.4940;-0.2514
29.4950;-0.0064
29.4960;-0.0354
29.4970;-0.0516
29.4980;0.1289
29.4990;0.1289
29.5000;0.0064
29.5010;-0.0387
29.5020;0.0226
29.5030;-0.0064
29.5040;0.0290
29.5050;0.0806
29.5060;0.0032
29.5070;-0.1998
29.5080;-0.2868
29.5090;-0.0902
29.5100;0.3577
29.5110;0.0226
29.5120;-0.2578
29.5130;-0.1192
29.5140;0.1354
29.5150;0.2449
29.5160;0.1482
29.5170;0.0741
29.5180;0.0419
29.5190;-0.0290
29.5200;-0.0580
29.5210;-0.2224
29.5220;-0.1515
29.5230;0.0483
29.5240;0.1257
29.5250;0.1386
29.5260;0.0677
29.5270;-0.0838
29.5280;-0.1547
29.5290;-0.0290
29.5300;-0.1063
29.5310;-0.0290
29.5320;0.0258
29.5330;-0.0258
29.5340;0.0935
29.5350;0.1450
29.5360;0.0097
29.5370;-0.2320
29.5380;-0.2900
29.5390;-0.1321
29.5400;0.1676
29.5410;0.2481
29.5420;0.2578
29.5430;0.1869
29.5440;0.0419
29.5450;-0.1128
29.5460;-0.1740
29.5470;-0.1418
29.5480;-0.2159
29.5490;-0.1386
29.5500;0.2514
29.5510;0.2514
29.5520;0.1740
29.5530;0.0935
29.5540;0.0645
29.5550;0.0902
29.5560;0.1998
29.5570;0.0483
29.5580;-0.0967
29.5590;-0.4963
29.5600;-0.5382
29.5610;-0.0709
29.5620;0.3352
29.5630;0.1547
29.5640;0.0580
29.5650;0.0226
29.5660;-0.1096
29.5670;-0.1354
29.5680;-0.0322
29.5690;0.0387
29.5700;0.0709
29.5710;0.0773
29.5720;-0.0354
29.5730;-0.1257
29.5740;-0.0806
29.5750;-0.0097
29.5760;-0.0612
29.5770;0.0064
29.5780;0.2320
29.5790;0.1998
29.5800;-0.1192
29.5810;-0.0419
29.5820;0.0902
29.5830;0.1515
29.5840;0.0709
29.5850;-0.0419
29.5860;-0.1354
29.5870;-0.1676
29.5880;-0.1257
29.5890;0.0032
29.5900;0.0677
29.5910;-0.0290
29.5920;0.0290
29.5930;0.0741
29.5940;0.0516
29.5950;0.0387
29.5960;0.0097
29.5970;-0.2191
29.5980;-0.2836
29.5990;-0.1354
29.6000;0.1128
29.6010;0.2546
29.6020;0.1966
29.6030;0.1031
29.6040;0.1708
29.6050;0.1354
29.6060;0.0419
29.6070;0.0677
29.6080;0.0064
29.6090;-0.1354
29.6100;-0.1515
29.6110;-0.0999
29.6120;-0.0935
29.6130;-0.0967
29.6140;-0.2127
29.6150;-0.1934
29.6160;-0.0322
29.6170;0.2288
29.6180;0.1257
29.6190;0.0709
29.6200;0.0645
29.6210;0.0129
29.6220;0.0258
29.6230;-0.0419
29.6240;-0.1063
29.6250;0.0064
29.6260;0.1805
29.6270;0.2707
29.6280;-0.0258
29.6290;-0.2127
29.6300;-0.2804
29.6310;-0.2707
29.6320;-0.0483
29.6330;0.2288
29.6340;0.1676
29.6350;0.0129
29.6360;0.0516
29.6370;0.1289
29.6380;0.1031
29.6390;0.0097
29.6400;-0.0967
29.6410;-0.2997
29.6420;-0.0773
29.6430;0.3803
29.6440;0.1515
29.6450;-0.1418
29.6460;-0.1772
29.6470;-0.0612
29.6480;-0.0322
29.6490;-0.0999
29.6500;-0.0483
29.6510;0.0870
29.6520;0.0193
29.6530;0.0290
29.6540;0.0548
29.6550;0.0000
29.6560;-0.1966
29.6570;-0.1160
29.6580;0.1805
29.6590;0.3835
29.6600;0.1321
29.6610;0.0064
29.6620;-0.1289
29.6630;-0.1708
29.6640;0.0354
29.6650;0.1160
29.6660;0.0032
29.6670;-0.1676
29.6680;-0.0516
29.6690;-0.0645
29.6700;-0.1547
29.6710;-0.1450
29.6720;-0.0129
29.6730;0.2771
29.6740;0.1579
29.6750;0.1450
29.6760;0.0902
29.6770;0.0387
29.6780;-0.0741
29.6790;0.0322
29.6800;0.2127
29.6810;0.1289
29.6820;-0.2095
29.6830;-0.2224
29.6840;-0.4802
29.6850;-0.3835
29.6860;0.0290
29.6870;0.3577
29.6880;0.1740
29.6890;-0.0967
29.6900;-0.1644
29.6910;0.0129
29.6920;0.1837
29.6930;0.3029
29.6940;0.1063
29.6950;0.0741
29.6960;0.0193
29.6970;-0.1676
29.6980;-0.1708
29.6990;-0.0838
29.7000;0.1128
29.7010;0.1450
29.7020;-0.0290
29.7030;-0.0838
29.7040;-0.0516
29.7050;-0.0322
29.7060;-0.0064
29.7070;-0.0032
29.7080;0.0032
29.7090;-0.0129
29.7100;0.0097
29.7110;0.0773
29.7120;0.0870
29.7130;-0.0483
29.7140;-0.1354
29.7150;-0.1708
29.7160;0.0387
29.7170;0.0612
29.7180;-0.0064
29.7190;0.0709
29.7200;0.0935
29.7210;0.0999
29.7220;0.0483
29.7230;-0.0129
29.7240;-0.0741
29.7250;-0.0806
29.7260;-0.0838
29.7270;-0.1096
29.7280;-0.2127
29.7290;-0.1579
29.7300;0.0483
29.7310;0.2933
29.7320;0.2385
29.7330;0.1386
29.7340;0.0838
29.7350;-0.0129
29.7360;-0.2127
29.7370;-0.2836
29.7380;0.0902
29.7390;0.2449
29.7400;0.1740
29.7410;0.0226
29.7420;-0.0322
29.7430;-0.1482
29.7440;-0.0999
29.7450;-0.0193
29.7460;0.0000
29.7470;0.0000
29.7480;0.0193
29.7490;0.0773
29.7500;0.0226
29.7510;0.1225
29.7520;0.0838
29.7530;-0.1289
29.7540;-0.1482
29.7550;-0.0483
29.7560;0.0193
29.7570;0.0354
29.7580;-0.0838
29.7590;-0.1450
29.7600;-0.1547
29.7610;-0.1063
29.7620;0.0548
29.7630;0.2030
29.7640;0.1966
29.7650;0.0806
29.7660;-0.0451
29.7670;-0.1031
29.7680;-0.0580
29.7690;0.0709
29.7700;0.1031
29.7710;-0.0967
29.7720;-0.1676
29.7730;-0.1837
29.7740;-0.2481
29.7750;-0.1676
29.7760;0.2675
29.7770;0.5930
29.7780;0.2836
29.7790;-0.0322
29.7800;-0.1547
29.7810;-0.0677
29.7820;0.0032
29.7830;0.0580
29.7840;0.0741
29.7850;0.0548
29.7860;-0.0709
29.7870;-0.0870
29.7880;0.0226
29.7890;0.0064
29.7900;0.0097
29.7910;-0.1579
29.7920;-0.0967
29.7930;0.0483
29.7940;-0.0193
29.7950;-0.0773
29.7960;-0.0483
29.7970;0.0032
29.7980;0.0806
29.7990;0.0645
29.8000;0.0387
29.8010;0.0387
29.8020;-0.0032
29.8030;-0.0741
29.8040;-0.0645
29.8050;-0.0032
29.8060;0.0387
29.8070;0.0129
29.8080;-0.0645
29.8090;-0.0290
29.8100;0.0451
29.8110;0.0548
29.8120;0.1128
29.8130;0.1225
29.8140;0.0193
29.8150;-0.0999
29.8160;-0.1386
29.8170;-0.1128
29.8180;-0.0290
29.8190;0.0097
29.8200;-0.0032
29.8210;-0.0193
29.8220;-0.0161
29.8230;0.0226
29.8240;0.0999
29.8250;0.0967
29.8260;-0.0064
29.8270;-0.0161
29.8280;-0.0322
29.8290;-0.0483
29.8300;-0.0322
29.8310;-0.0161
29.8320;0.0806
29.8330;-0.0258
29.8340;-0.1063
29.8350;-0.1966
29.8360;-0.0290
29.8370;0.1096
29.8380;-0.0806
29.8390;-0.0129
29.8400;-0.1225
29.8410;0.0387
29.8420;0.4028
29.8430;0.3996
29.8440;-0.1579
29.8450;-0.2868
29.8460;-0.1063
29.8470;0.1321
29.8480;-0.0483
29.8490;0.1547
29.8500;0.2030
29.8510;0.1386
29.8520;-0.0161
29.8530;-0.1644
29.8540;-0.0548
29.8550;0.0032
29.8560;-0.0967
29.8570;-0.0419
29.8580;0.0161
29.8590;0.0902
29.8600;0.0806
29.8610;-0.0741
29.8620;-0.1450
29.8630;-0.0806
29.8640;-0.0161
29.8650;0.0483
29.8660;0.0097
29.8670;0.0773
29.8680;0.0419
29.8690;-0.0290
29.8700;-0.0290
29.8710;0.0000
29.8720;0.0516
29.8730;-0.0322
29.8740;-0.0677
29.8750;-0.0773
29.8760;0.0000
29.8770;0.1096
29.8780;0.0967
29.8790;-0.0129
29.8800;-0.0193
29.8810;0.0419
29.8820;0.0193
29.8830;-0.0645
29.8840;-0.0838
29.8850;-0.0032
29.8860;0.0322
29.8870;-0.1321
29.8880;-0.1418
29.8890;0.0161
29.8900;0.1482
29.8910;0.0516
29.8920;-0.0838
29.8930;-0.0226
29.8940;0.0258
29.8950;0.1321
29.8960;-0.0032
29.8970;-0.2288
29.8980;-0.1966
29.8990;0.0806
29.9000;0.4479
29.9010;0.2707
29.9020;-0.0967
29.9030;-0.2546
29.9040;-0.0838
29.9050;0.0870
29.9060;0.0741
29.9070;0.0129
29.9080;-0.1063
29.9090;-0.3609
29.9100;-0.5575
29.9110;-0.1515
29.9120;0.2127
29.9130;0.4028
29.9140;0.4512
29.9150;0.2900
29.9160;0.0709
29.9170;-0.0741
29.9180;-0.0548
29.9190;0.0741
29.9200;-0.0129
29.9210;-0.0032
29.9220;0.0548
29.9230;0.0548
29.9240;-0.0097
29.9250;-0.1450
29.9260;-0.1160
29.9270;-0.0548
29.9280;-0.1225
29.9290;-0.2256
29.9300;-0.1160
29.9310;0.0612
29.9320;0.0387
29.9330;-0.0290
29.9340;-0.1096
29.9350;0.1869
29.9360;0.2965
29.9370;0.2224
29.9380;0.1063
29.9390;0.0806
29.9400;0.0902
29.9410;0.0709
29.9420;0.0193
29.9430;-0.1063
29.9440;-0.2868
29.9450;-0.2739
29.9460;-0.1998
29.9470;-0.1031
29.9480;-0.0032
29.9490;0.0451
29.9500;0.0097
29.9510;-0.0129
29.9520;0.0548
29.9530;0.0773
29.9540;-0.0097
29.9550;0.0000
29.9560;0.0032
29.9570;-0.0129
29.9580;-0.0032
29.9590;0.0419
29.9600;0.0645
29.9610;0.0161
29.9620;0.0129
29.9630;0.0967
29.9640;0.1257
29.9650;0.0806
29.9660;-0.2030
29.9670;-0.2675
29.9680;-0.0548
29.9690;0.0677
29.9700;-0.0516
29.9710;-0.2385
29.9720;0.0129
29.9730;0.6284
29.9740;0.3867
29.9750;-0.0129
29.9760;-0.0612
29.9770;-0.0226
29.9780;-0.1708
29.9790;-0.3384
29.9800;-0.2256
29.9810;-0.0354
29.9820;0.1418
29.9830;0.0999
29.9840;0.0290
29.9850;0.0161
29.9860;0.0258
29.9870;0.0064
29.9880;0.0129
29.9890;0.0064
29.9900;0.0064
29.9910;0.0032
29.9920;0.0000
29.9930;0.0226
29.9940;-0.0258
29.9950;-0.0516
29.9960;-0.0419
29.9970;-0.0258
29.9980;0.0193
29.9990;0.0709
30.0000;0.1321
30.0010;0.1192
30.0020;0.0226
30.0030;-0.0741
30.0040;-0.0580
30.0050;-0.0129
30.0060;-0.0322
30.0070;-0.0064
30.0080;-0.0870
30.0090;-0.0838
30.0100;0.1063
30.0110;0.0838
30.0120;-0.0290
30.0130;-0.1289
30.0140;-0.0806
30.0150;0.0451
30.0160;0.1289
30.0170;0.0226
30.0180;-0.0322
30.0190;-0.0806
30.0200;-0.0548
30.0210;-0.1031
30.0220;-0.1160
30.0230;0.0193
30.0240;0.0129
30.0250;0.0032
30.0260;0.0612
30.0270;0.0773
30.0280;0.1579
30.0290;0.1063
30.0300;-0.0709
30.0310;-0.0451
30.0320;0.0580
30.0330;0.0000
30.0340;-0.0709
30.0350;-0.0645
30.0360;0.0548
30.0370;0.0580
30.0380;0.0322
30.0390;-0.0097
30.0400;-0.1837
30.0410;-0.2514
30.0420;-0.1321
30.0430;-0.0612
30.0440;0.1128
30.0450;0.2159
30.0460;0.1740
30.0470;0.0580
30.0480;0.0645
30.0490;0.0548
30.0500;0.0097
30.0510;-0.0097
30.0520;0.0709
30.0530;0.0419
30.0540;0.0064
30.0550;0.0387
30.0560;0.0612
30.0570;0.0451
30.0580;-0.0161
30.0590;-0.0580
30.0600;-0.1289
30.0610;-0.0999
30.0620;-0.0645
30.0630;-0.0516
30.0640;-0.0419
30.0650;-0.0226
30.0660;-0.0097
30.0670;0.0548
30.0680;0.0226
30.0690;0.0451
30.0700;0.2062
30.0710;0.1934
30.0720;-0.1515
30.0730;-0.3158
30.0740;-0.2256
30.0750;-0.0806
30.0760;0.0258
30.0770;0.0129
30.0780;0.0226
30.0790;0.0387
30.0800;0.0548
30.0810;0.0451
30.0820;0.0451
30.0830;0.0483
30.0840;0.0483
30.0850;0.0580
30.0860;0.0161
30.0870;-0.0354
30.0880;-0.0290
30.0890;-0.0064
30.0900;0.0032
30.0910;-0.0032
30.0920;0.0032
30.0930;0.0161
30.0940;0.0129
30.0950;0.0097
30.0960;0.0193
30.0970;0.0258
30.0980;0.0451
30.0990;0.0226
30.1000;0.0226
30.1010;-0.0064
30.1020;-0.0580
30.1030;-0.0258
30.1040;0.0193
30.1050;-0.0258
30.1060;0.0032
30.1070;-0.0419
30.1080;-0.0773
30.1090;-0.1192
30.1100;-0.0419
30.1110;0.0129
30.1120;0.0193
30.1130;0.0258
30.1140;0.0161
30.1150;0.0129
30.1160;0.0290
30.1170;0.0483
30.1180;0.0451
30.1190;0.0097
30.1200;0.0258
30.1210;0.0612
30.1220;0.0387
30.1230;-0.0258
30.1240;-0.0516
30.1250;0.0129
30.1260;-0.0548
30.1270;-0.1354
30.1280;-0.1579
30.1290;0.0193
30.1300;0.1772
30.1310;0.2320
30.1320;0.0677
30.1330;-0.1128
30.1340;-0.1644
30.1350;-0.2127
30.1360;-0.1128
30.1370;0.0161
30.1380;0.0612
30.1390;0.0612
30.1400;0.0193
30.1410;0.0032
30.1420;-0.0161
30.1430;0.0419
30.1440;0.0226
30.1450;-0.1128
30.1460;-0.2159
30.1470;-0.2514
30.1480;-0.0097
30.1490;-0.0097
30.1500;0.1418
30.1510;0.3642
30.1520;0.4028
30.1530;0.3513
30.1540;0.0580
30.1550;-0.0354
30.1560;-0.0258
30.1570;-0.0258
30.1580;-0.0129
30.1590;-0.0870
30.1600;-0.1386
30.1610;-0.1450
30.1620;-0.0677
30.1630;-0.0097
30.1640;-0.0193
30.1650;0.0032
30.1660;-0.0226
30.1670;-0.1031
30.1680;-0.1063
30.1690;-0.0548
30.1700;-0.0193
30.1710;0.0097
30.1720;0.0290
30.1730;0.0354
30.1740;0.0419
30.1750;0.0193
30.1760;-0.2256
30.1770;-0.2320
30.1780;0.1321
30.1790;0.3513
30.1800;0.1772
30.1810;0.0226
30.1820;0.0967
30.1830;0.0902
30.1840;0.0161
30.1850;0.0129
30.1860;-0.0290
30.1870;-0.1676
30.1880;-0.1547
30.1890;-0.0645
30.1900;-0.0032
30.1910;0.0387
30.1920;0.1579
30.1930;0.1805
30.1940;0.0902
30.1950;-0.0290
30.1960;-0.1805
30.1970;-0.1289
30.1980;-0.1160
30.1990;-0.0290
30.2000;-0.0902
30.2010;-0.1837
30.2020;-0.1676
30.2030;0.0709
30.2040;0.1869
30.2050;0.1386
30.2060;0.0419
30.2070;0.0580
30.2080;0.0741
30.2090;0.0290
30.2100;0.0161
30.2110;-0.0387
30.2120;-0.0419
30.2130;-0.0322
30.2140;-0.0064
30.2150;0.0064
30.2160;0.0548
30.2170;0.0645
30.2180;0.0709
30.2190;0.0967
30.2200;0.0612
30.2210;-0.0645
30.2220;-0.2030
30.2230;-0.1515
30.2240;-0.0548
30.2250;0.0226
30.2260;0.0064
30.2270;-0.0161
30.2280;-0.0806
30.2290;-0.0419
30.2300;-0.0612
30.2310;0.1192
30.2320;0.1901
30.2330;0.1772
30.2340;-0.0129
30.2350;0.0064
30.2360;0.0258
30.2370;-0.0032
30.2380;-0.0129
30.2390;-0.1611
30.2400;-0.0935
30.2410;-0.0097
30.2420;-0.0032
30.2430;0.0935
30.2440;0.0645
30.2450;0.0097
30.2460;-0.0161
30.2470;0.0129
30.2480;0.0967
30.2490;-0.0064
30.2500;-0.0290
30.2510;-0.0226
30.2520;0.0290
30.2530;-0.0064
30.2540;-0.0677
30.2550;-0.1031
30.2560;-0.0161
30.2570;0.0032
30.2580;-0.0612
30.2590;-0.0129
30.2600;0.0838
30.2610;0.0773
30.2620;0.0773
30.2630;-0.0677
30.2640;-0.1966
30.2650;-0.2353
30.2660;0.0193
30.2670;0.2610
30.2680;0.3577
30.2690;0.1160
30.2700;-0.0516
30.2710;-0.0999
30.2720;-0.0645
30.2730;-0.0451
30.2740;0.0032
30.2750;0.0097
30.2760;-0.0806
30.2770;-0.1257
30.2780;-0.0838
30.2790;-0.0226
30.2800;0.0354
30.2810;0.0451
30.2820;0.0354
30.2830;0.0451
30.2840;0.0451
30.2850;0.0387
30.2860;0.0548
30.2870;0.0097
30.2880;-0.0226
30.2890;-0.0290
30.2900;-0.0161
30.2910;-0.0032
30.2920;0.0064
30.2930;0.0741
30.2940;0.0354
30.2950;-0.1225
30.2960;-0.1063
30.2970;-0.0193
30.2980;0.0161
30.2990;0.0322
30.3000;0.0226
30.3010;-0.0129
30.3020;-0.0161
30.3030;-0.0161
30.3040;-0.0064
30.3050;-0.0064
30.3060;-0.0097
30.3070;0.0000
30.3080;0.0516
30.3090;-0.0064
30.3100;-0.0483
30.3110;0.0451
30.3120;0.0548
30.3130;0.0129
30.3140;0.0258
30.3150;0.0451
30.3160;-0.0709
30.3170;-0.1289
30.3180;-0.0193
30.3190;0.0387
30.3200;0.1063
30.3210;0.0967
30.3220;0.0129
30.3230;-0.0226
30.3240;-0.1063
30.3250;-0.0354
30.3260;0.0806
30.3270;0.0838
30.3280;0.0645
30.3290;-0.0322
30.3300;-0.0709
30.3310;-0.0902
30.3320;-0.0902
30.3330;-0.0387
30.3340;0.0451
30.3350;0.0645
30.3360;0.0129
30.3370;0.0129
30.3380;-0.0516
30.3390;-0.1289
30.3400;-0.1031
30.3410;0.0161
30.3420;0.0838
30.3430;0.0226
30.3440;-0.0193
30.3450;-0.0322
30.3460;-0.0097
30.3470;0.0064
30.3480;0.0161
30.3490;0.0129
30.3500;-0.0258
30.3510;-0.0387
30.3520;-0.0806
30.3530;-0.1128
30.3540;-0.0258
30.3550;0.1611
30.3560;0.2675
30.3570;0.1515
30.3580;0.1128
30.3590;0.0902
30.3600;-0.0193
30.3610;-0.0129
30.3620;-0.0580
30.3630;-0.1192
30.3640;-0.0902
30.3650;-0.0290
30.3660;-0.0161
30.3670;0.0580
30.3680;0.1547
30.3690;-0.0677
30.3700;-0.1515
30.3710;-0.0258
30.3720;0.0580
30.3730;0.0451
30.3740;-0.0258
30.3750;-0.0870
30.3760;0.0097
30.3770;0.0870
30.3780;0.0677
30.3790;-0.1257
30.3800;-0.1418
30.3810;0.0161
30.3820;0.0258
30.3830;-0.0741
30.3840;-0.0516
30.3850;0.0258
30.3860;0.0548
30.3870;0.0709
30.3880;0.0741
30.3890;0.0129
30.3900;-0.0451
30.3910;-0.0677
30.3920;-0.0548
30.3930;0.0387
30.3940;0.0773
30.3950;0.0806
30.3960;0.0097
30.3970;-0.0741
30.3980;-0.0967
30.3990;0.0000
30.4000;0.0419
30.4010;-0.0258
30.4020;-0.0226
30.4030;0.0258
30.4040;0.0290
30.4050;0.0161
30.4060;-0.1676
30.4070;-0.1386
30.4080;0.0999
30.4090;0.2062
30.4100;0.0967
30.4110;-0.0354
30.4120;-0.1192
30.4130;-0.0935
30.4140;0.0387
30.4150;0.2643
30.4160;0.2030
30.4170;0.0258
30.4180;-0.0806
30.4190;-0.0967
30.4200;-0.0580
30.4210;-0.0870
30.4220;-0.0580
30.4230;-0.0322
30.4240;-0.0097
30.4250;0.0290
30.4260;0.0000
30.4270;-0.0354
30.4280;0.0000
30.4290;0.0419
30.4300;-0.0129
30.4310;0.0064
30.4320;0.0516
30.4330;-0.0032
30.4340;0.0935
30.4350;0.0580
30.4360;0.0064
30.4370;-0.0451
30.4380;-0.0967
30.4390;-0.0902
30.4400;-0.0451
30.4410;-0.0161
30.4420;0.0097
30.4430;0.0193
30.4440;0.0000
30.4450;-0.0258
30.4460;0.0000
30.4470;-0.0032
30.4480;-0.0064
30.4490;-0.0322
30.4500;0.0258
30.4510;0.0548
30.4520;0.0258
30.4530;0.0322
30.4540;0.0548
30.4550;0.0419
30.4560;0.0064
30.4570;-0.0709
30.4580;-0.0354
30.4590;0.0161
30.4600;0.0709
30.4610;-0.0032
30.4620;-0.0902
30.4630;-0.1096
30.4640;-0.0902
30.4650;-0.0709
30.4660;-0.0129
30.4670;-0.0161
30.4680;0.0226
30.4690;0.0741
30.4700;0.0935
30.4710;0.0612
30.4720;-0.0322
30.4730;-0.0451
30.4740;0.0451
30.4750;0.0483
30.4760;-0.0097
30.4770;0.0290
30.4780;-0.0290
30.4790;-0.0226
30.4800;0.0193
30.4810;0.0064
30.4820;-0.0129
30.4830;-0.1031
30.4840;-0.0032
30.4850;-0.0483
30.4860;-0.0516
30.4870;0.0258
30.4880;0.1063
30.4890;-0.0419
30.4900;-0.1418
30.4910;0.0193
30.4920;0.1772
30.4930;0.1450
30.4940;0.0000
30.4950;-0.0645
30.4960;-0.0419
30.4970;-0.0226
30.4980;0.0451
30.4990;0.0773
30.5000;-0.0032
30.5010;-0.0097
30.5020;0.0806
30.5030;0.1579
30.5040;0.0097
30.5050;-0.1096
30.5060;-0.1063
30.5070;-0.0612
30.5080;-0.0193
30.5090;0.0161
30.5100;-0.0064
30.5110;-0.1708
30.5120;-0.2353
30.5130;-0.0709
30.5140;0.0773
30.5150;0.1063
30.5160;0.0709
30.5170;-0.0226
30.5180;-0.0741
30.5190;0.0032
30.5200;0.0902
30.5210;0.0612
30.5220;-0.0129
30.5230;-0.0161
30.5240;-0.0032
30.5250;0.0322
30.5260;0.0258
30.5270;0.0129
30.5280;0.0161
30.5290;0.0193
30.5300;0.0580
30.5310;0.0483
30.5320;0.0193
30.5330;0.0032
30.5340;-0.0193
30.5350;0.0193
30.5360;0.0193
30.5370;0.0387
30.5380;0.0387
30.5390;-0.0129
30.5400;-0.0548
30.5410;-0.1740
30.5420;-0.1579
30.5430;-0.0451
30.5440;-0.0129
30.5450;0.0097
30.5460;0.0193
30.5470;0.0226
30.5480;0.0322
30.5490;0.0226
30.5500;0.0226
30.5510;0.0193
30.5520;0.0161
30.5530;0.0129
30.5540;0.0193
30.5550;0.0161
30.5560;0.0032
30.5570;-0.0161
30.5580;0.0000
30.5590;0.0000
30.5600;-0.0064
30.5610;-0.0129
30.5620;-0.0129
30.5630;0.0000
30.5640;0.0032
30.5650;0.0032
30.5660;0.0000
30.5670;0.0193
30.5680;0.0032
30.5690;0.0258
30.5700;0.0226
30.5710;0.0483
30.5720;0.0419
30.5730;0.0000
30.5740;0.0258
30.5750;0.0161
30.5760;-0.0999
30.5770;-0.1450
30.5780;-0.0806
30.5790;-0.0161
30.5800;-0.0290
30.5810;-0.0097
30.5820;0.0193
30.5830;0.0419
30.5840;0.0999
30.5850;0.0419
30.5860;-0.0322
30.5870;-0.0709
30.5880;-0.0935
30.5890;-0.0354
30.5900;-0.0064
30.5910;-0.0935
30.5920;-0.0129
30.5930;0.0870
30.5940;0.0773
30.5950;0.0258
30.5960;-0.0064
30.5970;-0.0258
30.5980;-0.0226
30.5990;0.0193
30.6000;0.0967
30.6010;0.0773
30.6020;0.0645
30.6030;-0.0548
30.6040;-0.1289
30.6050;-0.1031
30.6060;-0.0773
30.6070;-0.0097
30.6080;-0.0451
30.6090;-0.0322
30.6100;0.0032
30.6110;0.0806
30.6120;0.0902
30.6130;0.0451
30.6140;-0.0064
30.6150;0.0161
30.6160;0.0419
30.6170;0.1031
30.6180;0.0097
30.6190;-0.0773
30.6200;0.0161
30.6210;0.0000
30.6220;-0.0032
30.6230;-0.0129
30.6240;-0.0097
30.6250;-0.0064
30.6260;-0.0193
30.6270;0.0000
30.6280;0.0516
30.6290;0.0516
30.6300;-0.0097
30.6310;0.0097
30.6320;-0.0548
30.6330;0.0064
30.6340;0.0516
30.6350;0.0902
30.6360;0.0612
30.6370;0.0000
30.6380;0.0516
30.6390;-0.0419
30.6400;-0.2062
30.6410;-0.1901
30.6420;-0.0902
30.6430;0.0000
30.6440;0.0129
30.6450;0.0258
30.6460;0.0193
30.6470;0.0193
30.6480;0.0354
30.6490;0.0226
30.6500;0.0290
30.6510;0.0354
30.6520;0.0387
30.6530;0.0226
30.6540;-0.0226
30.6550;-0.0516
30.6560;-0.0193
30.6570;0.0032
30.6580;0.0064
30.6590;0.0161
30.6600;0.0354
30.6610;0.0354
30.6620;0.0193
30.6630;-0.0161
30.6640;0.0129
30.6650;0.0161
30.6660;-0.0032
30.6670;0.0097
30.6680;-0.0161
30.6690;-0.0161
30.6700;-0.0097
30.6710;0.0451
30.6720;0.0806
30.6730;0.0773
30.6740;0.0193
30.6750;-0.0709
30.6760;-0.0677
30.6770;-0.0258
30.6780;-0.0677
30.6790;-0.0516
30.6800;-0.0580
30.6810;-0.1418
30.6820;-0.0838
30.6830;-0.0129
30.6840;0.0258
30.6850;0.0516
30.6860;0.0516
30.6870;0.0580
30.6880;0.0516
30.6890;0.0226
30.6900;0.0129
30.6910;0.0193
30.6920;0.0226
30.6930;0.0387
30.6940;0.0548
30.6950;0.0258
30.6960;-0.0516
30.6970;-0.0387
30.6980;-0.0097
30.6990;-0.0032
30.7000;0.0064
30.7010;-0.0161
30.7020;-0.0032
30.7030;0.0258
30.7040;0.0806
30.7050;0.1031
30.7060;0.0354
30.7070;-0.0999
30.7080;-0.1031
30.7090;-0.0806
30.7100;-0.0064
30.7110;0.0387
30.7120;0.0483
30.7130;0.0097
30.7140;-0.0290
30.7150;-0.0129
30.7160;0.0161
30.7170;0.0612
30.7180;0.0451
30.7190;-0.0258
30.7200;-0.1289
30.7210;-0.1321
30.7220;-0.0645
30.7230;0.0032
30.7240;0.0193
30.7250;0.0290
30.7260;0.0258
30.7270;0.0193
30.7280;0.0226
30.7290;0.0387
30.7300;0.0193
30.7310;0.0000
30.7320;0.0032
30.7330;0.0580
30.7340;0.0741
30.7350;-0.0451
30.7360;-0.0322
30.7370;-0.0258
30.7380;-0.0097
30.7390;-0.0129
30.7400;-0.0032
30.7410;0.0226
30.7420;0.0483
30.7430;0.0387
30.7440;0.0097
30.7450;-0.0032
30.7460;-0.0322
30.7470;-0.0322
30.7480;-0.0258
30.7490;-0.0097
30.7500;-0.0064
30.7510;-0.0226
30.7520;-0.0419
30.7530;-0.0097
30.7540;0.0161
30.7550;0.0290
30.7560;0.0354
30.7570;0.0483
30.7580;0.0516
30.7590;0.0290
30.7600;0.0064
30.7610;-0.0258
30.7620;-0.0483
30.7630;-0.0354
30.7640;-0.0483
30.7650;-0.0741
30.7660;-0.0419
30.7670;0.0097
30.7680;0.0387
30.7690;0.0451
30.7700;0.0451
30.7710;0.0451
30.7720;0.0322
30.7730;0.0097
30.7740;-0.0193
30.7750;-0.0129
30.7760;0.0741
30.7770;0.0516
30.7780;-0.0548
30.7790;-0.0806
30.7800;-0.0290
30.7810;-0.0451
30.7820;0.0032
30.7830;0.0483
30.7840;-0.0129
30.7850;-0.0870
30.7860;-0.0580
30.7870;0.0032
30.7880;0.0354
30.7890;0.0226
30.7900;-0.0322
30.7910;-0.0097
30.7920;0.0612
30.7930;0.0516
30.7940;0.0032
30.7950;-0.0387
30.7960;-0.0354
30.7970;0.0097
30.7980;0.0516
30.7990;0.0548
30.8000;-0.0129
30.8010;-0.0258
30.8020;-0.0290
30.8030;0.0322
30.8040;0.0612
30.8050;0.0226
30.8060;-0.0645
30.8070;-0.0773
30.8080;-0.0161
30.8090;0.0161
30.8100;0.0322
30.8110;0.0161
30.8120;0.0097
30.8130;0.0193
30.8140;0.0354
30.8150;0.0097
30.8160;-0.0451
30.8170;-0.0451
30.8180;-0.0161
30.8190;0.0000
30.8200;0.0064
30.8210;0.0290
30.8220;0.0677
30.8230;0.1063
30.8240;0.1805
30.8250;0.0838
30.8260;-0.1611
30.8270;-0.2127
30.8280;-0.1386
30.8290;0.0000
30.8300;0.0709
30.8310;0.0580
30.8320;0.0129
30.8330;-0.0322
30.8340;-0.0354
30.8350;-0.0032
30.8360;-0.0097
30.8370;-0.0064
30.8380;0.0064
30.8390;0.0097
30.8400;0.0129
30.8410;0.0097
30.8420;0.0129
30.8430;0.0612
30.8440;0.0161
30.8450;-0.0548
30.8460;-0.0258
30.8470;0.0032
30.8480;0.0193
30.8490;0.0193
30.8500;0.0226
30.8510;0.0129
30.8520;0.0161
30.8530;0.0064
30.8540;-0.0032
30.8550;0.0097
30.8560;0.0290
30.8570;0.0451
30.8580;0.0483
30.8590;0.1063
30.8600;0.0451
30.8610;-0.0161
30.8620;-0.0097
30.8630;-0.1063
30.8640;-0.1418
30.8650;-0.1547
30.8660;-0.0935
30.8670;0.0032
30.8680;0.0258
30.8690;0.0451
30.8700;0.0483
30.8710;0.0193
30.8720;0.0000
30.8730;-0.0354
30.8740;-0.0709
30.8750;-0.0290
30.8760;0.0000
30.8770;0.0193
30.8780;0.0258
30.8790;0.0354
30.8800;0.0451
30.8810;0.0290
30.8820;0.0290
30.8830;0.0226
30.8840;0.0097
30.8850;0.0064
30.8860;0.0129
30.8870;0.0226
30.8880;0.0226
30.8890;0.0064
30.8900;0.0419
30.8910;0.0419
30.8920;0.0129
30.8930;0.0226
30.8940;-0.0226
30.8950;-0.0612
30.8960;-0.0258
30.8970;0.0097
30.8980;0.0097
30.8990;-0.0064
30.9000;-0.0226
30.9010;-0.0709
30.9020;-0.0258
30.9030;0.0548
30.9040;0.0226
30.9050;-0.0612
30.9060;-0.0548
30.9070;0.0226
30.9080;-0.0064
30.9090;0.0419
30.9100;0.0354
30.9110;-0.0483
30.9120;-0.0709
30.9130;-0.0451
30.9140;-0.0032
30.9150;0.0290
30.9160;0.0516
30.9170;0.0548
30.9180;0.0516
30.9190;-0.0516
30.9200;-0.0741
30.9210;-0.0516
30.9220;-0.0097
30.9230;0.0322
30.9240;0.0483
30.9250;0.0483
30.9260;0.0290
30.9270;0.0161
30.9280;0.0000
30.9290;-0.0580
30.9300;0.0226
30.9310;0.0838
30.9320;0.0967
30.9330;0.0483
30.9340;-0.0226
30.9350;-0.0580
30.9360;-0.1418
30.9370;-0.1547
30.9380;-0.0226
30.9390;0.0387
30.9400;0.0322
30.9410;-0.0097
30.9420;-0.0419
30.9430;-0.0161
30.9440;0.0097
30.9450;0.0161
30.9460;0.0193
30.9470;0.0226
30.9480;0.0773
30.9490;0.0902
30.9500;-0.0387
30.9510;-0.0677
30.9520;-0.0064
30.9530;0.0064
30.9540;0.0322
30.9550;0.0483
30.9560;0.0354
30.9570;0.0290
30.9580;0.0000
30.9590;-0.0870
30.9600;-0.0741
30.9610;-0.0129
30.9620;0.0226
30.9630;0.0354
30.9640;0.0193
30.9650;-0.0064
30.9660;0.0064
30.9670;0.0838
30.9680;0.0677
30.9690;-0.0483
30.9700;-0.0838
30.9710;-0.1096
30.9720;-0.0935
30.9730;-0.0258
30.9740;0.0290
30.9750;0.0580
30.9760;0.0161
30.9770;-0.0193
30.9780;-0.0226
30.9790;0.0000
30.9800;0.0193
30.9810;0.0226
30.9820;0.0226
30.9830;0.0354
30.9840;0.0516
30.9850;0.0451
30.9860;0.0064
30.9870;0.0097
30.9880;0.0193
30.9890;-0.0580
30.9900;-0.0870
30.9910;-0.0516
30.9920;0.0193
30.9930;0.0548
30.9940;0.0193
30.9950;0.0129
30.9960;-0.0129
30.9970;-0.0419
30.9980;-0.0322
30.9990;-0.0226
31.0000;-0.0064
31.0010;0.0000
31.0020;0.0097
31.0030;0.0161
31.0040;0.0129
31.0050;0.0129
31.0060;0.0226
31.0070;0.0548
31.0080;0.0193
31.0090;0.0161
31.0100;0.0419
31.0110;-0.0806
31.0120;-0.0387
31.0130;0.0387
31.0140;0.0354
31.0150;-0.0258
31.0160;-0.0483
31.0170;0.0000
31.0180;0.0516
31.0190;0.0516
31.0200;-0.0290
31.0210;-0.0967
31.0220;-0.0935
31.0230;-0.0419
31.0240;0.0387
31.0250;0.0741
31.0260;0.1128
31.0270;0.0806
31.0280;-0.0387
31.0290;-0.1450
31.0300;-0.0580
31.0310;-0.0612
31.0320;-0.0516
31.0330;0.0290
31.0340;0.0773
31.0350;0.1740
31.0360;0.0741
31.0370;-0.0806
31.0380;-0.1515
31.0390;-0.1031
31.0400;0.0419
31.0410;0.0709
31.0420;0.0483
31.0430;0.0516
31.0440;-0.0387
31.0450;-0.0935
31.0460;-0.0967
31.0470;-0.0548
31.0480;-0.0064
31.0490;0.0483
31.0500;0.0935
31.0510;0.0773
31.0520;0.0161
31.0530;-0.0064
31.0540;0.0000
31.0550;-0.0709
31.0560;-0.0483
31.0570;-0.0032
31.0580;0.0483
31.0590;0.0322
31.0600;-0.0129
31.0610;0.0097
31.0620;0.0161
31.0630;-0.0193
31.0640;-0.0032
31.0650;0.0000
31.0660;0.0032
31.0670;0.0032
31.0680;0.0064
31.0690;0.0097
31.0700;0.0129
31.0710;0.0161
31.0720;0.0129
31.0730;-0.0064
31.0740;-0.0193
31.0750;-0.0032
31.0760;0.0032
31.0770;-0.0161
31.0780;0.0097
31.0790;0.0226
31.0800;0.0290
31.0810;0.0612
31.0820;0.1096
31.0830;0.0580
31.0840;-0.0419
31.0850;-0.0902
31.0860;-0.1160
31.0870;-0.1450
31.0880;-0.0935
31.0890;-0.0322
31.0900;0.0000
31.0910;0.0161
31.0920;0.0226
31.0930;0.0290
31.0940;0.0290
31.0950;0.0354
31.0960;0.0322
31.0970;0.0419
31.0980;0.0226
31.0990;-0.0097
31.1000;-0.0097
31.1010;0.0097
31.1020;-0.0032
31.1030;-0.0064
31.1040;-0.0097
31.1050;-0.0290
31.1060;-0.0032
31.1070;0.0580
31.1080;0.0451
31.1090;-0.0129
31.1100;0.0032
31.1110;-0.0322
31.1120;-0.0741
31.1130;-0.0226
31.1140;0.0516
31.1150;0.0709
31.1160;0.0226
31.1170;0.0064
31.1180;-0.0322
31.1190;-0.0419
31.1200;0.0161
31.1210;-0.0387
31.1220;-0.0258
31.1230;0.0129
31.1240;0.0354
31.1250;0.0322
31.1260;-0.0032
31.1270;-0.0193
31.1280;-0.0483
31.1290;-0.0290
31.1300;-0.0064
31.1310;-0.0129
31.1320;-0.0064
31.1330;0.0548
31.1340;0.0773
31.1350;0.0806
31.1360;0.0258
31.1370;-0.1257
31.1380;-0.1450
31.1390;-0.0483
31.1400;0.0032
31.1410;0.0290
31.1420;0.0677
31.1430;0.0773
31.1440;0.0516
31.1450;0.0226
31.1460;-0.0387
31.1470;-0.0677
31.1480;-0.0451
31.1490;0.0032
31.1500;0.0516
31.1510;0.1257
31.1520;0.0999
31.1530;0.0741
31.1540;-0.0516
31.1550;-0.1805
31.1560;-0.1482
31.1570;-0.0483
31.1580;-0.0773
31.1590;-0.0677
31.1600;-0.0097
31.1610;0.0290
31.1620;0.0773
31.1630;0.0935
31.1640;0.0741
31.1650;-0.0064
31.1660;-0.0451
31.1670;0.0129
31.1680;0.0516
31.1690;0.0387
31.1700;0.0161
31.1710;0.0000
31.1720;-0.0161
31.1730;-0.0322
31.1740;-0.0161
31.1750;-0.0193
31.1760;-0.0032
31.1770;-0.0064
31.1780;-0.0129
31.1790;0.0064
31.1800;0.0773
31.1810;0.0000
31.1820;0.0000
31.1830;0.0483
31.1840;0.1063
31.1850;0.0516
31.1860;-0.0741
31.1870;-0.1257
31.1880;-0.1257
31.1890;-0.0483
31.1900;0.0709
31.1910;0.1128
31.1920;0.1160
31.1930;-0.0129
31.1940;-0.1321
31.1950;-0.0709
31.1960;-0.0419
31.1970;-0.0580
31.1980;0.0032
31.1990;-0.0226
31.2000;0.0064
31.2010;0.0097
31.2020;-0.0032
31.2030;-0.0064
31.2040;0.0097
31.2050;0.0226
31.2060;0.0387
31.2070;0.0612
31.2080;0.0677
31.2090;0.0838
31.2100;0.0032
31.2110;0.0032
31.2120;0.1031
31.2130;0.0226
31.2140;-0.1354
31.2150;-0.1966
31.2160;-0.1096
31.2170;-0.0032
31.2180;0.0870
31.2190;0.0773
31.2200;0.0354
31.2210;0.0193
31.2220;0.0161
31.2230;-0.0322
31.2240;-0.0290
31.2250;-0.0419
31.2260;-0.0773
31.2270;-0.0806
31.2280;-0.0290
31.2290;0.0387
31.2300;0.0548
31.2310;0.0322
31.2320;0.0161
31.2330;0.0419
31.2340;0.0677
31.2350;0.1160
31.2360;0.1192
31.2370;0.0387
31.2380;-0.0129
31.2390;-0.1869
31.2400;-0.1772
31.2410;-0.1192
31.2420;-0.0806
31.2430;-0.0129
31.2440;0.0322
31.2450;0.0612
31.2460;0.0387
31.2470;0.0000
31.2480;0.0322
31.2490;0.0838
31.2500;0.0129
31.2510;0.0999
31.2520;0.1772
31.2530;0.0967
31.2540;-0.0290
31.2550;-0.2127
31.2560;-0.1579
31.2570;-0.0483
31.2580;-0.0419
31.2590;-0.0483
31.2600;-0.0387
31.2610;0.0032
31.2620;0.0354
31.2630;0.0419
31.2640;0.0226
31.2650;0.0322
31.2660;0.0870
31.2670;0.0580
31.2680;0.0773
31.2690;0.0838
31.2700;0.0645
31.2710;-0.0226
31.2720;-0.0516
31.2730;-0.1354
31.2740;-0.1354
31.2750;-0.0483
31.2760;-0.0129
31.2770;-0.0161
31.2780;-0.0032
31.2790;0.0064
31.2800;0.0258
31.2810;0.0290
31.2820;0.0451
31.2830;0.0419
31.2840;0.0226
31.2850;0.0290
31.2860;0.0387
31.2870;0.0387
31.2880;0.0387
31.2890;0.0354
31.2900;0.0000
31.2910;-0.0645
31.2920;-0.1740
31.2930;-0.1225
31.2940;-0.0258
31.2950;0.0097
31.2960;0.0064
31.2970;0.0451
31.2980;0.0806
31.2990;0.0773
31.3000;0.0612
31.3010;-0.0226
31.3020;-0.0645
31.3030;-0.0193
31.3040;0.0097
31.3050;-0.0419
31.3060;-0.0645
31.3070;-0.0032
31.3080;0.1063
31.3090;0.0741
31.3100;-0.0548
31.3110;-0.0483
31.3120;0.0258
31.3130;0.0806
31.3140;0.1418
31.3150;0.0967
31.3160;0.0322
31.3170;-0.0999
31.3180;-0.3513
31.3190;-0.2481
31.3200;-0.0741
31.3210;-0.0064
31.3220;0.0773
31.3230;0.0419
31.3240;-0.0193
31.3250;0.0290
31.3260;0.0387
31.3270;0.0483
31.3280;0.0645
31.3290;0.0870
31.3300;0.0322
31.3310;-0.0387
31.3320;-0.0064
31.3330;0.0387
31.3340;0.0773
31.3350;0.0709
31.3360;-0.0387
31.3370;-0.1031
31.3380;-0.0806
31.3390;-0.0290
31.3400;0.0354
31.3410;0.0290
31.3420;0.0773
31.3430;0.0870
31.3440;-0.0064
31.3450;-0.0322
31.3460;-0.1063
31.3470;-0.0902
31.3480;-0.0193
31.3490;-0.0226
31.3500;0.0097
31.3510;0.0451
31.3520;0.0516
31.3530;0.0419
31.3540;-0.0032
31.3550;0.0000
31.3560;0.1579
31.3570;0.2449
31.3580;0.1869
31.3590;-0.0451
31.3600;-0.2836
31.3610;-0.3416
31.3620;-0.2256
31.3630;-0.0838
31.3640;-0.0129
31.3650;0.0677
31.3660;0.0806
31.3670;0.0322
31.3680;0.0032
31.3690;0.0000
31.3700;0.0226
31.3710;0.1354
31.3720;0.0709
31.3730;-0.0741
31.3740;-0.0290
31.3750;-0.0032
31.3760;0.0226
31.3770;0.0999
31.3780;0.0677
31.3790;-0.0129
31.3800;-0.0193
31.3810;-0.0032
31.3820;-0.0097
31.3830;0.0129
31.3840;0.0129
31.3850;-0.0161
31.3860;-0.0645
31.3870;-0.0387
31.3880;-0.0129
31.3890;-0.0032
31.3900;0.0258
31.3910;0.0193
31.3920;0.0097
31.3930;0.0032
31.3940;0.0290
31.3950;0.0226
31.3960;0.0226
31.3970;0.0516
31.3980;-0.0032
31.3990;-0.0419
31.4000;-0.0548
31.4010;-0.0677
31.4020;-0.0387
31.4030;0.0032
31.4040;0.0193
31.4050;0.0290
31.4060;0.0354
31.4070;0.0290
31.4080;0.0387
31.4090;0.0097
31.4100;-0.0097
31.4110;-0.0258
31.4120;-0.0322
31.4130;0.0548
31.4140;0.0967
31.4150;0.0902
31.4160;0.0354
31.4170;-0.1321
31.4180;-0.2030
31.4190;-0.0935
31.4200;-0.0612
31.4210;-0.0097
31.4220;0.0000
31.4230;0.0097
31.4240;0.0129
31.4250;0.0387
31.4260;0.1289
31.4270;0.1289
31.4280;0.1063
31.4290;0.0258
31.4300;-0.0806
31.4310;-0.0902
31.4320;-0.0902
31.4330;-0.0354
31.4340;0.0967
31.4350;-0.0387
31.4360;-0.0935
31.4370;-0.0741
31.4380;-0.0258
31.4390;0.0064
31.4400;0.0032
31.4410;0.0064
31.4420;-0.0258
31.4430;-0.0193
31.4440;0.0064
31.4450;0.0387
31.4460;0.0548
31.4470;0.0322
31.4480;0.0322
31.4490;0.0548
31.4500;0.0612
31.4510;0.0354
31.4520;-0.0129
31.4530;-0.0258
31.4540;-0.0354
31.4550;-0.0064
31.4560;0.0290
31.4570;0.0935
31.4580;0.0709
31.4590;0.0097
31.4600;-0.0677
31.4610;-0.0935
31.4620;-0.0290
31.4630;-0.0483
31.4640;-0.0129
31.4650;0.0451
31.4660;0.0548
31.4670;0.0677
31.4680;0.0161
31.4690;-0.0741
31.4700;-0.1837
31.4710;-0.1063
31.4720;-0.0064
31.4730;0.0354
31.4740;0.0387
31.4750;0.0387
31.4760;0.0677
31.4770;0.0258
31.4780;-0.0129
31.4790;0.0870
31.4800;0.1160
31.4810;0.0902
31.4820;-0.0161
31.4830;-0.1225
31.4840;-0.1192
31.4850;-0.0290
31.4860;0.0870
31.4870;0.0677
31.4880;-0.0838
31.4890;-0.2062
31.4900;-0.0806
31.4910;0.0193
31.4920;0.0322
31.4930;0.0322
31.4940;0.0516
31.4950;0.0419
31.4960;0.0612
31.4970;0.0064
31.4980;-0.0451
31.4990;0.0032
31.5000;0.0483
31.5010;0.0193
31.5020;-0.0129
31.5030;0.0161
31.5040;0.0354
31.5050;0.0354
31.5060;0.0129
31.5070;0.0451
31.5080;0.1225
31.5090;-0.1386
31.5100;-0.1354
31.5110;-0.1096
31.5120;-0.0967
31.5130;-0.0226
31.5140;0.0290
31.5150;0.0645
31.5160;0.0806
31.5170;0.0677
31.5180;0.0516
31.5190;0.0129
31.5200;-0.0129
31.5210;-0.0129
31.5220;-0.0032
31.5230;0.0129
31.5240;-0.0741
31.5250;-0.1386
31.5260;-0.0709
31.5270;-0.0290
31.5280;0.0193
31.5290;0.0226
31.5300;0.0516
31.5310;0.0677
31.5320;0.0451
31.5330;0.0773
31.5340;0.0709
31.5350;0.0322
31.5360;-0.0064
31.5370;0.0483
31.5380;0.0419
31.5390;0.0258
31.5400;-0.1063
31.5410;-0.2191
31.5420;-0.1515
31.5430;-0.0290
31.5440;0.0226
31.5450;0.0548
31.5460;0.0806
31.5470;0.1418
31.5480;0.1482
31.5490;0.0483
31.5500;-0.0838
31.5510;-0.0645
31.5520;-0.0419
31.5530;-0.0451
31.5540;-0.1160
31.5550;-0.0838
31.5560;-0.0387
31.5570;0.0032
31.5580;0.0226
31.5590;0.0193
31.5600;0.0290
31.5610;0.0387
31.5620;0.0483
31.5630;0.0580
31.5640;0.0290
31.5650;0.0064
31.5660;-0.0097
31.5670;0.0064
31.5680;0.0097
31.5690;0.0258
31.5700;0.0419
31.5710;0.0290
31.5720;0.0838
31.5730;0.1031
31.5740;-0.0580
31.5750;-0.0935
31.5760;-0.0129
31.5770;-0.0129
31.5780;-0.1160
31.5790;-0.1805
31.5800;-0.0548
31.5810;0.0387
31.5820;0.0838
31.5830;0.0741
31.5840;0.0226
31.5850;0.0902
31.5860;-0.1289
31.5870;-0.1676
31.5880;-0.0677
31.5890;-0.0322
31.5900;-0.0419
31.5910;0.0064
31.5920;0.0290
31.5930;0.0387
31.5940;0.0580
31.5950;0.0612
31.5960;0.0258
31.5970;0.0451
31.5980;0.0483
31.5990;0.0612
31.6000;0.0548
31.6010;0.0097
31.6020;-0.0387
31.6030;0.0000
31.6040;0.0032
31.6050;-0.0097
31.6060;0.0226
31.6070;-0.0773
31.6080;-0.0870
31.6090;-0.0032
31.6100;0.0226
31.6110;0.0129
31.6120;0.0258
31.6130;0.0483
31.6140;0.0806
31.6150;0.0612
31.6160;-0.0161
31.6170;-0.1418
31.6180;-0.1192
31.6190;0.0032
31.6200;0.0226
31.6210;-0.0258
31.6220;-0.0354
31.6230;-0.0419
31.6240;-0.0258
31.6250;-0.0193
31.6260;0.0419
31.6270;0.0645
31.6280;0.0064
31.6290;-0.0129
31.6300;0.0129
31.6310;0.0193
31.6320;0.0258
31.6330;0.0258
31.6340;0.0193
31.6350;0.0612
31.6360;0.1031
31.6370;0.0322
31.6380;-0.0226
31.6390;-0.0516
31.6400;-0.0516
31.6410;-0.0387
31.6420;-0.0967
31.6430;-0.0999
31.6440;-0.0258
31.6450;0.0193
31.6460;0.0258
31.6470;0.0387
31.6480;0.0419
31.6490;0.0387
31.6500;0.0129
31.6510;0.0129
31.6520;0.0129
31.6530;-0.0064
31.6540;-0.0290
31.6550;0.0032
31.6560;-0.0226
31.6570;-0.0483
31.6580;0.0064
31.6590;0.0709
31.6600;0.0999
31.6610;0.0387
31.6620;0.0032
31.6630;-0.0419
31.6640;0.1257
31.6650;0.0967
31.6660;0.0612
31.6670;-0.0935
31.6680;-0.2546
31.6690;-0.2514
31.6700;-0.1386
31.6710;-0.0709
31.6720;-0.0258
31.6730;0.0612
31.6740;0.0838
31.6750;0.0483
31.6760;0.0354
31.6770;0.0226
31.6780;0.0741
31.6790;0.0580
31.6800;0.0354
31.6810;-0.0129
31.6820;0.0032
31.6830;0.0290
31.6840;0.0193
31.6850;0.0193
31.6860;0.0548
31.6870;0.1869
31.6880;-0.0129
31.6890;-0.1096
31.6900;0.0193
31.6910;-0.0258
31.6920;-0.1354
31.6930;-0.1128
31.6940;-0.0999
31.6950;-0.0516
31.6960;-0.0032
31.6970;0.0258
31.6980;0.0516
31.6990;0.0773
31.7000;0.0419
31.7010;-0.0354
31.7020;-0.0548
31.7030;-0.0129
31.7040;0.0354
31.7050;0.0419
31.7060;0.0000
31.7070;0.0290
31.7080;0.0451
31.7090;0.0226
31.7100;0.0580
31.7110;0.1418
31.7120;0.0741
31.7130;-0.0741
31.7140;-0.0902
31.7150;-0.1063
31.7160;-0.0419
31.7170;-0.0129
31.7180;-0.0354
31.7190;-0.0741
31.7200;0.0097
31.7210;-0.0322
31.7220;-0.0226
31.7230;0.0741
31.7240;0.0806
31.7250;0.0290
31.7260;-0.0935
31.7270;-0.0580
31.7280;0.0677
31.7290;0.0000
31.7300;0.0032
31.7310;0.0870
31.7320;0.1063
31.7330;0.0483
31.7340;0.0387
31.7350;-0.1611
31.7360;-0.2256
31.7370;-0.0741
31.7380;0.0064
31.7390;0.0354
31.7400;0.0580
31.7410;0.0193
31.7420;0.0290
31.7430;-0.0064
31.7440;-0.0258
31.7450;0.0064
31.7460;0.0387
31.7470;0.0516
31.7480;0.0097
31.7490;-0.0193
31.7500;0.0097
31.7510;0.0258
31.7520;0.0387
31.7530;-0.0193
31.7540;-0.0387
31.7550;-0.0064
31.7560;0.0000
31.7570;0.0129
31.7580;0.0322
31.7590;0.0226
31.7600;0.0097
31.7610;-0.0387
31.7620;-0.0451
31.7630;-0.0258
31.7640;0.0032
31.7650;0.0097
31.7660;0.0322
31.7670;0.0354
31.7680;0.0290
31.7690;0.0064
31.7700;-0.0064
31.7710;-0.0322
31.7720;-0.0258
31.7730;-0.0097
31.7740;-0.0387
31.7750;-0.0387
31.7760;-0.0129
31.7770;0.0032
31.7780;0.0161
31.7790;0.0773
31.7800;0.1579
31.7810;0.0645
31.7820;-0.0290
31.7830;-0.1160
31.7840;-0.1676
31.7850;-0.0838
31.7860;0.0129
31.7870;0.0677
31.7880;0.1418
31.7890;0.0935
31.7900;-0.0645
31.7910;-0.0612
31.7920;0.0193
31.7930;0.0064
31.7940;-0.0258
31.7950;-0.1225
31.7960;-0.2127
31.7970;-0.0773
31.7980;0.0129
31.7990;0.0548
31.8000;0.0580
31.8010;0.0483
31.8020;0.0870
31.8030;0.0741
31.8040;0.0129
31.8050;0.0064
31.8060;0.0806
31.8070;0.0548
31.8080;-0.0129
31.8090;-0.0935
31.8100;-0.0612
31.8110;-0.0387
31.8120;-0.0258
31.8130;-0.0161
31.8140;-0.0129
31.8150;-0.0322
31.8160;0.0032
31.8170;0.0322
31.8180;0.0677
31.8190;0.1160
31.8200;0.0193
31.8210;-0.0645
31.8220;-0.0580
31.8230;-0.0258
31.8240;0.0258
31.8250;0.0419
31.8260;0.0290
31.8270;0.0097
31.8280;0.0580
31.8290;0.0451
31.8300;-0.0129
31.8310;-0.0226
31.8320;-0.0354
31.8330;0.0838
31.8340;-0.0645
31.8350;-0.1676
31.8360;-0.0580
31.8370;0.0000
31.8380;0.0097
31.8390;0.0097
31.8400;0.0387
31.8410;0.0387
31.8420;0.0806
31.8430;-0.0258
31.8440;-0.0935
31.8450;-0.0838
31.8460;-0.0161
31.8470;0.0032
31.8480;0.0097
31.8490;0.0419
31.8500;0.0967
31.8510;0.0612
31.8520;0.0032
31.8530;-0.0064
31.8540;-0.0258
31.8550;-0.0226
31.8560;-0.0258
31.8570;0.0000
31.8580;0.0226
31.8590;0.0322
31.8600;0.0129
31.8610;-0.0226
31.8620;0.0161
31.8630;0.0451
31.8640;0.1063
31.8650;0.0999
31.8660;-0.0064
31.8670;-0.1160
31.8680;-0.0709
31.8690;-0.0967
31.8700;-0.0258
31.8710;0.0226
31.8720;-0.0290
31.8730;-0.0645
31.8740;-0.0516
31.8750;0.0000
31.8760;0.0290
31.8770;0.0548
31.8780;0.0999
31.8790;0.0838
31.8800;0.0483
31.8810;-0.0516
31.8820;-0.0902
31.8830;0.0226
31.8840;0.0451
31.8850;0.0064
31.8860;0.0000
31.8870;0.0226
31.8880;0.0322
31.8890;-0.0129
31.8900;-0.0677
31.8910;-0.1289
31.8920;-0.1708
31.8930;-0.0806
31.8940;0.0129
31.8950;0.0516
31.8960;0.0451
31.8970;0.0129
31.8980;0.0097
31.8990;0.0258
31.9000;0.0387
31.9010;0.0387
31.9020;0.0451
31.9030;0.0354
31.9040;0.0097
31.9050;0.0354
31.9060;0.0483
31.9070;-0.0161
31.9080;-0.0193
31.9090;-0.0193
31.9100;-0.0097
31.9110;0.0064
31.9120;0.0193
31.9130;0.0161
31.9140;0.0064
31.9150;0.0226
31.9160;0.0032
31.9170;0.0032
31.9180;0.0354
31.9190;0.1225
31.9200;0.1934
31.9210;0.0967
31.9220;0.0064
31.9230;-0.1772
31.9240;-0.2771
31.9250;-0.2546
31.9260;-0.2127
31.9270;-0.1160
31.9280;0.0193
31.9290;0.0580
31.9300;0.0967
31.9310;0.1676
31.9320;0.2062
31.9330;0.0902
31.9340;-0.0419
31.9350;-0.0741
31.9360;-0.0516
31.9370;-0.0516
31.9380;-0.0999
31.9390;-0.1031
31.9400;-0.0064
31.9410;0.0226
31.9420;0.0354
31.9430;0.0516
31.9440;0.0387
31.9450;0.0193
31.9460;0.0580
31.9470;0.0645
31.9480;0.0902
31.9490;-0.0677
31.9500;-0.0838
31.9510;-0.0032
31.9520;0.0322
31.9530;0.0419
31.9540;0.0097
31.9550;-0.0258
31.9560;-0.0290
31.9570;0.0032
31.9580;0.0032
31.9590;0.0000
31.9600;0.0322
31.9610;-0.0064
31.9620;0.0129
31.9630;-0.0290
31.9640;-0.0741
31.9650;-0.0064
31.9660;0.0354
31.9670;0.0838
31.9680;0.0677
31.9690;-0.0129
31.9700;-0.0870
31.9710;-0.0677
31.9720;-0.0483
31.9730;-0.0322
31.9740;0.0226
31.9750;0.0322
31.9760;0.0516
31.9770;0.0612
31.9780;0.1160
31.9790;0.1192
31.9800;0.1225
31.9810;-0.0773
31.9820;-0.2353
31.9830;-0.1708
31.9840;-0.1160
31.9850;-0.0322
31.9860;0.0322
31.9870;0.0483
31.9880;0.0741
31.9890;0.0645
31.9900;0.0967
31.9910;0.0967
31.9920;-0.0548
31.9930;-0.1354
31.9940;-0.0935
31.9950;-0.0322
31.9960;0.0129
31.9970;0.0548
31.9980;0.0322
31.9990;-0.0258
32.0000;0.0451
32.0010;0.0612
32.0020;0.0097
32.0030;-0.0258
32.0040;-0.0773
32.0050;-0.0935
32.0060;-0.0451
32.0070;0.0193
32.0080;0.0612
32.0090;0.0451
32.0100;0.0451
32.0110;0.0290
32.0120;0.0000
32.0130;0.0451
32.0140;0.1160
32.0150;0.0548
32.0160;-0.0032
32.0170;-0.0193
32.0180;-0.1450
32.0190;-0.2030
32.0200;-0.0677
32.0210;-0.0161
32.0220;0.0097
32.0230;0.0387
32.0240;0.0290
32.0250;0.0258
32.0260;0.0322
32.0270;0.0902
32.0280;0.0967
32.0290;0.0741
32.0300;0.0032
32.0310;-0.0129
32.0320;-0.0516
32.0330;-0.1192
32.0340;-0.1192
32.0350;-0.0322
32.0360;-0.0064
32.0370;0.0097
32.0380;0.0419
32.0390;0.0709
32.0400;0.0709
32.0410;0.0967
32.0420;0.0935
32.0430;-0.0483
32.0440;-0.1257
32.0450;-0.0935
32.0460;-0.0677
32.0470;-0.0129
32.0480;0.0354
32.0490;0.0645
32.0500;0.0387
32.0510;-0.0258
32.0520;-0.0935
32.0530;-0.0290
32.0540;0.0161
32.0550;0.0226
32.0560;0.0258
32.0570;0.0097
32.0580;0.0161
32.0590;-0.0097
32.0600;-0.0129
32.0610;0.0129
32.0620;0.0548
32.0630;0.0709
32.0640;0.0870
32.0650;0.1225
32.0660;0.0419
32.0670;-0.0902
32.0680;-0.1611
32.0690;-0.1354
32.0700;0.0354
32.0710;0.2417
32.0720;0.2514
32.0730;0.0773
32.0740;-0.3029
32.0750;-0.3771
32.0760;-0.1869
32.0770;-0.0806
32.0780;-0.0516
32.0790;0.0129
32.0800;0.0677
32.0810;0.0387
32.0820;0.0419
32.0830;0.0548
32.0840;0.0451
32.0850;0.0773
32.0860;0.0709
32.0870;0.0902
32.0880;0.0999
32.0890;-0.0354
32.0900;-0.0902
32.0910;0.0419
32.0920;0.0677
32.0930;0.0097
32.0940;-0.0226
32.0950;-0.0677
32.0960;-0.0483
32.0970;0.0000
32.0980;0.0419
32.0990;0.0258
32.1000;0.0097
32.1010;0.0290
32.1020;0.0226
32.1030;-0.1386
32.1040;-0.0709
32.1050;0.0097
32.1060;0.0612
32.1070;0.0387
32.1080;0.0097
32.1090;-0.0451
32.1100;-0.0677
32.1110;-0.0516
32.1120;-0.0129
32.1130;0.0064
32.1140;0.0258
32.1150;0.0838
32.1160;0.0226
32.1170;-0.0483
32.1180;-0.0193
32.1190;0.0032
32.1200;0.0097
32.1210;0.0193
32.1220;0.0097
32.1230;0.0161
32.1240;0.0354
32.1250;0.0902
32.1260;0.1031
32.1270;0.1547
32.1280;0.0354
32.1290;-0.1611
32.1300;-0.1934
32.1310;-0.0870
32.1320;-0.0645
32.1330;-0.0097
32.1340;-0.0064
32.1350;-0.0838
32.1360;0.0032
32.1370;0.0354
32.1380;-0.0129
32.1390;-0.0193
32.1400;0.0032
32.1410;0.0193
32.1420;0.0290
32.1430;0.0226
32.1440;0.0290
32.1450;0.0290
32.1460;0.0290
32.1470;0.0580
32.1480;0.0548
32.1490;0.0226
32.1500;-0.0032
32.1510;0.0032
32.1520;0.0483
32.1530;-0.0032
32.1540;-0.0354
32.1550;-0.0419
32.1560;-0.0548
32.1570;-0.0516
32.1580;-0.0387
32.1590;-0.1031
32.1600;-0.1192
32.1610;-0.0677
32.1620;0.0709
32.1630;0.1321
32.1640;0.1354
32.1650;0.0806
32.1660;0.0290
32.1670;-0.0677
32.1680;-0.0838
32.1690;-0.0741
32.1700;-0.0451
32.1710;0.0226
32.1720;0.0548
32.1730;0.0032
32.1740;-0.0902
32.1750;-0.0870
32.1760;-0.0161
32.1770;0.0193
32.1780;0.0548
32.1790;0.0870
32.1800;0.0677
32.1810;0.0161
32.1820;-0.0290
32.1830;-0.0516
32.1840;-0.0258
32.1850;0.0000
32.1860;0.0258
32.1870;0.0612
32.1880;0.0709
32.1890;0.0483
32.1900;0.0129
32.1910;-0.0548
32.1920;-0.0902
32.1930;0.0000
32.1940;-0.0161
32.1950;-0.0516
32.1960;-0.0290
32.1970;0.0032
32.1980;0.0451
32.1990;0.0516
32.2000;0.0548
32.2010;0.0193
32.2020;0.0709
32.2030;0.0097
32.2040;-0.1031
32.2050;-0.0999
32.2060;-0.0580
32.2070;-0.0290
32.2080;-0.0064
32.2090;0.0129
32.2100;0.0806
32.2110;0.0709
32.2120;0.0612
32.2130;0.1934
32.2140;0.1676
32.2150;0.0902
32.2160;-0.1063
32.2170;-0.3996
32.2180;-0.2610
32.2190;-0.1063
32.2200;-0.0193
32.2210;0.0193
32.2220;0.0451
32.2230;0.0419
32.2240;0.0516
32.2250;0.0612
32.2260;0.0483
32.2270;0.0387
32.2280;0.0451
32.2290;0.0226
32.2300;0.0612
32.2310;0.0612
32.2320;-0.0129
32.2330;-0.0677
32.2340;-0.0870
32.2350;-0.0645
32.2360;-0.0322
32.2370;0.0193
32.2380;0.0419
32.2390;0.0483
32.2400;0.0032
32.2410;-0.0322
32.2420;-0.0193
32.2430;-0.0064
32.2440;-0.0064
32.2450;0.0226
32.2460;0.0612
32.2470;0.0870
32.2480;0.0483
32.2490;-0.0354
32.2500;-0.0451
32.2510;-0.0612
32.2520;-0.0645
32.2530;-0.0645
32.2540;-0.0387
32.2550;0.0129
32.2560;0.0483
32.2570;0.0838
32.2580;0.0483
32.2590;0.0258
32.2600;-0.0064
32.2610;-0.0097
32.2620;-0.0290
32.2630;-0.0032
32.2640;0.0354
32.2650;0.0354
32.2660;0.1192
32.2670;-0.0483
32.2680;-0.1450
32.2690;-0.0741
32.2700;-0.0226
32.2710;-0.0483
32.2720;-0.1160
32.2730;-0.0258
32.2740;0.0806
32.2750;0.0612
32.2760;0.0000
32.2770;-0.0290
32.2780;0.0322
32.2790;0.0709
32.2800;0.1418
32.2810;0.0032
32.2820;-0.1289
32.2830;-0.0967
32.2840;-0.0516
32.2850;0.0000
32.2860;0.0290
32.2870;0.0322
32.2880;0.0258
32.2890;0.0290
32.2900;0.0129
32.2910;0.0193
32.2920;0.0226
32.2930;0.0322
32.2940;0.0290
32.2950;-0.0064
32.2960;-0.0354
32.2970;-0.0322
32.2980;0.0097
32.2990;0.0322
32.3000;0.0258
32.3010;0.0322
32.3020;0.0677
32.3030;0.1450
32.3040;0.1676
32.3050;0.0612
32.3060;-0.0451
32.3070;-0.0612
32.3080;-0.1998
32.3090;-0.3577
32.3100;-0.2159
32.3110;-0.0645
32.3120;0.0419
32.3130;0.0838
32.3140;0.0806
32.3150;0.0419
32.3160;-0.0226
32.3170;-0.0161
32.3180;0.0387
32.3190;0.0419
32.3200;0.0322
32.3210;0.0097
32.3220;-0.0226
32.3230;-0.0032
32.3240;0.0193
32.3250;0.0354
32.3260;0.0387
32.3270;0.0193
32.3280;0.0097
32.3290;0.0193
32.3300;0.1128
32.3310;0.1257
32.3320;0.0773
32.3330;-0.0193
32.3340;-0.0709
32.3350;-0.1740
32.3360;-0.1611
32.3370;-0.0612
32.3380;0.0290
32.3390;0.0902
32.3400;0.0741
32.3410;0.0161
32.3420;-0.0806
32.3430;-0.1418
32.3440;-0.1063
32.3450;-0.0193
32.3460;0.0354
32.3470;0.0612
32.3480;0.0483
32.3490;-0.0064
32.3500;0.0097
32.3510;0.0097
32.3520;0.0226
32.3530;0.0226
32.3540;0.0129
32.3550;0.0161
32.3560;0.0129
32.3570;0.0000
32.3580;0.0000
32.3590;0.0032
32.3600;0.0193
32.3610;0.0387
32.3620;0.0612
32.3630;0.0097
32.3640;0.0548
32.3650;0.0612
32.3660;0.0129
32.3670;0.0580
32.3680;-0.0322
32.3690;-0.2030
32.3700;-0.1611
32.3710;-0.0677
32.3720;-0.0548
32.3730;-0.0354
32.3740;0.0032
32.3750;0.1386
32.3760;0.2256
32.3770;0.1901
32.3780;0.1063
32.3790;-0.0999
32.3800;-0.3094
32.3810;-0.2804
32.3820;-0.1128
32.3830;0.0354
32.3840;0.0935
32.3850;0.0806
32.3860;0.0677
32.3870;0.0032
32.3880;-0.0612
32.3890;-0.0161
32.3900;0.0258
32.3910;0.0290
32.3920;0.0226
32.3930;0.0193
32.3940;0.0258
32.3950;0.0226
32.3960;0.0129
32.3970;0.0193
32.3980;0.0161
32.3990;0.0097
32.4000;0.0161
32.4010;0.0354
32.4020;-0.0161
32.4030;0.0290
32.4040;0.0677
32.4050;0.0516
32.4060;-0.0483
32.4070;-0.1354
32.4080;0.0226
32.4090;0.0773
32.4100;0.0999
32.4110;0.0483
32.4120;-0.0773
32.4130;-0.0902
32.4140;-0.0870
32.4150;-0.0870
32.4160;-0.1128
32.4170;-0.0645
32.4180;0.0064
32.4190;0.0290
32.4200;0.0516
32.4210;0.0451
32.4220;0.0516
32.4230;0.0709
32.4240;0.0709
32.4250;0.0226
32.4260;-0.0258
32.4270;-0.0129
32.4280;0.0193
32.4290;-0.0258
32.4300;-0.0612
32.4310;-0.0645
32.4320;-0.0387
32.4330;-0.0161
32.4340;0.0064
32.4350;0.0387
32.4360;0.0419
32.4370;0.0483
32.4380;0.0483
32.4390;0.0322
32.4400;-0.0064
32.4410;-0.0387
32.4420;-0.0451
32.4430;-0.0161
32.4440;-0.0193
32.4450;-0.0258
32.4460;-0.0032
32.4470;0.0129
32.4480;0.0161
32.4490;0.0161
32.4500;0.0097
32.4510;0.0064
32.4520;0.0064
32.4530;0.0097
32.4540;0.0032
32.4550;0.0129
32.4560;0.0226
32.4570;0.0129
32.4580;0.0129
32.4590;-0.0129
32.4600;-0.0097
32.4610;-0.0322
32.4620;-0.0193
32.4630;0.0097
32.4640;0.0902
32.4650;0.1354
32.4660;0.1805
32.4670;0.1837
32.4680;0.0322
32.4690;-0.2771
32.4700;-0.2965
32.4710;-0.1998
32.4720;-0.1063
32.4730;-0.0741
32.4740;-0.0419
32.4750;0.0451
32.4760;0.0870
32.4770;0.0741
32.4780;0.0451
32.4790;-0.0516
32.4800;-0.0483
32.4810;0.0064
32.4820;0.0354
32.4830;0.0419
32.4840;0.0354
32.4850;0.0322
32.4860;0.0290
32.4870;0.0322
32.4880;0.0387
32.4890;0.0612
32.4900;0.0451
32.4910;0.0193
32.4920;-0.0516
32.4930;-0.0645
32.4940;-0.0226
32.4950;-0.0032
32.4960;0.0000
32.4970;-0.0064
32.4980;0.0097
32.4990;0.0999
32.5000;0.0451
32.5010;-0.0258
32.5020;-0.0677
32.5030;-0.1063
32.5040;-0.0322
32.5050;0.0226
32.5060;-0.0064
32.5070;-0.0129
32.5080;0.0129
32.5090;0.0806
32.5100;0.0709
32.5110;0.0129
32.5120;-0.0354
32.5130;-0.1192
32.5140;-0.0773
32.5150;-0.0129
32.5160;0.0064
32.5170;0.0161
32.5180;0.0193
32.5190;0.0129
32.5200;0.0226
32.5210;0.0419
32.5220;0.0548
32.5230;0.0483
32.5240;0.0097
32.5250;-0.0161
32.5260;0.1676
32.5270;0.0516
32.5280;-0.0548
32.5290;-0.1225
32.5300;-0.1676
32.5310;-0.1031
32.5320;-0.0806
32.5330;-0.0161
32.5340;0.0354
32.5350;0.0258
32.5360;0.0419
32.5370;0.0354
32.5380;0.0064
32.5390;0.0129
32.5400;0.0419
32.5410;0.0483
32.5420;0.0419
32.5430;0.0290
32.5440;0.0032
32.5450;0.0290
32.5460;0.0451
32.5470;0.0322
32.5480;0.0354
32.5490;-0.1354
32.5500;-0.1482
32.5510;0.0032
32.5520;0.0741
32.5530;0.0000
32.5540;-0.0838
32.5550;-0.0838
32.5560;-0.0645
32.5570;-0.0354
32.5580;0.0064
32.5590;-0.0387
32.5600;0.0000
32.5610;0.0258
32.5620;0.0387
32.5630;0.0548
32.5640;0.0483
32.5650;0.0387
32.5660;0.0193
32.5670;0.0000
32.5680;0.0193
32.5690;0.0741
32.5700;0.1128
32.5710;0.0870
32.5720;0.0451
32.5730;-0.0419
32.5740;-0.0580
32.5750;-0.1450
32.5760;-0.1837
32.5770;-0.0483
32.5780;-0.0129
32.5790;-0.0032
32.5800;0.0193
32.5810;0.0580
32.5820;0.0516
32.5830;0.0580
32.5840;0.0322
32.5850;0.0322
32.5860;0.0483
32.5870;0.0258
32.5880;-0.0580
32.5890;-0.0935
32.5900;0.0226
32.5910;-0.0064
32.5920;-0.0322
32.5930;-0.0290
32.5940;0.0129
32.5950;0.0451
32.5960;0.0290
32.5970;-0.0226
32.5980;-0.0226
32.5990;-0.0612
32.6000;-0.0516
32.6010;-0.0129
32.6020;0.0193
32.6030;0.0226
32.6040;0.0193
32.6050;0.0354
32.6060;0.0419
32.6070;0.0258
32.6080;-0.0129
32.6090;-0.0419
32.6100;-0.0161
32.6110;0.0064
32.6120;0.0387
32.6130;0.0741
32.6140;0.0645
32.6150;0.0387
32.6160;-0.0258
32.6170;-0.0999
32.6180;-0.0645
32.6190;-0.0741
32.6200;-0.0741
32.6210;-0.0258
32.6220;0.0032
32.6230;0.0161
32.6240;0.0709
32.6250;0.1063
32.6260;0.0741
32.6270;0.0322
32.6280;0.0161
32.6290;0.0226
32.6300;-0.1450
32.6310;-0.1772
32.6320;-0.0612
32.6330;0.0322
32.6340;0.0709
32.6350;0.0677
32.6360;-0.0097
32.6370;-0.0387
32.6380;-0.0258
32.6390;-0.0129
32.6400;0.0258
32.6410;-0.0032
32.6420;-0.0290
32.6430;0.0032
32.6440;0.0999
32.6450;0.2095
32.6460;0.2353
32.6470;0.1321
32.6480;-0.0548
32.6490;-0.2804
32.6500;-0.2836
32.6510;-0.0741
32.6520;-0.0999
32.6530;-0.1450
32.6540;-0.0516
32.6550;0.0097
32.6560;0.0516
32.6570;0.0967
32.6580;0.0677
32.6590;0.0709
32.6600;0.0580
32.6610;0.0000
32.6620;0.0064
32.6630;-0.0064
32.6640;-0.0354
32.6650;-0.0129
32.6660;0.0161
32.6670;0.0226
32.6680;0.0226
32.6690;0.0129
32.6700;0.0097
32.6710;0.0129
32.6720;0.0258
32.6730;0.0161
32.6740;-0.0064
32.6750;-0.0032
32.6760;-0.0064
32.6770;0.0032
32.6780;0.0032
32.6790;-0.0032
32.6800;0.0032
32.6810;0.0000
32.6820;0.0000
32.6830;0.0032
32.6840;0.0000
32.6850;0.0000
32.6860;-0.0032
32.6870;-0.0032
32.6880;-0.0032
32.6890;0.0354
32.6900;0.0773
32.6910;0.0451
32.6920;-0.0032
32.6930;-0.0483
32.6940;-0.0516
32.6950;-0.0226
32.6960;0.0290
32.6970;-0.0322
32.6980;-0.0709
32.6990;-0.0580
32.7000;-0.0612
32.7010;0.0064
32.7020;0.0838
32.7030;0.1482
32.7040;0.1031
32.7050;0.0483
32.7060;-0.0645
32.7070;-0.0773
32.7080;0.0226
32.7090;-0.0967
32.7100;-0.2030
32.7110;-0.1547
32.7120;-0.0419
32.7130;-0.0097
32.7140;-0.0419
32.7150;0.0064
32.7160;0.0387
32.7170;0.0612
32.7180;0.0612
32.7190;0.0419
32.7200;0.0483
32.7210;0.0354
32.7220;0.0290
32.7230;0.0226
32.7240;0.0226
32.7250;0.0419
32.7260;0.0354
32.7270;0.0258
32.7280;0.0000
32.7290;-0.0354
32.7300;-0.0387
32.7310;-0.0226
32.7320;0.0290
32.7330;0.0741
32.7340;0.0580
32.7350;0.0322
32.7360;0.0483
32.7370;-0.0419
32.7380;-0.0935
32.7390;-0.1031
32.7400;-0.0451
32.7410;-0.0258
32.7420;-0.0290
32.7430;0.0032
32.7440;0.0580
32.7450;0.0612
32.7460;0.0193
32.7470;-0.0741
32.7480;-0.0870
32.7490;-0.0258
32.7500;0.0516
32.7510;0.0548
32.7520;0.0226
32.7530;-0.0032
32.7540;-0.0193
32.7550;-0.0290
32.7560;-0.0290
32.7570;-0.0129
32.7580;0.0129
32.7590;0.0097
32.7600;0.0161
32.7610;0.0097
32.7620;0.0064
32.7630;0.0097
32.7640;0.0129
32.7650;0.0064
32.7660;0.0064
32.7670;0.0032
32.7680;0.0097
32.7690;0.0000
32.7700;0.0032
32.7710;0.0226
32.7720;0.0290
32.7730;0.0193
32.7740;0.0161
32.7750;-0.0161
32.7760;-0.0741
32.7770;-0.0161
32.7780;-0.0032
32.7790;-0.0129
32.7800;0.0097
32.7810;0.0000
32.7820;-0.0258
32.7830;-0.0064
32.7840;0.0032
32.7850;0.0000
32.7860;-0.0032
32.7870;-0.0032
32.7880;0.0097
32.7890;0.0129
32.7900;0.0129
32.7910;0.0097
32.7920;0.0580
32.7930;0.0516
32.7940;0.0129
32.7950;-0.0161
32.7960;-0.0451
32.7970;-0.0677
32.7980;-0.0902
32.7990;0.0258
32.8000;0.0870
32.8010;0.0451
32.8020;0.0645
32.8030;0.0258
32.8040;-0.0129
32.8050;-0.0645
32.8060;-0.0838
32.8070;-0.0806
32.8080;-0.0612
32.8090;0.0548
32.8100;0.0193
32.8110;-0.0773
32.8120;-0.0677
32.8130;-0.0226
32.8140;0.0064
32.8150;0.0483
32.8160;0.0773
32.8170;0.0838
32.8180;0.1128
32.8190;0.0645
32.8200;-0.0290
32.8210;-0.1031
32.8220;-0.1386
32.8230;-0.0741
32.8240;-0.0226
32.8250;-0.0258
32.8260;0.0161
32.8270;0.0258
32.8280;0.0483
32.8290;0.0645
32.8300;0.0064
32.8310;0.0322
32.8320;0.0741
32.8330;0.0387
32.8340;-0.0129
32.8350;-0.0064
32.8360;-0.0193
32.8370;-0.0548
32.8380;-0.0838
32.8390;-0.0290
32.8400;0.0097
32.8410;0.0226
32.8420;0.0902
32.8430;0.2062
32.8440;0.2933
32.8450;0.1934
32.8460;-0.0999
32.8470;-0.3771
32.8480;-0.4189
32.8490;-0.2127
32.8500;-0.0483
32.8510;0.0193
32.8520;0.0483
32.8530;0.0483
32.8540;0.0516
32.8550;0.0516
32.8560;0.0612
32.8570;0.0516
32.8580;0.0387
32.8590;0.0258
32.8600;0.0193
32.8610;0.0064
32.8620;0.0451
32.8630;0.0354
32.8640;0.0451
32.8650;0.0258
32.8660;0.0387
32.8670;0.0483
32.8680;-0.0354
32.8690;-0.1128
32.8700;-0.0773
32.8710;-0.0290
32.8720;-0.0419
32.8730;-0.0193
32.8740;0.0032
32.8750;0.0290
32.8760;0.0483
32.8770;0.0226
32.8780;-0.0097
32.8790;-0.0258
32.8800;0.0226
32.8810;0.0000
32.8820;-0.0064
32.8830;0.0032
32.8840;0.0032
32.8850;-0.0032
32.8860;-0.0032
32.8870;0.0032
32.8880;0.0097
32.8890;0.0032
32.8900;0.0000
32.8910;0.0032
32.8920;0.0064
32.8930;0.0064
32.8940;0.0193
32.8950;0.0322
32.8960;0.0322
32.8970;0.0322
32.8980;0.0322
32.8990;0.0032
32.9000;-0.0548
32.9010;-0.0548
32.9020;-0.0064
32.9030;-0.0870
32.9040;-0.1031
32.9050;-0.0258
32.9060;0.0193
32.9070;0.0129
32.9080;0.0677
32.9090;0.1901
32.9100;0.2191
32.9110;0.1482
32.9120;-0.0387
32.9130;-0.2288
32.9140;-0.2965
32.9150;-0.1934
32.9160;-0.0806
32.9170;0.0064
32.9180;0.0419
32.9190;0.0129
32.9200;0.0870
32.9210;0.0902
32.9220;0.0322
32.9230;-0.0290
32.9240;-0.0483
32.9250;-0.0387
32.9260;0.0032
32.9270;0.0322
32.9280;0.0258
32.9290;0.0193
32.9300;0.0451
32.9310;0.0354
32.9320;-0.0032
32.9330;0.0226
32.9340;0.0322
32.9350;-0.0032
32.9360;-0.0193
32.9370;-0.0161
32.9380;0.0838
32.9390;0.1096
32.9400;0.0097
32.9410;-0.0387
32.9420;-0.0838
32.9430;-0.0935
32.9440;-0.0612
32.9450;-0.0129
32.9460;0.0129
32.9470;0.0161
32.9480;0.0193
32.9490;0.0097
32.9500;0.0226
32.9510;0.1257
32.9520;0.1805
32.9530;0.1515
32.9540;0.0419
32.9550;-0.0935
32.9560;-0.1869
32.9570;-0.2224
32.9580;-0.1257
32.9590;-0.0902
32.9600;-0.0645
32.9610;-0.0290
32.9620;0.0000
32.9630;0.0129
32.9640;0.0354
32.9650;0.0483
32.9660;0.0483
32.9670;0.0451
32.9680;0.0354
32.9690;0.0258
32.9700;0.0226
32.9710;0.0226
32.9720;0.0226
32.9730;0.0193
32.9740;0.0129
32.9750;0.0097
32.9760;-0.0129
32.9770;-0.0129
32.9780;0.0032
32.9790;-0.0032
32.9800;0.0000
32.9810;-0.0032
32.9820;0.0226
32.9830;0.0580
32.9840;0.0645
32.9850;0.0483
32.9860;0.0064
32.9870;-0.0161
32.9880;-0.0451
32.9890;-0.0387
32.9900;-0.0773
32.9910;-0.1386
32.9920;-0.0548
32.9930;0.0097
32.9940;0.0580
32.9950;0.0773
32.9960;0.0483
32.9970;-0.0161
32.9980;-0.0483
32.9990;-0.0967
33.0000;-0.0516
33.0010;0.0258
33.0020;0.0161
33.0030;0.0097
33.0040;0.0097
33.0050;0.0161
33.0060;0.0193
33.0070;0.0226
33.0080;0.0193
33.0090;0.0129
33.0100;0.0097
33.0110;0.0032
33.0120;0.0000
33.0130;0.0064
33.0140;0.0097
33.0150;0.0419
33.0160;0.0516
33.0170;0.0354
33.0180;0.0097
33.0190;-0.0193
33.0200;0.0258
33.0210;0.0806
33.0220;0.0548
33.0230;0.0290
33.0240;-0.0161
33.0250;-0.0548
33.0260;-0.1192
33.0270;-0.1772
33.0280;-0.0838
33.0290;-0.0129
33.0300;-0.0935
33.0310;-0.0741
33.0320;-0.0032
33.0330;0.0097
33.0340;0.0354
33.0350;0.0387
33.0360;0.0387
33.0370;0.0322
33.0380;0.0322
33.0390;0.0258
33.0400;0.0226
33.0410;0.0129
33.0420;0.0097
33.0430;0.0097
33.0440;0.0064
33.0450;0.0097
33.0460;0.0000
33.0470;0.0032
33.0480;0.0000
33.0490;0.0032
33.0500;0.0129
33.0510;0.0322
33.0520;0.0387
33.0530;0.0064
33.0540;-0.0129
33.0550;-0.0226
33.0560;-0.0516
33.0570;-0.0290
33.0580;-0.0161
33.0590;-0.0064
33.0600;0.0032
33.0610;0.0193
33.0620;0.0451
33.0630;0.0161
33.0640;-0.0097
33.0650;0.0064
33.0660;0.0032
33.0670;0.0129
33.0680;0.0129
33.0690;0.0354
33.0700;0.0387
33.0710;-0.0387
33.0720;0.0129
33.0730;0.0161
33.0740;0.0322
33.0750;-0.0032
33.0760;-0.1321
33.0770;-0.1128
33.0780;-0.0483
33.0790;-0.0097
33.0800;-0.0097
33.0810;-0.0451
33.0820;-0.0548
33.0830;-0.0483
33.0840;0.0000
33.0850;0.0226
33.0860;0.0451
33.0870;0.0548
33.0880;0.0290
33.0890;-0.0032
33.0900;0.0000
33.0910;0.0419
33.0920;0.0709
33.0930;0.0161
33.0940;0.0000
33.0950;0.0258
33.0960;0.0354
33.0970;0.0097
33.0980;-0.0483
33.0990;-0.0741
33.1000;-0.0806
33.1010;-0.0677
33.1020;-0.0161
33.1030;0.0097
33.1040;0.0290
33.1050;0.0838
33.1060;0.0612
33.1070;-0.0258
33.1080;-0.0354
33.1090;0.0032
33.1100;0.1160
33.1110;0.2159
33.1120;0.1805
33.1130;0.0354
33.1140;-0.0548
33.1150;-0.1708
33.1160;-0.2804
33.1170;-0.2256
33.1180;-0.0935
33.1190;0.0161
33.1200;0.0387
33.1210;0.0226
33.1220;0.0451
33.1230;0.0645
33.1240;0.0387
33.1250;0.0129
33.1260;-0.0032
33.1270;-0.0032
33.1280;0.0129
33.1290;0.0322
33.1300;0.0387
33.1310;0.0451
33.1320;0.0709
33.1330;0.0709
33.1340;0.0451
33.1350;-0.0580
33.1360;-0.1160
33.1370;-0.0773
33.1380;-0.0032
33.1390;-0.0097
33.1400;-0.0032
33.1410;0.0322
33.1420;0.0032
33.1430;-0.0032
33.1440;-0.0258
33.1450;-0.0161
33.1460;0.0129
33.1470;0.0290
33.1480;0.0290
33.1490;0.0451
33.1500;0.0516
33.1510;0.0419
33.1520;-0.0838
33.1530;-0.1257
33.1540;-0.0097
33.1550;-0.0129
33.1560;-0.0226
33.1570;0.0129
33.1580;0.0226
33.1590;0.0161
33.1600;-0.0064
33.1610;-0.0129
33.1620;0.0129
33.1630;0.0097
33.1640;-0.0129
33.1650;-0.0290
33.1660;-0.0290
33.1670;-0.0032
33.1680;0.0064
33.1690;0.0064
33.1700;0.0354
33.1710;0.0870
33.1720;0.1450
33.1730;0.1063
33.1740;0.0548
33.1750;0.0097
33.1760;-0.0677
33.1770;-0.2062
33.1780;-0.1998
33.1790;-0.0902
33.1800;0.0226
33.1810;0.0548
33.1820;0.0516
33.1830;0.0258
33.1840;0.0193
33.1850;0.0645
33.1860;-0.0193
33.1870;-0.0483
33.1880;-0.0419
33.1890;-0.0387
33.1900;-0.0322
33.1910;0.0258
33.1920;0.0548
33.1930;0.0419
33.1940;0.0129
33.1950;0.0000
33.1960;-0.0097
33.1970;-0.0032
33.1980;0.0000
33.1990;0.0000
33.2000;0.0129
33.2010;0.0322
33.2020;0.0580
33.2030;0.0419
33.2040;-0.0064
33.2050;-0.0580
33.2060;-0.0838
33.2070;-0.0354
33.2080;0.0226
33.2090;0.0451
33.2100;0.0870
33.2110;0.0870
33.2120;0.0129
33.2130;-0.0419
33.2140;-0.0838
33.2150;-0.0419
33.2160;-0.0612
33.2170;-0.0612
33.2180;-0.0161
33.2190;0.0483
33.2200;-0.0032
33.2210;-0.0419
33.2220;-0.0322
33.2230;-0.0161
33.2240;0.0000
33.2250;0.0226
33.2260;0.0193
33.2270;0.0193
33.2280;0.0129
33.2290;0.0451
33.2300;0.0741
33.2310;0.0806
33.2320;0.0838
33.2330;-0.0064
33.2340;-0.1192
33.2350;-0.1257
33.2360;-0.0516
33.2370;0.0064
33.2380;0.0258
33.2390;0.0354
33.2400;0.0290
33.2410;0.0129
33.2420;-0.0161
33.2430;-0.0161
33.2440;-0.0129
33.2450;-0.0097
33.2460;0.0129
33.2470;0.0129
33.2480;-0.0032
33.2490;0.0419
33.2500;0.0645
33.2510;0.0451
33.2520;-0.0064
33.2530;-0.0902
33.2540;-0.1031
33.2550;-0.0419
33.2560;0.0129
33.2570;0.0612
33.2580;0.1031
33.2590;0.1128
33.2600;0.1257
33.2610;0.0354
33.2620;-0.1418
33.2630;-0.1869
33.2640;-0.1386
33.2650;-0.0870
33.2660;-0.0322
33.2670;-0.0097
33.2680;0.0258
33.2690;0.0741
33.2700;0.0548
33.2710;0.0000
33.2720;0.0129
33.2730;-0.0032
33.2740;-0.0161
33.2750;-0.0226
33.2760;-0.0226
33.2770;0.0000
33.2780;0.0387
33.2790;0.0741
33.2800;0.0838
33.2810;0.0226
33.2820;-0.0097
33.2830;-0.0129
33.2840;-0.0741
33.2850;-0.0967
33.2860;-0.0354
33.2870;0.0097
33.2880;0.0161
33.2890;0.0161
33.2900;0.0193
33.2910;0.0290
33.2920;0.0097
33.2930;-0.0064
33.2940;0.0193
33.2950;0.0451
33.2960;0.0226
33.2970;0.0032
33.2980;0.0516
33.2990;0.0000
33.3000;-0.0645
33.3010;-0.0516
33.3020;0.0064
33.3030;0.0032
33.3040;-0.0161
33.3050;-0.0129
33.3060;-0.0097
33.3070;0.0226
33.3080;0.0354
33.3090;-0.0064
33.3100;-0.0161
33.3110;-0.0580
33.3120;-0.0483
33.3130;-0.0161
33.3140;-0.0032
33.3150;0.0226
33.3160;0.0387
33.3170;0.0322
33.3180;0.0193
33.3190;-0.0064
33.3200;-0.0032
33.3210;0.0709
33.3220;0.1257
33.3230;0.0902
33.3240;0.0773
33.3250;0.0548
33.3260;-0.0258
33.3270;-0.0806
33.3280;-0.1450
33.3290;-0.2030
33.3300;-0.2288
33.3310;-0.1547
33.3320;-0.0226
33.3330;0.0354
33.3340;0.0806
33.3350;0.0806
33.3360;0.0451
33.3370;0.0387
33.3380;0.0193
33.3390;0.0129
33.3400;0.0032
33.3410;0.0000
33.3420;0.0097
33.3430;0.0290
33.3440;0.0322
33.3450;0.0387
33.3460;0.0129
33.3470;-0.0193
33.3480;-0.0064
33.3490;-0.0032
33.3500;0.0064
33.3510;0.0032
33.3520;-0.0032
33.3530;0.0193
33.3540;0.0741
33.3550;0.1096
33.3560;0.0129
33.3570;-0.0451
33.3580;-0.0322
33.3590;-0.0451
33.3600;-0.0161
33.3610;0.0354
33.3620;-0.0064
33.3630;-0.0354
33.3640;-0.0773
33.3650;-0.0645
33.3660;-0.0097
33.3670;0.0516
33.3680;-0.0258
33.3690;-0.0741
33.3700;-0.0258
33.3710;-0.0097
33.3720;-0.0161
33.3730;0.0064
33.3740;0.0258
33.3750;0.0645
33.3760;0.0709
33.3770;0.0290
33.3780;-0.0064
33.3790;-0.0322
33.3800;0.0354
33.3810;0.0870
33.3820;-0.0161
33.3830;-0.0612
33.3840;-0.0645
33.3850;-0.0677
33.3860;-0.0258
33.3870;0.0258
33.3880;0.0741
33.3890;0.0773
33.3900;0.0709
33.3910;0.0806
33.3920;0.0516
33.3930;0.0032
33.3940;-0.0483
33.3950;-0.1418
33.3960;-0.1515
33.3970;-0.1257
33.3980;-0.0290
33.3990;0.0645
33.4000;0.0902
33.4010;0.0645
33.4020;0.0193
33.4030;-0.0483
33.4040;-0.0741
33.4050;-0.0419
33.4060;0.0097
33.4070;0.0258
33.4080;0.0870
33.4090;0.0354
33.4100;-0.0290
33.4110;-0.0097
33.4120;-0.0032
33.4130;-0.0064
33.4140;0.0129
33.4150;0.0483
33.4160;0.0677
33.4170;0.0516
33.4180;0.0097
33.4190;-0.0548
33.4200;-0.0451
33.4210;-0.0419
33.4220;0.0032
33.4230;0.0580
33.4240;0.0387
33.4250;-0.0387
33.4260;-0.0483
33.4270;-0.0516
33.4280;-0.0226
33.4290;0.0064
33.4300;0.0258
33.4310;0.0354
33.4320;0.0387
33.4330;0.0097
33.4340;-0.0129
33.4350;0.0064
33.4360;0.0290
33.4370;0.0645
33.4380;0.1418
33.4390;0.0483
33.4400;-0.0612
33.4410;-0.1482
33.4420;-0.1547
33.4430;-0.0870
33.4440;-0.0290
33.4450;-0.0129
33.4460;-0.0032
33.4470;0.0129
33.4480;0.0258
33.4490;0.0161
33.4500;0.0290
33.4510;0.0226
33.4520;0.0226
33.4530;0.0193
33.4540;0.0451
33.4550;0.0580
33.4560;0.0483
33.4570;0.0226
33.4580;0.0032
33.4590;0.0097
33.4600;0.0290
33.4610;0.0129
33.4620;-0.0580
33.4630;-0.1096
33.4640;-0.0677
33.4650;0.0226
33.4660;-0.0161
33.4670;-0.0516
33.4680;-0.0354
33.4690;-0.0161
33.4700;0.0129
33.4710;-0.0129
33.4720;-0.0161
33.4730;0.0097
33.4740;0.0258
33.4750;0.0419
33.4760;0.0677
33.4770;0.0516
33.4780;-0.0290
33.4790;-0.0193
33.4800;0.0032
33.4810;-0.0097
33.4820;0.0000
33.4830;0.0064
33.4840;0.0000
33.4850;0.0419
33.4860;0.0612
33.4870;0.0870
33.4880;0.1128
33.4890;0.0161
33.4900;-0.1031
33.4910;-0.1676
33.4920;-0.1096
33.4930;-0.0451
33.4940;0.0097
33.4950;0.0354
33.4960;0.0226
33.4970;0.0322
33.4980;0.0322
33.4990;-0.0161
33.5000;-0.0226
33.5010;-0.0290
33.5020;-0.0322
33.5030;-0.0226
33.5040;0.0097
33.5050;0.0226
33.5060;0.0226
33.5070;0.0193
33.5080;0.0258
33.5090;0.0097
33.5100;0.0097
33.5110;0.0290
33.5120;0.0258
33.5130;-0.0032
33.5140;0.0064
33.5150;0.1676
33.5160;0.1354
33.5170;0.0902
33.5180;0.0548
33.5190;-0.0064
33.5200;-0.1740
33.5210;-0.3545
33.5220;-0.3126
33.5230;-0.1354
33.5240;-0.0097
33.5250;0.0483
33.5260;0.0773
33.5270;0.0741
33.5280;0.0645
33.5290;0.0387
33.5300;0.0258
33.5310;0.0483
33.5320;0.0773
33.5330;0.0064
33.5340;-0.0032
33.5350;0.0129
33.5360;-0.0161
33.5370;-0.0258
33.5380;-0.0129
33.5390;0.0161
33.5400;0.0226
33.5410;0.0419
33.5420;0.0258
33.5430;0.0129
33.5440;-0.0032
33.5450;-0.0193
33.5460;-0.0258
33.5470;-0.0129
33.5480;-0.0032
33.5490;0.0000
33.5500;0.0226
33.5510;0.0580
33.5520;0.0677
33.5530;0.0451
33.5540;0.0129
33.5550;-0.0290
33.5560;-0.0677
33.5570;-0.1031
33.5580;-0.0645
33.5590;-0.0290
33.5600;-0.0129
33.5610;0.0000
33.5620;0.0097
33.5630;0.0064
33.5640;0.0129
33.5650;0.0129
33.5660;0.0161
33.5670;0.0161
33.5680;0.0129
33.5690;0.0097
33.5700;0.0097
33.5710;0.0032
33.5720;0.0161
33.5730;0.0354
33.5740;0.0451
33.5750;0.0354
33.5760;0.0419
33.5770;0.0419
33.5780;0.0258
33.5790;-0.0097
33.5800;0.0258
33.5810;0.0193
33.5820;-0.1450
33.5830;-0.1257
33.5840;-0.0161
33.5850;-0.0129
33.5860;-0.0129
33.5870;-0.0902
33.5880;-0.1192
33.5890;-0.0935
33.5900;0.0000
33.5910;0.0226
33.5920;0.0129
33.5930;0.0677
33.5940;0.0612
33.5950;0.0451
33.5960;0.0483
33.5970;0.0967
33.5980;0.0741
33.5990;0.0000
33.6000;-0.0064
33.6010;-0.0419
33.6020;-0.1192
33.6030;-0.1031
33.6040;-0.0387
33.6050;0.0290
33.6060;0.0677
33.6070;0.0483
33.6080;-0.0129
33.6090;-0.0419
33.6100;-0.0290
33.6110;-0.0129
33.6120;0.0516
33.6130;0.0354
33.6140;0.0226
33.6150;0.0387
33.6160;0.0097
33.6170;0.0387
33.6180;0.0999
33.6190;0.1257
33.6200;0.0838
33.6210;-0.0548
33.6220;-0.1482
33.6230;-0.1160
33.6240;-0.0548
33.6250;-0.0741
33.6260;-0.1031
33.6270;-0.0677
33.6280;-0.0548
33.6290;-0.0516
33.6300;0.0322
33.6310;0.0548
33.6320;0.0483
33.6330;0.0226
33.6340;0.0580
33.6350;0.0935
33.6360;0.0967
33.6370;0.0709
33.6380;0.0354
33.6390;-0.0612
33.6400;-0.1160
33.6410;-0.0741
33.6420;0.0677
33.6430;0.1482
33.6440;0.1901
33.6450;0.1321
33.6460;-0.0645
33.6470;-0.2385
33.6480;-0.2675
33.6490;-0.1354
33.6500;-0.0097
33.6510;-0.0032
33.6520;0.0097
33.6530;0.0193
33.6540;0.0290
33.6550;0.0322
33.6560;0.0290
33.6570;0.0064
33.6580;0.0000
33.6590;0.0226
33.6600;0.0709
33.6610;0.0709
33.6620;0.0290
33.6630;0.0387
33.6640;0.0548
33.6650;0.0226
33.6660;-0.0258
33.6670;-0.0387
33.6680;-0.0322
33.6690;0.0000
33.6700;0.0032
33.6710;-0.0677
33.6720;-0.0838
33.6730;-0.0516
33.6740;-0.0193
33.6750;0.0419
33.6760;0.0645
33.6770;0.0612
33.6780;-0.0032
33.6790;-0.0645
33.6800;-0.0387
33.6810;-0.0419
33.6820;-0.0258
33.6830;-0.0064
33.6840;0.0097
33.6850;0.0483
33.6860;0.0773
33.6870;0.0483
33.6880;0.0064
33.6890;-0.0354
33.6900;-0.0322
33.6910;0.0773
33.6920;0.1579
33.6930;0.0677
33.6940;0.0097
33.6950;-0.1289
33.6960;-0.1966
33.6970;-0.1740
33.6980;-0.0773
33.6990;0.0354
33.7000;0.0612
33.7010;0.0483
33.7020;0.0097
33.7030;0.0064
33.7040;0.0290
33.7050;0.0226
33.7060;0.0129
33.7070;-0.0129
33.7080;-0.0322
33.7090;-0.0322
33.7100;0.0226
33.7110;0.0354
33.7120;0.0129
33.7130;-0.0129
33.7140;-0.0032
33.7150;0.0064
33.7160;0.0097
33.7170;0.0161
33.7180;0.0354
33.7190;0.0322
33.7200;0.0226
33.7210;0.0129
33.7220;-0.0032
33.7230;-0.0773
33.7240;-0.0258
33.7250;0.0387
33.7260;-0.0064
33.7270;-0.0387
33.7280;-0.0129
33.7290;-0.0064
33.7300;0.0032
33.7310;0.0097
33.7320;0.0967
33.7330;0.1579
33.7340;0.1450
33.7350;0.0612
33.7360;-0.0483
33.7370;-0.1966
33.7380;-0.2256
33.7390;-0.1998
33.7400;-0.0645
33.7410;0.0290
33.7420;0.0548
33.7430;0.0516
33.7440;0.0387
33.7450;0.0193
33.7460;0.0064
33.7470;0.0580
33.7480;0.0999
33.7490;0.1128
33.7500;0.0226
33.7510;-0.0548
33.7520;-0.1450
33.7530;-0.1289
33.7540;-0.0548
33.7550;0.0032
33.7560;0.0161
33.7570;0.0322
33.7580;0.0226
33.7590;0.0064
33.7600;0.0000
33.7610;0.0226
33.7620;0.0741
33.7630;0.0516
33.7640;-0.0097
33.7650;-0.0516
33.7660;-0.0902
33.7670;-0.0483
33.7680;0.0290
33.7690;0.0516
33.7700;0.0483
33.7710;0.0258
33.7720;0.0064
33.7730;-0.0064
33.7740;-0.0064
33.7750;-0.0258
33.7760;-0.0483
33.7770;-0.0193
33.7780;0.1160
33.7790;0.1096
33.7800;-0.0483
33.7810;-0.1225
33.7820;-0.0645
33.7830;0.0258
33.7840;0.0773
33.7850;0.0838
33.7860;0.0580
33.7870;-0.0354
33.7880;-0.1031
33.7890;-0.0709
33.7900;-0.0709
33.7910;-0.0741
33.7920;-0.0290
33.7930;0.0064
33.7940;0.0258
33.7950;0.0354
33.7960;0.0290
33.7970;0.0226
33.7980;0.0258
33.7990;0.0226
33.8000;0.0419
33.8010;0.0548
33.8020;0.0612
33.8030;0.0387
33.8040;-0.0161
33.8050;-0.0645
33.8060;-0.0451
33.8070;-0.0451
33.8080;-0.0419
33.8090;-0.0226
33.8100;0.0226
33.8110;0.0322
33.8120;0.0483
33.8130;0.0806
33.8140;0.0387
33.8150;0.0000
33.8160;-0.0580
33.8170;-0.0741
33.8180;-0.0451
33.8190;-0.0258
33.8200;-0.0097
33.8210;0.0097
33.8220;0.0354
33.8230;0.0387
33.8240;0.0387
33.8250;-0.0193
33.8260;-0.0741
33.8270;-0.0806
33.8280;-0.0612
33.8290;-0.0290
33.8300;-0.0032
33.8310;0.0226
33.8320;0.0516
33.8330;0.0226
33.8340;0.0354
33.8350;0.0129
33.8360;-0.0387
33.8370;-0.0097
33.8380;0.0129
33.8390;0.0193
33.8400;0.0161
33.8410;0.0032
33.8420;0.0097
33.8430;0.0161
33.8440;0.0129
33.8450;0.0097
33.8460;0.0322
33.8470;0.1031
33.8480;0.1225
33.8490;0.0741
33.8500;-0.0032
33.8510;-0.1128
33.8520;-0.1579
33.8530;-0.1031
33.8540;-0.0419
33.8550;0.0129
33.8560;0.0483
33.8570;0.0387
33.8580;-0.0226
33.8590;-0.0999
33.8600;-0.0935
33.8610;-0.0419
33.8620;-0.0258
33.8630;-0.0129
33.8640;0.0387
33.8650;0.0548
33.8660;0.0645
33.8670;0.0193
33.8680;0.0129
33.8690;0.0161
33.8700;0.0226
33.8710;0.0226
33.8720;0.0161
33.8730;0.0097
33.8740;0.0032
33.8750;0.0161
33.8760;0.0032
33.8770;0.0000
33.8780;0.0000
33.8790;0.0000
33.8800;0.0000
33.8810;-0.0032
33.8820;0.0000
33.8830;0.0000
33.8840;0.0000
33.8850;0.0000
33.8860;0.0000
33.8870;0.0032
33.8880;0.0032
33.8890;0.0000
33.8900;0.0000
33.8910;0.0032
33.8920;0.0193
33.8930;0.0516
33.8940;0.0677
33.8950;0.0645
33.8960;-0.0548
33.8970;-0.1450
33.8980;-0.0838
33.8990;-0.0258
33.9000;-0.0322
33.9010;-0.0129
33.9020;0.0000
33.9030;0.0193
33.9040;0.0193
33.9050;0.0290
33.9060;0.0387
33.9070;0.0612
33.9080;0.0290
33.9090;-0.0483
33.9100;-0.0419
33.9110;-0.0161
33.9120;-0.0129
33.9130;-0.0032
33.9140;-0.0193
33.9150;-0.0064
33.9160;0.0290
33.9170;0.0645
33.9180;0.1096
33.9190;0.1096
33.9200;0.0483
33.9210;0.0097
33.9220;-0.0161
33.9230;-0.0612
33.9240;-0.1579
33.9250;-0.1611
33.9260;-0.1386
33.9270;-0.0709
33.9280;0.0516
33.9290;0.1063
33.9300;0.0451
33.9310;0.0064
33.9320;-0.0097
33.9330;0.0097
33.9340;0.0000
33.9350;-0.0032
33.9360;0.0097
33.9370;0.0097
33.9380;0.0032
33.9390;-0.0483
33.9400;-0.0451
33.9410;0.0032
33.9420;0.0226
33.9430;0.0129
33.9440;0.0258
33.9450;0.0258
33.9460;0.0226
33.9470;0.0193
33.9480;0.0097
33.9490;0.0097
33.9500;0.0193
33.9510;0.0129
33.9520;0.0032
33.9530;0.0129
33.9540;0.0129
33.9550;0.0032
33.9560;-0.0097
33.9570;0.0064
33.9580;0.0226
33.9590;0.0064
33.9600;0.0612
33.9610;0.0032
33.9620;-0.0548
33.9630;-0.0516
33.9640;-0.0419
33.9650;-0.0161
33.9660;-0.0226
33.9670;-0.0226
33.9680;-0.0064
33.9690;0.0000
33.9700;0.0097
33.9710;0.0129
33.9720;0.0193
33.9730;0.0129
33.9740;-0.0097
33.9750;-0.0097
33.9760;-0.0032
33.9770;0.0000
33.9780;0.0064
33.9790;0.0290
33.9800;0.0354
33.9810;0.0161
33.9820;0.0097
33.9830;0.0387
33.9840;0.1611
33.9850;0.1547
33.9860;0.0999
33.9870;0.0129
33.9880;-0.1772
33.9890;-0.3223
33.9900;-0.3126
33.9910;-0.1450
33.9920;-0.0258
33.9930;0.0354
33.9940;0.0483
33.9950;0.0612
33.9960;0.0516
33.9970;0.0451
33.9980;0.0483
33.9990;0.0354
34.0000;0.0322
34.0010;0.0258
34.0020;0.0258
34.0030;0.0258
34.0040;0.0193
34.0050;0.0161
34.0060;0.0064
34.0070;0.0032
34.0080;0.0064
34.0090;0.0032
34.0100;0.0097
34.0110;0.0226
34.0120;0.0387
34.0130;0.0193
34.0140;0.0226
34.0150;0.0000
34.0160;-0.0354
34.0170;-0.0612
34.0180;-0.0548
34.0190;-0.0387
34.0200;-0.0032
34.0210;0.0580
34.0220;0.0419
34.0230;0.0161
34.0240;0.0709
34.0250;0.0161
34.0260;-0.1289
34.0270;-0.0967
34.0280;-0.0290
34.0290;-0.0290
34.0300;-0.0226
34.0310;-0.0193
34.0320;0.0226
34.0330;0.0516
34.0340;0.0612
34.0350;0.0548
34.0360;0.0226
34.0370;0.0032
34.0380;-0.0290
34.0390;-0.0354
34.0400;0.0032
34.0410;0.0580
34.0420;0.1031
34.0430;0.0902
34.0440;0.0677
34.0450;-0.1063
34.0460;-0.2256
34.0470;-0.1321
34.0480;-0.0097
34.0490;0.0322
34.0500;0.0258
34.0510;-0.0226
34.0520;-0.0902
34.0530;-0.0741
34.0540;0.0000
34.0550;0.0483
34.0560;0.0483
34.0570;0.0354
34.0580;0.0387
34.0590;0.0161
34.0600;0.0226
34.0610;0.0483
34.0620;0.0226
34.0630;-0.0032
34.0640;-0.0097
34.0650;0.0000
34.0660;0.0193
34.0670;0.0193
34.0680;0.0129
34.0690;-0.0097
34.0700;-0.0226
34.0710;-0.0193
34.0720;0.0064
34.0730;0.0129
34.0740;0.0032
34.0750;0.0032
34.0760;0.0097
34.0770;0.0193
34.0780;0.0064
34.0790;0.0000
34.0800;0.0161
34.0810;0.0387
34.0820;-0.0032
34.0830;-0.0258
34.0840;-0.0097
34.0850;0.0483
34.0860;0.0645
34.0870;0.0290
34.0880;-0.0322
34.0890;-0.0677
34.0900;-0.0483
34.0910;-0.0741
34.0920;-0.0483
34.0930;-0.0226
34.0940;-0.0129
34.0950;-0.0032
34.0960;-0.0032
34.0970;0.0000
34.0980;0.0354
34.0990;0.0838
34.1000;0.0935
34.1010;0.0516
34.1020;0.0161
34.1030;-0.0226
34.1040;-0.0612
34.1050;-0.0677
34.1060;-0.0419
34.1070;-0.0226
34.1080;-0.0258
34.1090;0.0000
34.1100;0.0097
34.1110;0.0032
34.1120;0.0000
34.1130;-0.0064
34.1140;-0.0032
34.1150;-0.0032
34.1160;0.0097
34.1170;0.0097
34.1180;0.0161
34.1190;0.0129
34.1200;0.0290
34.1210;0.0419
34.1220;0.0838
34.1230;0.1096
34.1240;0.0612
34.1250;0.0129
34.1260;-0.0419
34.1270;-0.0419
34.1280;-0.1031
34.1290;-0.1160
34.1300;-0.0580
34.1310;-0.0580
34.1320;-0.0806
34.1330;-0.0419
34.1340;0.0000
34.1350;0.0354
34.1360;0.0387
34.1370;0.0451
34.1380;0.0612
34.1390;-0.0064
34.1400;-0.0387
34.1410;0.0483
34.1420;0.0645
34.1430;0.0226
34.1440;-0.0129
34.1450;-0.0226
34.1460;-0.0226
34.1470;-0.0419
34.1480;0.0000
34.1490;0.0483
34.1500;0.0677
34.1510;0.0419
34.1520;-0.0161
34.1530;-0.0483
34.1540;-0.0548
34.1550;-0.0612
34.1560;-0.0290
34.1570;0.0226
34.1580;0.0741
34.1590;0.1096
34.1600;0.1128
34.1610;0.0419
34.1620;-0.0773
34.1630;-0.1805
34.1640;-0.1418
34.1650;-0.0645
34.1660;0.0097
34.1670;0.0387
34.1680;0.0516
34.1690;0.0290
34.1700;0.0129
34.1710;0.0000
34.1720;-0.0064
34.1730;0.0097
34.1740;0.0226
34.1750;0.0290
34.1760;0.0354
34.1770;0.0097
34.1780;-0.0097
34.1790;-0.0064
34.1800;0.0000
34.1810;-0.0064
34.1820;-0.0097
34.1830;0.0354
34.1840;0.0773
34.1850;0.1515
34.1860;0.1547
34.1870;0.1160
34.1880;0.0612
34.1890;-0.1450
34.1900;-0.3642
34.1910;-0.2997
34.1920;-0.1354
34.1930;-0.0709
34.1940;0.0226
34.1950;0.0677
34.1960;0.0387
34.1970;0.0258
34.1980;0.0419
34.1990;0.0483
34.2000;0.0290
34.2010;0.0097
34.2020;0.0097
34.2030;0.0451
34.2040;0.0612
34.2050;0.0419
34.2060;-0.0129
34.2070;-0.0354
34.2080;-0.0064
34.2090;0.0097
34.2100;-0.0032
34.2110;0.0000
34.2120;0.0032
34.2130;0.0226
34.2140;0.0354
34.2150;0.0709
34.2160;0.0935
34.2170;0.0677
34.2180;-0.0483
34.2190;-0.1837
34.2200;-0.1450
34.2210;-0.0451
34.2220;-0.0161
34.2230;-0.0129
34.2240;0.0064
34.2250;0.0226
34.2260;0.0354
34.2270;0.0516
34.2280;0.0741
34.2290;0.0838
34.2300;0.0419
34.2310;-0.0516
34.2320;-0.1063
34.2330;-0.0967
34.2340;-0.0322
34.2350;0.0290
34.2360;0.0548
34.2370;0.0387
34.2380;0.0193
34.2390;-0.0258
34.2400;-0.0290
34.2410;-0.0226
34.2420;-0.0097
34.2430;0.0290
34.2440;0.0580
34.2450;0.0000
34.2460;0.0000
34.2470;-0.0322
34.2480;-0.0258
34.2490;-0.0097
34.2500;0.0226
34.2510;0.0226
34.2520;0.0387
34.2530;0.0645
34.2540;0.0677
34.2550;0.0709
34.2560;0.0677
34.2570;0.0032
34.2580;-0.1257
34.2590;-0.2062
34.2600;-0.0548
34.2610;-0.0129
34.2620;-0.0322
34.2630;-0.0516
34.2640;-0.0097
34.2650;0.0226
34.2660;0.0451
34.2670;0.0870
34.2680;0.0999
34.2690;0.0709
34.2700;-0.0032
34.2710;-0.0838
34.2720;-0.0741
34.2730;-0.0354
34.2740;0.0354
34.2750;0.0806
34.2760;0.0580
34.2770;0.0226
34.2780;-0.0129
34.2790;-0.0773
34.2800;-0.0806
34.2810;-0.0806
34.2820;-0.0999
34.2830;-0.0258
34.2840;0.0258
34.2850;0.0387
34.2860;0.0451
34.2870;0.0097
34.2880;-0.0032
34.2890;0.0064
34.2900;0.0064
34.2910;0.0097
34.2920;0.0226
34.2930;0.0387
34.2940;0.0419
34.2950;0.0451
34.2960;0.0387
34.2970;0.0419
34.2980;0.0483
34.2990;0.0226
34.3000;-0.0935
34.3010;-0.0999
34.3020;-0.0451
34.3030;-0.0387
34.3040;-0.0387
34.3050;0.0097
34.3060;0.0161
34.3070;0.0064
34.3080;0.0064
34.3090;0.0032
34.3100;0.0064
34.3110;-0.0064
34.3120;0.0161
34.3130;0.0483
34.3140;0.0483
34.3150;0.0290
34.3160;0.0032
34.3170;-0.0290
34.3180;-0.0419
34.3190;-0.0032
34.3200;-0.0032
34.3210;-0.0354
34.3220;0.0032
34.3230;0.0290
34.3240;-0.0161
34.3250;-0.0806
34.3260;-0.0516
34.3270;0.0000
34.3280;0.0322
34.3290;0.0258
34.3300;-0.0032
34.3310;0.0161
34.3320;0.0612
34.3330;0.0677
34.3340;0.0709
34.3350;0.0129
34.3360;0.0064
34.3370;-0.0322
34.3380;-0.0580
34.3390;-0.1128
34.3400;-0.0967
34.3410;-0.0516
34.3420;-0.0483
34.3430;-0.0354
34.3440;0.0064
34.3450;0.0516
34.3460;0.0677
34.3470;0.0419
34.3480;0.0451
34.3490;0.0483
34.3500;0.0483
34.3510;-0.0097
34.3520;-0.0387
34.3530;-0.0451
34.3540;-0.0226
34.3550;0.0129
34.3560;0.0193
34.3570;-0.0032
34.3580;-0.0064
34.3590;0.0032
34.3600;0.0097
34.3610;0.0226
34.3620;0.0000
34.3630;-0.0064
34.3640;-0.0064
34.3650;0.0580
34.3660;0.0612
34.3670;0.0258
34.3680;0.0548
34.3690;0.0838
34.3700;0.0838
34.3710;-0.0193
34.3720;-0.1515
34.3730;-0.1869
34.3740;-0.1192
34.3750;-0.0677
34.3760;-0.0129
34.3770;0.0354
34.3780;0.0612
34.3790;0.0580
34.3800;0.0773
34.3810;0.1128
34.3820;0.0709
34.3830;-0.1063
34.3840;-0.2224
34.3850;-0.1547
34.3860;-0.0645
34.3870;0.0129
34.3880;0.0258
34.3890;0.0451
34.3900;0.0548
34.3910;0.0419
34.3920;0.0290
34.3930;0.0097
34.3940;0.0387
34.3950;0.0483
34.3960;0.0580
34.3970;0.0516
34.3980;0.0064
34.3990;-0.0322
34.4000;-0.0483
34.4010;-0.0193
34.4020;-0.0064
34.4030;0.0129
34.4040;0.0741
34.4050;0.1192
34.4060;0.0967
34.4070;-0.0193
34.4080;-0.0902
34.4090;-0.1096
34.4100;-0.0870
34.4110;-0.0419
34.4120;-0.0290
34.4130;-0.0226
34.4140;0.0097
34.4150;0.0226
34.4160;0.0000
34.4170;-0.0193
34.4180;-0.0032
34.4190;0.0483
34.4200;0.0806
34.4210;0.0773
34.4220;0.0516
34.4230;-0.0226
34.4240;-0.0999
34.4250;-0.0902
34.4260;-0.0064
34.4270;0.0419
34.4280;0.0548
34.4290;0.0387
34.4300;0.0032
34.4310;-0.0741
34.4320;-0.0967
34.4330;-0.0677
34.4340;0.0000
34.4350;0.0419
34.4360;0.0483
34.4370;0.0322
34.4380;0.0354
34.4390;0.0387
34.4400;0.0419
34.4410;-0.0193
34.4420;-0.0483
34.4430;0.0064
34.4440;0.0226
34.4450;0.0193
34.4460;0.0193
34.4470;-0.0580
34.4480;-0.1160
34.4490;-0.0902
34.4500;-0.0419
34.4510;-0.0193
34.4520;0.0870
34.4530;0.1515
34.4540;0.1128
34.4550;0.0354
34.4560;-0.0516
34.4570;-0.1063
34.4580;-0.0838
34.4590;-0.0258
34.4600;-0.0161
34.4610;-0.0258
34.4620;0.0226
34.4630;0.0322
34.4640;0.0258
34.4650;0.0226
34.4660;0.0097
34.4670;0.0064
34.4680;0.0064
34.4690;0.0129
34.4700;0.0161
34.4710;0.0000
34.4720;-0.0064
34.4730;-0.0129
34.4740;0.0097
34.4750;0.0129
34.4760;0.0387
34.4770;0.0451
34.4780;0.0097
34.4790;0.0161
34.4800;0.0612
34.4810;0.0226
34.4820;-0.0193
34.4830;-0.0806
34.4840;-0.0838
34.4850;-0.0612
34.4860;-0.0516
34.4870;-0.0129
34.4880;0.0290
34.4890;0.0419
34.4900;0.0322
34.4910;0.0354
34.4920;0.0451
34.4930;0.0000
34.4940;-0.0129
34.4950;-0.0290
34.4960;-0.0612
34.4970;-0.1031
34.4980;-0.0322
34.4990;0.0226
34.5000;0.0483
34.5010;0.0548
34.5020;0.0322
34.5030;0.0322
34.5040;0.0129
34.5050;-0.0548
34.5060;-0.0773
34.5070;-0.0516
34.5080;-0.0032
34.5090;0.0032
34.5100;0.0226
34.5110;0.0580
34.5120;0.0773
34.5130;0.0741
34.5140;0.0612
34.5150;0.0193
34.5160;-0.0902
34.5170;-0.1579
34.5180;-0.0902
34.5190;-0.0322
34.5200;-0.0064
34.5210;0.0129
34.5220;0.0226
34.5230;0.0290
34.5240;0.0258
34.5250;0.0322
34.5260;0.0226
34.5270;0.0097
34.5280;0.0097
34.5290;0.0064
34.5300;0.0097
34.5310;0.0161
34.5320;0.0193
34.5330;0.0193
34.5340;0.0226
34.5350;0.0258
34.5360;0.0226
34.5370;0.0032
34.5380;0.0000
34.5390;0.0000
34.5400;0.0032
34.5410;-0.0032
34.5420;-0.0419
34.5430;-0.0741
34.5440;-0.0838
34.5450;-0.0064
34.5460;0.0097
34.5470;0.0161
34.5480;0.0258
34.5490;0.0935
34.5500;0.1998
34.5510;0.2256
34.5520;0.0870
34.5530;-0.0677
34.5540;-0.1869
34.5550;-0.2481
34.5560;-0.1160
34.5570;-0.0548
34.5580;-0.1225
34.5590;-0.1418
34.5600;-0.0548
34.5610;0.0161
34.5620;0.0226
34.5630;0.0000
34.5640;-0.0193
34.5650;0.0387
34.5660;0.0741
34.5670;0.0773
34.5680;0.0612
34.5690;0.0387
34.5700;0.0064
34.5710;-0.0032
34.5720;0.0226
34.5730;0.0516
34.5740;0.0516
34.5750;0.0548
34.5760;0.0612
34.5770;0.0612
34.5780;0.0064
34.5790;-0.0548
34.5800;-0.0935
34.5810;-0.0645
34.5820;-0.0097
34.5830;0.0322
34.5840;-0.0032
34.5850;-0.0064
34.5860;0.0483
34.5870;0.0387
34.5880;0.0129
34.5890;0.0645
34.5900;0.1160
34.5910;0.0806
34.5920;0.0806
34.5930;0.1225
34.5940;-0.1579
34.5950;-0.3577
34.5960;-0.3287
34.5970;-0.1708
34.5980;-0.0902
34.5990;-0.0032
34.6000;0.0612
34.6010;0.0612
34.6020;0.0645
34.6030;0.0677
34.6040;0.0645
34.6050;0.0548
34.6060;0.0483
34.6070;0.0387
34.6080;0.0258
34.6090;0.0161
34.6100;0.0193
34.6110;0.0097
34.6120;0.0129
34.6130;0.0032
34.6140;0.0097
34.6150;0.0097
34.6160;0.0064
34.6170;0.0097
34.6180;0.0129
34.6190;0.0097
34.6200;0.0064
34.6210;0.0064
34.6220;-0.0129
34.6230;-0.0097
34.6240;-0.0032
34.6250;0.0000
34.6260;0.0064
34.6270;0.0064
34.6280;-0.0129
34.6290;-0.0322
34.6300;-0.0322
34.6310;0.0258
34.6320;0.0806
34.6330;0.0773
34.6340;0.0290
34.6350;-0.0677
34.6360;-0.0773
34.6370;0.0226
34.6380;-0.0258
34.6390;-0.0483
34.6400;-0.0483
34.6410;-0.0516
34.6420;-0.0483
34.6430;-0.0580
34.6440;-0.0226
34.6450;0.0032
34.6460;0.0064
34.6470;0.0193
34.6480;0.0322
34.6490;0.0387
34.6500;0.0483
34.6510;0.0322
34.6520;0.0354
34.6530;0.0741
34.6540;0.0999
34.6550;0.0612
34.6560;0.0290
34.6570;0.0129
34.6580;-0.0451
34.6590;-0.0838
34.6600;-0.0902
34.6610;-0.0387
34.6620;-0.0032
34.6630;0.0097
34.6640;0.0226
34.6650;0.0258
34.6660;-0.0161
34.6670;-0.0193
34.6680;-0.0548
34.6690;-0.0999
34.6700;-0.0870
34.6710;-0.0580
34.6720;-0.0290
34.6730;0.0226
34.6740;0.0451
34.6750;0.0419
34.6760;0.0580
34.6770;0.0354
34.6780;0.0258
34.6790;0.0290
34.6800;0.0258
34.6810;0.0290
34.6820;0.0258
34.6830;0.0097
34.6840;0.0000
34.6850;0.0193
34.6860;0.0935
34.6870;0.1063
34.6880;0.0483
34.6890;-0.0677
34.6900;-0.1031
34.6910;-0.0838
34.6920;-0.1482
34.6930;-0.0999
34.6940;-0.0580
34.6950;0.0064
34.6960;0.0290
34.6970;0.0290
34.6980;0.0290
34.6990;0.0354
34.7000;0.0419
34.7010;0.0999
34.7020;0.1289
34.7030;0.1128
34.7040;0.0129
34.7050;-0.0870
34.7060;-0.1515
34.7070;-0.1257
34.7080;-0.0226
34.7090;-0.0290
34.7100;-0.0290
34.7110;0.0000
34.7120;0.0193
34.7130;0.0322
34.7140;0.0354
34.7150;0.0226
34.7160;0.0354
34.7170;0.0419
34.7180;0.0193
34.7190;-0.0226
34.7200;-0.0322
34.7210;-0.0419
34.7220;-0.0322
34.7230;-0.0193
34.7240;0.0322
34.7250;0.0354
34.7260;0.0193
34.7270;-0.0032
34.7280;-0.0322
34.7290;-0.0258
34.7300;-0.0032
34.7310;0.0000
34.7320;-0.0064
34.7330;-0.0226
34.7340;0.0161
34.7350;0.0612
34.7360;0.0516
34.7370;0.0193
34.7380;-0.0290
34.7390;-0.0548
34.7400;-0.0451
34.7410;-0.0161
34.7420;0.0032
34.7430;0.0193
34.7440;0.0193
34.7450;-0.0032
34.7460;-0.0129
34.7470;-0.0064
34.7480;0.0032
34.7490;0.0097
34.7500;0.0258
34.7510;0.0193
34.7520;0.0258
34.7530;0.0193
34.7540;0.0129
34.7550;-0.0032
34.7560;-0.0032
34.7570;0.0129
34.7580;0.0193
34.7590;0.0161
34.7600;0.0032
34.7610;-0.0032
34.7620;0.0032
34.7630;-0.0129
34.7640;-0.0838
34.7650;-0.0677
34.7660;-0.0516
34.7670;0.0097
34.7680;-0.0129
34.7690;-0.0290
34.7700;0.0193
34.7710;0.0387
34.7720;0.0032
34.7730;0.0258
34.7740;0.0161
34.7750;0.0193
34.7760;0.0354
34.7770;0.0290
34.7780;0.0000
34.7790;-0.0161
34.7800;0.0129
34.7810;-0.0064
34.7820;-0.0354
34.7830;-0.0419
34.7840;-0.0645
34.7850;-0.0451
34.7860;0.0000
34.7870;0.0483
34.7880;0.0870
34.7890;0.1386
34.7900;0.1515
34.7910;0.0870
34.7920;-0.0451
34.7930;-0.1676
34.7940;-0.2449
34.7950;-0.1096
34.7960;0.0226
34.7970;0.0709
34.7980;0.0193
34.7990;-0.0548
34.8000;-0.0902
34.8010;-0.0645
34.8020;-0.0097
34.8030;0.0354
34.8040;0.0612
34.8050;0.0580
34.8060;0.0483
34.8070;0.0193
34.8080;0.0097
34.8090;0.0129
34.8100;0.0161
34.8110;0.0129
34.8120;0.0032
34.8130;0.0000
34.8140;0.0032
34.8150;0.0097
34.8160;0.0193
34.8170;0.0032
34.8180;0.0064
34.8190;0.0129
34.8200;0.0387
34.8210;0.0064
34.8220;-0.0387
34.8230;-0.0419
34.8240;-0.0226
34.8250;-0.0258
34.8260;-0.0161
34.8270;0.0193
34.8280;0.0999
34.8290;0.0612
34.8300;-0.0129
34.8310;0.0193
34.8320;-0.0097
34.8330;-0.0967
34.8340;-0.0838
34.8350;-0.0322
34.8360;-0.0064
34.8370;0.0161
34.8380;0.0290
34.8390;0.0483
34.8400;0.0935
34.8410;0.1063
34.8420;0.0999
34.8430;0.0032
34.8440;-0.1289
34.8450;-0.1708
34.8460;-0.1772
34.8470;-0.0870
34.8480;0.0032
34.8490;0.0032
34.8500;0.0032
34.8510;0.0129
34.8520;0.0097
34.8530;0.0226
34.8540;0.0354
34.8550;0.0226
34.8560;0.0226
34.8570;0.0097
34.8580;0.0161
34.8590;0.0161
34.8600;0.0129
34.8610;0.0129
34.8620;0.0129
34.8630;0.0097
34.8640;0.0000
34.8650;0.0064
34.8660;0.0064
34.8670;0.0193
34.8680;0.0032
34.8690;0.0097
34.8700;0.0193
34.8710;0.0226
34.8720;0.0451
34.8730;0.0290
34.8740;0.0193
34.8750;-0.0064
34.8760;-0.0129
34.8770;-0.0451
34.8780;-0.0548
34.8790;-0.0612
34.8800;-0.0645
34.8810;0.0419
34.8820;0.0741
34.8830;0.0419
34.8840;0.0032
34.8850;0.0064
34.8860;0.0451
34.8870;-0.0806
34.8880;-0.1772
34.8890;-0.1289
34.8900;-0.0580
34.8910;-0.0161
34.8920;0.0419
34.8930;0.0580
34.8940;0.0516
34.8950;0.0451
34.8960;0.0097
34.8970;-0.0129
34.8980;-0.0161
34.8990;0.0129
34.9000;0.0226
34.9010;0.0193
34.9020;0.0064
34.9030;0.0354
34.9040;0.0354
34.9050;0.0419
34.9060;0.0580
34.9070;0.0483
34.9080;0.0226
34.9090;-0.0258
34.9100;-0.0677
34.9110;-0.0645
34.9120;-0.0322
34.9130;-0.0161
34.9140;-0.0129
34.9150;0.0097
34.9160;0.0387
34.9170;0.0322
34.9180;0.0354
34.9190;0.0193
34.9200;0.0000
34.9210;-0.0451
34.9220;-0.0677
34.9230;-0.0419
34.9240;-0.0097
34.9250;0.0161
34.9260;0.0483
34.9270;0.0161
34.9280;-0.0322
34.9290;-0.0580
34.9300;-0.0129
34.9310;0.0354
34.9320;0.0258
34.9330;0.0097
34.9340;0.0258
34.9350;0.0161
34.9360;-0.0032
34.9370;0.0097
34.9380;0.0387
34.9390;0.0161
34.9400;-0.0258
34.9410;-0.0612
34.9420;-0.0451
34.9430;-0.0032
34.9440;0.0258
34.9450;0.0258
34.9460;-0.0032
34.9470;-0.0258
34.9480;-0.0322
34.9490;-0.0290
34.9500;-0.0097
34.9510;0.0097
34.9520;0.0226
34.9530;0.0193
34.9540;0.0226
34.9550;0.0129
34.9560;0.0161
34.9570;0.0129
34.9580;0.0097
34.9590;0.0032
34.9600;0.0032
34.9610;0.0032
34.9620;0.0097
34.9630;0.0129
34.9640;0.0000
34.9650;-0.0129
34.9660;-0.0322
34.9670;-0.0193
34.9680;0.0290
34.9690;0.0387
34.9700;0.0773
34.9710;0.1482
34.9720;0.0935
34.9730;-0.0741
34.9740;-0.1096
34.9750;-0.1386
34.9760;-0.1321
34.9770;-0.0902
34.9780;-0.0548
34.9790;0.0645
34.9800;0.0902
34.9810;0.1128
34.9820;0.0516
34.9830;-0.0258
34.9840;-0.1063
34.9850;-0.1450
34.9860;-0.0902
34.9870;-0.0322
34.9880;-0.0322
34.9890;-0.0322
34.9900;-0.0032
34.9910;0.0322
34.9920;0.0580
34.9930;0.0709
34.9940;0.0677
34.9950;0.0451
34.9960;0.0290
34.9970;0.0129
34.9980;0.0129
34.9990;-0.0032
35.0000;0.0064
35.0010;0.0097
35.0020;0.0064
35.0030;0.0064
35.0040;0.0000
35.0050;0.0032
35.0060;0.0097
35.0070;0.0290
35.0080;0.0097
35.0090;-0.0322
35.0100;0.0000
35.0110;-0.0129
35.0120;-0.0258
35.0130;-0.0354
35.0140;-0.0290
35.0150;0.0000
35.0160;0.0612
35.0170;0.0902
35.0180;-0.0129
35.0190;-0.0677
35.0200;-0.0419
35.0210;-0.0032
35.0220;0.0290
35.0230;0.0161
35.0240;0.0354
35.0250;0.0483
35.0260;0.0129
35.0270;-0.0354
35.0280;-0.0902
35.0290;-0.0677
35.0300;-0.0483
35.0310;-0.0645
35.0320;-0.0161
35.0330;0.0483
35.0340;0.0935
35.0350;0.1386
35.0360;0.0967
35.0370;-0.0129
35.0380;-0.0870
35.0390;-0.0902
35.0400;-0.0967
35.0410;-0.0870
35.0420;-0.0451
35.0430;-0.0129
35.0440;-0.0161
35.0450;-0.0032
35.0460;0.0129
35.0470;0.0354
35.0480;0.0451
35.0490;0.0419
35.0500;0.0548
35.0510;0.0902
35.0520;0.0806
35.0530;0.0419
35.0540;-0.0064
35.0550;-0.0387
35.0560;-0.0290
35.0570;0.0129
35.0580;0.0193
35.0590;0.0032
35.0600;0.0064
35.0610;0.0322
35.0620;-0.0451
35.0630;-0.0419
35.0640;0.0387
35.0650;0.0032
35.0660;-0.0516
35.0670;0.0032
35.0680;0.0097
35.0690;0.0000
35.0700;-0.0290
35.0710;-0.0580
35.0720;-0.0387
35.0730;-0.0161
35.0740;-0.0290
35.0750;-0.1225
35.0760;-0.0354
35.0770;0.0902
35.0780;0.1321
35.0790;0.0483
35.0800;-0.0709
35.0810;-0.1096
35.0820;-0.0741
35.0830;-0.0483
35.0840;-0.0032
35.0850;0.0709
35.0860;0.1579
35.0870;0.1482
35.0880;0.1031
35.0890;0.0097
35.0900;0.0193
35.0910;-0.1096
35.0920;-0.2159
35.0930;-0.0741
35.0940;0.0193
35.0950;0.0483
35.0960;0.0580
35.0970;0.0483
35.0980;0.0161
35.0990;-0.0258
35.1000;0.0226
35.1010;0.0097
35.1020;-0.0419
35.1030;-0.0354
35.1040;-0.0290
35.1050;-0.0290
35.1060;0.0000
35.1070;-0.0097
35.1080;0.0838
35.1090;0.0806
35.1100;0.0838
35.1110;0.0612
35.1120;0.0645
35.1130;-0.0741
35.1140;-0.1579
35.1150;-0.0999
35.1160;-0.0516
35.1170;0.0000
35.1180;-0.0129
35.1190;-0.0419
35.1200;-0.0419
35.1210;-0.0193
35.1220;0.0097
35.1230;0.0322
35.1240;0.0387
35.1250;0.0354
35.1260;0.0258
35.1270;0.0226
35.1280;0.0354
35.1290;0.0516
35.1300;0.0516
35.1310;0.0129
35.1320;-0.0193
35.1330;-0.0483
35.1340;-0.0580
35.1350;-0.0064
35.1360;0.0258
35.1370;0.0451
35.1380;0.0258
35.1390;-0.0032
35.1400;-0.0064
35.1410;-0.0290
35.1420;-0.0258
35.1430;-0.0258
35.1440;-0.0129
35.1450;0.0483
35.1460;0.0677
35.1470;0.0548
35.1480;-0.0129
35.1490;-0.0612
35.1500;-0.0580
35.1510;-0.0322
35.1520;-0.0354
35.1530;-0.0387
35.1540;-0.0193
35.1550;0.0032
35.1560;0.0000
35.1570;0.0193
35.1580;0.0290
35.1590;0.0290
35.1600;0.0290
35.1610;0.0290
35.1620;0.0226
35.1630;0.0097
35.1640;-0.0258
35.1650;-0.0451
35.1660;-0.0516
35.1670;-0.0354
35.1680;0.0097
35.1690;0.0548
35.1700;0.0322
35.1710;0.0226
35.1720;-0.0064
35.1730;-0.0258
35.1740;-0.0032
35.1750;0.0097
35.1760;0.0161
35.1770;0.0032
35.1780;0.0129
35.1790;0.0097
35.1800;0.0161
35.1810;0.0226
35.1820;0.0129
35.1830;0.0677
35.1840;-0.0097
35.1850;-0.0419
35.1860;-0.0161
35.1870;-0.0548
35.1880;-0.0773
35.1890;-0.0870
35.1900;-0.0483
35.1910;0.0129
35.1920;0.0645
35.1930;0.0580
35.1940;0.0967
35.1950;0.0967
35.1960;0.0129
35.1970;-0.0870
35.1980;-0.1063
35.1990;-0.1257
35.2000;-0.1257
35.2010;-0.0741
35.2020;0.0000
35.2030;0.0387
35.2040;0.0419
35.2050;0.0483
35.2060;0.0645
35.2070;0.0709
35.2080;0.0612
35.2090;0.0226
35.2100;-0.0161
35.2110;-0.0193
35.2120;-0.0064
35.2130;0.0226
35.2140;0.0483
35.2150;0.0354
35.2160;0.0161
35.2170;-0.0193
35.2180;-0.0354
35.2190;-0.0387
35.2200;-0.0064
35.2210;-0.0161
35.2220;-0.0322
35.2230;-0.0064
35.2240;0.0193
35.2250;0.0226
35.2260;0.0097
35.2270;0.0161
35.2280;0.0129
35.2290;0.0000
35.2300;-0.0064
35.2310;0.0129
35.2320;0.0193
35.2330;-0.0290
35.2340;-0.0419
35.2350;0.0000
35.2360;0.0290
35.2370;0.0226
35.2380;-0.0290
35.2390;-0.0645
35.2400;-0.0516
35.2410;-0.0387
35.2420;-0.0032
35.2430;0.0322
35.2440;0.0580
35.2450;0.0902
35.2460;0.1031
35.2470;0.0322
35.2480;-0.0838
35.2490;-0.1031
35.2500;-0.0677
35.2510;-0.0290
35.2520;0.0129
35.2530;0.0064
35.2540;-0.0032
35.2550;0.0032
35.2560;0.0258
35.2570;0.0741
35.2580;0.0419
35.2590;0.0000
35.2600;0.0322
35.2610;0.0451
35.2620;0.0129
35.2630;-0.0226
35.2640;-0.0612
35.2650;-0.0838
35.2660;-0.0193
35.2670;-0.0032
35.2680;-0.0354
35.2690;-0.0483
35.2700;-0.0129
35.2710;0.0580
35.2720;0.0612
35.2730;0.0483
35.2740;-0.0097
35.2750;-0.0354
35.2760;-0.0419
35.2770;-0.0161
35.2780;0.0161
35.2790;0.0129
35.2800;-0.0032
35.2810;-0.0161
35.2820;-0.0032
35.2830;0.0258
35.2840;0.0483
35.2850;0.0387
35.2860;-0.0193
35.2870;-0.0322
35.2880;-0.0129
35.2890;-0.0419
35.2900;-0.0483
35.2910;-0.0226
35.2920;0.0064
35.2930;0.0258
35.2940;0.0226
35.2950;0.0258
35.2960;0.0677
35.2970;0.0387
35.2980;0.0161
35.2990;-0.0097
35.3000;-0.0645
35.3010;-0.0612
35.3020;0.0161
35.3030;0.0258
35.3040;-0.0290
35.3050;-0.0161
35.3060;-0.0032
35.3070;0.0032
35.3080;0.0000
35.3090;0.0064
35.3100;0.0032
35.3110;0.0387
35.3120;0.0773
35.3130;0.0870
35.3140;0.0451
35.3150;-0.0290
35.3160;-0.0677
35.3170;-0.1031
35.3180;-0.0677
35.3190;-0.0226
35.3200;0.0097
35.3210;0.0354
35.3220;0.0097
35.3230;0.0097
35.3240;0.0226
35.3250;-0.0097
35.3260;-0.0322
35.3270;0.0000
35.3280;0.0354
35.3290;0.0516
35.3300;0.0548
35.3310;0.0451
35.3320;0.0000
35.3330;-0.0645
35.3340;-0.0741
35.3350;-0.0258
35.3360;0.0000
35.3370;-0.0258
35.3380;-0.0032
35.3390;0.0322
35.3400;0.0000
35.3410;0.0193
35.3420;-0.0193
35.3430;-0.0645
35.3440;-0.0483
35.3450;0.0064
35.3460;-0.0032
35.3470;-0.0290
35.3480;-0.0226
35.3490;0.0097
35.3500;0.0290
35.3510;0.0548
35.3520;0.0741
35.3530;0.0645
35.3540;0.0161
35.3550;-0.0548
35.3560;-0.0387
35.3570;-0.0161
35.3580;0.0161
35.3590;-0.0064
35.3600;0.0000
35.3610;0.0032
35.3620;0.0000
35.3630;0.0129
35.3640;0.0226
35.3650;0.0258
35.3660;0.0097
35.3670;0.0580
35.3680;0.0902
35.3690;0.0999
35.3700;0.0548
35.3710;-0.0419
35.3720;-0.1515
35.3730;-0.1837
35.3740;-0.1418
35.3750;-0.0580
35.3760;0.0451
35.3770;0.0902
35.3780;0.1128
35.3790;0.0677
35.3800;-0.0258
35.3810;-0.0741
35.3820;-0.0677
35.3830;-0.0129
35.3840;-0.0064
35.3850;-0.0483
35.3860;-0.0226
35.3870;0.0226
35.3880;0.0193
35.3890;0.0000
35.3900;-0.0129
35.3910;-0.0032
35.3920;0.0193
35.3930;0.0419
35.3940;0.0451
35.3950;0.0193
35.3960;-0.0032
35.3970;-0.0129
35.3980;-0.0193
35.3990;-0.0032
35.4000;0.0129
35.4010;0.0064
35.4020;0.0097
35.4030;0.0064
35.4040;0.0097
35.4050;0.0032
35.4060;0.0129
35.4070;0.0032
35.4080;0.0000
35.4090;0.0000
35.4100;0.0000
35.4110;0.0000
35.4120;-0.0032
35.4130;0.0097
35.4140;0.0226
35.4150;0.0354
35.4160;0.0290
35.4170;0.0258
35.4180;0.0516
35.4190;0.0032
35.4200;0.0677
35.4210;0.0032
35.4220;-0.0999
35.4230;-0.1257
35.4240;-0.1192
35.4250;-0.0645
35.4260;-0.0419
35.4270;-0.0483
35.4280;-0.0387
35.4290;-0.0032
35.4300;0.0097
35.4310;0.0161
35.4320;0.0226
35.4330;0.0290
35.4340;0.0258
35.4350;0.0354
35.4360;0.0290
35.4370;0.0387
35.4380;0.0451
35.4390;0.0290
35.4400;0.0097
35.4410;-0.0097
35.4420;-0.0129
35.4430;-0.0032
35.4440;0.0097
35.4450;0.0097
35.4460;-0.0097
35.4470;-0.0354
35.4480;-0.0290
35.4490;-0.0129
35.4500;0.0032
35.4510;0.0064
35.4520;0.0193
35.4530;0.0354
35.4540;0.0387
35.4550;0.0322
35.4560;0.0097
35.4570;-0.0129
35.4580;-0.0516
35.4590;-0.0548
35.4600;-0.0129
35.4610;0.0193
35.4620;-0.0161
35.4630;-0.0322
35.4640;-0.0064
35.4650;0.0129
35.4660;0.0354
35.4670;0.0354
35.4680;0.0483
35.4690;0.0580
35.4700;0.0451
35.4710;0.0516
35.4720;0.0354
35.4730;0.0161
35.4740;-0.0677
35.4750;-0.1579
35.4760;-0.1901
35.4770;-0.1321
35.4780;0.0032
35.4790;0.0773
35.4800;0.0677
35.4810;0.1192
35.4820;0.1128
35.4830;0.0677
35.4840;-0.1128
35.4850;-0.2062
35.4860;-0.1386
35.4870;-0.0387
35.4880;0.0226
35.4890;0.0387
35.4900;0.0483
35.4910;0.0645
35.4920;0.0548
35.4930;0.0354
35.4940;0.0193
35.4950;0.0258
35.4960;0.0161
35.4970;-0.0032
35.4980;-0.0322
35.4990;-0.0258
35.5000;-0.0097
35.5010;0.0064
35.5020;0.0097
35.5030;0.0161
35.5040;0.0097
35.5050;0.0161
35.5060;0.0161
35.5070;0.0097
35.5080;0.0000
35.5090;-0.0097
35.5100;-0.0097
35.5110;-0.0064
35.5120;-0.0064
35.5130;0.0000
35.5140;-0.0032
35.5150;0.0064
35.5160;0.0097
35.5170;0.0032
35.5180;0.0193
35.5190;0.0032
35.5200;0.0032
35.5210;0.0097
35.5220;0.0258
35.5230;0.0258
35.5240;0.0000
35.5250;-0.0322
35.5260;-0.0580
35.5270;-0.0548
35.5280;-0.0097
35.5290;0.0516
35.5300;0.0709
35.5310;0.0032
35.5320;-0.0387
35.5330;0.0097
35.5340;-0.0548
35.5350;-0.0773
35.5360;-0.0258
35.5370;-0.0129
35.5380;-0.0032
35.5390;-0.0064
35.5400;0.0258
35.5410;0.0451
35.5420;0.0226
35.5430;-0.0258
35.5440;-0.0419
35.5450;-0.0193
35.5460;0.0354
35.5470;0.0709
35.5480;0.0709
35.5490;0.0451
35.5500;0.0097
35.5510;-0.0483
35.5520;-0.0548
35.5530;-0.0032
35.5540;0.0548
35.5550;0.0451
35.5560;0.0226
35.5570;0.0419
35.5580;0.0097
35.5590;-0.0419
35.5600;-0.0741
35.5610;-0.1160
35.5620;-0.1450
35.5630;-0.0741
35.5640;-0.0322
35.5650;0.0032
35.5660;0.0290
35.5670;0.0387
35.5680;0.0419
35.5690;0.0290
35.5700;0.0258
35.5710;0.0290
35.5720;0.0226
35.5730;0.0290
35.5740;0.0322
35.5750;0.0290
35.5760;0.0419
35.5770;0.0773
35.5780;0.0580
35.5790;0.0032
35.5800;-0.0709
35.5810;-0.1031
35.5820;-0.0935
35.5830;-0.0258
35.5840;0.0000
35.5850;0.0064
35.5860;0.0226
35.5870;0.0258
35.5880;0.0483
35.5890;0.0226
35.5900;-0.0258
35.5910;-0.0193
35.5920;-0.0064
35.5930;0.0032
35.5940;0.0000
35.5950;0.0032
35.5960;-0.0064
35.5970;0.0032
35.5980;0.0064
35.5990;-0.0032
35.6000;0.0032
35.6010;0.0032
35.6020;0.0097
35.6030;0.0097
35.6040;0.0064
35.6050;0.0419
35.6060;0.0290
35.6070;-0.0097
35.6080;-0.0129
35.6090;-0.0322
35.6100;-0.0548
35.6110;-0.0419
35.6120;0.0000
35.6130;0.0387
35.6140;0.0580
35.6150;0.0419
35.6160;0.0387
35.6170;0.0580
35.6180;0.0387
35.6190;-0.0612
35.6200;-0.1096
35.6210;-0.0967
35.6220;-0.0645
35.6230;-0.0483
35.6240;0.0161
35.6250;-0.0064
35.6260;-0.0129
35.6270;0.0097
35.6280;0.0064
35.6290;-0.0258
35.6300;0.0064
35.6310;0.0290
35.6320;0.0612
35.6330;0.0516
35.6340;0.0258
35.6350;0.0290
35.6360;0.0129
35.6370;0.0161
35.6380;0.0097
35.6390;0.0226
35.6400;0.0290
35.6410;-0.0032
35.6420;-0.0806
35.6430;-0.1257
35.6440;-0.0999
35.6450;0.0129
35.6460;0.0226
35.6470;-0.0161
35.6480;0.0064
35.6490;0.0290
35.6500;0.0387
35.6510;0.0322
35.6520;0.0161
35.6530;0.0032
35.6540;0.0032
35.6550;0.0129
35.6560;0.0226
35.6570;0.0193
35.6580;0.0000
35.6590;-0.0226
35.6600;-0.0387
35.6610;-0.0354
35.6620;-0.0097
35.6630;0.0032
35.6640;0.0097
35.6650;0.0000
35.6660;0.0129
35.6670;0.0193
35.6680;0.0193
35.6690;0.0032
35.6700;0.0097
35.6710;-0.0032
35.6720;-0.0064
35.6730;0.0064
35.6740;0.0097
35.6750;0.0290
35.6760;0.0322
35.6770;0.0290
35.6780;0.0129
35.6790;-0.0097
35.6800;-0.0193
35.6810;-0.0129
35.6820;0.0161
35.6830;0.0161
35.6840;-0.0516
35.6850;-0.0935
35.6860;-0.0483
35.6870;0.0064
35.6880;0.0193
35.6890;0.0032
35.6900;-0.0032
35.6910;-0.0419
35.6920;-0.0419
35.6930;-0.0226
35.6940;0.0032
35.6950;0.0451
35.6960;0.0451
35.6970;0.0032
35.6980;-0.0193
35.6990;-0.0419
35.7000;0.0129
35.7010;0.0322
35.7020;-0.0032
35.7030;-0.0258
35.7040;0.0064
35.7050;0.0097
35.7060;0.0226
35.7070;0.0580
35.7080;0.0612
35.7090;-0.0032
35.7100;-0.0548
35.7110;-0.0612
35.7120;-0.0548
35.7130;-0.0129
35.7140;0.0064
35.7150;0.0193
35.7160;0.0161
35.7170;0.0161
35.7180;0.0193
35.7190;0.0064
35.7200;0.0129
35.7210;0.0097
35.7220;0.0097
35.7230;0.0193
35.7240;0.0097
35.7250;0.0000
35.7260;0.0000
35.7270;0.0064
35.7280;0.0129
35.7290;0.0097
35.7300;-0.0097
35.7310;0.0064
35.7320;0.0419
35.7330;0.0129
35.7340;0.0097
35.7350;-0.0290
35.7360;-0.0548
35.7370;-0.0677
35.7380;-0.0387
35.7390;-0.0161
35.7400;0.0097
35.7410;0.0548
35.7420;0.0709
35.7430;-0.0032
35.7440;-0.0902
35.7450;-0.0838
35.7460;-0.0322
35.7470;0.0097
35.7480;0.0290
35.7490;0.0677
35.7500;0.0709
35.7510;0.0451
35.7520;0.0193
35.7530;-0.0258
35.7540;-0.0645
35.7550;-0.0516
35.7560;-0.0290
35.7570;0.0322
35.7580;0.0193
35.7590;-0.0451
35.7600;-0.0612
35.7610;-0.0322
35.7620;0.0064
35.7630;0.0226
35.7640;0.0193
35.7650;0.0161
35.7660;0.0097
35.7670;0.0129
35.7680;0.0161
35.7690;0.0161
35.7700;0.0290
35.7710;0.0354
35.7720;0.0451
35.7730;0.0387
35.7740;-0.0064
35.7750;-0.0032
35.7760;0.0097
35.7770;0.0129
35.7780;0.0000
35.7790;-0.0161
35.7800;-0.0354
35.7810;-0.0580
35.7820;-0.0677
35.7830;-0.0032
35.7840;-0.0032
35.7850;-0.0064
35.7860;-0.0064
35.7870;-0.0064
35.7880;0.0226
35.7890;0.0258
35.7900;0.0097
35.7910;-0.0032
35.7920;-0.0064
35.7930;-0.0129
35.7940;-0.0226
35.7950;-0.0032
35.7960;0.0097
35.7970;0.0032
35.7980;0.0097
35.7990;0.0000
35.8000;0.0129
35.8010;0.0193
35.8020;0.0032
35.8030;0.0193
35.8040;0.0290
35.8050;0.0193
35.8060;-0.0032
35.8070;-0.0064
35.8080;-0.0032
35.8090;-0.0161
35.8100;-0.0064
35.8110;-0.0097
35.8120;0.0129
35.8130;0.0161
35.8140;0.0032
35.8150;-0.0032
35.8160;0.0129
35.8170;0.0387
35.8180;0.0645
35.8190;0.0773
35.8200;0.0129
35.8210;-0.0516
35.8220;-0.0548
35.8230;-0.0354
35.8240;-0.0870
35.8250;-0.1257
35.8260;-0.0677
35.8270;-0.0193
35.8280;-0.0064
35.8290;0.0226
35.8300;0.0000
35.8310;-0.0387
35.8320;-0.0129
35.8330;0.0226
35.8340;0.0483
35.8350;0.0483
35.8360;0.0419
35.8370;0.0354
35.8380;0.0419
35.8390;0.0032
35.8400;-0.0193
35.8410;-0.0258
35.8420;0.0032
35.8430;0.0193
35.8440;0.0097
35.8450;0.0129
35.8460;0.0032
35.8470;0.0129
35.8480;-0.0032
35.8490;-0.0161
35.8500;-0.0064
35.8510;0.0032
35.8520;0.0451
35.8530;0.0322
35.8540;0.0129
35.8550;0.0258
35.8560;-0.0064
35.8570;-0.0806
35.8580;-0.0419
35.8590;-0.0032
35.8600;-0.0193
35.8610;0.0097
35.8620;0.0290
35.8630;-0.0097
35.8640;-0.0354
35.8650;-0.0387
35.8660;-0.0483
35.8670;-0.0258
35.8680;0.0322
35.8690;0.0773
35.8700;0.0483
35.8710;-0.0580
35.8720;-0.0999
35.8730;-0.0419
35.8740;0.0354
35.8750;0.0387
35.8760;0.0322
35.8770;0.0193
35.8780;0.0193
35.8790;0.0129
35.8800;0.0000
35.8810;-0.0129
35.8820;-0.0226
35.8830;0.0290
35.8840;0.0064
35.8850;-0.0258
35.8860;-0.0064
35.8870;0.0064
35.8880;0.0161
35.8890;0.0226
35.8900;0.0226
35.8910;0.0258
35.8920;0.0419
35.8930;0.0516
35.8940;0.0483
35.8950;-0.0226
35.8960;-0.0870
35.8970;-0.0935
35.8980;-0.0451
35.8990;-0.0161
35.9000;-0.0032
35.9010;0.0000
35.9020;0.0129
35.9030;0.0322
35.9040;0.0258
35.9050;0.0226
35.9060;0.0064
35.9070;0.0226
35.9080;0.0387
35.9090;0.0612
35.9100;0.0548
35.9110;0.0097
35.9120;-0.0226
35.9130;-0.0483
35.9140;-0.0645
35.9150;-0.0806
35.9160;-0.0741
35.9170;-0.0806
35.9180;-0.0451
35.9190;-0.0258
35.9200;0.0064
35.9210;-0.0064
35.9220;0.0064
35.9230;0.0290
35.9240;0.0387
35.9250;0.0290
35.9260;0.0387
35.9270;0.0483
35.9280;0.0419
35.9290;0.0161
35.9300;0.0000
35.9310;0.0129
35.9320;-0.0129
35.9330;-0.0451
35.9340;-0.0226
35.9350;0.0032
35.9360;0.0097
35.9370;0.0097
35.9380;0.0097
35.9390;0.0064
35.9400;0.0097
35.9410;0.0032
35.9420;0.0193
35.9430;0.0354
35.9440;0.0838
35.9450;0.0999
35.9460;0.0870
35.9470;0.0677
35.9480;-0.0161
35.9490;-0.1644
35.9500;-0.1934
35.9510;-0.1418
35.9520;-0.0967
35.9530;-0.0709
35.9540;-0.0226
35.9550;0.0419
35.9560;0.0677
35.9570;0.0548
35.9580;0.0258
35.9590;0.0258
35.9600;0.0645
35.9610;0.0645
35.9620;0.0226
35.9630;-0.0290
35.9640;-0.0645
35.9650;-0.0419
35.9660;-0.0419
35.9670;0.0097
35.9680;0.0354
35.9690;-0.0032
35.9700;-0.0097
35.9710;0.0064
35.9720;0.0193
35.9730;0.0161
35.9740;0.0097
35.9750;0.0161
35.9760;0.0000
35.9770;-0.0032
35.9780;0.0129
35.9790;0.0161
35.9800;0.0193
35.9810;0.0000
35.9820;-0.0129
35.9830;-0.0226
35.9840;-0.0161
35.9850;-0.0097
35.9860;-0.0064
35.9870;0.0064
35.9880;0.0032
35.9890;0.0032
35.9900;0.0000
35.9910;-0.0032
35.9920;0.0000
35.9930;0.0258
35.9940;0.0483
35.9950;0.0709
35.9960;0.0741
35.9970;0.0645
35.9980;0.0322
35.9990;-0.0419
36.0000;-0.1579
36.0010;-0.1386
36.0020;-0.0709
36.0030;0.0097
36.0040;-0.0032
36.0050;-0.0387
36.0060;-0.0387
36.0070;-0.0354
36.0080;0.0226
36.0090;0.0387
36.0100;0.0387
36.0110;0.0580
36.0120;0.0258
36.0130;-0.0258
36.0140;-0.0354
36.0150;-0.0193
36.0160;-0.0226
36.0170;-0.0097
36.0180;0.0451
36.0190;0.0387
36.0200;0.0290
36.0210;0.0129
36.0220;0.0097
36.0230;0.0032
36.0240;-0.0032
36.0250;0.0000
36.0260;0.0032
36.0270;0.0064
36.0280;0.0032
36.0290;-0.0032
36.0300;0.0032
36.0310;-0.0032
36.0320;0.0000
36.0330;0.0032
36.0340;0.0000
36.0350;0.0064
36.0360;0.0032
36.0370;0.0000
36.0380;0.0000
36.0390;-0.0032
36.0400;0.0000
36.0410;0.0000
36.0420;-0.0032
36.0430;0.0064
36.0440;0.0032
36.0450;0.0097
36.0460;0.0097
36.0470;0.0193
36.0480;0.0290
36.0490;0.0612
36.0500;0.0967
36.0510;0.0838
36.0520;0.0000
36.0530;-0.1418
36.0540;-0.2095
36.0550;-0.1192
36.0560;-0.0741
36.0570;-0.0516
36.0580;0.0645
36.0590;0.1321
36.0600;0.1225
36.0610;0.0741
36.0620;0.0064
36.0630;-0.0516
36.0640;-0.0999
36.0650;-0.0935
36.0660;-0.0645
36.0670;-0.0516
36.0680;-0.0129
36.0690;0.0354
36.0700;0.0548
36.0710;0.0483
36.0720;0.0290
36.0730;0.0032
36.0740;-0.0290
36.0750;-0.0354
36.0760;-0.0226
36.0770;0.0161
36.0780;0.0516
36.0790;0.0322
36.0800;0.0064
36.0810;0.0000
36.0820;0.0097
36.0830;0.0097
36.0840;0.0000
36.0850;0.0129
36.0860;0.0064
36.0870;0.0097
36.0880;0.0064
36.0890;0.0000
36.0900;0.0032
36.0910;0.0000
36.0920;0.0000
36.0930;0.0000
36.0940;-0.0032
36.0950;-0.0097
36.0960;-0.0032
36.0970;0.0129
36.0980;0.0290
36.0990;0.0097
36.1000;-0.0129
36.1010;-0.0161
36.1020;-0.0097
36.1030;0.0193
36.1040;0.0645
36.1050;0.0870
36.1060;0.0677
36.1070;0.0064
36.1080;-0.0451
36.1090;-0.0645
36.1100;-0.1450
36.1110;-0.1321
36.1120;-0.0580
36.1130;0.0226
36.1140;0.0741
36.1150;0.0516
36.1160;-0.0226
36.1170;-0.0258
36.1180;-0.0193
36.1190;-0.0161
36.1200;-0.0161
36.1210;-0.0290
36.1220;-0.0097
36.1230;0.0097
36.1240;0.0290
36.1250;0.0483
36.1260;0.0483
36.1270;0.0226
36.1280;-0.0064
36.1290;-0.0258
36.1300;-0.0290
36.1310;-0.0064
36.1320;0.0032
36.1330;0.0129
36.1340;0.0064
36.1350;0.0064
36.1360;0.0064
36.1370;0.0032
36.1380;0.0097
36.1390;0.0000
36.1400;0.0064
36.1410;0.0000
36.1420;0.0032
36.1430;0.0097
36.1440;0.0032
36.1450;0.0000
36.1460;-0.0032
36.1470;-0.0032
36.1480;-0.0032
36.1490;-0.0032
36.1500;0.0032
36.1510;0.0193
36.1520;0.0226
36.1530;0.0193
36.1540;0.0193
36.1550;0.0193
36.1560;-0.0129
36.1570;-0.0097
36.1580;-0.0161
36.1590;-0.0097
36.1600;0.0097
36.1610;0.0000
36.1620;-0.0032
36.1630;-0.0193
36.1640;-0.0129
36.1650;-0.0064
36.1660;-0.0483
36.1670;-0.0483
36.1680;-0.0193
36.1690;-0.0387
36.1700;0.0032
36.1710;0.0709
36.1720;0.0870
36.1730;0.0354
36.1740;-0.0226
36.1750;-0.0967
36.1760;-0.1031
36.1770;-0.0226
36.1780;0.0032
36.1790;-0.0097
36.1800;-0.0161
36.1810;-0.0097
36.1820;0.0097
36.1830;0.0354
36.1840;0.0258
36.1850;0.0226
36.1860;0.0290
36.1870;0.0226
36.1880;0.0193
36.1890;0.0193
36.1900;0.0129
36.1910;0.0064
36.1920;0.0000
36.1930;-0.0032
36.1940;-0.0032
36.1950;-0.0032
36.1960;-0.0064
36.1970;0.0000
36.1980;-0.0032
36.1990;-0.0032
36.2000;0.0000
36.2010;-0.0032
36.2020;0.0032
36.2030;0.0032
36.2040;0.0193
36.2050;0.0290
36.2060;0.0387
36.2070;0.0483
36.2080;0.0483
36.2090;0.0516
36.2100;-0.0419
36.2110;-0.1031
36.2120;-0.0999
36.2130;-0.0516
36.2140;-0.0548
36.2150;-0.0354
36.2160;0.0097
36.2170;0.0354
36.2180;0.0354
36.2190;0.0097
36.2200;-0.0129
36.2210;-0.0129
36.2220;-0.0064
36.2230;-0.0161
36.2240;-0.0097
36.2250;0.0064
36.2260;0.0870
36.2270;0.0645
36.2280;-0.0258
36.2290;-0.0612
36.2300;-0.0161
36.2310;-0.0097
36.2320;-0.0064
36.2330;-0.0032
36.2340;-0.0193
36.2350;0.0129
36.2360;0.0129
36.2370;0.0129
36.2380;0.0097
36.2390;0.0000
36.2400;0.0032
36.2410;-0.0032
36.2420;0.0032
36.2430;0.0064
36.2440;0.0000
36.2450;0.0032
36.2460;0.0000
36.2470;-0.0032
36.2480;0.0064
36.2490;0.0032
36.2500;0.0032
36.2510;0.0097
36.2520;0.0032
36.2530;-0.0032
36.2540;0.0129
36.2550;0.0290
36.2560;0.0645
36.2570;0.0548
36.2580;0.0354
36.2590;-0.0032
36.2600;-0.0516
36.2610;-0.0806
36.2620;-0.0580
36.2630;-0.0258
36.2640;0.0129
36.2650;0.0387
36.2660;0.0000
36.2670;-0.0097
36.2680;-0.0322
36.2690;-0.0709
36.2700;-0.0806
36.2710;-0.0645
36.2720;-0.0354
36.2730;-0.0193
36.2740;0.0161
36.2750;0.0322
36.2760;0.0322
36.2770;0.0226
36.2780;0.0322
36.2790;0.0483
36.2800;0.0806
36.2810;0.0612
36.2820;0.0129
36.2830;-0.0387
36.2840;-0.0258
36.2850;-0.0032
36.2860;0.0097
36.2870;0.0000
36.2880;-0.0258
36.2890;-0.0451
36.2900;-0.0226
36.2910;0.0032
36.2920;0.0032
36.2930;0.0064
36.2940;0.0129
36.2950;0.0097
36.2960;0.0000
36.2970;0.0032
36.2980;0.0097
36.2990;0.0000
36.3000;0.0129
36.3010;0.0226
36.3020;0.0451
36.3030;0.0322
36.3040;0.0193
36.3050;0.0161
36.3060;-0.0032
36.3070;-0.0161
36.3080;-0.0322
36.3090;-0.0354
36.3100;-0.0064
36.3110;0.0064
36.3120;0.0129
36.3130;-0.0290
36.3140;-0.0516
36.3150;-0.0967
36.3160;-0.0967
36.3170;-0.0258
36.3180;0.0226
36.3190;0.0226
36.3200;0.0193
36.3210;0.0226
36.3220;0.0322
36.3230;0.0387
36.3240;0.0290
36.3250;0.0032
36.3260;0.0064
36.3270;0.0000
36.3280;-0.0032
36.3290;-0.0032
36.3300;0.0129
36.3310;0.0226
36.3320;0.0354
36.3330;0.0322
36.3340;0.0258
36.3350;-0.0032
36.3360;-0.0290
36.3370;-0.0419
36.3380;-0.0354
36.3390;-0.0161
36.3400;0.0193
36.3410;0.0290
36.3420;0.0322
36.3430;0.0838
36.3440;0.0097
36.3450;-0.0806
36.3460;-0.0419
36.3470;0.0097
36.3480;0.0193
36.3490;-0.0419
36.3500;-0.0645
36.3510;-0.0645
36.3520;-0.0419
36.3530;0.0000
36.3540;0.0129
36.3550;0.0258
36.3560;0.0226
36.3570;0.0097
36.3580;0.0387
36.3590;0.0097
36.3600;-0.0032
36.3610;-0.0129
36.3620;0.0032
36.3630;0.0387
36.3640;0.0580
36.3650;0.0226
36.3660;-0.0258
36.3670;-0.0677
36.3680;-0.0516
36.3690;0.0032
36.3700;0.0354
36.3710;0.0193
36.3720;-0.0322
36.3730;-0.0129
36.3740;0.0032
36.3750;0.0032
36.3760;0.0161
36.3770;0.0000
36.3780;0.0097
36.3790;0.0097
36.3800;0.0097
36.3810;0.0097
36.3820;0.0032
36.3830;0.0032
36.3840;0.0064
36.3850;0.0161
36.3860;0.0064
36.3870;0.0000
36.3880;-0.0064
36.3890;0.0064
36.3900;0.0129
36.3910;0.0290
36.3920;0.0258
36.3930;0.0451
36.3940;-0.0064
36.3950;-0.0516
36.3960;-0.0516
36.3970;-0.0516
36.3980;-0.0741
36.3990;-0.0806
36.4000;-0.0258
36.4010;0.0193
36.4020;0.0516
36.4030;0.0645
36.4040;0.0290
36.4050;0.0226
36.4060;0.0032
36.4070;-0.0226
36.4080;-0.0258
36.4090;-0.0354
36.4100;-0.0451
36.4110;-0.0290
36.4120;-0.0064
36.4130;-0.0032
36.4140;-0.0097
36.4150;0.0064
36.4160;0.0129
36.4170;0.0226
36.4180;0.0258
36.4190;0.0419
36.4200;0.0258
36.4210;0.0032
36.4220;0.0064
36.4230;0.0129
36.4240;0.0097
36.4250;0.0032
36.4260;0.0064
36.4270;0.0226
36.4280;0.0226
36.4290;0.0226
36.4300;0.0097
36.4310;0.0032
36.4320;0.0226
36.4330;0.0000
36.4340;0.0226
36.4350;0.0226
36.4360;-0.0193
36.4370;-0.0645
36.4380;-0.1031
36.4390;-0.1031
36.4400;-0.0677
36.4410;-0.0032
36.4420;0.0387
36.4430;0.0516
36.4440;0.0451
36.4450;0.0387
36.4460;-0.0193
36.4470;-0.0322
36.4480;-0.0387
36.4490;0.0226
36.4500;0.0354
36.4510;-0.0097
36.4520;-0.0129
36.4530;0.0000
36.4540;-0.0032
36.4550;0.0032
36.4560;0.0032
36.4570;0.0064
36.4580;0.0097
36.4590;0.0097
36.4600;0.0097
36.4610;0.0064
36.4620;0.0129
36.4630;0.0032
36.4640;0.0000
36.4650;0.0064
36.4660;0.0032
36.4670;0.0032
36.4680;0.0032
36.4690;0.0193
36.4700;0.0419
36.4710;0.0451
36.4720;0.0193
36.4730;0.0226
36.4740;0.0387
36.4750;0.0000
36.4760;-0.0193
36.4770;-0.0387
36.4780;-0.0516
36.4790;-0.0483
36.4800;-0.0516
36.4810;-0.0645
36.4820;-0.0870
36.4830;-0.0516
36.4840;0.0226
36.4850;0.0129
36.4860;-0.0064
36.4870;-0.0161
36.4880;0.0032
36.4890;0.0226
36.4900;0.0354
36.4910;0.0451
36.4920;0.0419
36.4930;0.0129
36.4940;-0.0032
36.4950;0.0000
36.4960;0.0032
36.4970;0.0032
36.4980;0.0097
36.4990;0.0064
36.5000;0.0097
36.5010;0.0000
36.5020;0.0032
36.5030;0.0064
36.5040;0.0000
36.5050;0.0000
36.5060;-0.0032
36.5070;0.0000
36.5080;-0.0032
36.5090;0.0193
36.5100;0.0226
36.5110;0.0226
36.5120;0.0387
36.5130;0.0902
36.5140;0.0902
36.5150;0.0000
36.5160;-0.0741
36.5170;-0.1225
36.5180;-0.0741
36.5190;-0.0129
36.5200;-0.0258
36.5210;-0.0419
36.5220;-0.0612
36.5230;-0.0419
36.5240;-0.0032
36.5250;-0.0032
36.5260;0.0097
36.5270;-0.0097
36.5280;-0.0129
36.5290;-0.0129
36.5300;0.0129
36.5310;0.0226
36.5320;0.0322
36.5330;0.0258
36.5340;0.0193
36.5350;0.0258
36.5360;0.0258
36.5370;0.0161
36.5380;0.0161
36.5390;0.0097
36.5400;0.0032
36.5410;-0.0032
36.5420;0.0032
36.5430;0.0129
36.5440;0.0161
36.5450;0.0161
36.5460;0.0354
36.5470;0.0226
36.5480;-0.0354
36.5490;-0.0419
36.5500;-0.0258
36.5510;-0.0258
36.5520;0.0129
36.5530;0.0709
36.5540;0.0709
36.5550;0.0322
36.5560;-0.0226
36.5570;-0.0806
36.5580;-0.0806
36.5590;-0.0967
36.5600;-0.0483
36.5610;0.0161
36.5620;0.0097
36.5630;0.0000
36.5640;0.0032
36.5650;0.0097
36.5660;0.0290
36.5670;0.0387
36.5680;0.0193
36.5690;0.0258
36.5700;0.0387
36.5710;0.0548
36.5720;-0.0129
36.5730;-0.0935
36.5740;-0.0516
36.5750;0.0032
36.5760;0.0193
36.5770;0.0097
36.5780;0.0000
36.5790;-0.0129
36.5800;-0.0258
36.5810;-0.0161
36.5820;0.0064
36.5830;0.0129
36.5840;0.0322
36.5850;0.0451
36.5860;0.0548
36.5870;0.0580
36.5880;0.0258
36.5890;-0.0161
36.5900;-0.0419
36.5910;-0.0548
36.5920;-0.0451
36.5930;-0.0580
36.5940;-0.0516
36.5950;-0.0226
36.5960;-0.0290
36.5970;0.0064
36.5980;0.0516
36.5990;0.0580
36.6000;0.0741
36.6010;0.0773
36.6020;0.0516
36.6030;0.0097
36.6040;0.0322
36.6050;0.0097
36.6060;-0.1096
36.6070;-0.1418
36.6080;-0.1192
36.6090;-0.0645
36.6100;-0.0193
36.6110;0.0032
36.6120;0.0226
36.6130;0.0129
36.6140;0.0193
36.6150;0.0161
36.6160;0.0354
36.6170;0.0354
36.6180;0.0645
36.6190;0.0258
36.6200;-0.0193
36.6210;-0.0161
36.6220;0.0000
36.6230;0.0000
36.6240;0.0161
36.6250;0.0193
36.6260;0.0161
36.6270;0.0097
36.6280;0.0000
36.6290;-0.0032
36.6300;0.0032
36.6310;0.0032
36.6320;0.0097
36.6330;0.0000
36.6340;-0.0097
36.6350;-0.0064
36.6360;-0.0064
36.6370;-0.0064
36.6380;0.0322
36.6390;0.0387
36.6400;-0.0032
36.6410;-0.0773
36.6420;-0.0838
36.6430;-0.0677
36.6440;-0.0322
36.6450;-0.0032
36.6460;0.0129
36.6470;0.0226
36.6480;0.0193
36.6490;0.0000
36.6500;0.0129
36.6510;0.0226
36.6520;0.0258
36.6530;0.0290
36.6540;0.0226
36.6550;0.0226
36.6560;0.0000
36.6570;-0.0258
36.6580;-0.0226
36.6590;-0.0129
36.6600;-0.0032
36.6610;0.0032
36.6620;0.0000
36.6630;0.0064
36.6640;0.0097
36.6650;0.0032
36.6660;0.0226
36.6670;0.0322
36.6680;0.0226
36.6690;0.0064
36.6700;-0.0064
36.6710;0.0000
36.6720;0.0354
36.6730;0.0483
36.6740;0.0064
36.6750;-0.0226
36.6760;-0.0548
36.6770;-0.0612
36.6780;-0.0483
36.6790;-0.0354
36.6800;-0.0193
36.6810;-0.0161
36.6820;0.0226
36.6830;0.0226
36.6840;-0.0258
36.6850;-0.0387
36.6860;-0.0387
36.6870;0.0161
36.6880;0.0290
36.6890;-0.0064
36.6900;-0.0097
36.6910;0.0387
36.6920;0.0354
36.6930;0.0193
36.6940;0.0032
36.6950;0.0097
36.6960;0.0161
36.6970;0.0064
36.6980;0.0226
36.6990;0.0032
36.7000;0.0032
36.7010;-0.0064
36.7020;-0.0032
36.7030;0.0064
36.7040;-0.0290
36.7050;-0.0548
36.7060;-0.0419
36.7070;0.0322
36.7080;0.0258
36.7090;-0.0290
36.7100;-0.0258
36.7110;-0.0129
36.7120;0.0000
36.7130;0.0064
36.7140;0.0097
36.7150;0.0097
36.7160;0.0258
36.7170;0.0483
36.7180;0.0483
36.7190;0.0322
36.7200;0.0226
36.7210;-0.0258
36.7220;-0.0677
36.7230;-0.0677
36.7240;-0.0387
36.7250;-0.0097
36.7260;0.0000
36.7270;0.0097
36.7280;0.0322
36.7290;0.0451
36.7300;0.0193
36.7310;-0.0258
36.7320;-0.0258
36.7330;-0.0032
36.7340;0.0161
36.7350;0.0322
36.7360;0.0741
36.7370;0.0806
36.7380;0.0193
36.7390;-0.0387
36.7400;-0.0806
36.7410;-0.0935
36.7420;-0.0806
36.7430;-0.0548
36.7440;-0.0548
36.7450;-0.0226
36.7460;0.0032
36.7470;0.0226
36.7480;0.0290
36.7490;0.0322
36.7500;0.0451
36.7510;0.0451
36.7520;0.0290
36.7530;-0.0032
36.7540;-0.0290
36.7550;-0.0032
36.7560;0.0226
36.7570;0.0032
36.7580;0.0000
36.7590;0.0129
36.7600;0.0193
36.7610;0.0097
36.7620;-0.0097
36.7630;-0.0290
36.7640;-0.0419
36.7650;-0.0226
36.7660;-0.0064
36.7670;0.0097
36.7680;0.0161
36.7690;0.0387
36.7700;0.0580
36.7710;0.0290
36.7720;-0.0032
36.7730;-0.0226
36.7740;-0.0483
36.7750;-0.0516
36.7760;-0.0387
36.7770;-0.0129
36.7780;0.0129
36.7790;0.0129
36.7800;0.0161
36.7810;0.0097
36.7820;-0.0032
36.7830;-0.0129
36.7840;-0.0129
36.7850;-0.0064
36.7860;0.0000
36.7870;0.0000
36.7880;0.0064
36.7890;0.0097
36.7900;0.0064
36.7910;0.0097
36.7920;0.0129
36.7930;0.0193
36.7940;0.0161
36.7950;0.0000
36.7960;0.0000
36.7970;-0.0129
36.7980;-0.0064
36.7990;-0.0097
36.8000;-0.0032
36.8010;0.0000
36.8020;0.0064
36.8030;0.0226
36.8040;0.0161
36.8050;0.0387
36.8060;0.0741
36.8070;0.0548
36.8080;0.0032
36.8090;-0.0193
36.8100;-0.0258
36.8110;-0.0032
36.8120;-0.0161
36.8130;-0.0354
36.8140;-0.0419
36.8150;-0.1128
36.8160;-0.1257
36.8170;-0.0709
36.8180;0.0226
36.8190;0.0580
36.8200;0.0032
36.8210;-0.0290
36.8220;-0.0129
36.8230;0.0032
36.8240;0.0226
36.8250;0.0516
36.8260;0.0387
36.8270;0.0097
36.8280;-0.0064
36.8290;-0.0064
36.8300;0.0097
36.8310;0.0129
36.8320;0.0097
36.8330;0.0129
36.8340;0.0032
36.8350;0.0129
36.8360;0.0064
36.8370;0.0193
36.8380;0.0354
36.8390;0.0290
36.8400;0.0451
36.8410;0.0548
36.8420;0.0419
36.8430;0.0097
36.8440;-0.0483
36.8450;-0.0967
36.8460;-0.0999
36.8470;-0.0516
36.8480;0.0032
36.8490;0.0161
36.8500;0.0161
36.8510;0.0000
36.8520;-0.0161
36.8530;-0.0226
36.8540;-0.0129
36.8550;0.0032
36.8560;0.0097
36.8570;0.0193
36.8580;0.0290
36.8590;0.0129
36.8600;0.0032
36.8610;-0.0064
36.8620;0.0000
36.8630;0.0064
36.8640;0.0290
36.8650;0.0290
36.8660;0.0032
36.8670;0.0000
36.8680;0.0064
36.8690;0.0097
36.8700;0.0129
36.8710;0.0258
36.8720;0.0483
36.8730;0.0806
36.8740;0.0806
36.8750;0.0161
36.8760;-0.0516
36.8770;-0.1450
36.8780;-0.1418
36.8790;-0.1321
36.8800;-0.1031
36.8810;-0.0580
36.8820;-0.0129
36.8830;0.0258
36.8840;0.0354
36.8850;0.0548
36.8860;0.0226
36.8870;0.0193
36.8880;0.0387
36.8890;0.0451
36.8900;0.0161
36.8910;0.0032
36.8920;0.0226
36.8930;0.0258
36.8940;0.0290
36.8950;0.0290
36.8960;0.0000
36.8970;-0.0193
36.8980;-0.0354
36.8990;-0.0612
36.9000;-0.0677
36.9010;-0.0226
36.9020;0.0193
36.9030;0.0354
36.9040;0.0451
36.9050;0.0419
36.9060;0.0387
36.9070;0.0097
36.9080;-0.0064
36.9090;-0.0161
36.9100;-0.0032
36.9110;0.0000
36.9120;-0.0064
36.9130;-0.0097
36.9140;-0.0226
36.9150;-0.0161
36.9160;-0.0064
36.9170;0.0000
36.9180;0.0064
36.9190;0.0097
36.9200;0.0064
36.9210;0.0064
36.9220;0.0064
36.9230;0.0097
36.9240;-0.0032
36.9250;0.0000
36.9260;0.0064
36.9270;0.0032
36.9280;0.0064
36.9290;0.0000
36.9300;0.0000
36.9310;0.0097
36.9320;0.0129
36.9330;0.0032
36.9340;-0.0226
36.9350;-0.0193
36.9360;0.0322
36.9370;0.0838
36.9380;0.0290
36.9390;-0.0709
36.9400;-0.1096
36.9410;-0.0645
36.9420;-0.0193
36.9430;0.0129
36.9440;0.0193
36.9450;0.0032
36.9460;-0.0032
36.9470;0.0000
36.9480;0.0226
36.9490;0.0419
36.9500;0.0516
36.9510;0.0354
36.9520;0.0258
36.9530;0.0000
36.9540;-0.0064
36.9550;-0.0161
36.9560;-0.0451
36.9570;-0.0258
36.9580;-0.0419
36.9590;-0.0645
36.9600;-0.0451
36.9610;-0.0161
36.9620;0.0097
36.9630;0.0290
36.9640;0.0645
36.9650;0.0645
36.9660;0.0226
36.9670;-0.0354
36.9680;-0.0612
36.9690;-0.0129
36.9700;0.0032
36.9710;0.0161
36.9720;0.0097
36.9730;0.0097
36.9740;-0.0193
36.9750;-0.0516
36.9760;-0.0387
36.9770;-0.0064
36.9780;0.0064
36.9790;0.0161
36.9800;0.0161
36.9810;0.0129
36.9820;0.0161
36.9830;0.0032
36.9840;0.0290
36.9850;0.0322
36.9860;0.0290
36.9870;0.0097
36.9880;-0.0064
36.9890;-0.0097
36.9900;0.0097
36.9910;0.0354
36.9920;0.0193
36.9930;-0.0193
36.9940;-0.0548
36.9950;-0.0516
36.9960;-0.0645
36.9970;-0.0483
36.9980;-0.0097
36.9990;0.0354
37.0000;0.0161
37.0010;-0.0129
37.0020;0.0226
37.0030;0.0387
37.0040;0.0258
37.0050;0.0129
37.0060;0.0032
37.0070;-0.0032
37.0080;-0.0064
37.0090;-0.0258
37.0100;-0.0387
37.0110;-0.0193
37.0120;0.0000
37.0130;0.0097
37.0140;0.0097
37.0150;0.0193
37.0160;0.0354
37.0170;0.0516
37.0180;0.0322
37.0190;0.0193
37.0200;0.0193
37.0210;0.0097
37.0220;-0.0226
37.0230;-0.0258
37.0240;-0.0354
37.0250;-0.0387
37.0260;-0.0354
37.0270;-0.0161
37.0280;-0.0129
37.0290;-0.0258
37.0300;-0.0193
37.0310;-0.0064
37.0320;0.0258
37.0330;0.0322
37.0340;0.0193
37.0350;0.0097
37.0360;-0.0129
37.0370;-0.0226
37.0380;0.0097
37.0390;0.0193
37.0400;0.0032
37.0410;-0.0129
37.0420;-0.0032
37.0430;0.0161
37.0440;0.0129
37.0450;0.0032
37.0460;0.0129
37.0470;0.0129
37.0480;0.0161
37.0490;0.0032
37.0500;-0.0193
37.0510;-0.0290
37.0520;-0.0193
37.0530;0.0064
37.0540;0.0258
37.0550;0.0387
37.0560;0.0387
37.0570;0.0193
37.0580;-0.0064
37.0590;-0.0097
37.0600;-0.0322
37.0610;-0.0612
37.0620;-0.0290
37.0630;-0.0064
37.0640;-0.0032
37.0650;0.0032
37.0660;-0.0032
37.0670;0.0097
37.0680;-0.0064
37.0690;0.0226
37.0700;0.0193
37.0710;-0.0161
37.0720;-0.0290
37.0730;-0.0290
37.0740;-0.0161
37.0750;-0.0097
37.0760;0.0032
37.0770;0.0161
37.0780;0.0354
37.0790;0.0290
37.0800;0.0097
37.0810;0.0032
37.0820;0.0161
37.0830;0.0451
37.0840;-0.0161
37.0850;-0.0419
37.0860;-0.0161
37.0870;-0.0258
37.0880;0.0097
37.0890;0.0451
37.0900;0.0290
37.0910;0.0000
37.0920;0.0161
37.0930;-0.0226
37.0940;-0.0483
37.0950;-0.0064
37.0960;0.0290
37.0970;0.0612
37.0980;0.0290
37.0990;-0.0129
37.1000;-0.0290
37.1010;-0.0773
37.1020;-0.0677
37.1030;-0.0483
37.1040;-0.0226
37.1050;-0.0129
37.1060;0.0032
37.1070;0.0129
37.1080;0.0258
37.1090;0.0258
37.1100;0.0354
37.1110;0.0290
37.1120;0.0322
37.1130;0.0258
37.1140;0.0097
37.1150;0.0032
37.1160;-0.0097
37.1170;-0.0129
37.1180;-0.0161
37.1190;-0.0097
37.1200;0.0258
37.1210;0.0645
37.1220;0.0226
37.1230;-0.0193
37.1240;-0.0129
37.1250;-0.0097
37.1260;-0.0161
37.1270;-0.0354
37.1280;-0.0161
37.1290;0.0258
37.1300;0.0483
37.1310;0.0419
37.1320;-0.0161
37.1330;-0.0677
37.1340;-0.0677
37.1350;-0.0612
37.1360;-0.0322
37.1370;0.0064
37.1380;0.0226
37.1390;0.0258
37.1400;0.0193
37.1410;0.0193
37.1420;0.0226
37.1430;0.0354
37.1440;0.0193
37.1450;0.0064
37.1460;-0.0129
37.1470;-0.0097
37.1480;-0.0032
37.1490;-0.0032
37.1500;-0.0129
37.1510;0.0064
37.1520;0.0226
37.1530;0.0097
37.1540;0.0000
37.1550;-0.0161
37.1560;-0.0161
37.1570;0.0129
37.1580;0.0516
37.1590;0.0741
37.1600;0.0612
37.1610;-0.0258
37.1620;-0.0935
37.1630;-0.0580
37.1640;-0.0419
37.1650;-0.0387
37.1660;-0.0387
37.1670;-0.0258
37.1680;-0.0161
37.1690;0.0064
37.1700;0.0064
37.1710;-0.0258
37.1720;0.0000
37.1730;0.0290
37.1740;0.0419
37.1750;0.0290
37.1760;0.0226
37.1770;0.0032
37.1780;-0.0387
37.1790;-0.0129
37.1800;0.0097
37.1810;0.0451
37.1820;0.0548
37.1830;0.0064
37.1840;-0.0097
37.1850;-0.0387
37.1860;-0.0516
37.1870;-0.0129
37.1880;0.0032
37.1890;0.0097
37.1900;0.0064
37.1910;0.0032
37.1920;0.0032
37.1930;0.0064
37.1940;0.0064
37.1950;0.0290
37.1960;0.0451
37.1970;0.0516
37.1980;0.0483
37.1990;0.0064
37.2000;-0.0322
37.2010;-0.0580
37.2020;-0.0709
37.2030;-0.0387
37.2040;0.0000
37.2050;0.0097
37.2060;0.0097
37.2070;-0.0129
37.2080;-0.0258
37.2090;-0.0097
37.2100;0.0032
37.2110;0.0161
37.2120;0.0129
37.2130;0.0161
37.2140;-0.0097
37.2150;-0.0161
37.2160;0.0000
37.2170;0.0097
37.2180;0.0226
37.2190;0.0226
37.2200;0.0226
37.2210;0.0226
37.2220;0.0129
37.2230;0.0032
37.2240;-0.0161
37.2250;-0.0032
37.2260;-0.0064
37.2270;-0.0064
37.2280;0.0354
37.2290;0.0967
37.2300;0.0967
37.2310;0.0322
37.2320;-0.0580
37.2330;-0.0806
37.2340;-0.1225
37.2350;-0.0999
37.2360;-0.1257
37.2370;-0.0999
37.2380;-0.0161
37.2390;0.0226
37.2400;0.0032
37.2410;-0.0064
37.2420;0.0258
37.2430;0.0580
37.2440;0.0451
37.2450;0.0322
37.2460;0.0129
37.2470;0.0000
37.2480;0.0258
37.2490;0.0451
37.2500;0.0516
37.2510;0.0419
37.2520;0.0290
37.2530;0.0097
37.2540;-0.0290
37.2550;-0.0580
37.2560;-0.0645
37.2570;-0.0451
37.2580;-0.0064
37.2590;0.0193
37.2600;0.0322
37.2610;0.0161
37.2620;-0.0032
37.2630;-0.0032
37.2640;0.0000
37.2650;0.0097
37.2660;0.0193
37.2670;0.0064
37.2680;0.0064
37.2690;0.0032
37.2700;0.0064
37.2710;0.0064
37.2720;-0.0193
37.2730;-0.0290
37.2740;-0.0129
37.2750;0.0097
37.2760;0.0064
37.2770;0.0161
37.2780;0.0064
37.2790;0.0032
37.2800;-0.0032
37.2810;-0.0129
37.2820;0.0097
37.2830;0.0129
37.2840;0.0612
37.2850;0.0773
37.2860;0.0451
37.2870;0.0226
37.2880;-0.0129
37.2890;-0.0838
37.2900;-0.0999
37.2910;-0.0902
37.2920;-0.0387
37.2930;-0.0129
37.2940;-0.0290
37.2950;-0.0290
37.2960;-0.0032
37.2970;0.0226
37.2980;0.0258
37.2990;0.0290
37.3000;0.0226
37.3010;0.0161
37.3020;0.0290
37.3030;0.0580
37.3040;0.1031
37.3050;0.0838
37.3060;0.0773
37.3070;0.0419
37.3080;-0.0226
37.3090;-0.0161
37.3100;-0.0451
37.3110;-0.0709
37.3120;-0.1482
37.3130;-0.1966
37.3140;-0.1289
37.3150;-0.0290
37.3160;0.0612
37.3170;0.1225
37.3180;0.1063
37.3190;0.0419
37.3200;0.0000
37.3210;-0.0161
37.3220;-0.0483
37.3230;-0.0516
37.3240;-0.0516
37.3250;-0.0064
37.3260;0.0064
37.3270;-0.0032
37.3280;0.0064
37.3290;0.0290
37.3300;0.0548
37.3310;0.0451
37.3320;0.0483
37.3330;0.0419
37.3340;0.0129
37.3350;-0.0193
37.3360;-0.0097
37.3370;-0.0064
37.3380;0.0000
37.3390;0.0000
37.3400;-0.0129
37.3410;-0.0258
37.3420;-0.0451
37.3430;-0.0064
37.3440;0.0548
37.3450;0.0741
37.3460;0.0129
37.3470;-0.0483
37.3480;-0.0419
37.3490;-0.0226
37.3500;0.0000
37.3510;0.0064
37.3520;0.0387
37.3530;0.0773
37.3540;0.0580
37.3550;0.0226
37.3560;-0.0290
37.3570;-0.0612
37.3580;-0.0741
37.3590;-0.0677
37.3600;-0.0161
37.3610;0.0612
37.3620;0.0709
37.3630;0.0999
37.3640;0.1225
37.3650;0.0870
37.3660;0.0000
37.3670;-0.0548
37.3680;-0.1708
37.3690;-0.2030
37.3700;-0.1450
37.3710;-0.0580
37.3720;-0.0129
37.3730;0.0226
37.3740;0.0290
37.3750;0.0354
37.3760;0.0226
37.3770;0.0290
37.3780;0.0322
37.3790;0.0258
37.3800;0.0548
37.3810;0.0709
37.3820;0.0354
37.3830;0.0032
37.3840;0.0226
37.3850;0.0290
37.3860;-0.0290
37.3870;-0.0580
37.3880;-0.0419
37.3890;0.0064
37.3900;0.0226
37.3910;-0.0064
37.3920;-0.0290
37.3930;-0.0193
37.3940;-0.0097
37.3950;0.0161
37.3960;0.0258
37.3970;0.0451
37.3980;0.0354
37.3990;0.0226
37.4000;0.0226
37.4010;0.0000
37.4020;-0.0516
37.4030;-0.0773
37.4040;-0.0516
37.4050;-0.0226
37.4060;0.0097
37.4070;0.0741
37.4080;0.0483
37.4090;0.0032
37.4100;-0.0387
37.4110;-0.0516
37.4120;-0.0129
37.4130;0.0354
37.4140;0.0483
37.4150;0.0097
37.4160;-0.0161
37.4170;-0.0193
37.4180;0.0193
37.4190;0.0290
37.4200;0.0129
37.4210;-0.0322
37.4220;-0.0806
37.4230;-0.0870
37.4240;-0.0806
37.4250;-0.0806
37.4260;-0.0129
37.4270;0.0741
37.4280;0.1128
37.4290;0.0387
37.4300;-0.0129
37.4310;-0.0258
37.4320;0.0064
37.4330;0.0258
37.4340;0.0612
37.4350;0.0354
37.4360;-0.0129
37.4370;-0.0161
37.4380;-0.0129
37.4390;-0.0064
37.4400;0.0000
37.4410;0.0097
37.4420;0.0032
37.4430;0.0000
37.4440;-0.0032
37.4450;-0.0032
37.4460;0.0129
37.4470;0.0097
37.4480;0.0129
37.4490;0.0161
37.4500;0.0354
37.4510;0.0580
37.4520;0.0612
37.4530;0.0226
37.4540;-0.0451
37.4550;-0.0580
37.4560;-0.0451
37.4570;-0.0258
37.4580;-0.0290
37.4590;-0.0580
37.4600;-0.0451
37.4610;-0.0354
37.4620;-0.0258
37.4630;-0.0129
37.4640;0.0097
37.4650;0.0451
37.4660;0.0645
37.4670;0.0419
37.4680;0.0483
37.4690;-0.0064
37.4700;-0.0645
37.4710;-0.0548
37.4720;-0.0097
37.4730;0.0773
37.4740;0.0967
37.4750;0.1160
37.4760;0.1321
37.4770;0.0612
37.4780;-0.0612
37.4790;-0.1901
37.4800;-0.2095
37.4810;-0.1740
37.4820;-0.1192
37.4830;-0.0419
37.4840;-0.0226
37.4850;0.0258
37.4860;0.0548
37.4870;0.0870
37.4880;0.0870
37.4890;0.0387
37.4900;0.0290
37.4910;0.0387
37.4920;0.0580
37.4930;0.0677
37.4940;0.0064
37.4950;-0.0516
37.4960;-0.0290
37.4970;0.0000
37.4980;0.0226
37.4990;0.0193
37.5000;0.0226
37.5010;0.0193
37.5020;0.0129
37.5030;0.0064
37.5040;-0.0290
37.5050;-0.0483
37.5060;-0.0451
37.5070;-0.0258
37.5080;-0.0451
37.5090;-0.0354
37.5100;-0.0129
37.5110;0.0000
37.5120;-0.0064
37.5130;0.0193
37.5140;0.0290
37.5150;0.0387
37.5160;0.0064
37.5170;-0.0064
37.5180;0.0000
37.5190;0.0097
37.5200;0.0129
37.5210;0.0097
37.5220;0.0064
37.5230;0.0097
37.5240;0.0097
37.5250;0.0226
37.5260;0.0322
37.5270;0.0483
37.5280;0.0548
37.5290;0.0161
37.5300;-0.0129
37.5310;-0.0516
37.5320;-0.0902
37.5330;-0.0709
37.5340;-0.0516
37.5350;-0.0387
37.5360;-0.0258
37.5370;0.0129
37.5380;0.0677
37.5390;0.0999
37.5400;0.1128
37.5410;0.1321
37.5420;0.0516
37.5430;-0.0806
37.5440;-0.1192
37.5450;-0.0870
37.5460;-0.0129
37.5470;-0.0064
37.5480;0.0032
37.5490;-0.0290
37.5500;-0.0419
37.5510;-0.0516
37.5520;-0.0902
37.5530;-0.0645
37.5540;-0.0032
37.5550;0.0290
37.5560;-0.0032
37.5570;-0.0226
37.5580;0.0097
37.5590;0.0290
37.5600;0.0354
37.5610;0.0322
37.5620;0.0290
37.5630;0.0226
37.5640;0.0129
37.5650;0.0193
37.5660;0.0193
37.5670;0.0354
37.5680;0.0387
37.5690;0.0290
37.5700;0.0290
37.5710;0.0032
37.5720;-0.0226
37.5730;-0.0354
37.5740;-0.0322
37.5750;-0.0193
37.5760;-0.0193
37.5770;0.0000
37.5780;0.0129
37.5790;0.0064
37.5800;0.0129
37.5810;0.0064
37.5820;0.0000
37.5830;-0.0258
37.5840;-0.0322
37.5850;-0.0226
37.5860;-0.0129
37.5870;0.0548
37.5880;0.0806
37.5890;0.0612
37.5900;0.0161
37.5910;-0.0064
37.5920;-0.0354
37.5930;-0.0258
37.5940;0.0097
37.5950;0.0935
37.5960;0.1063
37.5970;0.0354
37.5980;-0.0677
37.5990;-0.1289
37.6000;-0.1482
37.6010;-0.1386
37.6020;-0.1386
37.6030;-0.0773
37.6040;0.0064
37.6050;0.0516
37.6060;0.0419
37.6070;0.0387
37.6080;0.0387
37.6090;0.0419
37.6100;0.0322
37.6110;0.0387
37.6120;0.0354
37.6130;0.0548
37.6140;0.0322
37.6150;0.0097
37.6160;-0.0097
37.6170;-0.0226
37.6180;0.0000
37.6190;0.0097
37.6200;0.0193
37.6210;0.0097
37.6220;-0.0064
37.6230;-0.0258
37.6240;-0.0258
37.6250;-0.0097
37.6260;0.0032
37.6270;-0.0193
37.6280;-0.0097
37.6290;0.0064
37.6300;0.0226
37.6310;0.1096
37.6320;0.0999
37.6330;0.0387
37.6340;-0.0354
37.6350;-0.0967
37.6360;-0.1354
37.6370;-0.1160
37.6380;-0.0419
37.6390;0.0097
37.6400;0.0193
37.6410;0.0097
37.6420;0.0258
37.6430;0.0354
37.6440;0.0258
37.6450;0.0226
37.6460;-0.0032
37.6470;0.0000
37.6480;0.0129
37.6490;0.0161
37.6500;0.0258
37.6510;-0.0129
37.6520;-0.0516
37.6530;-0.0548
37.6540;-0.0258
37.6550;-0.0032
37.6560;0.0161
37.6570;0.0193
37.6580;0.0129
37.6590;0.0354
37.6600;0.0322
37.6610;0.0516
37.6620;0.0483
37.6630;0.0387
37.6640;0.0354
37.6650;-0.0193
37.6660;-0.0516
37.6670;-0.0902
37.6680;-0.0580
37.6690;-0.0129
37.6700;0.0097
37.6710;0.0677
37.6720;0.1031
37.6730;0.0870
37.6740;0.0097
37.6750;-0.0677
37.6760;-0.1676
37.6770;-0.2191
37.6780;-0.1354
37.6790;-0.0129
37.6800;0.0548
37.6810;0.0709
37.6820;0.0612
37.6830;0.0483
37.6840;0.0387
37.6850;0.0064
37.6860;-0.0032
37.6870;0.0097
37.6880;0.0580
37.6890;0.0773
37.6900;0.0097
37.6910;0.0290
37.6920;0.0773
37.6930;0.0645
37.6940;0.0064
37.6950;-0.0516
37.6960;-0.0516
37.6970;-0.0709
37.6980;-0.1160
37.6990;-0.0967
37.7000;-0.0677
37.7010;-0.0290
37.7020;0.0129
37.7030;0.0354
37.7040;0.0322
37.7050;0.0193
37.7060;0.0129
37.7070;0.0226
37.7080;0.0226
37.7090;0.0258
37.7100;0.0226
37.7110;0.0226
37.7120;0.0064
37.7130;-0.0064
37.7140;0.0032
37.7150;0.0290
37.7160;0.0451
37.7170;0.0097
37.7180;-0.0032
37.7190;0.0709
37.7200;0.0935
37.7210;0.0548
37.7220;-0.0354
37.7230;-0.0902
37.7240;-0.1063
37.7250;-0.0838
37.7260;-0.0580
37.7270;-0.0516
37.7280;-0.0226
37.7290;0.0000
37.7300;0.0032
37.7310;0.0258
37.7320;0.0419
37.7330;0.0483
37.7340;0.0387
37.7350;0.0032
37.7360;-0.0387
37.7370;-0.0419
37.7380;-0.0290
37.7390;-0.0032
37.7400;0.0161
37.7410;0.0290
37.7420;0.0161
37.7430;0.0000
37.7440;-0.0161
37.7450;-0.0032
37.7460;0.0387
37.7470;0.0290
37.7480;0.0129
37.7490;0.0161
37.7500;0.0258
37.7510;0.0258
37.7520;0.0290
37.7530;-0.0193
37.7540;-0.0741
37.7550;-0.0773
37.7560;-0.0451
37.7570;-0.0258
37.7580;0.0000
37.7590;0.0322
37.7600;0.0354
37.7610;0.0354
37.7620;0.0419
37.7630;0.0226
37.7640;0.0032
37.7650;-0.0193
37.7660;-0.0483
37.7670;-0.0645
37.7680;-0.0419
37.7690;-0.0064
37.7700;0.0258
37.7710;0.0193
37.7720;0.0000
37.7730;0.0097
37.7740;0.0290
37.7750;0.0548
37.7760;0.0677
37.7770;0.0645
37.7780;0.0226
37.7790;-0.0387
37.7800;-0.0902
37.7810;-0.1160
37.7820;-0.0129
37.7830;0.0612
37.7840;0.0645
37.7850;0.0612
37.7860;0.0935
37.7870;0.0354
37.7880;-0.0612
37.7890;-0.1063
37.7900;-0.0967
37.7910;-0.0838
37.7920;-0.1031
37.7930;-0.0935
37.7940;-0.0064
37.7950;0.0290
37.7960;0.0483
37.7970;0.0612
37.7980;0.0935
37.7990;0.0773
37.8000;0.0483
37.8010;-0.0258
37.8020;-0.0612
37.8030;-0.0612
37.8040;-0.0064
37.8050;0.0483
37.8060;0.0580
37.8070;0.0258
37.8080;0.0097
37.8090;-0.0064
37.8100;-0.0129
37.8110;-0.0290
37.8120;-0.0419
37.8130;-0.0322
37.8140;-0.0193
37.8150;-0.0064
37.8160;0.0064
37.8170;0.0097
37.8180;0.0548
37.8190;0.0322
37.8200;0.0064
37.8210;-0.0032
37.8220;-0.0129
37.8230;-0.0064
37.8240;0.0097
37.8250;0.0451
37.8260;0.0387
37.8270;-0.0129
37.8280;-0.0258
37.8290;-0.0129
37.8300;0.0129
37.8310;0.0193
37.8320;0.0322
37.8330;0.0193
37.8340;0.0193
37.8350;0.0322
37.8360;0.0097
37.8370;-0.0129
37.8380;-0.0032
37.8390;-0.0097
37.8400;-0.0322
37.8410;-0.0290
37.8420;-0.0322
37.8430;-0.0580
37.8440;-0.0741
37.8450;-0.0580
37.8460;-0.0451
37.8470;-0.0064
37.8480;0.0226
37.8490;0.0258
37.8500;0.0226
37.8510;0.0064
37.8520;0.0161
37.8530;0.0258
37.8540;0.0516
37.8550;0.0322
37.8560;0.0032
37.8570;-0.0097
37.8580;0.0000
37.8590;0.0097
37.8600;0.0129
37.8610;0.0129
37.8620;0.0548
37.8630;0.0645
37.8640;0.0516
37.8650;0.0709
37.8660;-0.0226
37.8670;-0.0935
37.8680;-0.0902
37.8690;-0.0709
37.8700;-0.0612
37.8710;-0.0645
37.8720;-0.0419
37.8730;-0.0064
37.8740;0.0064
37.8750;0.0290
37.8760;0.0483
37.8770;0.0806
37.8780;0.0483
37.8790;-0.0097
37.8800;-0.0290
37.8810;-0.0483
37.8820;-0.0258
37.8830;0.0129
37.8840;0.0097
37.8850;0.0064
37.8860;0.0193
37.8870;-0.0032
37.8880;0.0097
37.8890;0.0322
37.8900;0.0580
37.8910;0.0709
37.8920;0.0806
37.8930;0.0322
37.8940;-0.1128
37.8950;-0.1966
37.8960;-0.1708
37.8970;-0.0709
37.8980;-0.0097
37.8990;0.0290
37.9000;0.0354
37.9010;0.0387
37.9020;0.0322
37.9030;0.0354
37.9040;0.0387
37.9050;0.0773
37.9060;0.0999
37.9070;0.1063
37.9080;0.0548
37.9090;-0.0032
37.9100;-0.0709
37.9110;-0.1450
37.9120;-0.1354
37.9130;-0.0612
37.9140;-0.0064
37.9150;0.0258
37.9160;0.0193
37.9170;0.0226
37.9180;0.0097
37.9190;-0.0193
37.9200;-0.0161
37.9210;0.0000
37.9220;0.0193
37.9230;0.0419
37.9240;0.0451
37.9250;0.0097
37.9260;-0.0290
37.9270;-0.0419
37.9280;-0.0097
37.9290;0.0387
37.9300;0.0709
37.9310;-0.0097
37.9320;-0.0516
37.9330;-0.0193
37.9340;-0.0064
37.9350;0.0032
37.9360;0.0097
37.9370;0.0097
37.9380;0.0032
37.9390;-0.0161
37.9400;0.0000
37.9410;0.0193
37.9420;0.0097
37.9430;-0.0064
37.9440;0.0161
37.9450;0.0580
37.9460;0.0773
37.9470;0.0773
37.9480;0.0645
37.9490;0.0226
37.9500;-0.0645
37.9510;-0.1547
37.9520;-0.1031
37.9530;-0.0419
37.9540;-0.0419
37.9550;-0.0612
37.9560;-0.0709
37.9570;-0.0258
37.9580;0.0290
37.9590;0.0322
37.9600;0.0097
37.9610;0.0097
37.9620;0.0032
37.9630;0.0226
37.9640;0.0226
37.9650;0.0226
37.9660;0.0226
37.9670;0.0226
37.9680;0.0387
37.9690;0.0483
37.9700;0.0709
37.9710;0.0354
37.9720;0.0064
37.9730;-0.0419
37.9740;-0.0709
37.9750;-0.0580
37.9760;-0.0580
37.9770;-0.0322
37.9780;-0.0161
37.9790;-0.0161
37.9800;0.0097
37.9810;0.0097
37.9820;0.0193
37.9830;0.0193
37.9840;0.0129
37.9850;0.0129
37.9860;0.0097
37.9870;0.0129
37.9880;0.0226
37.9890;0.0129
37.9900;0.0193
37.9910;0.0161
37.9920;0.0483
37.9930;0.0354
37.9940;0.0129
37.9950;0.0322
37.9960;0.0226
37.9970;0.0161
37.9980;-0.0419
37.9990;-0.0741
38.0000;-0.0580
38.0010;-0.0935
38.0020;-0.1063
38.0030;-0.0483
38.0040;-0.0129
38.0050;0.0032
38.0060;0.0226
38.0070;0.0290
38.0080;0.0354
38.0090;0.0612
38.0100;0.0709
38.0110;0.0645
38.0120;0.0773
38.0130;0.0000
38.0140;-0.0548
38.0150;-0.0483
38.0160;-0.0580
38.0170;-0.0258
38.0180;0.0226
38.0190;0.0580
38.0200;0.0516
38.0210;0.0161
38.0220;-0.0645
38.0230;-0.1225
38.0240;-0.1225
38.0250;-0.0935
38.0260;-0.0322
38.0270;0.0129
38.0280;0.0451
38.0290;0.0516
38.0300;0.0483
38.0310;0.0258
38.0320;0.0193
38.0330;0.0161
38.0340;0.0129
38.0350;0.0193
38.0360;0.0226
38.0370;0.0290
38.0380;0.0226
38.0390;-0.0097
38.0400;-0.0097
38.0410;0.0000
38.0420;0.0419
38.0430;0.0516
38.0440;0.0612
38.0450;0.0322
38.0460;0.0419
38.0470;0.0193
38.0480;-0.0387
38.0490;-0.0967
38.0500;-0.1160
38.0510;-0.1321
38.0520;-0.0741
38.0530;-0.0129
38.0540;0.0097
38.0550;0.0226
38.0560;0.0193
38.0570;0.0226
38.0580;0.0290
38.0590;0.0226
38.0600;0.0354
38.0610;0.0451
38.0620;0.0387
38.0630;0.0226
38.0640;0.0032
38.0650;-0.0064
38.0660;-0.0097
38.0670;-0.0161
38.0680;-0.0161
38.0690;-0.0032
38.0700;-0.0032
38.0710;-0.0097
38.0720;-0.0226
38.0730;-0.0322
38.0740;-0.0226
38.0750;0.0129
38.0760;0.0226
38.0770;0.0000
38.0780;-0.0161
38.0790;-0.0419
38.0800;-0.0161
38.0810;0.0226
38.0820;0.0548
38.0830;0.0645
38.0840;0.0645
38.0850;0.0161
38.0860;-0.0677
38.0870;-0.1096
38.0880;-0.1031
38.0890;-0.0064
38.0900;0.0483
38.0910;0.0226
38.0920;0.0580
38.0930;0.0419
38.0940;-0.0129
38.0950;-0.0387
38.0960;-0.0258
38.0970;0.0000
38.0980;0.0097
38.0990;0.0000
38.1000;-0.0097
38.1010;-0.0226
38.1020;-0.0129
38.1030;0.0064
38.1040;0.0226
38.1050;0.0193
38.1060;0.0129
38.1070;-0.0032
38.1080;0.0000
38.1090;0.0032
38.1100;0.0032
38.1110;0.0129
38.1120;0.0290
38.1130;0.0226
38.1140;0.0129
38.1150;-0.0161
38.1160;-0.0322
38.1170;-0.0387
38.1180;-0.0097
38.1190;-0.0064
38.1200;-0.0097
38.1210;0.0097
38.1220;0.0129
38.1230;0.0129
38.1240;0.0000
38.1250;-0.0032
38.1260;-0.0032
38.1270;-0.0032
38.1280;0.0161
38.1290;0.0226
38.1300;0.0032
38.1310;-0.0161
38.1320;0.0032
38.1330;0.0419
38.1340;0.0935
38.1350;0.1096
38.1360;0.0838
38.1370;-0.0097
38.1380;-0.0645
38.1390;-0.1063
38.1400;-0.1450
38.1410;-0.1482
38.1420;-0.1096
38.1430;-0.0032
38.1440;0.0419
38.1450;0.0161
38.1460;0.0032
38.1470;0.0193
38.1480;0.0193
38.1490;0.0483
38.1500;0.0354
38.1510;0.0032
38.1520;-0.0161
38.1530;-0.0322
38.1540;-0.0290
38.1550;-0.0064
38.1560;0.0097
38.1570;0.0129
38.1580;0.0322
38.1590;0.0226
38.1600;0.0226
38.1610;0.0097
38.1620;0.0032
38.1630;0.0064
38.1640;0.0129
38.1650;0.0677
38.1660;0.0419
38.1670;0.0032
38.1680;-0.0097
38.1690;-0.0387
38.1700;-0.0451
38.1710;-0.0322
38.1720;-0.0258
38.1730;0.0064
38.1740;0.0290
38.1750;0.0258
38.1760;0.0129
38.1770;0.0000
38.1780;-0.0032
38.1790;-0.0161
38.1800;-0.0258
38.1810;-0.0258
38.1820;0.0226
38.1830;0.0451
38.1840;0.0290
38.1850;0.0161
38.1860;0.0226
38.1870;0.0129
38.1880;-0.0032
38.1890;-0.0097
38.1900;-0.0354
38.1910;-0.0161
38.1920;-0.0032
38.1930;-0.0419
38.1940;-0.0806
38.1950;-0.0483
38.1960;0.0129
38.1970;0.0064
38.1980;0.0354
38.1990;0.0161
38.2000;-0.0097
38.2010;-0.0258
38.2020;-0.0032
38.2030;0.0097
38.2040;0.0226
38.2050;0.0161
38.2060;0.0226
38.2070;0.0226
38.2080;0.0258
38.2090;0.0322
38.2100;0.0032
38.2110;0.0129
38.2120;-0.0161
38.2130;-0.0419
38.2140;-0.0354
38.2150;-0.0193
38.2160;-0.0032
38.2170;0.0032
38.2180;0.0161
38.2190;0.0354
38.2200;0.0516
38.2210;0.0645
38.2220;0.0483
38.2230;0.0322
38.2240;-0.0419
38.2250;-0.0838
38.2260;-0.0645
38.2270;-0.0322
38.2280;-0.0258
38.2290;-0.0193
38.2300;0.0322
38.2310;0.0290
38.2320;0.0032
38.2330;-0.0322
38.2340;-0.0548
38.2350;-0.0419
38.2360;-0.0064
38.2370;0.0129
38.2380;0.0387
38.2390;0.0322
38.2400;0.0226
38.2410;-0.0129
38.2420;0.0032
38.2430;0.0000
38.2440;-0.0161
38.2450;-0.0161
38.2460;-0.0161
38.2470;-0.0129
38.2480;0.0032
38.2490;0.0226
38.2500;0.0161
38.2510;-0.0032
38.2520;0.0000
38.2530;0.0032
38.2540;-0.0032
38.2550;0.0354
38.2560;0.0999
38.2570;0.1321
38.2580;0.1160
38.2590;0.0000
38.2600;-0.0387
38.2610;-0.0806
38.2620;-0.1321
38.2630;-0.1160
38.2640;-0.1031
38.2650;-0.0483
38.2660;-0.0258
38.2670;-0.0129
38.2680;-0.0129
38.2690;-0.0258
38.2700;-0.0193
38.2710;-0.0064
38.2720;0.0129
38.2730;0.0322
38.2740;0.0483
38.2750;0.0741
38.2760;0.0580
38.2770;0.0258
38.2780;0.0032
38.2790;-0.0097
38.2800;-0.0161
38.2810;-0.0064
38.2820;0.0032
38.2830;0.0129
38.2840;0.0161
38.2850;0.0097
38.2860;0.0000
38.2870;-0.0064
38.2880;0.0097
38.2890;0.0064
38.2900;-0.0097
38.2910;-0.0064
38.2920;-0.0064
38.2930;-0.0129
38.2940;-0.0097
38.2950;-0.0032
38.2960;0.0064
38.2970;-0.0032
38.2980;0.0000
38.2990;0.0354
38.3000;0.0451
38.3010;0.0387
38.3020;0.0258
38.3030;-0.0258
38.3040;-0.0612
38.3050;-0.0612
38.3060;-0.0516
38.3070;-0.0161
38.3080;0.0548
38.3090;0.0999
38.3100;0.0387
38.3110;0.0000
38.3120;-0.0129
38.3130;0.0193
38.3140;-0.0161
38.3150;-0.0354
38.3160;-0.0548
38.3170;-0.0387
38.3180;0.0097
38.3190;-0.0129
38.3200;-0.0226
38.3210;-0.0322
38.3220;-0.0258
38.3230;-0.0290
38.3240;-0.0161
38.3250;-0.0226
38.3260;-0.0097
38.3270;0.0290
38.3280;0.0354
38.3290;0.0516
38.3300;0.0548
38.3310;0.0129
38.3320;0.0032
38.3330;-0.0129
38.3340;-0.0032
38.3350;0.0097
38.3360;-0.0161
38.3370;-0.0387
38.3380;-0.0097
38.3390;0.0064
38.3400;0.0290
38.3410;0.0129
38.3420;-0.0064
38.3430;-0.0129
38.3440;0.0032
38.3450;0.0064
38.3460;0.0064
38.3470;0.0064
38.3480;0.0032
38.3490;0.0032
38.3500;0.0064
38.3510;0.0032
38.3520;0.0064
38.3530;0.0032
38.3540;-0.0032
38.3550;0.0097
38.3560;0.0000
38.3570;-0.0032
38.3580;0.0000
38.3590;-0.0032
38.3600;0.0226
38.3610;0.0451
38.3620;0.0580
38.3630;0.0516
38.3640;0.0193
38.3650;-0.0419
38.3660;-0.0902
38.3670;-0.1063
38.3680;-0.0773
38.3690;-0.0419
38.3700;0.0000
38.3710;0.0226
38.3720;0.0258
38.3730;0.0354
38.3740;0.0097
38.3750;-0.0483
38.3760;-0.0258
38.3770;0.0290
38.3780;0.0516
38.3790;0.0516
38.3800;0.0258
38.3810;-0.0129
38.3820;-0.0516
38.3830;-0.0548
38.3840;-0.0322
38.3850;-0.0161
38.3860;0.0064
38.3870;0.0161
38.3880;0.0258
38.3890;0.0226
38.3900;0.0000
38.3910;-0.0032
38.3920;-0.0032
38.3930;0.0032
38.3940;0.0193
38.3950;0.0226
38.3960;0.0032
38.3970;-0.0064
38.3980;-0.0032
38.3990;-0.0097
38.4000;0.0064
38.4010;0.0097
38.4020;0.0161
38.4030;0.0580
38.4040;0.1128
38.4050;0.1289
38.4060;0.1321
38.4070;0.0483
38.4080;-0.0773
38.4090;-0.1740
38.4100;-0.1966
38.4110;-0.2224
38.4120;-0.1289
38.4130;-0.0419
38.4140;0.0097
38.4150;0.0193
38.4160;0.0226
38.4170;0.0419
38.4180;0.0999
38.4190;0.0999
38.4200;0.0870
38.4210;0.0000
38.4220;-0.0451
38.4230;-0.0290
38.4240;0.0032
38.4250;0.0226
38.4260;0.0419
38.4270;0.0451
38.4280;0.0354
38.4290;-0.0258
38.4300;-0.0838
38.4310;-0.0902
38.4320;-0.0645
38.4330;-0.0516
38.4340;-0.0097
38.4350;0.0226
38.4360;0.0226
38.4370;0.0258
38.4380;0.0290
38.4390;0.0290
38.4400;0.0258
38.4410;0.0161
38.4420;0.0193
38.4430;0.0161
38.4440;0.0064
38.4450;0.0064
38.4460;0.0000
38.4470;0.0000
38.4480;0.0000
38.4490;-0.0032
38.4500;0.0000
38.4510;0.0064
38.4520;0.0161
38.4530;0.0258
38.4540;0.0226
38.4550;-0.0129
38.4560;-0.0226
38.4570;-0.0161
38.4580;-0.0161
38.4590;-0.0064
38.4600;0.0226
38.4610;0.0322
38.4620;0.0354
38.4630;0.0064
38.4640;-0.0451
38.4650;-0.0741
38.4660;-0.0580
38.4670;-0.0161
38.4680;0.0064
38.4690;0.0000
38.4700;-0.0064
38.4710;-0.0032
38.4720;0.0226
38.4730;0.0322
38.4740;-0.0032
38.4750;0.0000
38.4760;0.0226
38.4770;0.0419
38.4780;0.0516
38.4790;0.0226
38.4800;0.0000
38.4810;-0.0161
38.4820;-0.0451
38.4830;-0.0967
38.4840;-0.0741
38.4850;-0.0097
38.4860;0.0097
38.4870;0.0097
38.4880;0.0419
38.4890;0.0258
38.4900;-0.0032
38.4910;-0.0161
38.4920;-0.0193
38.4930;-0.0129
38.4940;0.0097
38.4950;0.0097
38.4960;0.0097
38.4970;0.0064
38.4980;0.0097
38.4990;0.0193
38.5000;0.0064
38.5010;0.0032
38.5020;0.0483
38.5030;0.0741
38.5040;0.0387
38.5050;-0.0032
38.5060;-0.0354
38.5070;-0.0354
38.5080;-0.0516
38.5090;-0.0902
38.5100;-0.0645
38.5110;-0.0451
38.5120;-0.0290
38.5130;-0.0032
38.5140;0.0032
38.5150;0.0000
38.5160;0.0032
38.5170;0.0064
38.5180;0.0129
38.5190;0.0290
38.5200;0.0387
38.5210;0.0451
38.5220;0.0226
38.5230;0.0032
38.5240;-0.0097
38.5250;-0.0032
38.5260;0.0000
38.5270;-0.0064
38.5280;0.0000
38.5290;0.0000
38.5300;0.0032
38.5310;0.0161
38.5320;-0.0032
38.5330;0.0000
38.5340;0.0064
38.5350;0.0000
38.5360;0.0032
38.5370;0.0032
38.5380;0.0032
38.5390;0.0000
38.5400;0.0000
38.5410;0.0129
38.5420;0.0290
38.5430;0.0645
38.5440;0.0709
38.5450;0.0483
38.5460;0.0097
38.5470;-0.0806
38.5480;-0.0902
38.5490;-0.0516
38.5500;0.0773
38.5510;0.0580
38.5520;0.0000
38.5530;-0.0129
38.5540;-0.0129
38.5550;-0.0548
38.5560;-0.1450
38.5570;-0.1515
38.5580;-0.0935
38.5590;-0.0387
38.5600;0.0097
38.5610;0.0193
38.5620;0.0064
38.5630;0.0129
38.5640;0.0129
38.5650;0.0129
38.5660;0.0354
38.5670;0.0516
38.5680;0.0773
38.5690;0.0483
38.5700;0.0161
38.5710;0.0032
38.5720;0.0000
38.5730;-0.0032
38.5740;-0.0129
38.5750;-0.0032
38.5760;0.0097
38.5770;0.0193
38.5780;0.0387
38.5790;0.0258
38.5800;0.0032
38.5810;-0.0258
38.5820;-0.0226
38.5830;-0.0354
38.5840;-0.0193
38.5850;0.0000
38.5860;0.0000
38.5870;0.0000
38.5880;0.0097
38.5890;0.0032
38.5900;0.0064
38.5910;0.0064
38.5920;-0.0032
38.5930;0.0193
38.5940;0.0258
38.5950;0.0290
38.5960;0.0258
38.5970;0.0000
38.5980;-0.0226
38.5990;-0.0290
38.6000;-0.0322
38.6010;-0.0258
38.6020;-0.0322
38.6030;-0.0226
38.6040;-0.0129
38.6050;-0.0290
38.6060;-0.0290
38.6070;-0.0032
38.6080;0.0193
38.6090;0.0161
38.6100;0.0451
38.6110;0.0548
38.6120;0.0322
38.6130;0.0032
38.6140;-0.0097
38.6150;-0.0483
38.6160;-0.0161
38.6170;-0.0129
38.6180;0.0000
38.6190;0.0129
38.6200;-0.0193
38.6210;-0.0451
38.6220;-0.0193
38.6230;0.0032
38.6240;0.0258
38.6250;0.0193
38.6260;-0.0032
38.6270;-0.0097
38.6280;-0.0193
38.6290;-0.0161
38.6300;-0.0032
38.6310;0.0000
38.6320;0.0097
38.6330;0.0032
38.6340;0.0193
38.6350;0.0290
38.6360;0.0677
38.6370;0.1128
38.6380;0.0999
38.6390;0.0290
38.6400;-0.0290
38.6410;-0.0709
38.6420;-0.1160
38.6430;-0.1192
38.6440;-0.0967
38.6450;-0.0354
38.6460;0.0193
38.6470;0.0387
38.6480;0.0516
38.6490;0.0483
38.6500;0.0451
38.6510;-0.0129
38.6520;-0.0580
38.6530;-0.0645
38.6540;-0.0516
38.6550;-0.0064
38.6560;0.0129
38.6570;0.0161
38.6580;0.0290
38.6590;0.0226
38.6600;0.0226
38.6610;0.0322
38.6620;0.0290
38.6630;0.0226
38.6640;0.0129
38.6650;0.0000
38.6660;-0.0097
38.6670;-0.0064
38.6680;0.0032
38.6690;0.0129
38.6700;0.0000
38.6710;-0.0129
38.6720;-0.0161
38.6730;-0.0226
38.6740;-0.0193
38.6750;-0.0129
38.6760;-0.0193
38.6770;-0.0064
38.6780;0.0000
38.6790;-0.0097
38.6800;0.0000
38.6810;0.0097
38.6820;0.0161
38.6830;0.0226
38.6840;0.0483
38.6850;0.0838
38.6860;0.0838
38.6870;0.0612
38.6880;0.0258
38.6890;-0.0032
38.6900;-0.0806
38.6910;-0.1482
38.6920;-0.1289
38.6930;-0.0902
38.6940;-0.0612
38.6950;-0.0322
38.6960;-0.0064
38.6970;0.0193
38.6980;0.0290
38.6990;0.0258
38.7000;0.0226
38.7010;0.0161
38.7020;0.0032
38.7030;0.0129
38.7040;0.0226
38.7050;0.0258
38.7060;0.0290
38.7070;0.0451
38.7080;0.0226
38.7090;0.0129
38.7100;-0.0097
38.7110;-0.0290
38.7120;-0.0258
38.7130;-0.0129
38.7140;-0.0032
38.7150;0.0000
38.7160;0.0000
38.7170;0.0097
38.7180;0.0193
38.7190;0.0161
38.7200;0.0097
38.7210;0.0064
38.7220;-0.0032
38.7230;0.0161
38.7240;0.0290
38.7250;0.0193
38.7260;0.0064
38.7270;-0.0161
38.7280;-0.0064
38.7290;0.0064
38.7300;0.0258
38.7310;0.0290
38.7320;-0.0032
38.7330;-0.0129
38.7340;-0.0322
38.7350;-0.0612
38.7360;-0.0741
38.7370;-0.0645
38.7380;-0.0516
38.7390;-0.0097
38.7400;0.0226
38.7410;0.0516
38.7420;0.0258
38.7430;0.0032
38.7440;0.0000
38.7450;0.0258
38.7460;0.0387
38.7470;0.0419
38.7480;0.0000
38.7490;-0.0258
38.7500;-0.0161
38.7510;0.0097
38.7520;0.0451
38.7530;0.0097
38.7540;-0.0354
38.7550;-0.0322
38.7560;-0.0064
38.7570;-0.0064
38.7580;-0.0032
38.7590;-0.0161
38.7600;-0.0226
38.7610;-0.0129
38.7620;0.0064
38.7630;0.0161
38.7640;0.0290
38.7650;0.0419
38.7660;0.0387
38.7670;0.0258
38.7680;0.0129
38.7690;-0.0193
38.7700;-0.0258
38.7710;-0.0387
38.7720;-0.0354
38.7730;-0.0322
38.7740;-0.0258
38.7750;-0.0032
38.7760;0.0000
38.7770;0.0322
38.7780;0.0290
38.7790;0.0322
38.7800;0.0387
38.7810;0.0032
38.7820;-0.0387
38.7830;-0.0354
38.7840;-0.0354
38.7850;-0.0258
38.7860;-0.0097
38.7870;0.0064
38.7880;0.0226
38.7890;0.0387
38.7900;0.0354
38.7910;0.0226
38.7920;0.0226
38.7930;0.0064
38.7940;-0.0290
38.7950;-0.0387
38.7960;-0.0419
38.7970;-0.0290
38.7980;-0.0129
38.7990;0.0032
38.8000;0.0226
38.8010;0.0226
38.8020;0.0129
38.8030;0.0193
38.8040;0.0322
38.8050;-0.0032
38.8060;-0.0387
38.8070;-0.0161
38.8080;0.0097
38.8090;0.0000
38.8100;0.0129
38.8110;0.0193
38.8120;0.0451
38.8130;0.0419
38.8140;0.0226
38.8150;0.0064
38.8160;-0.0161
38.8170;-0.0387
38.8180;0.0290
38.8190;0.0612
38.8200;0.0129
38.8210;-0.0354
38.8220;-0.0290
38.8230;-0.1063
38.8240;-0.1289
38.8250;-0.1192
38.8260;-0.0451
38.8270;0.0129
38.8280;0.0516
38.8290;0.0354
38.8300;0.0000
38.8310;0.0000
38.8320;0.0000
38.8330;0.0226
38.8340;0.0419
38.8350;0.0193
38.8360;0.0064
38.8370;0.0097
38.8380;0.0226
38.8390;0.0193
38.8400;0.0129
38.8410;0.0097
38.8420;0.0032
38.8430;0.0097
38.8440;0.0129
38.8450;0.0097
38.8460;0.0097
38.8470;0.0161
38.8480;0.0097
38.8490;-0.0161
38.8500;-0.0226
38.8510;-0.0258
38.8520;-0.0097
38.8530;0.0129
38.8540;0.0290
38.8550;0.0548
38.8560;0.0516
38.8570;0.0483
38.8580;0.0548
38.8590;-0.0354
38.8600;-0.1096
38.8610;-0.0935
38.8620;-0.0741
38.8630;-0.0483
38.8640;-0.0193
38.8650;0.0129
38.8660;0.0354
38.8670;0.0419
38.8680;0.0387
38.8690;0.0226
38.8700;-0.0032
38.8710;-0.0226
38.8720;-0.0290
38.8730;-0.0226
38.8740;-0.0226
38.8750;-0.0193
38.8760;-0.0226
38.8770;-0.0097
38.8780;0.0097
38.8790;0.0226
38.8800;0.0419
38.8810;0.0483
38.8820;0.0387
38.8830;0.0000
38.8840;-0.0226
38.8850;-0.0290
38.8860;-0.0258
38.8870;-0.0193
38.8880;0.0000
38.8890;0.0097
38.8900;0.0064
38.8910;0.0032
38.8920;0.0064
38.8930;0.0161
38.8940;0.0451
38.8950;0.0258
38.8960;0.0000
38.8970;0.0387
38.8980;0.0580
38.8990;0.0097
38.9000;-0.0387
38.9010;-0.0580
38.9020;-0.0773
38.9030;-0.0870
38.9040;-0.0612
38.9050;-0.0322
38.9060;0.0129
38.9070;0.0451
38.9080;0.0580
38.9090;0.0193
38.9100;-0.0097
38.9110;-0.0419
38.9120;-0.0258
38.9130;-0.0161
38.9140;0.0032
38.9150;0.0354
38.9160;0.0258
38.9170;0.0193
38.9180;0.0000
38.9190;0.0258
38.9200;0.0258
38.9210;-0.0322
38.9220;-0.0483
38.9230;-0.0129
38.9240;0.0064
38.9250;0.0258
38.9260;0.0354
38.9270;0.0322
38.9280;0.0387
38.9290;0.0193
38.9300;-0.0129
38.9310;-0.0451
38.9320;-0.0290
38.9330;-0.0032
38.9340;0.0064
38.9350;-0.0064
38.9360;-0.0129
38.9370;-0.0161
38.9380;-0.0161
38.9390;-0.0097
38.9400;-0.0064
38.9410;-0.0032
38.9420;0.0097
38.9430;0.0354
38.9440;0.0451
38.9450;0.0483
38.9460;0.0354
38.9470;0.0064
38.9480;-0.0226
38.9490;-0.0483
38.9500;-0.0483
38.9510;-0.0419
38.9520;-0.0258
38.9530;-0.0064
38.9540;0.0193
38.9550;0.0354
38.9560;0.0258
38.9570;0.0032
38.9580;-0.0032
38.9590;-0.0129
38.9600;-0.0064
38.9610;-0.0161
38.9620;-0.0161
38.9630;0.0000
38.9640;0.0064
38.9650;-0.0129
38.9660;-0.0064
38.9670;0.0226
38.9680;0.0451
38.9690;0.0097
38.9700;0.0032
38.9710;-0.0129
38.9720;-0.0097
38.9730;0.0000
38.9740;-0.0032
38.9750;0.0000
38.9760;-0.0161
38.9770;-0.0032
38.9780;0.0226
38.9790;0.0354
38.9800;0.0612
38.9810;0.0193
38.9820;-0.0161
38.9830;-0.0387
38.9840;-0.0354
38.9850;-0.0097
38.9860;-0.0161
38.9870;-0.0129
38.9880;0.0258
38.9890;0.0612
38.9900;0.0645
38.9910;0.0258
38.9920;-0.0129
38.9930;-0.0451
38.9940;-0.0419
38.9950;-0.0516
38.9960;-0.0902
38.9970;-0.0580
38.9980;-0.0161
38.9990;-0.0129
39.0000;-0.0290
39.0010;-0.0226
39.0020;0.0032
39.0030;0.0097
39.0040;0.0097
39.0050;0.0064
39.0060;0.0226
39.0070;0.0129
39.0080;0.0387
39.0090;0.0516
39.0100;0.0741
39.0110;0.0548
39.0120;0.0097
39.0130;-0.0161
39.0140;-0.0290
39.0150;-0.0354
39.0160;-0.0193
39.0170;-0.0161
39.0180;0.0032
39.0190;0.0193
39.0200;0.0226
39.0210;0.0226
39.0220;0.0322
39.0230;0.0097
39.0240;-0.0161
39.0250;-0.0419
39.0260;-0.0516
39.0270;-0.0387
39.0280;-0.0193
39.0290;-0.0097
39.0300;0.0032
39.0310;0.0226
39.0320;0.0193
39.0330;0.0000
39.0340;0.0000
39.0350;0.0032
39.0360;0.0097
39.0370;-0.0097
39.0380;0.0161
39.0390;0.0612
39.0400;0.0870
39.0410;0.0354
39.0420;-0.0354
39.0430;-0.0870
39.0440;-0.0741
39.0450;-0.0548
39.0460;-0.0129
39.0470;0.0226
39.0480;0.0387
39.0490;0.0226
39.0500;0.0258
39.0510;0.0451
39.0520;0.0032
39.0530;-0.0322
39.0540;-0.0548
39.0550;-0.0354
39.0560;-0.0193
39.0570;0.0000
39.0580;0.0387
39.0590;0.0483
39.0600;0.0226
39.0610;0.0258
39.0620;0.0193
39.0630;-0.0548
39.0640;-0.0612
39.0650;-0.0161
39.0660;0.0032
39.0670;0.0064
39.0680;-0.0097
39.0690;-0.0161
39.0700;0.0097
39.0710;0.0032
39.0720;0.0064
39.0730;0.0032
39.0740;-0.0032
39.0750;0.0000
39.0760;-0.0129
39.0770;-0.0129
39.0780;-0.0064
39.0790;-0.0129
39.0800;-0.0032
39.0810;0.0064
39.0820;0.0161
39.0830;0.0129
39.0840;0.0032
39.0850;0.0064
39.0860;0.0354
39.0870;0.0322
39.0880;0.0322
39.0890;0.0032
39.0900;-0.0161
39.0910;-0.0161
39.0920;0.0064
39.0930;0.0290
39.0940;0.0322
39.0950;0.0161
39.0960;-0.0258
39.0970;-0.0838
39.0980;-0.0709
39.0990;-0.0226
39.1000;0.0419
39.1010;0.0226
39.1020;-0.0290
39.1030;-0.0258
39.1040;0.0097
39.1050;0.0161
39.1060;0.0097
39.1070;0.0193
39.1080;0.0129
39.1090;0.0000
39.1100;-0.0032
39.1110;-0.0032
39.1120;-0.0161
39.1130;-0.0064
39.1140;-0.0032
39.1150;0.0000
39.1160;0.0258
39.1170;0.0193
39.1180;0.0097
39.1190;-0.0032
39.1200;-0.0032
39.1210;-0.0258
39.1220;-0.0258
39.1230;-0.0064
39.1240;-0.0032
39.1250;0.0000
39.1260;0.0064
39.1270;0.0226
39.1280;0.0322
39.1290;0.0290
39.1300;0.0387
39.1310;0.0129
39.1320;0.0290
39.1330;0.0483
39.1340;0.0064
39.1350;-0.0612
39.1360;-0.0322
39.1370;-0.0129
39.1380;-0.0548
39.1390;-0.0838
39.1400;-0.0516
39.1410;-0.0451
39.1420;-0.0612
39.1430;-0.0419
39.1440;-0.0032
39.1450;0.0161
39.1460;0.0193
39.1470;0.0258
39.1480;0.0387
39.1490;0.0258
39.1500;0.0129
39.1510;0.0193
39.1520;0.0322
39.1530;0.0354
39.1540;0.0258
39.1550;0.0129
39.1560;0.0000
39.1570;-0.0097
39.1580;0.0129
39.1590;0.0129
39.1600;0.0129
39.1610;-0.0097
39.1620;-0.0193
39.1630;-0.0129
39.1640;-0.0064
39.1650;0.0000
39.1660;0.0000
39.1670;-0.0129
39.1680;0.0193
39.1690;0.0354
39.1700;0.0258
39.1710;0.0000
39.1720;-0.0129
39.1730;-0.0161
39.1740;-0.0258
39.1750;-0.0387
39.1760;-0.0322
39.1770;-0.0226
39.1780;-0.0129
39.1790;-0.0064
39.1800;0.0161
39.1810;0.0193
39.1820;0.0354
39.1830;0.0387
39.1840;0.0226
39.1850;0.0161
39.1860;-0.0064
39.1870;-0.0322
39.1880;-0.0193
39.1890;-0.0129
39.1900;-0.0032
39.1910;-0.0032
39.1920;-0.0258
39.1930;-0.0258
39.1940;-0.0129
39.1950;0.0097
39.1960;0.0129
39.1970;0.0226
39.1980;0.0226
39.1990;0.0129
39.2000;0.0097
39.2010;0.0161
39.2020;0.0097
39.2030;0.0097
39.2040;0.0032
39.2050;0.0129
39.2060;0.0129
39.2070;-0.0258
39.2080;-0.0354
39.2090;-0.0097
39.2100;0.0097
39.2110;0.0032
39.2120;0.0032
39.2130;0.0032
39.2140;-0.0129
39.2150;-0.0419
39.2160;-0.0064
39.2170;0.0129
39.2180;0.0354
39.2190;0.0161
39.2200;-0.0290
39.2210;-0.0967
39.2220;-0.0580
39.2230;-0.0129
39.2240;0.0226
39.2250;0.0064
39.2260;-0.0097
39.2270;0.0000
39.2280;0.0161
39.2290;0.0193
39.2300;0.0354
39.2310;0.0258
39.2320;0.0226
39.2330;0.0193
39.2340;0.0032
39.2350;0.0000
39.2360;-0.0032
39.2370;0.0032
39.2380;0.0097
39.2390;0.0032
39.2400;-0.0097
39.2410;-0.0064
39.2420;0.0000
39.2430;0.0064
39.2440;-0.0032
39.2450;-0.0097
39.2460;0.0161
39.2470;0.0612
39.2480;0.0612
39.2490;0.0580
39.2500;0.0387
39.2510;-0.0226
39.2520;-0.0838
39.2530;-0.1225
39.2540;-0.0902
39.2550;-0.0419
39.2560;-0.0161
39.2570;-0.0032
39.2580;0.0226
39.2590;0.0451
39.2600;0.0483
39.2610;0.0000
39.2620;-0.0451
39.2630;-0.0516
39.2640;-0.0290
39.2650;-0.0032
39.2660;0.0354
39.2670;0.0516
39.2680;0.0483
39.2690;0.0451
39.2700;0.0226
39.2710;-0.0322
39.2720;-0.0354
39.2730;-0.0129
39.2740;-0.0129
39.2750;-0.0129
39.2760;0.0097
39.2770;0.0419
39.2780;0.0516
39.2790;0.0193
39.2800;-0.0193
39.2810;-0.0258
39.2820;-0.0097
39.2830;-0.0322
39.2840;-0.0387
39.2850;-0.0032
39.2860;-0.0032
39.2870;0.0097
39.2880;0.0193
39.2890;0.0097
39.2900;0.0064
39.2910;0.0097
39.2920;-0.0161
39.2930;-0.0064
39.2940;-0.0032
39.2950;0.0290
39.2960;0.0516
39.2970;0.0064
39.2980;-0.0161
39.2990;-0.0193
39.3000;0.0129
39.3010;0.0483
39.3020;0.0258
39.3030;-0.0129
39.3040;-0.0387
39.3050;-0.0516
39.3060;-0.0516
39.3070;-0.0451
39.3080;-0.0290
39.3090;0.0032
39.3100;0.0161
39.3110;0.0000
39.3120;-0.0097
39.3130;-0.0097
39.3140;-0.0032
39.3150;0.0032
39.3160;0.0097
39.3170;0.0161
39.3180;0.0161
39.3190;0.0193
39.3200;0.0129
39.3210;0.0129
39.3220;0.0097
39.3230;0.0129
39.3240;0.0097
39.3250;0.0064
39.3260;-0.0032
39.3270;-0.0161
39.3280;-0.0032
39.3290;0.0097
39.3300;0.0032
39.3310;0.0032
39.3320;0.0193
39.3330;0.0290
39.3340;0.0451
39.3350;0.0258
39.3360;0.0129
39.3370;-0.0193
39.3380;-0.0290
39.3390;-0.0548
39.3400;-0.0548
39.3410;-0.0354
39.3420;0.0032
39.3430;0.0548
39.3440;0.0741
39.3450;0.0612
39.3460;0.0000
39.3470;-0.0935
39.3480;-0.1225
39.3490;-0.1096
39.3500;-0.0580
39.3510;-0.0032
39.3520;0.0354
39.3530;0.0516
39.3540;0.0451
39.3550;0.0193
39.3560;-0.0129
39.3570;-0.0097
39.3580;-0.0129
39.3590;0.0032
39.3600;0.0161
39.3610;0.0258
39.3620;0.0226
39.3630;0.0226
39.3640;0.0161
39.3650;-0.0032
39.3660;-0.0032
39.3670;-0.0032
39.3680;-0.0032
39.3690;0.0032
39.3700;0.0129
39.3710;0.0193
39.3720;0.0354
39.3730;0.0516
39.3740;-0.0097
39.3750;-0.0516
39.3760;-0.0193
39.3770;-0.0032
39.3780;-0.0161
39.3790;-0.0161
39.3800;-0.0097
39.3810;-0.0258
39.3820;-0.0258
39.3830;-0.0419
39.3840;-0.0580
39.3850;-0.0193
39.3860;-0.0032
39.3870;0.0226
39.3880;0.0290
39.3890;0.0290
39.3900;0.0354
39.3910;0.0322
39.3920;0.0258
39.3930;0.0161
39.3940;0.0032
39.3950;-0.0129
39.3960;-0.0226
39.3970;-0.0193
39.3980;-0.0064
39.3990;0.0000
39.4000;0.0097
39.4010;0.0097
39.4020;-0.0032
39.4030;-0.0032
39.4040;-0.0032
39.4050;0.0064
39.4060;0.0258
39.4070;0.0322
39.4080;0.0387
39.4090;0.0161
39.4100;0.0161
39.4110;0.0387
39.4120;0.0451
39.4130;-0.0097
39.4140;-0.0999
39.4150;-0.1128
39.4160;-0.0806
39.4170;-0.0516
39.4180;-0.0129
39.4190;0.0129
39.4200;0.0322
39.4210;0.0290
39.4220;0.0226
39.4230;0.0193
39.4240;0.0032
39.4250;-0.0193
39.4260;-0.0483
39.4270;-0.0516
39.4280;-0.0387
39.4290;-0.0064
39.4300;0.0097
39.4310;0.0097
39.4320;0.0226
39.4330;0.0193
39.4340;0.0258
39.4350;0.0354
39.4360;0.0354
39.4370;0.0354
39.4380;0.0290
39.4390;0.0032
39.4400;-0.0064
39.4410;-0.0226
39.4420;-0.0322
39.4430;-0.0097
39.4440;-0.0097
39.4450;0.0097
39.4460;-0.0097
39.4470;-0.0161
39.4480;-0.0032
39.4490;0.0097
39.4500;0.0161
39.4510;0.0193
39.4520;0.0097
39.4530;-0.0129
39.4540;-0.0258
39.4550;-0.0161
39.4560;-0.0032
39.4570;0.0516
39.4580;0.0419
39.4590;0.0000
39.4600;0.0097
39.4610;-0.0097
39.4620;0.0032
39.4630;-0.0032
39.4640;-0.0097
39.4650;-0.0258
39.4660;-0.0258
39.4670;-0.0129
39.4680;-0.0129
39.4690;-0.0032
39.4700;0.0097
39.4710;-0.0129
39.4720;-0.0226
39.4730;-0.0097
39.4740;0.0161
39.4750;0.0741
39.4760;0.0580
39.4770;0.0129
39.4780;-0.0129
39.4790;-0.0258
39.4800;-0.0354
39.4810;-0.0419
39.4820;-0.0226
39.4830;0.0161
39.4840;0.0387
39.4850;0.0226
39.4860;-0.0097
39.4870;-0.0419
39.4880;-0.0354
39.4890;-0.0193
39.4900;0.0193
39.4910;0.0290
39.4920;0.0097
39.4930;-0.0064
39.4940;-0.0064
39.4950;-0.0032
39.4960;0.0064
39.4970;0.0161
39.4980;0.0387
39.4990;0.0226
39.5000;0.0354
39.5010;0.0161
39.5020;-0.0097
39.5030;-0.0193
39.5040;-0.0354
39.5050;-0.0451
39.5060;-0.0516
39.5070;-0.0322
39.5080;-0.0097
39.5090;0.0258
39.5100;0.0387
39.5110;0.0354
39.5120;0.0290
39.5130;0.0000
39.5140;-0.0258
39.5150;-0.0451
39.5160;-0.0354
39.5170;-0.0161
39.5180;0.0097
39.5190;0.0097
39.5200;0.0193
39.5210;0.0193
39.5220;0.0226
39.5230;0.0226
39.5240;0.0129
39.5250;0.0032
39.5260;0.0258
39.5270;0.0354
39.5280;0.0129
39.5290;-0.0064
39.5300;-0.0129
39.5310;-0.0419
39.5320;-0.0516
39.5330;-0.0290
39.5340;-0.0193
39.5350;0.0097
39.5360;0.0129
39.5370;0.0064
39.5380;0.0290
39.5390;0.0193
39.5400;0.0354
39.5410;0.0097
39.5420;-0.0322
39.5430;-0.0612
39.5440;-0.0064
39.5450;0.0258
39.5460;0.0258
39.5470;0.0193
39.5480;0.0161
39.5490;-0.0129
39.5500;-0.0354
39.5510;-0.0483
39.5520;-0.0548
39.5530;-0.0032
39.5540;0.0483
39.5550;0.0709
39.5560;0.0935
39.5570;0.0516
39.5580;0.0000
39.5590;-0.0580
39.5600;-0.0935
39.5610;-0.0677
39.5620;-0.0193
39.5630;0.0193
39.5640;0.0290
39.5650;0.0226
39.5660;0.0064
39.5670;-0.0129
39.5680;0.0097
39.5690;0.0097
39.5700;0.0000
39.5710;-0.0258
39.5720;-0.0226
39.5730;-0.0064
39.5740;0.0129
39.5750;0.0193
39.5760;0.0097
39.5770;-0.0064
39.5780;-0.0032
39.5790;0.0000
39.5800;0.0097
39.5810;0.0097
39.5820;0.0129
39.5830;0.0161
39.5840;-0.0032
39.5850;-0.0226
39.5860;-0.0064
39.5870;0.0226
39.5880;0.0387
39.5890;0.0258
39.5900;-0.0129
39.5910;-0.0322
39.5920;-0.0483
39.5930;-0.0516
39.5940;0.0097
39.5950;0.0064
39.5960;-0.0161
39.5970;-0.0258
39.5980;0.0032
39.5990;0.0226
39.6000;0.0516
39.6010;0.0483
39.6020;0.0129
39.6030;-0.0161
39.6040;-0.0161
39.6050;-0.0032
39.6060;0.0064
39.6070;0.0032
39.6080;-0.0064
39.6090;-0.0064
39.6100;0.0032
39.6110;-0.0032
39.6120;0.0000
39.6130;0.0000
39.6140;0.0032
39.6150;-0.0032
39.6160;0.0064
39.6170;0.0032
39.6180;0.0064
39.6190;0.0129
39.6200;0.0226
39.6210;0.0387
39.6220;0.0419
39.6230;0.0193
39.6240;-0.0032
39.6250;-0.0226
39.6260;-0.0290
39.6270;-0.0290
39.6280;-0.0612
39.6290;-0.0645
39.6300;-0.0387
39.6310;0.0226
39.6320;0.0451
39.6330;-0.0129
39.6340;-0.0322
39.6350;-0.0129
39.6360;0.0129
39.6370;0.0129
39.6380;0.0193
39.6390;0.0000
39.6400;0.0032
39.6410;0.0097
39.6420;0.0064
39.6430;0.0032
39.6440;0.0000
39.6450;0.0129
39.6460;0.0000
39.6470;-0.0032
39.6480;0.0000
39.6490;0.0064
39.6500;0.0097
39.6510;0.0129
39.6520;0.0161
39.6530;0.0097
39.6540;-0.0032
39.6550;-0.0097
39.6560;-0.0193
39.6570;-0.0097
39.6580;0.0097
39.6590;0.0000
39.6600;0.0129
39.6610;-0.0193
39.6620;-0.0258
39.6630;-0.0129
39.6640;0.0516
39.6650;0.0773
39.6660;0.0709
39.6670;0.0483
39.6680;-0.0064
39.6690;-0.0612
39.6700;-0.1128
39.6710;-0.0967
39.6720;-0.0483
39.6730;0.0032
39.6740;0.0193
39.6750;0.0419
39.6760;0.0032
39.6770;-0.0258
39.6780;-0.0483
39.6790;-0.0193
39.6800;0.0226
39.6810;0.0161
39.6820;0.0161
39.6830;0.0290
39.6840;0.0258
39.6850;0.0097
39.6860;-0.0161
39.6870;-0.0258
39.6880;-0.0226
39.6890;-0.0064
39.6900;0.0000
39.6910;0.0064
39.6920;0.0161
39.6930;0.0193
39.6940;0.0290
39.6950;0.0193
39.6960;0.0064
39.6970;-0.0097
39.6980;-0.0097
39.6990;-0.0064
39.7000;0.0193
39.7010;0.0129
39.7020;0.0000
39.7030;-0.0161
39.7040;-0.0290
39.7050;-0.0193
39.7060;0.0032
39.7070;0.0258
39.7080;0.0258
39.7090;0.0032
39.7100;-0.0129
39.7110;-0.0064
39.7120;0.0000
39.7130;0.0097
39.7140;0.0193
39.7150;0.0161
39.7160;0.0097
39.7170;-0.0097
39.7180;-0.0161
39.7190;-0.0161
39.7200;-0.0097
39.7210;0.0129
39.7220;0.0161
39.7230;-0.0064
39.7240;-0.0322
39.7250;-0.0193
39.7260;-0.0226
39.7270;-0.0032
39.7280;-0.0064
39.7290;-0.0129
39.7300;-0.0097
39.7310;0.0000
39.7320;0.0097
39.7330;-0.0032
39.7340;0.0000
39.7350;0.0129
39.7360;0.0129
39.7370;0.0290
39.7380;0.0226
39.7390;0.0193
39.7400;0.0064
39.7410;-0.0193
39.7420;-0.0226
39.7430;-0.0193
39.7440;-0.0097
39.7450;0.0000
39.7460;0.0032
39.7470;0.0226
39.7480;0.0097
39.7490;-0.0129
39.7500;-0.0064
39.7510;-0.0129
39.7520;-0.0032
39.7530;0.0097
39.7540;0.0161
39.7550;-0.0032
39.7560;0.0064
39.7570;0.0064
39.7580;0.0387
39.7590;0.0322
39.7600;0.0000
39.7610;-0.0354
39.7620;-0.0129
39.7630;0.0193
39.7640;0.0064
39.7650;0.0032
39.7660;-0.0064
39.7670;-0.0032
39.7680;-0.0258
39.7690;-0.0322
39.7700;-0.0193
39.7710;-0.0032
39.7720;0.0032
39.7730;-0.0097
39.7740;-0.0161
39.7750;-0.0064
39.7760;0.0032
39.7770;0.0226
39.7780;0.0258
39.7790;0.0226
39.7800;0.0193
39.7810;-0.0064
39.7820;-0.0258
39.7830;-0.0419
39.7840;-0.0193
39.7850;-0.0032
39.7860;0.0032
39.7870;0.0064
39.7880;0.0097
39.7890;0.0097
39.7900;0.0226
39.7910;0.0097
39.7920;0.0129
39.7930;0.0097
39.7940;0.0000
39.7950;0.0000
39.7960;0.0064
39.7970;0.0226
39.7980;0.0548
39.7990;0.0387
39.8000;0.0226
39.8010;-0.0064
39.8020;-0.0161
39.8030;-0.0516
39.8040;-0.0612
39.8050;-0.0677
39.8060;-0.0322
39.8070;-0.0258
39.8080;-0.0322
39.8090;-0.0322
39.8100;-0.0290
39.8110;0.0032
39.8120;0.0193
39.8130;0.0226
39.8140;0.0064
39.8150;0.0097
39.8160;0.0161
39.8170;0.0354
39.8180;0.0419
39.8190;0.0322
39.8200;0.0097
39.8210;0.0129
39.8220;0.0000
39.8230;-0.0161
39.8240;0.0000
39.8250;0.0193
39.8260;0.0387
39.8270;0.0226
39.8280;-0.0161
39.8290;-0.0226
39.8300;-0.0097
39.8310;-0.0032
39.8320;0.0032
39.8330;0.0000
39.8340;0.0000
39.8350;0.0000
39.8360;-0.0097
39.8370;0.0000
39.8380;0.0000
39.8390;-0.0032
39.8400;-0.0032
39.8410;-0.0032
39.8420;0.0032
39.8430;0.0000
39.8440;0.0000
39.8450;-0.0032
39.8460;-0.0129
39.8470;-0.0226
39.8480;-0.0161
39.8490;-0.0032
39.8500;0.0322
39.8510;0.0516
39.8520;0.0580
39.8530;0.0226
39.8540;-0.0161
39.8550;-0.0645
39.8560;-0.0741
39.8570;-0.0483
39.8580;0.0032
39.8590;0.0193
39.8600;0.0129
39.8610;-0.0129
39.8620;-0.0032
39.8630;-0.0032
39.8640;0.0032
39.8650;0.0064
39.8660;0.0000
39.8670;-0.0129
39.8680;-0.0032
39.8690;0.0097
39.8700;0.0193
39.8710;0.0097
39.8720;0.0097
39.8730;0.0226
39.8740;0.0161
39.8750;0.0064
39.8760;-0.0064
39.8770;-0.0226
39.8780;-0.0226
39.8790;-0.0322
39.8800;-0.0258
39.8810;-0.0097
39.8820;0.0000
39.8830;0.0129
39.8840;0.0161
39.8850;0.0161
39.8860;0.0097
39.8870;0.0097
39.8880;0.0032
39.8890;0.0064
39.8900;0.0000
39.8910;0.0064
39.8920;0.0032
39.8930;0.0129
39.8940;0.0226
39.8950;0.0290
39.8960;0.0258
39.8970;0.0000
39.8980;-0.0258
39.8990;-0.0322
39.9000;-0.0483
39.9010;-0.0354
39.9020;-0.0097
39.9030;-0.0064
39.9040;0.0097
39.9050;0.0097
39.9060;0.0387
39.9070;0.0419
39.9080;0.0226
39.9090;0.0000
39.9100;0.0032
39.9110;-0.0129
39.9120;-0.0290
39.9130;-0.0322
39.9140;-0.0193
39.9150;-0.0193
39.9160;-0.0258
39.9170;-0.0064
39.9180;0.0032
39.9190;0.0129
39.9200;0.0258
39.9210;0.0322
39.9220;-0.0032
39.9230;-0.0193
39.9240;-0.0161
39.9250;-0.0193
39.9260;0.0064
39.9270;0.0064
39.9280;-0.0129
39.9290;-0.0258
39.9300;-0.0097
39.9310;0.0097
39.9320;0.0129
39.9330;0.0226
39.9340;0.0483
39.9350;0.0290
39.9360;0.0032
39.9370;-0.0097
39.9380;-0.0226
39.9390;-0.0290
39.9400;-0.0354
39.9410;-0.0226
39.9420;-0.0161
39.9430;-0.0032
39.9440;0.0161
39.9450;0.0129
39.9460;0.0097
39.9470;0.0129
39.9480;0.0161
39.9490;0.0064
39.9500;-0.0129
39.9510;-0.0258
39.9520;-0.0193
39.9530;0.0032
39.9540;0.0032
39.9550;0.0193
39.9560;0.0290
39.9570;0.0387
39.9580;0.0290
39.9590;-0.0064
39.9600;-0.0161
39.9610;-0.0516
39.9620;-0.0419
39.9630;-0.0354
39.9640;-0.0064
39.9650;0.0129
39.9660;0.0193
39.9670;0.0193
39.9680;0.0129
39.9690;0.0000
39.9700;0.0000
39.9710;-0.0161
39.9720;-0.0129
39.9730;-0.0097
39.9740;0.0000
39.9750;0.0000
39.9760;0.0064
39.9770;0.0097
39.9780;0.0032
39.9790;0.0064
39.9800;0.0032
39.9810;0.0032
39.9820;0.0000
39.9830;0.0064
39.9840;0.0097
39.9850;0.0419
39.9860;0.0290
39.9870;0.0129
39.9880;0.0000
39.9890;-0.0129
39.9900;-0.0387
39.9910;-0.0387
39.9920;-0.0161
39.9930;-0.0064
39.9940;-0.0193
39.9950;-0.0258
39.9960;-0.0322
39.9970;-0.0161
39.9980;0.0032
39.9990;0.0097
40.0000;0.0129
40.0010;0.0226
40.0020;0.0161
40.0030;0.0161
40.0040;0.0032
40.0050;0.0097
40.0060;0.0129
40.0070;-0.0064
40.0080;-0.0161
40.0090;-0.0129
40.0100;0.0290
40.0110;0.0387
40.0120;0.0419
40.0130;0.0322
40.0140;0.0032
40.0150;-0.0032
40.0160;-0.0161
40.0170;-0.0483
40.0180;-0.0612
40.0190;-0.0580
40.0200;-0.0290
40.0210;-0.0129
40.0220;-0.0129
40.0230;-0.0097
40.0240;0.0097
40.0250;0.0258
40.0260;0.0451
40.0270;0.0645
40.0280;0.0161
40.0290;-0.0258
40.0300;-0.0161
40.0310;-0.0129
40.0320;-0.0032
40.0330;0.0032
40.0340;0.0129
40.0350;0.0193
40.0360;0.0129
40.0370;0.0129
40.0380;0.0322
40.0390;0.0032
40.0400;-0.0097
40.0410;-0.0064
40.0420;-0.0064
40.0430;-0.0032
40.0440;0.0032
40.0450;0.0064
40.0460;0.0097
40.0470;0.0000
40.0480;-0.0129
40.0490;-0.0548
40.0500;-0.0516
40.0510;0.0226
40.0520;0.0580
40.0530;0.0709
40.0540;0.0870
40.0550;0.0773
40.0560;0.0193
40.0570;-0.0999
40.0580;-0.1515
40.0590;-0.1515
40.0600;-0.0902
40.0610;-0.0483
40.0620;-0.0064
40.0630;0.0064
40.0640;0.0226
40.0650;0.0161
40.0660;0.0161
40.0670;0.0290
40.0680;0.0322
40.0690;0.0226
40.0700;0.0226
40.0710;0.0226
40.0720;0.0226
40.0730;0.0161
40.0740;0.0064
40.0750;0.0129
40.0760;0.0064
40.0770;0.0032
40.0780;0.0032
40.0790;-0.0032
40.0800;-0.0064
40.0810;-0.0064
40.0820;-0.0064
40.0830;0.0000
40.0840;0.0064
40.0850;0.0064
40.0860;-0.0032
40.0870;-0.0129
40.0880;-0.0097
40.0890;-0.0032
40.0900;0.0000
40.0910;-0.0064
40.0920;0.0000
40.0930;-0.0032
40.0940;-0.0064
40.0950;-0.0064
40.0960;-0.0032
40.0970;-0.0032
40.0980;0.0000
40.0990;0.0000
40.1000;0.0032
40.1010;0.0064
40.1020;0.0129
40.1030;0.0032
40.1040;-0.0032
40.1050;-0.0032
40.1060;0.0000
40.1070;0.0000
40.1080;0.0097
40.1090;0.0032
40.1100;0.0000
40.1110;0.0032
40.1120;0.0000
40.1130;0.0000
40.1140;-0.0064
40.1150;-0.0032
40.1160;0.0097
40.1170;0.0193
40.1180;0.0354
40.1190;0.0354
40.1200;0.0322
40.1210;0.0226
40.1220;-0.0483
40.1230;-0.1096
40.1240;-0.0773
40.1250;-0.0226
40.1260;0.0193
40.1270;0.0161
40.1280;0.0161
40.1290;-0.0097
40.1300;-0.0064
40.1310;-0.0161
40.1320;-0.0129
40.1330;-0.0064
40.1340;0.0064
40.1350;0.0064
40.1360;0.0290
40.1370;0.0226
40.1380;0.0097
40.1390;-0.0032
40.1400;0.0097
40.1410;-0.0032
40.1420;-0.0097
40.1430;-0.0129
40.1440;-0.0064
40.1450;-0.0064
40.1460;0.0000
40.1470;0.0032
40.1480;0.0000
40.1490;0.0032
40.1500;0.0064
40.1510;0.0032
40.1520;0.0064
40.1530;0.0032
40.1540;0.0129
40.1550;0.0097
40.1560;-0.0032
40.1570;-0.0032
40.1580;0.0032
40.1590;0.0000
40.1600;-0.0032
40.1610;-0.0064
40.1620;0.0000
40.1630;0.0000
40.1640;-0.0032
40.1650;-0.0032
40.1660;0.0000
40.1670;0.0000
40.1680;0.0000
40.1690;-0.0064
40.1700;0.0161
40.1710;0.0226
40.1720;0.0129
40.1730;0.0097
40.1740;0.0097
40.1750;-0.0129
40.1760;-0.0290
40.1770;-0.0226
40.1780;-0.0097
40.1790;0.0064
40.1800;0.0000
40.1810;-0.0032
40.1820;-0.0064
40.1830;0.0000
40.1840;0.0064
40.1850;0.0193
40.1860;0.0129
40.1870;-0.0064
40.1880;-0.0064
40.1890;0.0032
40.1900;0.0097
40.1910;0.0032
40.1920;0.0000
40.1930;0.0129
40.1940;0.0064
40.1950;0.0000
40.1960;-0.0129
40.1970;-0.0161
40.1980;-0.0129
40.1990;-0.0097
40.2000;-0.0064
40.2010;-0.0064
40.2020;0.0193
40.2030;0.0354
40.2040;0.0258
40.2050;-0.0032
40.2060;-0.0258
40.2070;-0.0226
40.2080;0.0000
40.2090;-0.0161
40.2100;-0.0129
40.2110;0.0032
40.2120;0.0000
40.2130;0.0032
40.2140;0.0064
40.2150;-0.0097
40.2160;-0.0032
40.2170;-0.0097
40.2180;-0.0226
40.2190;-0.0097
40.2200;0.0097
40.2210;0.0129
40.2220;0.0193
40.2230;0.0097
40.2240;0.0129
40.2250;0.0226
40.2260;0.0161
40.2270;0.0097
40.2280;0.0000
40.2290;-0.0129
40.2300;-0.0161
40.2310;-0.0226
40.2320;-0.0097
40.2330;0.0000
40.2340;0.0000
40.2350;0.0064
40.2360;0.0097
40.2370;0.0097
40.2380;0.0032
40.2390;0.0129
40.2400;0.0258
40.2410;0.0322
40.2420;0.0097
40.2430;-0.0290
40.2440;-0.0258
40.2450;-0.0226
40.2460;-0.0097
40.2470;-0.0129
40.2480;-0.0064
40.2490;0.0097
40.2500;-0.0097
40.2510;-0.0161
40.2520;-0.0064
40.2530;-0.0129
40.2540;-0.0064
40.2550;-0.0032
40.2560;0.0064
40.2570;0.0064
40.2580;0.0032
40.2590;0.0097
40.2600;0.0032
40.2610;0.0032
40.2620;0.0032
40.2630;0.0097
40.2640;0.0032
40.2650;-0.0032
40.2660;-0.0032
40.2670;0.0032
40.2680;0.0032
40.2690;0.0032
40.2700;0.0032
40.2710;0.0000
40.2720;0.0000
40.2730;-0.0064
40.2740;0.0032
40.2750;0.0032
40.2760;-0.0064
40.2770;0.0032
40.2780;0.0032
40.2790;-0.0032
40.2800;-0.0064
40.2810;-0.0032
40.2820;0.0000
40.2830;-0.0032
40.2840;-0.0032
40.2850;0.0032
40.2860;0.0000
40.2870;0.0000
40.2880;0.0129
40.2890;0.0064
40.2900;0.0032
40.2910;-0.0032
40.2920;0.0193
40.2930;0.0258
40.2940;0.0451
40.2950;0.0193
40.2960;-0.0258
40.2970;-0.0548
40.2980;-0.0548
40.2990;-0.0354
40.3000;-0.0322
40.3010;-0.0161
40.3020;0.0032
40.3030;0.0226
40.3040;0.0258
40.3050;0.0193
40.3060;0.0097
40.3070;0.0097
40.3080;-0.0064
40.3090;-0.0226
40.3100;-0.0161
40.3110;0.0064
40.3120;0.0161
40.3130;0.0064
40.3140;0.0000
40.3150;-0.0032
40.3160;-0.0064
40.3170;-0.0064
40.3180;-0.0032
40.3190;-0.0097
40.3200;0.0064
40.3210;0.0193
40.3220;0.0193
40.3230;0.0193
40.3240;0.0129
40.3250;0.0129
40.3260;-0.0032
40.3270;-0.0064
40.3280;-0.0129
40.3290;-0.0193
40.3300;-0.0161
40.3310;-0.0032
40.3320;0.0032
40.3330;-0.0064
40.3340;-0.0032
40.3350;-0.0097
40.3360;-0.0097
40.3370;0.0226
40.3380;0.0322
40.3390;0.0161
40.3400;0.0032
40.3410;-0.0064
40.3420;-0.0064
40.3430;-0.0129
40.3440;-0.0161
40.3450;-0.0097
40.3460;-0.0032
40.3470;0.0032
40.3480;0.0000
40.3490;-0.0097
40.3500;-0.0097
40.3510;0.0000
40.3520;0.0097
40.3530;0.0226
40.3540;0.0064
40.3550;-0.0064
40.3560;-0.0129
40.3570;-0.0193
40.3580;-0.0064
40.3590;0.0000
40.3600;0.0032
40.3610;0.0000
40.3620;0.0000
40.3630;0.0064
40.3640;0.0064
40.3650;0.0032
40.3660;-0.0032
40.3670;-0.0064
40.3680;0.0064
40.3690;0.0064
40.3700;0.0097
40.3710;0.0000
40.3720;0.0193
40.3730;0.0226
40.3740;0.0290
40.3750;0.0161
40.3760;-0.0161
40.3770;-0.0258
40.3780;-0.0387
40.3790;-0.0129
40.3800;-0.0097
40.3810;0.0129
40.3820;0.0290
40.3830;0.0451
40.3840;0.0354
40.3850;0.0193
40.3860;0.0000
40.3870;-0.0322
40.3880;-0.0645
40.3890;-0.0677
40.3900;-0.0483
40.3910;-0.0193
40.3920;0.0064
40.3930;0.0161
40.3940;0.0064
40.3950;0.0064
40.3960;0.0161
40.3970;0.0097
40.3980;0.0161
40.3990;0.0064
40.4000;0.0161
40.4010;0.0032
40.4020;0.0161
40.4030;0.0129
40.4040;0.0032
40.4050;0.0097
40.4060;-0.0097
40.4070;-0.0032
40.4080;0.0000
40.4090;0.0000
40.4100;-0.0032
40.4110;-0.0129
40.4120;-0.0097
40.4130;-0.0193
40.4140;-0.0161
40.4150;-0.0032
40.4160;0.0161
40.4170;0.0129
40.4180;0.0097
40.4190;0.0097
40.4200;0.0032
40.4210;-0.0032
40.4220;-0.0032
40.4230;0.0000
40.4240;0.0097
40.4250;0.0064
40.4260;0.0000
40.4270;0.0000
40.4280;-0.0032
40.4290;-0.0032
40.4300;-0.0032
40.4310;-0.0064
40.4320;-0.0032
40.4330;0.0000
40.4340;0.0129
40.4350;0.0097
40.4360;0.0032
40.4370;0.0000
40.4380;-0.0129
40.4390;-0.0129
40.4400;-0.0032
40.4410;-0.0097
40.4420;-0.0064
40.4430;0.0064
40.4440;0.0000
40.4450;0.0000
40.4460;-0.0097
40.4470;-0.0032
40.4480;0.0032
40.4490;-0.0032
40.4500;0.0000
40.4510;0.0000
40.4520;0.0032
40.4530;0.0000
40.4540;0.0000
40.4550;0.0064
40.4560;0.0064
40.4570;0.0064
40.4580;0.0000
40.4590;-0.0097
40.4600;0.0000
40.4610;0.0097
40.4620;0.0290
40.4630;0.0097
40.4640;0.0032
40.4650;-0.0064
40.4660;-0.0129
40.4670;-0.0161
40.4680;-0.0258
40.4690;-0.0322
40.4700;-0.0226
40.4710;0.0032
40.4720;0.0322
40.4730;0.0322
40.4740;0.0226
40.4750;0.0193
40.4760;0.0032
40.4770;-0.0193
40.4780;-0.0129
40.4790;-0.0580
40.4800;-0.0580
40.4810;-0.0387
40.4820;0.0000
40.4830;0.0097
40.4840;0.0161
40.4850;0.0193
40.4860;0.0193
40.4870;0.0097
40.4880;0.0032
40.4890;0.0000
40.4900;0.0097
40.4910;0.0097
40.4920;0.0097
40.4930;0.0000
40.4940;0.0064
40.4950;0.0129
40.4960;0.0032
40.4970;-0.0032
40.4980;-0.0032
40.4990;0.0000
40.5000;0.0000
40.5010;-0.0129
40.5020;0.0097
40.5030;0.0097
40.5040;0.0193
40.5050;0.0258
40.5060;0.0097
40.5070;-0.0064
40.5080;-0.0161
40.5090;-0.0258
40.5100;-0.0226
40.5110;-0.0193
40.5120;-0.0161
40.5130;-0.0129
40.5140;-0.0097
40.5150;0.0032
40.5160;0.0097
40.5170;0.0000
40.5180;0.0032
40.5190;-0.0064
40.5200;0.0064
40.5210;0.0097
40.5220;0.0032
40.5230;0.0097
40.5240;0.0032
40.5250;0.0064
40.5260;0.0032
40.5270;-0.0032
40.5280;0.0000
40.5290;0.0032
40.5300;0.0000
40.5310;-0.0032
40.5320;-0.0097
40.5330;-0.0129
40.5340;-0.0097
40.5350;-0.0097
40.5360;-0.0064
40.5370;0.0000
40.5380;0.0032
40.5390;0.0097
40.5400;0.0097
40.5410;0.0000
40.5420;0.0064
40.5430;-0.0032
40.5440;-0.0032
40.5450;0.0000
40.5460;0.0000
40.5470;0.0032
40.5480;-0.0032
40.5490;0.0000
40.5500;0.0097
40.5510;0.0129
40.5520;0.0161
40.5530;-0.0032
40.5540;-0.0097
40.5550;-0.0032
40.5560;0.0000
40.5570;0.0032
40.5580;0.0032
40.5590;0.0064
40.5600;0.0032
40.5610;-0.0064
40.5620;-0.0161
40.5630;-0.0129
40.5640;-0.0064
40.5650;-0.0032
40.5660;-0.0032
40.5670;0.0064
40.5680;-0.0064
40.5690;-0.0064
40.5700;0.0032
40.5710;0.0000
40.5720;0.0064
40.5730;0.0161
40.5740;0.0032
40.5750;-0.0064
40.5760;-0.0129
40.5770;-0.0129
40.5780;-0.0032
40.5790;-0.0064
40.5800;0.0097
40.5810;0.0064
40.5820;0.0032
40.5830;-0.0097
40.5840;0.0032
40.5850;0.0064
40.5860;0.0000
40.5870;-0.0032
40.5880;0.0032
40.5890;0.0000
40.5900;0.0161
40.5910;0.0097
40.5920;0.0097
40.5930;0.0129
40.5940;0.0129
40.5950;0.0032
40.5960;0.0000
40.5970;-0.0064
40.5980;-0.0161
40.5990;-0.0161
40.6000;-0.0129
40.6010;-0.0161
40.6020;-0.0161
40.6030;-0.0193
40.6040;-0.0032
40.6050;0.0161
40.6060;0.0097
40.6070;0.0193
40.6080;0.0064
40.6090;-0.0064
40.6100;0.0000
40.6110;0.0064
40.6120;0.0000
40.6130;-0.0064
40.6140;-0.0161
40.6150;-0.0193
40.6160;0.0097
40.6170;0.0129
40.6180;0.0226
40.6190;0.0129
40.6200;0.0000
40.6210;-0.0129
40.6220;-0.0161
40.6230;-0.0097
40.6240;0.0000
40.6250;-0.0064
40.6260;-0.0161
40.6270;0.0032
40.6280;0.0290
40.6290;0.0290
40.6300;0.0097
40.6310;-0.0129
40.6320;-0.0258
40.6330;-0.0290
40.6340;-0.0129
40.6350;-0.0032
40.6360;0.0000
40.6370;0.0097
40.6380;0.0226
40.6390;0.0129
40.6400;0.0161
40.6410;-0.0064
40.6420;0.0000
40.6430;-0.0064
40.6440;-0.0032
40.6450;-0.0032
40.6460;0.0000
40.6470;-0.0032
40.6480;-0.0032
40.6490;-0.0032
40.6500;0.0000
40.6510;0.0000
40.6520;-0.0032
40.6530;-0.0064
40.6540;0.0000
40.6550;-0.0032
40.6560;0.0000
40.6570;-0.0032
40.6580;0.0000
40.6590;0.0032
40.6600;-0.0064
40.6610;-0.0064
40.6620;0.0000
40.6630;-0.0129
40.6640;-0.0032
40.6650;0.0064
40.6660;-0.0032
40.6670;0.0000
40.6680;-0.0064
40.6690;0.0000
40.6700;0.0097
40.6710;0.0097
40.6720;0.0000
40.6730;-0.0032
40.6740;0.0000
40.6750;-0.0064
40.6760;-0.0161
40.6770;-0.0064
40.6780;-0.0064
40.6790;-0.0032
40.6800;0.0000
40.6810;0.0097
40.6820;0.0161
40.6830;0.0161
40.6840;0.0097
40.6850;0.0097
40.6860;-0.0097
40.6870;-0.0032
40.6880;-0.0161
40.6890;-0.0097
40.6900;-0.0129
40.6910;0.0000
40.6920;0.0129
40.6930;0.0129
40.6940;0.0129
40.6950;0.0064
40.6960;-0.0032
40.6970;-0.0161
40.6980;-0.0129
40.6990;-0.0129
40.7000;-0.0129
40.7010;0.0000
40.7020;0.0258
40.7030;0.0226
40.7040;0.0097
40.7050;0.0032
40.7060;-0.0129
40.7070;-0.0193
40.7080;-0.0129
40.7090;-0.0129
40.7100;0.0129
40.7110;0.0000
40.7120;0.0032
40.7130;0.0064
40.7140;0.0161
40.7150;0.0387
40.7160;0.0097
40.7170;-0.0290
40.7180;-0.0387
40.7190;-0.0322
40.7200;-0.0161
40.7210;0.0000
40.7220;0.0064
40.7230;0.0097
40.7240;0.0193
40.7250;0.0226
40.7260;0.0226
40.7270;0.0097
40.7280;0.0064
40.7290;-0.0129
40.7300;-0.0290
40.7310;-0.0290
40.7320;-0.0258
40.7330;-0.0129
40.7340;0.0032
40.7350;0.0161
40.7360;0.0161
40.7370;0.0290
40.7380;0.0322
40.7390;0.0226
40.7400;0.0097
40.7410;-0.0129
40.7420;-0.0516
40.7430;-0.0516
40.7440;-0.0258
40.7450;-0.0193
40.7460;-0.0032
40.7470;0.0064
40.7480;0.0258
40.7490;0.0193
40.7500;0.0161
40.7510;0.0064
40.7520;-0.0032
40.7530;-0.0032
40.7540;0.0032
40.7550;0.0032
40.7560;0.0000
40.7570;0.0032
40.7580;0.0032
40.7590;0.0032
40.7600;0.0032
40.7610;0.0000
40.7620;0.0032
40.7630;0.0032
40.7640;0.0097
40.7650;0.0000
40.7660;0.0000
40.7670;0.0000
40.7680;-0.0032
40.7690;-0.0226
40.7700;-0.0129
40.7710;-0.0097
40.7720;0.0032
40.7730;0.0064
40.7740;0.0064
40.7750;0.0000
40.7760;0.0000
40.7770;0.0064
40.7780;0.0129
40.7790;0.0032
40.7800;-0.0032
40.7810;-0.0129
40.7820;-0.0226
40.7830;-0.0161
40.7840;-0.0064
40.7850;0.0064
40.7860;0.0032
40.7870;0.0064
40.7880;0.0097
40.7890;0.0097
40.7900;0.0129
40.7910;-0.0129
40.7920;-0.0064
40.7930;-0.0193
40.7940;-0.0097
40.7950;-0.0032
40.7960;0.0032
40.7970;0.0000
40.7980;0.0161
40.7990;0.0226
40.8000;0.0226
40.8010;0.0097
40.8020;-0.0064
40.8030;-0.0161
40.8040;-0.0129
40.8050;-0.0161
40.8060;-0.0161
40.8070;-0.0129
40.8080;-0.0032
40.8090;-0.0064
40.8100;0.0000
40.8110;0.0000
40.8120;0.0097
40.8130;0.0161
40.8140;0.0097
40.8150;0.0032
40.8160;-0.0064
40.8170;-0.0064
40.8180;-0.0129
40.8190;-0.0097
40.8200;0.0000
40.8210;0.0000
40.8220;0.0032
40.8230;0.0097
40.8240;0.0097
40.8250;0.0000
40.8260;0.0032
40.8270;0.0000
40.8280;0.0000
40.8290;-0.0064
40.8300;0.0032
40.8310;-0.0064
40.8320;0.0000
40.8330;0.0000
40.8340;-0.0032
40.8350;-0.0032
40.8360;0.0000
40.8370;0.0064
40.8380;0.0064
40.8390;0.0000
40.8400;0.0000
40.8410;-0.0032
40.8420;0.0032
40.8430;-0.0032
40.8440;-0.0032
40.8450;-0.0064
40.8460;-0.0064
40.8470;-0.0032
40.8480;0.0000
40.8490;0.0000
40.8500;0.0129
40.8510;0.0129
40.8520;0.0000
40.8530;0.0000
40.8540;-0.0032
40.8550;-0.0032
40.8560;0.0097
40.8570;0.0290
40.8580;0.0354
40.8590;0.0354
40.8600;0.0193
40.8610;0.0097
40.8620;-0.0161
40.8630;-0.0516
40.8640;-0.0902
40.8650;-0.0806
40.8660;-0.0419
40.8670;0.0064
40.8680;0.0258
40.8690;0.0097
40.8700;0.0032
40.8710;-0.0032
40.8720;0.0129
40.8730;0.0129
40.8740;0.0161
40.8750;0.0193
40.8760;0.0097
40.8770;0.0064
40.8780;0.0097
40.8790;0.0097
40.8800;0.0097
40.8810;0.0064
40.8820;0.0032
40.8830;-0.0097
40.8840;-0.0097
40.8850;-0.0097
40.8860;-0.0064
40.8870;-0.0032
40.8880;0.0097
40.8890;0.0064
40.8900;0.0032
40.8910;-0.0064
40.8920;-0.0097
40.8930;0.0032
40.8940;0.0129
40.8950;0.0032
40.8960;0.0000
40.8970;-0.0032
40.8980;-0.0161
40.8990;-0.0161
40.9000;-0.0064
40.9010;0.0097
40.9020;0.0064
40.9030;0.0097
40.9040;0.0258
40.9050;0.0290
40.9060;0.0193
40.9070;-0.0064
40.9080;-0.0322
40.9090;-0.0290
40.9100;-0.0226
40.9110;-0.0129
40.9120;0.0000
40.9130;0.0064
40.9140;-0.0097
40.9150;0.0000
40.9160;0.0032
40.9170;-0.0032
40.9180;-0.0032
40.9190;-0.0097
40.9200;0.0032
40.9210;0.0064
40.9220;0.0129
40.9230;0.0226
40.9240;0.0097
40.9250;-0.0032
40.9260;-0.0097
40.9270;-0.0032
40.9280;0.0064
40.9290;-0.0032
40.9300;0.0000
40.9310;-0.0032
40.9320;0.0000
40.9330;-0.0064
40.9340;0.0000
40.9350;0.0097
40.9360;0.0226
40.9370;0.0129
40.9380;0.0193
40.9390;0.0129
40.9400;0.0000
40.9410;-0.0129
40.9420;-0.0193
40.9430;-0.0258
40.9440;-0.0483
40.9450;-0.0387
40.9460;-0.0193
40.9470;-0.0032
40.9480;0.0129
40.9490;0.0032
40.9500;0.0032
40.9510;0.0097
40.9520;0.0129
40.9530;0.0129
40.9540;0.0226
40.9550;0.0097
40.9560;-0.0032
40.9570;-0.0129
40.9580;-0.0032
40.9590;-0.0097
40.9600;0.0000
40.9610;0.0000
40.9620;0.0000
40.9630;0.0000
40.9640;0.0032
40.9650;-0.0032
40.9660;-0.0032
40.9670;-0.0032
40.9680;0.0064
40.9690;-0.0064
40.9700;0.0097
40.9710;0.0032
40.9720;0.0097
40.9730;0.0064
40.9740;0.0064
40.9750;-0.0032
40.9760;-0.0097
40.9770;-0.0129
40.9780;-0.0032
40.9790;-0.0064
40.9800;-0.0064
40.9810;0.0000
40.9820;0.0097
40.9830;0.0032
40.9840;-0.0064
40.9850;-0.0097
40.9860;-0.0129
40.9870;-0.0032
40.9880;0.0097
40.9890;0.0064
40.9900;0.0032
40.9910;0.0000
40.9920;0.0064
40.9930;0.0000
40.9940;0.0000
40.9950;0.0000
40.9960;0.0000
40.9970;-0.0064
40.9980;-0.0032
40.9990;-0.0032
41.0000;0.0032
41.0010;0.0032
41.0020;0.0032
41.0030;0.0032
41.0040;-0.0032
41.0050;0.0097
41.0060;0.0226
41.0070;0.0129
41.0080;0.0097
41.0090;-0.0129
41.0100;-0.0129
41.0110;-0.0161
41.0120;-0.0193
41.0130;0.0000
41.0140;0.0000
41.0150;-0.0032
41.0160;-0.0064
41.0170;-0.0064
41.0180;-0.0032
41.0190;0.0129
41.0200;0.0226
41.0210;0.0193
41.0220;0.0193
41.0230;0.0064
41.0240;-0.0226
41.0250;-0.0322
41.0260;-0.0258
41.0270;-0.0097
41.0280;0.0161
41.0290;-0.0032
41.0300;0.0032
41.0310;0.0129
41.0320;0.0258
41.0330;0.0032
41.0340;-0.0129
41.0350;-0.0129
41.0360;-0.0226
41.0370;-0.0129
41.0380;0.0064
41.0390;0.0161
41.0400;0.0226
41.0410;0.0064
41.0420;0.0161
41.0430;0.0129
41.0440;0.0097
41.0450;0.0000
41.0460;-0.0097
41.0470;-0.0290
41.0480;-0.0129
41.0490;0.0032
41.0500;0.0097
41.0510;0.0000
41.0520;-0.0129
41.0530;-0.0258
41.0540;-0.0226
41.0550;-0.0226
41.0560;-0.0064
41.0570;0.0129
41.0580;0.0161
41.0590;0.0161
41.0600;0.0161
41.0610;0.0226
41.0620;0.0064
41.0630;0.0000
41.0640;-0.0193
41.0650;-0.0129
41.0660;0.0032
41.0670;0.0290
41.0680;0.0322
41.0690;0.0032
41.0700;-0.0064
41.0710;-0.0258
41.0720;-0.0290
41.0730;-0.0193
41.0740;-0.0161
41.0750;-0.0097
41.0760;0.0000
41.0770;0.0129
41.0780;0.0290
41.0790;0.0290
41.0800;0.0000
41.0810;-0.0032
41.0820;-0.0064
41.0830;0.0064
41.0840;-0.0032
41.0850;0.0000
41.0860;0.0129
41.0870;0.0097
41.0880;0.0000
41.0890;-0.0161
41.0900;-0.0226
41.0910;-0.0129
41.0920;-0.0097
41.0930;-0.0097
41.0940;0.0032
41.0950;-0.0032
41.0960;-0.0129
41.0970;-0.0129
41.0980;-0.0032
41.0990;0.0097
